{"BBP": {"L4_NBC_cACint209_3": {"mean_frequency": {"0.1": 23.079624705248733, "0.2": 35.53840686401348, "0.4": 59.93150684935573, "0.8": 106.51125401936493}, "ISI_CV": {"0.1": 0.2644756280738961, "0.2": 0.23195516936556768, "0.4": 0.18758707971293845, "0.8": 0.14676372427722897}, "time_to_first_spike": {"0.1": 15.200000000094064, "0.2": 6.200000000092018, "0.4": 2.6000000000911996, "0.8": 1.4000000000909267}, "time_to_second_spike": {"0.1": 32.10000000009791, "0.2": 16.700000000094406, "0.4": 10.600000000093019, "0.8": 7.6000000000923364}, "AP_height": {"0.1": 30.697722500569558, "0.2": 33.90875197850938, "0.4": 36.96022863417815, "0.8": 36.435509960753144}, "AP_width": {"0.1": 0.8000000000001819, "0.2": 0.8000000000001819, "0.4": 0.9000000000002046, "0.8": 0.9000000000002046}, "AP_amplitude": {"0.1": 86.40217502184728, "0.2": 89.21121958813994, "0.4": 92.66768151296273, "0.8": 107.4487583426141}, "voltage_base": {"0.1": -71.01264352657107, "0.2": -71.01264352657107, "0.4": -71.01264352657107, "0.8": -71.01264352657107}}}, "NetPyNE": {"L4_NBC_cACint209_3": {"mean_frequency": {"0.1": 23.09350302783041, "0.2": 35.4376550397648, "0.4": 59.88626641843931, "0.8": 106.4684612294817}, "ISI_CV": {"0.1": 0.2673323053925773, "0.2": 0.23200276149493676, "0.4": 0.18707494325867127, "0.8": 0.14473350508974517}, "time_to_first_spike": {"0.1": 15.300000000094087, "0.2": 6.300000000092041, "0.4": 2.7000000000912223, "0.8": 1.4000000000909267}, "time_to_second_spike": {"0.1": 32.30000000009795, "0.2": 16.80000000009443, "0.4": 10.700000000093041, "0.8": 7.700000000092359}, "AP_height": {"0.1": 31.122372229140367, "0.2": 33.47796331786924, "0.4": 36.437726313674645, "0.8": 37.33019112994577}, "AP_width": {"0.1": 0.8000000000001819, "0.2": 0.8000000000001819, "0.4": 0.8000000000001819, "0.8": 0.9000000000002046}, "AP_amplitude": {"0.1": 86.45979848337464, "0.2": 89.30105081118208, "0.4": 91.15098152852572, "0.8": 108.34343864753234}, "voltage_base": {"0.1": -71.01264265975317, "0.2": -71.01264265975317, "0.4": -71.01264265975317, "0.8": -71.01264265975317}}}}