{"BBP": {"L5_MC_cNAC187_1": {"mean_frequency": {"0.1": 37.590216519672694, "0.2": 62.58762267178298, "0.4": 101.94345402507801, "0.8": 178.57142857106695}, "ISI_CV": {"0.1": 0.007383805213754168, "0.2": 0.01876397557226308, "0.4": 0.043659153283284846, "0.8": 0.07985506266692452}, "time_to_first_spike": {"0.1": 11.600000000093246, "0.2": 5.400000000091836, "0.4": 2.800000000091245, "0.8": 1.6000000000909722}, "time_to_second_spike": {"0.1": 36.800000000098976, "0.2": 19.500000000095042, "0.4": 11.700000000093269, "0.8": 8.10000000009245}, "AP_height": {"0.1": 9.446271921057651, "0.2": 13.796427941237342, "0.4": 17.542325312987124, "0.8": 20.75195789857089}, "AP_width": {"0.1": 0.7000000000001592, "0.2": 0.7000000000001592, "0.4": 0.7000000000001592, "0.8": 0.7000000000001592}, "AP_amplitude": {"0.1": 64.72119836689915, "0.2": 69.63058357888085, "0.4": 72.3721811455051, "0.8": 88.99148886914759}, "voltage_base": {"0.1": -68.23697890769895, "0.2": -68.23697890769895, "0.4": -68.23697890769895, "0.8": -68.23697890769895}}}, "NetPyNE": {"L5_MC_cNAC187_1": {"mean_frequency": {"0.1": 37.47214907841306, "0.2": 62.408777492618725, "0.4": 101.96393590845238, "0.8": 177.77777777737938}, "ISI_CV": {"0.1": 0.007403636066978624, "0.2": 0.019874138640699868, "0.4": 0.04632217073976705, "0.8": 0.06891681514846677}, "time_to_first_spike": {"0.1": 11.700000000093269, "0.2": 5.500000000091859, "0.4": 2.900000000091268, "0.8": 1.700000000090995}, "time_to_second_spike": {"0.1": 37.100000000099044, "0.2": 19.700000000095088, "0.4": 11.800000000093291, "0.8": 8.200000000092473}, "AP_height": {"0.1": 10.224259722462048, "0.2": 12.601172202400726, "0.4": 16.724887988276933, "0.8": 17.724767501995682}, "AP_width": {"0.1": 0.7000000000001592, "0.2": 0.7000000000001592, "0.4": 0.8000000000001819, "0.8": 0.8000000000001819}, "AP_amplitude": {"0.1": 65.43336425864032, "0.2": 67.98054906206748, "0.4": 71.85031488801752, "0.8": 85.96429456094134}, "voltage_base": {"0.1": -68.23697499220043, "0.2": -68.23697499220043, "0.4": -68.23697499220043, "0.8": -68.23697499220043}}}}