{"BBP": {"L23_BP_bIR215_4": {"mean_frequency": {"0.1": 9.912353923211985, "0.2": 14.63316177213627, "0.4": 20.72800808899281, "0.8": 29.793465636539914}, "ISI_CV": {"0.1": 0.2904707637412887, "0.2": 0.28706987177347326, "0.4": 0.28150142699697395, "0.8": 0.28683446204162344}, "time_to_first_spike": {"0.1": 4.100000000091541, "0.2": 2.2000000000911086, "0.4": 1.2000000000908813, "0.8": 0.7000000000907676}, "time_to_second_spike": {"0.1": 25.800000000096475, "0.2": 16.50000000009436, "0.4": 10.600000000093019, "0.8": 7.6000000000923364}, "AP_height": {"0.1": 30.896186254371425, "0.2": 32.11845248723603, "0.4": 33.03186306763132, "0.8": 33.91481549024003}, "AP_width": {"0.1": 0.6000000000001364, "0.2": 0.6000000000001364, "0.4": 0.6000000000001364, "0.8": 0.6000000000001364}, "AP_amplitude": {"0.1": 86.51015423086409, "0.2": 108.30763834274431, "0.4": 109.19009686213234, "0.8": 110.05111719984271}, "voltage_base": {"0.1": -76.16456238943113, "0.2": -76.16456238943113, "0.4": -76.16456238943113, "0.8": -76.16456238943113}}}, "NetPyNE": {"L23_BP_bIR215_4": {"mean_frequency": {"0.1": 9.260688377842323, "0.2": 14.298115712617529, "0.4": 20.300446609839153, "0.8": 29.052294129452726}, "ISI_CV": {"0.1": 0.23616128466792777, "0.2": 0.2603239241495259, "0.4": 0.26917982990696876, "0.8": 0.273081389027679}, "time_to_first_spike": {"0.1": 4.500000000091632, "0.2": 2.3000000000911314, "0.4": 1.300000000090904, "0.8": 0.8000000000907903}, "time_to_second_spike": {"0.1": 27.200000000096793, "0.2": 16.80000000009443, "0.4": 11.00000000009311, "0.8": 7.900000000092405}, "AP_height": {"0.1": 26.28257169915286, "0.2": 30.75820268890444, "0.4": 33.832294049732866, "0.8": 35.543631192070826}, "AP_width": {"0.1": 0.5000000000001137, "0.2": 0.6000000000001364, "0.4": 0.6000000000001364, "0.8": 0.6000000000001364}, "AP_amplitude": {"0.1": 81.82638566074795, "0.2": 107.95133634096243, "0.4": 111.02542772268768, "0.8": 112.73676486814273}, "voltage_base": {"0.1": -77.19114275953183, "0.2": -77.19114275953183, "0.4": -77.19114275953183, "0.8": -77.19114275953183}}}}