{"BBP": {"L4_BTC_bSTUT213_1": {"mean_frequency": {"0.1": 9.349392289507326, "0.2": 58.54150895789989, "0.4": 121.53646093836413, "0.8": 179.16124512073034}, "ISI_CV": {"0.1": 0.4118610044255016, "0.2": 0.09110874761007988, "0.4": 0.01620691869917574, "0.8": 0.010571884705957865}, "time_to_first_spike": {"0.1": 25.800000000096475, "0.2": 5.90000000009195, "0.4": 2.500000000091177, "0.8": 1.4000000000909267}, "time_to_second_spike": {"0.1": 53.00000000010266, "0.2": 16.50000000009436, "0.4": 9.90000000009286, "0.8": 7.2000000000922455}, "AP_height": {"0.1": 9.384762641989827, "0.2": 15.810357543160626, "0.4": 21.041350707834805, "0.8": 20.193270688510236}, "AP_width": {"0.1": 0.5000000000001137, "0.2": 0.6000000000001364, "0.4": 0.6000000000001364, "0.8": 0.6000000000001364}, "AP_amplitude": {"0.1": 65.16888612156514, "0.2": 72.32263415960212, "0.4": 94.84723880186425, "0.8": 94.26354216938117}, "voltage_base": {"0.1": -74.34067964285981, "0.2": -74.34067964285981, "0.4": -74.34067964285981, "0.8": -74.34067964285981}}}, "NetPyNE": {"L4_BTC_bSTUT213_1": {"mean_frequency": {"0.1": 0, "0.2": 28.149190710786176, "0.4": 115.5751238305684, "0.8": 171.57720974450163}, "ISI_CV": {"0.1": 0, "0.2": 0.4809190517210329, "0.4": 0.014731541335480021, "0.8": 0.01010083094350203}, "time_to_first_spike": {"0.1": 0, "0.2": 6.500000000092086, "0.4": 2.800000000091245, "0.8": 1.5000000000909495}, "time_to_second_spike": {"0.1": 0, "0.2": 17.60000000009461, "0.4": 10.400000000092973, "0.8": 7.400000000092291}, "AP_height": {"0.1": 0, "0.2": 14.337164041854297, "0.4": 20.456815041569936, "0.8": 21.508592679037367}, "AP_width": {"0.1": 0, "0.2": 0.6000000000001364, "0.4": 0.6000000000001364, "0.8": 0.6000000000001364}, "AP_amplitude": {"0.1": 0, "0.2": 70.71981827548763, "0.4": 95.43610882284419, "0.8": 96.48788639702528}, "voltage_base": {"0.1": -74.97925546334469, "0.2": -74.97925546334469, "0.4": -74.97925546334469, "0.8": -74.97925546334469}}}}