{"BBP": {"L6_LBC_cSTUT189_2": {"mean_frequency": {"0.1": 0, "0.2": 34.42515061005723, "0.4": 70.63774360006805, "0.8": 108.9576220125263}, "ISI_CV": {"0.1": 0, "0.2": 0.12822281324457055, "0.4": 0.037324501274511666, "0.8": 0.020092247829806776}, "time_to_first_spike": {"0.1": 0, "0.2": 8.80000000009261, "0.4": 3.200000000091336, "0.8": 1.700000000090995}, "time_to_second_spike": {"0.1": 0, "0.2": 37.30000000009909, "0.4": 14.70000000009395, "0.8": 9.300000000092723}, "AP_height": {"0.1": 0, "0.2": 18.903708309652078, "0.4": 24.908041009214852, "0.8": 28.601762896540382}, "AP_width": {"0.1": 0, "0.2": 0.6000000000001364, "0.4": 0.7000000000001592, "0.8": 0.8000000000001819}, "AP_amplitude": {"0.1": 0, "0.2": 74.46930926647181, "0.4": 79.86185371311045, "0.8": 103.58776586347658}, "voltage_base": {"0.1": -74.88709382940334, "0.2": -74.88709382940334, "0.4": -74.88709382940334, "0.8": -74.88709382940334}}}, "NetPyNE": {"L6_LBC_cSTUT189_2": {"mean_frequency": {"0.1": 0, "0.2": 34.82386191584071, "0.4": 70.26348808034885, "0.8": 108.27610406544025}, "ISI_CV": {"0.1": 0, "0.2": 0.04146973516626874, "0.4": 0.028145029677839373, "0.8": 0.017371217020058696}, "time_to_first_spike": {"0.1": 0, "0.2": 8.200000000092473, "0.4": 3.3000000000913587, "0.8": 1.8000000000910177}, "time_to_second_spike": {"0.1": 0, "0.2": 34.30000000009841, "0.4": 15.200000000094064, "0.8": 9.500000000092768}, "AP_height": {"0.1": 0, "0.2": 19.582625389195687, "0.4": 25.453050890928814, "0.8": 26.10787714070738}, "AP_width": {"0.1": 0, "0.2": 0.7000000000001592, "0.4": 0.7000000000001592, "0.8": 0.7000000000001592}, "AP_amplitude": {"0.1": 0, "0.2": 74.74330578249035, "0.4": 80.0747415905723, "0.8": 101.29576558497294}, "voltage_base": {"0.1": -75.18701513954161, "0.2": -75.18701513954161, "0.4": -75.18701513954161, "0.8": -75.18701513954161}}}}