{"BBP": {"L4_NBC_cIR216_3": {"mean_frequency": {"0.1": 23.828837963917973, "0.2": 42.2046927599141, "0.4": 83.52505751731198, "0.8": 174.1131735629342}, "ISI_CV": {"0.1": 0.2625583365669946, "0.2": 0.2197241422541585, "0.4": 0.13197346789619824, "0.8": 0.046214346167162086}, "time_to_first_spike": {"0.1": 18.70000000009486, "0.2": 6.600000000092109, "0.4": 2.6000000000911996, "0.8": 1.2000000000908813}, "time_to_second_spike": {"0.1": 37.100000000099044, "0.2": 16.200000000094292, "0.4": 9.700000000092814, "0.8": 6.600000000092109}, "AP_height": {"0.1": 25.753931029553684, "0.2": 29.019047594195335, "0.4": 32.20360537554034, "0.8": 34.35273283246749}, "AP_width": {"0.1": 0.8000000000001819, "0.2": 0.8000000000001819, "0.4": 0.9000000000002046, "0.8": 0.9000000000002046}, "AP_amplitude": {"0.1": 80.45676260714794, "0.2": 84.8813235372283, "0.4": 107.14376597617664, "0.8": 109.05533191222}, "voltage_base": {"0.1": -74.89298483533256, "0.2": -74.89298483533256, "0.4": -74.89298483533256, "0.8": -74.89298483533256}}}, "NetPyNE": {"L4_NBC_cIR216_3": {"mean_frequency": {"0.1": 0, "0.2": 30.89389718918273, "0.4": 63.19907709288539, "0.8": 143.55024258500234}, "ISI_CV": {"0.1": 0, "0.2": 0.19634735706847026, "0.4": 0.13709892105691218, "0.8": 0.04679036552081735}, "time_to_first_spike": {"0.1": 0, "0.2": 8.200000000092473, "0.4": 3.1000000000913133, "0.8": 1.4000000000909267}, "time_to_second_spike": {"0.1": 0, "0.2": 19.700000000095088, "0.4": 10.500000000092996, "0.8": 7.0000000000922}, "AP_height": {"0.1": 0, "0.2": 27.57596792461545, "0.4": 33.352661824617925, "0.8": 35.03488389716812}, "AP_width": {"0.1": 0, "0.2": 0.9000000000002046, "0.4": 0.9000000000002046, "0.8": 0.9000000000002046}, "AP_amplitude": {"0.1": 0, "0.2": 83.58245633112674, "0.4": 110.5394864245398, "0.8": 112.22170848425819}, "voltage_base": {"0.1": -77.18672552347263, "0.2": -77.18672552347263, "0.4": -77.18672552347263, "0.8": -77.18672552347263}}}}