{"BBP": {"L4_BP_bIR215_1": {"mean_frequency": {"0.1": 13.117850771338398, "0.2": 18.669896054104896, "0.4": 27.013251783912235, "0.8": 42.85354171921232}, "ISI_CV": {"0.1": 0.32619095158093603, "0.2": 0.3061703433800849, "0.4": 0.3028206049488635, "0.8": 0.30457066588545506}, "time_to_first_spike": {"0.1": 2.000000000091063, "0.2": 1.1000000000908585, "0.4": 0.7000000000907676, "0.8": 0.40000000009069936}, "time_to_second_spike": {"0.1": 19.900000000095133, "0.2": 13.20000000009361, "0.4": 9.000000000092655, "0.8": 6.8000000000921546}, "AP_height": {"0.1": 28.661214359796364, "0.2": 29.260434788612653, "0.4": 37.411555688424336, "0.8": 38.557698496714764}, "AP_width": {"0.1": 0.5000000000001137, "0.2": 0.5000000000001137, "0.4": 0.6000000000001364, "0.8": 0.6000000000001364}, "AP_amplitude": {"0.1": 102.23815243556984, "0.2": 102.99951613816104, "0.4": 110.48599895206843, "0.8": 112.02893913034234}, "voltage_base": {"0.1": -73.21106684366406, "0.2": -73.21106684366406, "0.4": -73.21106684366406, "0.8": -73.21106684366406}}}, "NetPyNE": {"L4_BP_bIR215_1": {"mean_frequency": {"0.1": 11.985409067230547, "0.2": 17.897320515454908, "0.4": 26.057633353788283, "0.8": 41.257861635248126}, "ISI_CV": {"0.1": 0.28166456987874106, "0.2": 0.28488942970139863, "0.4": 0.2866554598379077, "0.8": 0.29150574377134525}, "time_to_first_spike": {"0.1": 2.100000000091086, "0.2": 1.2000000000908813, "0.4": 0.8000000000907903, "0.8": 0.5000000000907221}, "time_to_second_spike": {"0.1": 21.700000000095542, "0.2": 14.000000000093792, "0.4": 9.600000000092791, "0.8": 7.100000000092223}, "AP_height": {"0.1": 35.17873836578249, "0.2": 32.43491872562953, "0.4": 32.70768987461193, "0.8": 35.97995952406413}, "AP_width": {"0.1": 0.6000000000001364, "0.2": 0.5000000000001137, "0.4": 0.6000000000001364, "0.8": 0.6000000000001364}, "AP_amplitude": {"0.1": 110.45888587293143, "0.2": 107.71506611480964, "0.4": 107.98783748354893, "0.8": 111.26010705702258}, "voltage_base": {"0.1": -75.27823045208764, "0.2": -75.27823045208764, "0.4": -75.27823045208764, "0.8": -75.27823045208764}}}}