{"BBP": {"L5_UTPC_cADpyr232_5": {"mean_frequency": {"0.1": 4.340277777780645, "0.2": 9.920116952964406, "0.4": 22.181891510400202, "0.8": 38.63910076277213}, "ISI_CV": {"0.1": 0.035535805427526164, "0.2": 0.08231842652852048, "0.4": 0.12428752441018244, "0.8": 0.14376175226142135}, "time_to_first_spike": {"0.1": 88.50000000011073, "0.2": 22.100000000095633, "0.4": 6.600000000092109, "0.8": 2.7000000000912223}, "time_to_second_spike": {"0.1": 276.40000000015345, "0.2": 54.00000000010289, "0.4": 23.000000000095838, "0.8": 12.600000000093473}, "AP_height": {"0.1": 31.255108594559065, "0.2": 29.560428969486924, "0.4": 37.11727485153088, "0.8": 38.52104076719656}, "AP_width": {"0.1": 0.9000000000002046, "0.2": 0.8000000000001819, "0.4": 0.9000000000002046, "0.8": 0.9000000000002046}, "AP_amplitude": {"0.1": 83.90583718193372, "0.2": 80.91930364430634, "0.4": 89.87762074100783, "0.8": 110.66599558534506}, "voltage_base": {"0.1": -72.14463065680451, "0.2": -72.14463065680451, "0.4": -72.14463065680451, "0.8": -72.14463065680451}}}, "NetPyNE": {"L5_UTPC_cADpyr232_5": {"mean_frequency": {"0.1": 4.311738708637112, "0.2": 9.823690605456168, "0.4": 22.041879571200234, "0.8": 38.33156806377744}, "ISI_CV": {"0.1": 0.03638785917612888, "0.2": 0.07963325139579205, "0.4": 0.12372212604740294, "0.8": 0.14464754807515956}, "time_to_first_spike": {"0.1": 88.90000000011082, "0.2": 22.200000000095656, "0.4": 6.8000000000921546, "0.8": 2.7000000000912223}, "time_to_second_spike": {"0.1": 278.900000000154, "0.2": 54.40000000010298, "0.4": 23.10000000009586, "0.8": 12.700000000093496}, "AP_height": {"0.1": 30.803603794250723, "0.2": 28.960551614195552, "0.4": 34.82122758576994, "0.8": 38.84674784026805}, "AP_width": {"0.1": 0.8000000000001819, "0.2": 0.9000000000002046, "0.4": 0.9000000000002046, "0.8": 1.0000000000002274}, "AP_amplitude": {"0.1": 82.46187294341095, "0.2": 79.64241798544519, "0.4": 88.52359210094866, "0.8": 110.99170193609089}, "voltage_base": {"0.1": -72.14462991920351, "0.2": -72.14462991920351, "0.4": -72.14462991920351, "0.8": -72.14462991920351}}}}