{"BBP": {"L5_NBC_cACint209_2": {"mean_frequency": {"0.1": 24.02862985686693, "0.2": 39.170391201754114, "0.4": 74.653038729446, "0.8": 136.18384819515592}, "ISI_CV": {"0.1": 0.25038142307611083, "0.2": 0.20444395608556756, "0.4": 0.13936751445770712, "0.8": 0.08989892348748568}, "time_to_first_spike": {"0.1": 11.700000000093269, "0.2": 5.600000000091882, "0.4": 2.900000000091268, "0.8": 1.6000000000909722}, "time_to_second_spike": {"0.1": 27.200000000096793, "0.2": 16.000000000094246, "0.4": 10.800000000093064, "0.8": 7.900000000092405}, "AP_height": {"0.1": 25.557647558415965, "0.2": 27.845591333776355, "0.4": 29.84171315554658, "0.8": 36.349457680336485}, "AP_width": {"0.1": 0.8000000000001819, "0.2": 0.8000000000001819, "0.4": 0.8000000000001819, "0.8": 0.9000000000002046}, "AP_amplitude": {"0.1": 81.7073342764585, "0.2": 84.55276286426586, "0.4": 85.81755220961955, "0.8": 108.1315062799709}, "voltage_base": {"0.1": -71.78142306365712, "0.2": -71.78142306365712, "0.4": -71.78142306365712, "0.8": -71.78142306365712}}}, "NetPyNE": {"L5_NBC_cACint209_2": {"mean_frequency": {"0.1": 23.949044586003442, "0.2": 39.08598917621418, "0.4": 74.68297328459789, "0.8": 136.02369121125537}, "ISI_CV": {"0.1": 0.2504934441892131, "0.2": 0.20417863636979017, "0.4": 0.13815387109827829, "0.8": 0.08706911812542087}, "time_to_first_spike": {"0.1": 11.800000000093291, "0.2": 5.600000000091882, "0.4": 2.900000000091268, "0.8": 1.700000000090995}, "time_to_second_spike": {"0.1": 27.40000000009684, "0.2": 16.200000000094292, "0.4": 10.900000000093087, "0.8": 8.000000000092427}, "AP_height": {"0.1": 25.12903024846574, "0.2": 28.089834902310603, "0.4": 33.36661167189355, "0.8": 33.21630353698186}, "AP_width": {"0.1": 0.8000000000001819, "0.2": 0.9000000000002046, "0.4": 0.9000000000002046, "0.8": 0.9000000000002046}, "AP_amplitude": {"0.1": 80.51687950477555, "0.2": 83.95238600286761, "0.4": 88.39709182393446, "0.8": 104.99835127100195}, "voltage_base": {"0.1": -71.78142219843267, "0.2": -71.78142219843267, "0.4": -71.78142219843267, "0.8": -71.78142219843267}}}}