{"BBP": {"L1_NGC-DA_cSTUT189_1": {"mean_frequency": {"0.1": 55.18763796913241, "0.2": 76.77254252601934, "0.4": 107.41893384205669, "0.8": 156.14834092398385}, "ISI_CV": {"0.1": 0.10106274672300516, "0.2": 0.09228986389067076, "0.4": 0.0722916919829967, "0.8": 0.029844577720156557}, "time_to_first_spike": {"0.1": 2.400000000091154, "0.2": 1.300000000090904, "0.4": 0.8000000000907903, "0.8": 0.5000000000907221}, "time_to_second_spike": {"0.1": 15.900000000094224, "0.2": 10.600000000093019, "0.4": 7.700000000092359, "0.8": 5.800000000091927}, "AP_height": {"0.1": 32.51364318025513, "0.2": 37.35638768353541, "0.4": 38.892246315644044, "0.8": 40.49314168168035}, "AP_width": {"0.1": 0.7000000000001592, "0.2": 0.7000000000001592, "0.4": 0.8000000000001819, "0.8": 0.9000000000002046}, "AP_amplitude": {"0.1": 89.37728039716083, "0.2": 108.46048443951466, "0.4": 109.99296036231415, "0.8": 111.58493245081698}, "voltage_base": {"0.1": -71.0706378389875, "0.2": -71.0706378389875, "0.4": -71.0706378389875, "0.8": -71.0706378389875}}}, "NetPyNE": {"L1_NGC-DA_cSTUT189_1": {"mean_frequency": {"0.1": 53.55623404578444, "0.2": 75.35037926362679, "0.4": 105.77501503917354, "0.8": 153.715201281899}, "ISI_CV": {"0.1": 0.09419151188998875, "0.2": 0.08630910264745144, "0.4": 0.06817439971992967, "0.8": 0.027588434257116327}, "time_to_first_spike": {"0.1": 2.7000000000912223, "0.2": 1.5000000000909495, "0.4": 0.900000000090813, "0.8": 0.6000000000907448}, "time_to_second_spike": {"0.1": 16.90000000009445, "0.2": 11.100000000093132, "0.4": 7.900000000092405, "0.8": 6.000000000091973}, "AP_height": {"0.1": 32.482019511156196, "0.2": 33.562975218722706, "0.4": 36.08270778684648, "0.8": 35.49545759159891}, "AP_width": {"0.1": 0.7000000000001592, "0.2": 0.8000000000001819, "0.4": 0.8000000000001819, "0.8": 0.8000000000001819}, "AP_amplitude": {"0.1": 89.09099547830877, "0.2": 106.14107533799412, "0.4": 108.66080797086997, "0.8": 108.07355778451446}, "voltage_base": {"0.1": -72.57649046374517, "0.2": -72.57649046374517, "0.4": -72.57649046374517, "0.8": -72.57649046374517}}}}