{"BBP": {"L23_BP_bAC217_3": {"mean_frequency": {"0.1": 10.685391543283059, "0.2": 15.156107911498601, "0.4": 21.075873143330252, "0.8": 30.06915906587189}, "ISI_CV": {"0.1": 0.268285838585621, "0.2": 0.28310773216073976, "0.4": 0.2893629799470355, "0.8": 0.29410403366111687}, "time_to_first_spike": {"0.1": 3.900000000091495, "0.2": 2.100000000091086, "0.4": 1.2000000000908813, "0.8": 0.7000000000907676}, "time_to_second_spike": {"0.1": 23.600000000095974, "0.2": 15.40000000009411, "0.4": 10.400000000092973, "0.8": 7.500000000092314}, "AP_height": {"0.1": 31.19189063484195, "0.2": 32.23299826658409, "0.4": 34.11336403893452, "0.8": 35.94626727529722}, "AP_width": {"0.1": 0.6000000000001364, "0.2": 0.6000000000001364, "0.4": 0.6000000000001364, "0.8": 0.7000000000001592}, "AP_amplitude": {"0.1": 86.53008701003262, "0.2": 107.18406865557415, "0.4": 109.06443442563565, "0.8": 110.89733765742069}, "voltage_base": {"0.1": -74.94759466036048, "0.2": -74.94759466036048, "0.4": -74.94759466036048, "0.8": -74.94759466036048}}}, "NetPyNE": {"L23_BP_bAC217_3": {"mean_frequency": {"0.1": 10.594823671870358, "0.2": 15.022533800711264, "0.4": 20.940803922584237, "0.8": 29.769413189383926}, "ISI_CV": {"0.1": 0.26695395350180284, "0.2": 0.2819638039615538, "0.4": 0.29217764517553985, "0.8": 0.2957966817389306}, "time_to_first_spike": {"0.1": 4.000000000091518, "0.2": 2.100000000091086, "0.4": 1.2000000000908813, "0.8": 0.8000000000907903}, "time_to_second_spike": {"0.1": 23.80000000009602, "0.2": 15.600000000094155, "0.4": 10.500000000092996, "0.8": 7.6000000000923364}, "AP_height": {"0.1": 28.20034292922758, "0.2": 28.29218158749226, "0.4": 31.22212948004845, "0.8": 30.67890792191115}, "AP_width": {"0.1": 0.6000000000001364, "0.2": 0.6000000000001364, "0.4": 0.7000000000001592, "0.8": 0.6000000000001364}, "AP_amplitude": {"0.1": 83.7309978196601, "0.2": 103.24324599999585, "0.4": 106.17319399744349, "0.8": 105.62997250287235}, "voltage_base": {"0.1": -74.94758883649898, "0.2": -74.94758883649898, "0.4": -74.94758883649898, "0.8": -74.94758883649898}}}}