{"BBP": {"L5_STPC_cADpyr232_3": {"mean_frequency": {"0.1": 0, "0.2": 8.403361344543432, "0.4": 19.349254035350924, "0.8": 37.01480592239412}, "ISI_CV": {"0.1": 0, "0.2": 0.02332917967567426, "0.4": 0.11389307474472794, "0.8": 0.15883627755208274}, "time_to_first_spike": {"0.1": 0, "0.2": 21.500000000095497, "0.4": 7.6000000000923364, "0.8": 3.0000000000912905}, "time_to_second_spike": {"0.1": 0, "0.2": 77.60000000010825, "0.4": 26.30000000009659, "0.8": 13.20000000009361}, "AP_height": {"0.1": 0, "0.2": 27.972773018262593, "0.4": 36.35719734580811, "0.8": 41.67040826767838}, "AP_width": {"0.1": 0, "0.2": 0.8000000000001819, "0.4": 0.8000000000001819, "0.8": 0.9000000000002046}, "AP_amplitude": {"0.1": 0, "0.2": 83.196724930057, "0.4": 92.25469994926243, "0.8": 113.95051193011102}, "voltage_base": {"0.1": -72.27971572292633, "0.2": -72.27971572292633, "0.4": -72.27971572292633, "0.8": -72.27971572292633}}}, "NetPyNE": {"L5_STPC_cADpyr232_3": {"mean_frequency": {"0.1": 0, "0.2": 8.39190181475438, "0.4": 19.2239591238052, "0.8": 36.67420246171794}, "ISI_CV": {"0.1": 0, "0.2": 0.022836205528025122, "0.4": 0.11404809636489645, "0.8": 0.16020440053346374}, "time_to_first_spike": {"0.1": 0, "0.2": 21.400000000095474, "0.4": 7.700000000092359, "0.8": 3.1000000000913133}, "time_to_second_spike": {"0.1": 0, "0.2": 74.7000000001076, "0.4": 26.500000000096634, "0.8": 13.500000000093678}, "AP_height": {"0.1": 0, "0.2": 28.41521179940514, "0.4": 36.636962888229846, "0.8": 41.113886346542266}, "AP_width": {"0.1": 0, "0.2": 0.8000000000001819, "0.4": 0.8000000000001819, "0.8": 0.9000000000002046}, "AP_amplitude": {"0.1": 0, "0.2": 83.50349531221138, "0.4": 91.83820983874284, "0.8": 113.39398914604149}, "voltage_base": {"0.1": -72.2797148415695, "0.2": -72.2797148415695, "0.4": -72.2797148415695, "0.8": -72.2797148415695}}}}