{"BBP": {"L6_DBC_cNAC187_1": {"mean_frequency": {"0.1": 45.98049618516582, "0.2": 71.88819625985174, "0.4": 106.58526821464412, "0.8": 159.27873779124275}, "ISI_CV": {"0.1": 0.023336311516369355, "0.2": 0.020336784348395927, "0.4": 0.012317900052908174, "0.8": 0.0362248396502409}, "time_to_first_spike": {"0.1": 5.600000000091882, "0.2": 2.7000000000912223, "0.4": 1.6000000000909722, "0.8": 1.0000000000908358}, "time_to_second_spike": {"0.1": 25.100000000096315, "0.2": 14.100000000093814, "0.4": 9.400000000092746, "0.8": 7.0000000000922}, "AP_height": {"0.1": 21.812787499249676, "0.2": 22.79310727541506, "0.4": 23.520468552254236, "0.8": 29.164072164201635}, "AP_width": {"0.1": 0.7000000000001592, "0.2": 0.6000000000001364, "0.4": 0.7000000000001592, "0.8": 0.7000000000001592}, "AP_amplitude": {"0.1": 78.66066656083885, "0.2": 79.1011536617597, "0.4": 91.4267642880308, "0.8": 97.07036789762023}, "voltage_base": {"0.1": -67.90369641933484, "0.2": -67.90369641933484, "0.4": -67.90369641933484, "0.8": -67.90369641933484}}}, "NetPyNE": {"L6_DBC_cNAC187_1": {"mean_frequency": {"0.1": 45.74013571252163, "0.2": 71.50000000004863, "0.4": 106.00351670441762, "0.8": 158.4436421982625}, "ISI_CV": {"0.1": 0.023209028730518756, "0.2": 0.02010117366525915, "0.4": 0.012197304331120122, "0.8": 0.03745251296351721}, "time_to_first_spike": {"0.1": 5.700000000091904, "0.2": 2.7000000000912223, "0.4": 1.6000000000909722, "0.8": 1.0000000000908358}, "time_to_second_spike": {"0.1": 25.30000000009636, "0.2": 14.30000000009386, "0.4": 9.600000000092791, "0.8": 7.100000000092223}, "AP_height": {"0.1": 21.593814980285373, "0.2": 22.107579995083775, "0.4": 27.108514972272665, "0.8": 28.326409958018175}, "AP_width": {"0.1": 0.6000000000001364, "0.2": 0.7000000000001592, "0.4": 0.7000000000001592, "0.8": 0.7000000000001592}, "AP_amplitude": {"0.1": 77.42455415106664, "0.2": 77.32795849641569, "0.4": 95.01480658933113, "0.8": 96.23270164390608}, "voltage_base": {"0.1": -67.90369236726546, "0.2": -67.90369236726546, "0.4": -67.90369236726546, "0.8": -67.90369236726546}}}}