{"BBP": {"L23_BTC_bAC217_5": {"mean_frequency": {"0.1": 7.601672367925962, "0.2": 12.11203633611722, "0.4": 17.01995977101563, "0.8": 23.315930863212092}, "ISI_CV": {"0.1": 0.30541985435130004, "0.2": 0.30969120287785173, "0.4": 0.32254869912261186, "0.8": 0.3280843320126637}, "time_to_first_spike": {"0.1": 12.800000000093519, "0.2": 4.600000000091654, "0.4": 2.2000000000911086, "0.8": 1.2000000000908813}, "time_to_second_spike": {"0.1": 50.40000000010207, "0.2": 26.00000000009652, "0.4": 15.40000000009411, "0.8": 9.800000000092837}, "AP_height": {"0.1": 16.468792689722015, "0.2": 24.917344965756616, "0.4": 24.426069674622568, "0.8": 30.596078228021607}, "AP_width": {"0.1": 0.5000000000001137, "0.2": 0.6000000000001364, "0.4": 0.6000000000001364, "0.8": 0.6000000000001364}, "AP_amplitude": {"0.1": 72.5638686783528, "0.2": 81.29548515544117, "0.4": 95.01346635059043, "0.8": 101.18347490191343}, "voltage_base": {"0.1": -70.5846860648907, "0.2": -70.5846860648907, "0.4": -70.5846860648907, "0.8": -70.5846860648907}}}, "NetPyNE": {"L23_BTC_bAC217_5": {"mean_frequency": {"0.1": 7.513954486909234, "0.2": 12.083004990814485, "0.4": 16.8144298379814, "0.8": 23.08402585412452}, "ISI_CV": {"0.1": 0.3045157031956662, "0.2": 0.3164792583922684, "0.4": 0.3211870775401921, "0.8": 0.33115103578955934}, "time_to_first_spike": {"0.1": 12.900000000093542, "0.2": 4.700000000091677, "0.4": 2.2000000000911086, "0.8": 1.300000000090904}, "time_to_second_spike": {"0.1": 50.80000000010216, "0.2": 26.200000000096566, "0.4": 15.600000000094155, "0.8": 9.90000000009286}, "AP_height": {"0.1": 19.425011084422874, "0.2": 24.67348056256701, "0.4": 26.525431410158966, "0.8": 26.904943535217225}, "AP_width": {"0.1": 0.5000000000001137, "0.2": 0.6000000000001364, "0.4": 0.6000000000001364, "0.8": 0.6000000000001364}, "AP_amplitude": {"0.1": 75.19971831350064, "0.2": 80.32365747031756, "0.4": 97.11282412673532, "0.8": 97.49233617075728}, "voltage_base": {"0.1": -70.58468201155252, "0.2": -70.58468201155252, "0.4": -70.58468201155252, "0.8": -70.58468201155252}}}}