{"BBP": {"L23_NGC_bNAC219_5": {"mean_frequency": {"0.1": 34.4652812975398, "0.2": 89.15602304038116, "0.4": 172.41379310296017, "0.8": 241.9354838691449}, "ISI_CV": {"0.1": 0.12235575699565886, "0.2": 0.02449918872303298, "0.4": 0.07330101760688744, "0.8": 0}, "time_to_first_spike": {"0.1": 14.400000000093883, "0.2": 6.600000000092109, "0.4": 3.3000000000913587, "0.8": 1.8000000000910177}, "time_to_second_spike": {"0.1": 28.300000000097043, "0.2": 16.10000000009427, "0.4": 10.600000000093019, "0.8": 7.6000000000923364}, "AP_height": {"0.1": -0.06930621776543762, "0.2": 4.702653220870819, "0.4": 8.248177185368549, "0.8": 11.801039642325824}, "AP_width": {"0.1": 0.7000000000001592, "0.2": 0.8000000000001819, "0.4": 0.8000000000001819, "0.8": 0.8000000000001819}, "AP_amplitude": {"0.1": 54.86890717199644, "0.2": 60.022522899837185, "0.4": 63.807622369822944, "0.8": 81.3975627185022}, "voltage_base": {"0.1": -69.59640939843766, "0.2": -69.59640939843766, "0.4": -69.59640939843766, "0.8": -69.59640939843766}}}, "NetPyNE": {"L23_NGC_bNAC219_5": {"mean_frequency": {"0.1": 34.521271195068536, "0.2": 89.25437496872132, "0.4": 170.9401709396908, "0.8": 238.09523809347178}, "ISI_CV": {"0.1": 0.12130399774140872, "0.2": 0.024006088255233145, "0.4": 0.07208145332389573, "0.8": 0}, "time_to_first_spike": {"0.1": 14.500000000093905, "0.2": 6.700000000092132, "0.4": 3.3000000000913587, "0.8": 1.8000000000910177}, "time_to_second_spike": {"0.1": 28.400000000097066, "0.2": 16.200000000094292, "0.4": 10.700000000093041, "0.8": 7.700000000092359}, "AP_height": {"0.1": -0.09857038314788799, "0.2": 4.392587079731251, "0.4": 7.775496617748703, "0.8": 12.322581640160072}, "AP_width": {"0.1": 0.7000000000001592, "0.2": 0.8000000000001819, "0.4": 0.7000000000001592, "0.8": 0.7000000000001592}, "AP_amplitude": {"0.1": 54.21135757060035, "0.2": 60.053843268019, "0.4": 62.32804597249354, "0.8": 81.91910454594833}, "voltage_base": {"0.1": -69.59640922729444, "0.2": -69.59640922729444, "0.4": -69.59640922729444, "0.8": -69.59640922729444}}}}