{"BBP": {"L5_SBC_dNAC222_5": {"mean_frequency": {"0.1": 0, "0.2": 41.729512317775935, "0.4": 73.41110217221394, "0.8": 112.28070175446226}, "ISI_CV": {"0.1": 0, "0.2": 0.00801769355356489, "0.4": 0.016251797237301736, "0.8": 0.013927651411769054}, "time_to_first_spike": {"0.1": 0, "0.2": 8.10000000009245, "0.4": 3.200000000091336, "0.8": 1.6000000000909722}, "time_to_second_spike": {"0.1": 0, "0.2": 31.10000000009768, "0.4": 14.70000000009395, "0.8": 9.100000000092678}, "AP_height": {"0.1": 0, "0.2": 21.34855756347111, "0.4": 26.194992632538025, "0.8": 28.875211932537084}, "AP_width": {"0.1": 0, "0.2": 0.7000000000001592, "0.4": 0.7000000000001592, "0.8": 0.8000000000001819}, "AP_amplitude": {"0.1": 0, "0.2": 76.16497845229779, "0.4": 81.75752284438313, "0.8": 102.10303531449173}, "voltage_base": {"0.1": -73.2234730368489, "0.2": -73.2234730368489, "0.4": -73.2234730368489, "0.8": -73.2234730368489}}}, "NetPyNE": {"L5_SBC_dNAC222_5": {"mean_frequency": {"0.1": 0, "0.2": 41.516606642685296, "0.4": 73.06941594519756, "0.8": 111.72904454138562}, "ISI_CV": {"0.1": 0, "0.2": 0.007737761425907816, "0.4": 0.015508704423440997, "0.8": 0.0142580708990136}, "time_to_first_spike": {"0.1": 0, "0.2": 8.200000000092473, "0.4": 3.3000000000913587, "0.8": 1.700000000090995}, "time_to_second_spike": {"0.1": 0, "0.2": 31.400000000097748, "0.4": 14.800000000093974, "0.8": 9.300000000092723}, "AP_height": {"0.1": 0, "0.2": 20.350971750635587, "0.4": 24.95268779996897, "0.8": 27.09998559565952}, "AP_width": {"0.1": 0, "0.2": 0.7000000000001592, "0.4": 0.7000000000001592, "0.8": 0.7000000000001592}, "AP_amplitude": {"0.1": 0, "0.2": 76.2113129683888, "0.4": 79.31098790611995, "0.8": 100.32780025860909}, "voltage_base": {"0.1": -73.22346429064243, "0.2": -73.22346429064243, "0.4": -73.22346429064243, "0.8": -73.22346429064243}}}}