{"BBP": {"L6_BTC_cACint209_2": {"mean_frequency": {"0.1": 23.588456712688544, "0.2": 37.76625207716949, "0.4": 67.01340268058168, "0.8": 116.70423240679106}, "ISI_CV": {"0.1": 0.25775051806598615, "0.2": 0.23022126094121764, "0.4": 0.17777862672543618, "0.8": 0.13708718193817007}, "time_to_first_spike": {"0.1": 10.600000000093019, "0.2": 4.700000000091677, "0.4": 2.500000000091177, "0.8": 1.4000000000909267}, "time_to_second_spike": {"0.1": 25.000000000096293, "0.2": 14.900000000093996, "0.4": 10.200000000092928, "0.8": 7.500000000092314}, "AP_height": {"0.1": 30.750633142886585, "0.2": 32.971157047444684, "0.4": 33.26208502596799, "0.8": 38.205331050081305}, "AP_width": {"0.1": 0.8000000000001819, "0.2": 0.8000000000001819, "0.4": 0.8000000000001819, "0.8": 0.9000000000002046}, "AP_amplitude": {"0.1": 86.62669572894248, "0.2": 89.64277665784824, "0.4": 102.71693596294861, "0.8": 109.53899152360671}, "voltage_base": {"0.1": -71.33309968962692, "0.2": -71.33309968962692, "0.4": -71.33309968962692, "0.8": -71.33309968962692}}}, "NetPyNE": {"L6_BTC_cACint209_2": {"mean_frequency": {"0.1": 23.577652485920563, "0.2": 37.62793497895392, "0.4": 66.96878147033748, "0.8": 116.4951041928986}, "ISI_CV": {"0.1": 0.2578058153695667, "0.2": 0.2301558539008908, "0.4": 0.17773558293235173, "0.8": 0.13483046102938603}, "time_to_first_spike": {"0.1": 10.700000000093041, "0.2": 4.8000000000917, "0.4": 2.500000000091177, "0.8": 1.4000000000909267}, "time_to_second_spike": {"0.1": 25.100000000096315, "0.2": 15.000000000094019, "0.4": 10.30000000009295, "0.8": 7.6000000000923364}, "AP_height": {"0.1": 30.589386014802887, "0.2": 33.16561159513643, "0.4": 35.168020317644, "0.8": 35.418832010632805}, "AP_width": {"0.1": 0.8000000000001819, "0.2": 0.8000000000001819, "0.4": 0.9000000000002046, "0.8": 0.9000000000002046}, "AP_amplitude": {"0.1": 87.46360568116248, "0.2": 89.18183270438328, "0.4": 104.66720400371662, "0.8": 106.75249184101474}, "voltage_base": {"0.1": -71.33309904843705, "0.2": -71.33309904843705, "0.4": -71.33309904843705, "0.8": -71.33309904843705}}}}