{"BBP": {"L4_BP_bAC217_5": {"mean_frequency": {"0.1": 13.475691924959813, "0.2": 19.063321139690302, "0.4": 27.28512960438411, "0.8": 44.41976679625443}, "ISI_CV": {"0.1": 0.3026388389987557, "0.2": 0.30577713970649073, "0.4": 0.30509442906150014, "0.8": 0.28768122895777654}, "time_to_first_spike": {"0.1": 1.8000000000910177, "0.2": 1.1000000000908585, "0.4": 0.7000000000907676, "0.8": 0.40000000009069936}, "time_to_second_spike": {"0.1": 18.800000000094883, "0.2": 12.600000000093473, "0.4": 8.900000000092632, "0.8": 6.600000000092109}, "AP_height": {"0.1": 32.07390729407974, "0.2": 34.8685918252419, "0.4": 35.013744382466896, "0.8": 40.14127874357866}, "AP_width": {"0.1": 0.6000000000001364, "0.2": 0.6000000000001364, "0.4": 0.6000000000001364, "0.8": 0.6000000000001364}, "AP_amplitude": {"0.1": 104.19703966738399, "0.2": 106.99172419658717, "0.4": 107.13687674989444, "0.8": 112.2644111031718}, "voltage_base": {"0.1": -72.11989548083737, "0.2": -72.11989548083737, "0.4": -72.11989548083737, "0.8": -72.11989548083737}}}, "NetPyNE": {"L4_BP_bAC217_5": {"mean_frequency": {"0.1": 13.272755117677042, "0.2": 18.77314932265718, "0.4": 26.969265214754646, "0.8": 42.394266680153905}, "ISI_CV": {"0.1": 0.3003858024077828, "0.2": 0.30380053117969646, "0.4": 0.3062258574965645, "0.8": 0.3083267108905946}, "time_to_first_spike": {"0.1": 1.8000000000910177, "0.2": 1.1000000000908585, "0.4": 0.7000000000907676, "0.8": 0.40000000009069936}, "time_to_second_spike": {"0.1": 19.00000000009493, "0.2": 12.800000000093519, "0.4": 9.000000000092655, "0.8": 6.8000000000921546}, "AP_height": {"0.1": 35.24843871224748, "0.2": 36.46242755060759, "0.4": 37.99920904310153, "0.8": 36.35108942075679}, "AP_width": {"0.1": 0.6000000000001364, "0.2": 0.6000000000001364, "0.4": 0.6000000000001364, "0.8": 0.6000000000001364}, "AP_amplitude": {"0.1": 107.3715657815039, "0.2": 108.58555449772032, "0.4": 110.1223362238259, "0.8": 108.47421664553474}, "voltage_base": {"0.1": -72.1198903258701, "0.2": -72.1198903258701, "0.4": -72.1198903258701, "0.8": -72.1198903258701}}}}