{"BBP": {"L23_BP_cNAC187_2": {"mean_frequency": {"0.1": 65.05204163335087, "0.2": 93.69206874098256, "0.4": 135.7307422619374, "0.8": 236.23623623639685}, "ISI_CV": {"0.1": 0.06553148677410756, "0.2": 0.047170448377559605, "0.4": 0.01301774309754818, "0.8": 0.08905371024041486}, "time_to_first_spike": {"0.1": 2.6000000000911996, "0.2": 1.5000000000909495, "0.4": 1.0000000000908358, "0.8": 0.6000000000907448}, "time_to_second_spike": {"0.1": 14.70000000009395, "0.2": 9.90000000009286, "0.4": 7.300000000092268, "0.8": 5.600000000091882}, "AP_height": {"0.1": 26.99054779107377, "0.2": 29.72123149971476, "0.4": 27.33285008097657, "0.8": 32.55379557510756}, "AP_width": {"0.1": 0.7000000000001592, "0.2": 0.8000000000001819, "0.4": 0.7000000000001592, "0.8": 0.8000000000001819}, "AP_amplitude": {"0.1": 82.82880315012753, "0.2": 98.66189625318796, "0.4": 96.27351483215554, "0.8": 101.49446032169814}, "voltage_base": {"0.1": -68.9376324728849, "0.2": -68.9376324728849, "0.4": -68.9376324728849, "0.8": -68.9376324728849}}}, "NetPyNE": {"L23_BP_cNAC187_2": {"mean_frequency": {"0.1": 64.86323411106575, "0.2": 93.34537789828683, "0.4": 135.0000000000918, "0.8": 233.73373373389265}, "ISI_CV": {"0.1": 0.06459926026808807, "0.2": 0.04608029323498001, "0.4": 0.012884528637242602, "0.8": 0.08724132806914983}, "time_to_first_spike": {"0.1": 2.6000000000911996, "0.2": 1.6000000000909722, "0.4": 1.0000000000908358, "0.8": 0.7000000000907676}, "time_to_second_spike": {"0.1": 14.800000000093974, "0.2": 10.100000000092905, "0.4": 7.400000000092291, "0.8": 5.700000000091904}, "AP_height": {"0.1": 24.466925567385204, "0.2": 27.134982846799307, "0.4": 31.18565133988789, "0.8": 29.14531088192945}, "AP_width": {"0.1": 0.7000000000001592, "0.2": 0.7000000000001592, "0.4": 0.7000000000001592, "0.8": 0.7000000000001592}, "AP_amplitude": {"0.1": 80.38682093053846, "0.2": 96.07564209477856, "0.4": 100.12631058098592, "0.8": 98.08597014854229}, "voltage_base": {"0.1": -68.93762698522275, "0.2": -68.93762698522275, "0.4": -68.93762698522275, "0.8": -68.93762698522275}}}}