{"BBP": {"L6_MC_bIR215_4": {"mean_frequency": {"0.1": 0, "0.2": 0, "0.4": 10.690287110575339, "0.8": 16.99104108743807}, "ISI_CV": {"0.1": 0, "0.2": 0, "0.4": 0.28878579494772255, "0.8": 0.3058194459234486}, "time_to_first_spike": {"0.1": 0, "0.2": 0, "0.4": 5.100000000091768, "0.8": 2.3000000000911314}, "time_to_second_spike": {"0.1": 0, "0.2": 0, "0.4": 32.30000000009795, "0.8": 15.500000000094133}, "AP_height": {"0.1": 0, "0.2": 0, "0.4": 22.889217014318316, "0.8": 25.185588348866034}, "AP_width": {"0.1": 0, "0.2": 0, "0.4": 0.6000000000001364, "0.8": 0.6000000000001364}, "AP_amplitude": {"0.1": 0, "0.2": 0, "0.4": 74.80071305110292, "0.8": 97.4130766013912}, "voltage_base": {"0.1": -72.1971060954506, "0.2": -72.1971060954506, "0.4": -72.1971060954506, "0.8": -72.1971060954506}}}, "NetPyNE": {"L6_MC_bIR215_4": {"mean_frequency": {"0.1": 0, "0.2": 0, "0.4": 7.686788972025272, "0.8": 15.815519616356786}, "ISI_CV": {"0.1": 0, "0.2": 0, "0.4": 0.04298728818369885, "0.8": 0.27172692425908873}, "time_to_first_spike": {"0.1": 0, "0.2": 0, "0.4": 6.000000000091973, "0.8": 2.6000000000911996}, "time_to_second_spike": {"0.1": 0, "0.2": 0, "0.4": 38.30000000009932, "0.8": 17.000000000094474}, "AP_height": {"0.1": 0, "0.2": 0, "0.4": 19.1572123244704, "0.8": 25.151429615611814}, "AP_width": {"0.1": 0, "0.2": 0, "0.4": 0.6000000000001364, "0.8": 0.7000000000001592}, "AP_amplitude": {"0.1": 0, "0.2": 0, "0.4": 70.79963400292172, "0.8": 99.93412799301878}, "voltage_base": {"0.1": -74.78154404161418, "0.2": -74.78154404161418, "0.4": -74.78154404161418, "0.8": -74.78154404161418}}}}