{"BBP": {"L4_DBC_bIR215_1": {"mean_frequency": {"0.1": 0, "0.2": 11.253772571494627, "0.4": 18.00226314166422, "0.8": 25.8319404346019}, "ISI_CV": {"0.1": 0, "0.2": 0.3321268760573736, "0.4": 0.3099524885184833, "0.8": 0.30176848982279375}, "time_to_first_spike": {"0.1": 0, "0.2": 4.8000000000917, "0.4": 1.9000000000910404, "0.8": 1.1000000000908585}, "time_to_second_spike": {"0.1": 0, "0.2": 29.900000000097407, "0.4": 16.400000000094337, "0.8": 10.000000000092882}, "AP_height": {"0.1": 0, "0.2": 25.242078825748848, "0.4": 30.625046336886058, "0.8": 28.42662763509478}, "AP_width": {"0.1": 0, "0.2": 0.6000000000001364, "0.4": 0.6000000000001364, "0.8": 0.6000000000001364}, "AP_amplitude": {"0.1": 0, "0.2": 81.12042942289247, "0.4": 103.14898828345216, "0.8": 101.17663494735496}, "voltage_base": {"0.1": -72.58864850047931, "0.2": -72.58864850047931, "0.4": -72.58864850047931, "0.8": -72.58864850047931}}}, "NetPyNE": {"L4_DBC_bIR215_1": {"mean_frequency": {"0.1": 0, "0.2": 9.143089348307093, "0.4": 16.9352355537423, "0.8": 24.763733764609693}, "ISI_CV": {"0.1": 0, "0.2": 0.2711288760449824, "0.4": 0.28951043851918, "0.8": 0.2895591411886673}, "time_to_first_spike": {"0.1": 0, "0.2": 5.90000000009195, "0.4": 2.2000000000911086, "0.8": 1.2000000000908813}, "time_to_second_spike": {"0.1": 0, "0.2": 34.40000000009843, "0.4": 17.400000000094565, "0.8": 10.600000000093019}, "AP_height": {"0.1": 0, "0.2": 26.69757653748446, "0.4": 31.30880779315038, "0.8": 29.8367431552458}, "AP_width": {"0.1": 0, "0.2": 0.5000000000001137, "0.4": 0.6000000000001364, "0.8": 0.6000000000001364}, "AP_amplitude": {"0.1": 0, "0.2": 82.69595626847357, "0.4": 105.55034494393695, "0.8": 104.07828024443553}, "voltage_base": {"0.1": -74.24037519086745, "0.2": -74.24037519086745, "0.4": -74.24037519086745, "0.8": -74.24037519086745}}}}