{"BBP": {"L23_LBC_bAC217_2": {"mean_frequency": {"0.1": 5.067282247624492, "0.2": 5.039814534828537, "0.4": 74.85029940107906, "0.8": 114.4164759722768}, "ISI_CV": {"0.1": 0.3935970271723762, "0.2": 0.7168305648352711, "0.4": 0.1087315842987954, "0.8": 0.06306306306306306}, "time_to_first_spike": {"0.1": 12.200000000093382, "0.2": 5.800000000091927, "0.4": 3.1000000000913133, "0.8": 1.8000000000910177}, "time_to_second_spike": {"0.1": 45.80000000010102, "0.2": 26.100000000096543, "0.4": 15.900000000094224, "0.8": 10.400000000092973}, "AP_height": {"0.1": 7.11199931102404, "0.2": 13.339844207724196, "0.4": 17.879016706010685, "0.8": 20.730951814749922}, "AP_width": {"0.1": 0.7000000000001592, "0.2": 0.7000000000001592, "0.4": 0.6000000000001364, "0.8": 0.7000000000001592}, "AP_amplitude": {"0.1": 62.81717873407252, "0.2": 68.5669589560977, "0.4": 73.57645119262907, "0.8": 91.72085464210423}, "voltage_base": {"0.1": -70.98710325615538, "0.2": -70.98710325615538, "0.4": -70.98710325615538, "0.8": -70.98710325615538}}}, "NetPyNE": {"L23_LBC_bAC217_2": {"mean_frequency": {"0.1": 7.161125319697927, "0.2": 5.523752134180712, "0.4": 74.183976261011, "0.8": 113.37868480699751}, "ISI_CV": {"0.1": 0.23558196813738122, "0.2": 0.5498793406748133, "0.4": 0.1111111111111111, "0.8": 0.0625}, "time_to_first_spike": {"0.1": 12.300000000093405, "0.2": 5.90000000009195, "0.4": 3.200000000091336, "0.8": 1.8000000000910177}, "time_to_second_spike": {"0.1": 46.00000000010107, "0.2": 26.30000000009659, "0.4": 16.10000000009427, "0.8": 10.500000000092996}, "AP_height": {"0.1": 7.043583459490431, "0.2": 12.629232007289009, "0.4": 15.657644261280113, "0.8": 22.069160671195256}, "AP_width": {"0.1": 0.7000000000001592, "0.2": 0.7000000000001592, "0.4": 0.7000000000001592, "0.8": 0.7000000000001592}, "AP_amplitude": {"0.1": 62.24914179443731, "0.2": 68.57956965936454, "0.4": 70.36706493061926, "0.8": 93.05905906312455}, "voltage_base": {"0.1": -70.98709880479569, "0.2": -70.98709880479569, "0.4": -70.98709880479569, "0.8": -70.98709880479569}}}}