{"BBP": {"L6_BTC_cNAC187_2": {"mean_frequency": {"0.1": 38.31031353969732, "0.2": 61.26958617923003, "0.4": 91.79834462007742, "0.8": 133.660392471056}, "ISI_CV": {"0.1": 0.02595857477938348, "0.2": 0.018111687641584526, "0.4": 0.010746203297884697, "0.8": 0.023907530435899778}, "time_to_first_spike": {"0.1": 8.300000000092496, "0.2": 3.900000000091495, "0.4": 2.2000000000911086, "0.8": 1.300000000090904}, "time_to_second_spike": {"0.1": 32.30000000009795, "0.2": 18.0000000000947, "0.4": 11.500000000093223, "0.8": 8.10000000009245}, "AP_height": {"0.1": 14.631392397941228, "0.2": 21.542132877909527, "0.4": 24.572746087276204, "0.8": 28.42661005656247}, "AP_width": {"0.1": 0.7000000000001592, "0.2": 0.6000000000001364, "0.4": 0.7000000000001592, "0.8": 0.7000000000001592}, "AP_amplitude": {"0.1": 71.7406815826974, "0.2": 77.39533134687585, "0.4": 91.40890812581245, "0.8": 97.18489398814768}, "voltage_base": {"0.1": -68.75524228108898, "0.2": -68.75524228108898, "0.4": -68.75524228108898, "0.8": -68.75524228108898}}}, "NetPyNE": {"L6_BTC_cNAC187_2": {"mean_frequency": {"0.1": 38.07233744116404, "0.2": 60.89582284855667, "0.4": 91.20521172644635, "0.8": 132.82542228468753}, "ISI_CV": {"0.1": 0.025933340811001408, "0.2": 0.017643011146653995, "0.4": 0.010604984687419494, "0.8": 0.02500754740142276}, "time_to_first_spike": {"0.1": 8.400000000092518, "0.2": 4.000000000091518, "0.4": 2.2000000000911086, "0.8": 1.300000000090904}, "time_to_second_spike": {"0.1": 32.60000000009802, "0.2": 18.200000000094747, "0.4": 11.600000000093246, "0.8": 8.200000000092473}, "AP_height": {"0.1": 16.075557087084928, "0.2": 20.362605134338036, "0.4": 20.78821734006005, "0.8": 24.131890099170498}, "AP_width": {"0.1": 0.7000000000001592, "0.2": 0.6000000000001364, "0.4": 0.7000000000001592, "0.8": 0.7000000000001592}, "AP_amplitude": {"0.1": 72.85686436443335, "0.2": 76.72228893462677, "0.4": 87.6705122765297, "0.8": 92.89016920887522}, "voltage_base": {"0.1": -68.75523745367406, "0.2": -68.75523745367406, "0.4": -68.75523745367406, "0.8": -68.75523745367406}}}}