{"BBP": {"L6_BP_cACint209_2": {"mean_frequency": {"0.1": 42.74578828265411, "0.2": 81.41930944369, "0.4": 162.36532197455284, "0.8": 285.44243577564595}, "ISI_CV": {"0.1": 0.21341240531801678, "0.2": 0.13490301567104815, "0.4": 0.06197929761028622, "0.8": 0.019492655118114065}, "time_to_first_spike": {"0.1": 5.700000000091904, "0.2": 2.3000000000911314, "0.4": 1.2000000000908813, "0.8": 0.7000000000907676}, "time_to_second_spike": {"0.1": 15.300000000094087, "0.2": 9.800000000092837, "0.4": 7.100000000092223, "0.8": 5.400000000091836}, "AP_height": {"0.1": 30.717334070558046, "0.2": 34.32126642314924, "0.4": 34.366163615870626, "0.8": 37.824532421976365}, "AP_width": {"0.1": 0.9000000000002046, "0.2": 0.9000000000002046, "0.4": 0.9000000000002046, "0.8": 0.9000000000002046}, "AP_amplitude": {"0.1": 87.4852215642116, "0.2": 103.84920712373737, "0.4": 103.89410431427703, "0.8": 107.3524731160193}, "voltage_base": {"0.1": -69.52727702879427, "0.2": -69.52727702879427, "0.4": -69.52727702879427, "0.8": -69.52727702879427}}}, "NetPyNE": {"L6_BP_cACint209_2": {"mean_frequency": {"0.1": 42.69640345592612, "0.2": 81.51763699497305, "0.4": 161.76691541053717, "0.8": 205.90868397480253}, "ISI_CV": {"0.1": 0.21338561667288983, "0.2": 0.1336643482449971, "0.4": 0.05983485627705132, "0.8": 0.2912398771440804}, "time_to_first_spike": {"0.1": 5.800000000091927, "0.2": 2.400000000091154, "0.4": 1.2000000000908813, "0.8": 0.7000000000907676}, "time_to_second_spike": {"0.1": 15.40000000009411, "0.2": 9.90000000009286, "0.4": 7.2000000000922455, "0.8": 5.500000000091859}, "AP_height": {"0.1": 30.23265229374819, "0.2": 32.70382848549765, "0.4": 35.667893890513525, "0.8": 36.86059433771657}, "AP_width": {"0.1": 0.8000000000001819, "0.2": 0.8000000000001819, "0.4": 0.9000000000002046, "0.8": 1.0000000000002274}, "AP_amplitude": {"0.1": 86.37981751300231, "0.2": 102.23176798321458, "0.4": 105.19583317787962, "0.8": 0}, "voltage_base": {"0.1": -69.52727583362547, "0.2": -69.52727583362547, "0.4": -69.52727583362547, "0.8": -69.52727583362547}}}}