{"BBP": {"L23_NBC_cACint209_2": {"mean_frequency": {"0.1": 20.81112633877861, "0.2": 33.12754103299946, "0.4": 61.78420735386956, "0.8": 117.65883943331485}, "ISI_CV": {"0.1": 0.27222325688976573, "0.2": 0.2259723152124154, "0.4": 0.1642296009283197, "0.8": 0.1038051190125838}, "time_to_first_spike": {"0.1": 10.600000000093019, "0.2": 5.3000000000918135, "0.4": 2.800000000091245, "0.8": 1.6000000000909722}, "time_to_second_spike": {"0.1": 27.300000000096816, "0.2": 16.400000000094337, "0.4": 11.100000000093132, "0.8": 8.000000000092427}, "AP_height": {"0.1": 27.279513296906472, "0.2": 30.153439253301453, "0.4": 32.77950232339773, "0.8": 34.29852541607137}, "AP_width": {"0.1": 0.8000000000001819, "0.2": 0.8000000000001819, "0.4": 0.9000000000002046, "0.8": 1.0000000000002274}, "AP_amplitude": {"0.1": 83.2819387891877, "0.2": 86.27348820380037, "0.4": 88.26693029266309, "0.8": 106.56745214049262}, "voltage_base": {"0.1": -72.26822593013691, "0.2": -72.26822593013691, "0.4": -72.26822593013691, "0.8": -72.26822593013691}}}, "NetPyNE": {"L23_NBC_cACint209_2": {"mean_frequency": {"0.1": 20.743738932470414, "0.2": 33.072760072181225, "0.4": 61.849449389090104, "0.8": 117.65883943331485}, "ISI_CV": {"0.1": 0.27212783342226976, "0.2": 0.22570220112670591, "0.4": 0.1632189978130995, "0.8": 0.10128370888302093}, "time_to_first_spike": {"0.1": 10.700000000093041, "0.2": 5.400000000091836, "0.4": 2.900000000091268, "0.8": 1.700000000090995}, "time_to_second_spike": {"0.1": 27.50000000009686, "0.2": 16.50000000009436, "0.4": 11.200000000093155, "0.8": 8.10000000009245}, "AP_height": {"0.1": 27.311258500465602, "0.2": 28.20401316083531, "0.4": 33.10317791107512, "0.8": 34.83971778260864}, "AP_width": {"0.1": 0.8000000000001819, "0.2": 0.9000000000002046, "0.4": 0.9000000000002046, "0.8": 0.9000000000002046}, "AP_amplitude": {"0.1": 82.36068369099107, "0.2": 83.16194053587527, "0.4": 88.64533800888135, "0.8": 107.10864355124801}, "voltage_base": {"0.1": -72.2682249756752, "0.2": -72.2682249756752, "0.4": -72.2682249756752, "0.8": -72.2682249756752}}}}