{"BBP": {"L6_MC_cIR216_2": {"mean_frequency": {"0.1": 18.133279605109767, "0.2": 32.06091573992761, "0.4": 68.67856426714111, "0.8": 172.41379310356544}, "ISI_CV": {"0.1": 0.31096663234651595, "0.2": 0.23281284565758237, "0.4": 0.12601690618362507, "0.8": 0.04359917615287335}, "time_to_first_spike": {"0.1": 22.500000000095724, "0.2": 9.2000000000927, "0.4": 4.100000000091541, "0.8": 2.000000000091063}, "time_to_second_spike": {"0.1": 42.80000000010034, "0.2": 19.900000000095133, "0.4": 12.10000000009336, "0.8": 8.300000000092496}, "AP_height": {"0.1": 20.79529596293172, "0.2": 24.415196765634377, "0.4": 32.03587607349749, "0.8": 32.58147713918205}, "AP_width": {"0.1": 0.7000000000001592, "0.2": 0.8000000000001819, "0.4": 0.9000000000002046, "0.8": 0.9000000000002046}, "AP_amplitude": {"0.1": 77.63532742364386, "0.2": 80.0539952407928, "0.4": 88.68114508699375, "0.8": 107.8490181177626}, "voltage_base": {"0.1": -75.21601820137667, "0.2": -75.21601820137667, "0.4": -75.21601820137667, "0.8": -75.21601820137667}}}, "NetPyNE": {"L6_MC_cIR216_2": {"mean_frequency": {"0.1": 0, "0.2": 21.191785660239404, "0.4": 41.389057137116694, "0.8": 116.27906976752088}, "ISI_CV": {"0.1": 0, "0.2": 0.21998652127578158, "0.4": 0.16895830018798602, "0.8": 0.04234907906315601}, "time_to_first_spike": {"0.1": 0, "0.2": 11.500000000093223, "0.4": 4.8000000000917, "0.8": 2.3000000000911314}, "time_to_second_spike": {"0.1": 0, "0.2": 26.70000000009668, "0.4": 13.700000000093723, "0.8": 9.000000000092655}, "AP_height": {"0.1": 0, "0.2": 23.996310417522622, "0.4": 31.372799628434908, "0.8": 33.40308386990201}, "AP_width": {"0.1": 0, "0.2": 0.8000000000001819, "0.4": 0.9000000000002046, "0.8": 0.9000000000002046}, "AP_amplitude": {"0.1": 0, "0.2": 80.98669175722972, "0.4": 87.39495768251943, "0.8": 111.0522345348545}, "voltage_base": {"0.1": -77.64903648175915, "0.2": -77.64903648175915, "0.4": -77.64903648175915, "0.8": -77.64903648175915}}}}