{"BBP": {"L4_DBC_cNAC187_2": {"mean_frequency": {"0.1": 35.77186618301499, "0.2": 58.136621059529304, "0.4": 89.26780341029134, "0.8": 136.89013689022988}, "ISI_CV": {"0.1": 0.018582181336932884, "0.2": 0.011903351175000885, "0.4": 0.010711248064065268, "0.8": 0.03325804337349112}, "time_to_first_spike": {"0.1": 9.90000000009286, "0.2": 4.400000000091609, "0.4": 2.2000000000911086, "0.8": 1.300000000090904}, "time_to_second_spike": {"0.1": 36.10000000009882, "0.2": 19.40000000009502, "0.4": 11.600000000093246, "0.8": 8.000000000092427}, "AP_height": {"0.1": 17.887691255286498, "0.2": 21.53464569362046, "0.4": 24.26391826874435, "0.8": 26.51426246276571}, "AP_width": {"0.1": 0.6000000000001364, "0.2": 0.7000000000001592, "0.4": 0.7000000000001592, "0.8": 0.7000000000001592}, "AP_amplitude": {"0.1": 73.81399023718073, "0.2": 78.07220811137339, "0.4": 79.71994153008515, "0.8": 95.05721383749601}, "voltage_base": {"0.1": -68.54011130293225, "0.2": -68.54011130293225, "0.4": -68.54011130293225, "0.8": -68.54011130293225}}}, "NetPyNE": {"L4_DBC_cNAC187_2": {"mean_frequency": {"0.1": 35.59610949566241, "0.2": 57.85872408939326, "0.4": 88.81975110403464, "0.8": 136.28620102223914}, "ISI_CV": {"0.1": 0.018479922913995906, "0.2": 0.011498248674212064, "0.4": 0.01089299381281121, "0.8": 0.03448455998137992}, "time_to_first_spike": {"0.1": 10.000000000092882, "0.2": 4.500000000091632, "0.4": 2.3000000000911314, "0.8": 1.300000000090904}, "time_to_second_spike": {"0.1": 36.30000000009886, "0.2": 19.600000000095065, "0.4": 11.700000000093269, "0.8": 8.10000000009245}, "AP_height": {"0.1": 16.384737579960127, "0.2": 20.96721207777485, "0.4": 24.082839938361925, "0.8": 23.95557508875678}, "AP_width": {"0.1": 0.7000000000001592, "0.2": 0.6000000000001364, "0.4": 0.7000000000001592, "0.8": 0.8000000000001819}, "AP_amplitude": {"0.1": 71.74994272729217, "0.2": 76.80505500917394, "0.4": 78.3751651482712, "0.8": 92.49852200409029}, "voltage_base": {"0.1": -68.54010683840389, "0.2": -68.54010683840389, "0.4": -68.54010683840389, "0.8": -68.54010683840389}}}}