{"BBP": {"L23_DBC_bIR215_5": {"mean_frequency": {"0.1": 7.171029042672459, "0.2": 13.030334619001751, "0.4": 18.557657611229562, "0.8": 25.508902607027075}, "ISI_CV": {"0.1": 0.29091682296315424, "0.2": 0.29693576029145546, "0.4": 0.3129881504766518, "0.8": 0.29880838685250616}, "time_to_first_spike": {"0.1": 12.10000000009336, "0.2": 4.100000000091541, "0.4": 1.9000000000910404, "0.8": 1.0000000000908358}, "time_to_second_spike": {"0.1": 54.00000000010289, "0.2": 23.700000000095997, "0.4": 14.400000000093883, "0.8": 9.2000000000927}, "AP_height": {"0.1": 19.581471050493313, "0.2": 25.269456663350518, "0.4": 30.470522310122057, "0.8": 32.710171741916504}, "AP_width": {"0.1": 0.6000000000001364, "0.2": 0.6000000000001364, "0.4": 0.6000000000001364, "0.8": 0.6000000000001364}, "AP_amplitude": {"0.1": 70.41221338020625, "0.2": 80.02048052525896, "0.4": 102.7203127246614, "0.8": 105.13607304284872}, "voltage_base": {"0.1": -72.43533624957885, "0.2": -72.43533624957885, "0.4": -72.43533624957885, "0.8": -72.43533624957885}}}, "NetPyNE": {"L23_DBC_bIR215_5": {"mean_frequency": {"0.1": 0, "0.2": 10.358400662944602, "0.4": 16.97967584256353, "0.8": 24.29272736476163}, "ISI_CV": {"0.1": 0, "0.2": 0.26719592876131315, "0.4": 0.2687542289568254, "0.8": 0.2770597360935291}, "time_to_first_spike": {"0.1": 0, "0.2": 5.400000000091836, "0.4": 2.3000000000911314, "0.8": 1.2000000000908813}, "time_to_second_spike": {"0.1": 0, "0.2": 35.300000000098635, "0.4": 16.10000000009427, "0.8": 10.000000000092882}, "AP_height": {"0.1": 0, "0.2": 23.527268641644362, "0.4": 27.922408551924164, "0.8": 30.646725291825064}, "AP_width": {"0.1": 0, "0.2": 0.5000000000001137, "0.4": 0.6000000000001364, "0.8": 0.6000000000001364}, "AP_amplitude": {"0.1": 0, "0.2": 77.84219911169697, "0.4": 103.2415014150681, "0.8": 105.96581810035252}, "voltage_base": {"0.1": -75.31788654825091, "0.2": -75.31788654825091, "0.4": -75.31788654825091, "0.8": -75.31788654825091}}}}