{"BBP": {"L6_LBC_cNAC187_4": {"mean_frequency": {"0.1": 31.84552393471298, "0.2": 52.09115952921146, "0.4": 78.6849095374664, "0.8": 115.54621848747352}, "ISI_CV": {"0.1": 0.028711659825821752, "0.2": 0.02763758838455509, "0.4": 0.026034352501244733, "0.8": 0.016515716740494846}, "time_to_first_spike": {"0.1": 11.300000000093178, "0.2": 4.700000000091677, "0.4": 2.3000000000911314, "0.8": 1.300000000090904}, "time_to_second_spike": {"0.1": 40.50000000009982, "0.2": 21.60000000009552, "0.4": 12.600000000093473, "0.8": 8.400000000092518}, "AP_height": {"0.1": 19.475795815439422, "0.2": 21.47531844853023, "0.4": 23.394203187439814, "0.8": 27.911180006926912}, "AP_width": {"0.1": 0.6000000000001364, "0.2": 0.7000000000001592, "0.4": 0.8000000000001819, "0.8": 0.7000000000001592}, "AP_amplitude": {"0.1": 73.49439453357873, "0.2": 76.01848851118133, "0.4": 77.83776758305838, "0.8": 96.31556890553867}, "voltage_base": {"0.1": -68.4016752359477, "0.2": -68.4016752359477, "0.4": -68.4016752359477, "0.8": -68.4016752359477}}}, "NetPyNE": {"L6_LBC_cNAC187_4": {"mean_frequency": {"0.1": 31.731640979169306, "0.2": 51.92055650774768, "0.4": 78.3998391798703, "0.8": 115.02875718937554}, "ISI_CV": {"0.1": 0.02867649263633015, "0.2": 0.02694376327512449, "0.4": 0.02514396270979037, "0.8": 0.015576369213554413}, "time_to_first_spike": {"0.1": 11.4000000000932, "0.2": 4.8000000000917, "0.4": 2.3000000000911314, "0.8": 1.300000000090904}, "time_to_second_spike": {"0.1": 40.800000000099885, "0.2": 21.700000000095542, "0.4": 12.800000000093519, "0.8": 8.500000000092541}, "AP_height": {"0.1": 19.191779521284644, "0.2": 19.70762421269342, "0.4": 25.422438513438482, "0.8": 26.304085969470535}, "AP_width": {"0.1": 0.6000000000001364, "0.2": 0.7000000000001592, "0.4": 0.7000000000001592, "0.8": 0.8000000000001819}, "AP_amplitude": {"0.1": 72.59146375454662, "0.2": 73.22242712910885, "0.4": 79.9886719954726, "0.8": 94.7084702762555}, "voltage_base": {"0.1": -68.40167063894846, "0.2": -68.40167063894846, "0.4": -68.40167063894846, "0.8": -68.40167063894846}}}}