{"BBP": {"L5_LBC_bAC217_4": {"mean_frequency": {"0.1": 6.619144602855798, "0.2": 11.199348401555117, "0.4": 15.802620176388308, "0.8": 21.569433032060548}, "ISI_CV": {"0.1": 0.26360786163694105, "0.2": 0.30125245913292753, "0.4": 0.3131398382937271, "0.8": 0.32357020456636815}, "time_to_first_spike": {"0.1": 15.40000000009411, "0.2": 5.800000000091927, "0.4": 2.6000000000911996, "0.8": 1.300000000090904}, "time_to_second_spike": {"0.1": 57.30000000010364, "0.2": 29.200000000097248, "0.4": 17.300000000094542, "0.8": 10.800000000093064}, "AP_height": {"0.1": 18.64662414778389, "0.2": 21.604963730721472, "0.4": 28.10333443440806, "0.8": 26.531877331065786}, "AP_width": {"0.1": 0.6000000000001364, "0.2": 0.6000000000001364, "0.4": 0.6000000000001364, "0.8": 0.6000000000001364}, "AP_amplitude": {"0.1": 73.53286333911134, "0.2": 77.3122239821576, "0.4": 99.41078374772776, "0.8": 97.83932664246656}, "voltage_base": {"0.1": -71.30460694727566, "0.2": -71.30460694727566, "0.4": -71.30460694727566, "0.8": -71.30460694727566}}}, "NetPyNE": {"L5_LBC_bAC217_4": {"mean_frequency": {"0.1": 6.549448334933154, "0.2": 11.082565110077539, "0.4": 15.63287947555271, "0.8": 21.3057373307099}, "ISI_CV": {"0.1": 0.25970570524134945, "0.2": 0.2995698596926066, "0.4": 0.31199549688550543, "0.8": 0.3225838239952655}, "time_to_first_spike": {"0.1": 15.600000000094155, "0.2": 5.90000000009195, "0.4": 2.7000000000912223, "0.8": 1.4000000000909267}, "time_to_second_spike": {"0.1": 57.70000000010373, "0.2": 29.400000000097293, "0.4": 17.500000000094587, "0.8": 11.00000000009311}, "AP_height": {"0.1": 16.59266463426411, "0.2": 22.451142321219073, "0.4": 26.775411517979546, "0.8": 30.32317895953873}, "AP_width": {"0.1": 0.6000000000001364, "0.2": 0.6000000000001364, "0.4": 0.6000000000001364, "0.8": 0.6000000000001364}, "AP_amplitude": {"0.1": 71.09110531337345, "0.2": 77.49076438597159, "0.4": 98.08285626531695, "0.8": 101.63062362452013}, "voltage_base": {"0.1": -71.30460228472054, "0.2": -71.30460228472054, "0.4": -71.30460228472054, "0.8": -71.30460228472054}}}}