{"BBP": {"L6_NBC_cNAC187_2": {"mean_frequency": {"0.1": 34.30704808034211, "0.2": 56.23336847922682, "0.4": 85.14901076890335, "0.8": 126.30312750610027}, "ISI_CV": {"0.1": 0.027871846249367078, "0.2": 0.023750510171393267, "0.4": 0.017968348325735416, "0.8": 0.015345364360492839}, "time_to_first_spike": {"0.1": 9.90000000009286, "0.2": 4.100000000091541, "0.4": 2.100000000091086, "0.8": 1.300000000090904}, "time_to_second_spike": {"0.1": 36.800000000098976, "0.2": 19.600000000095065, "0.4": 11.700000000093269, "0.8": 8.10000000009245}, "AP_height": {"0.1": 16.866504533164868, "0.2": 20.450258203891895, "0.4": 25.491845099066904, "0.8": 24.075187473408658}, "AP_width": {"0.1": 0.7000000000001592, "0.2": 0.7000000000001592, "0.4": 0.7000000000001592, "0.8": 0.7000000000001592}, "AP_amplitude": {"0.1": 72.7538461120466, "0.2": 76.77150425166597, "0.4": 79.99139691954, "0.8": 92.66157071510573}, "voltage_base": {"0.1": -68.5835068802019, "0.2": -68.5835068802019, "0.4": -68.5835068802019, "0.8": -68.5835068802019}}}, "NetPyNE": {"L6_NBC_cNAC187_2": {"mean_frequency": {"0.1": 34.14168800524486, "0.2": 55.981440387369005, "0.4": 84.74576271192198, "0.8": 125.61933837153828}, "ISI_CV": {"0.1": 0.02782088726043444, "0.2": 0.02316532541722552, "0.4": 0.01733723981586304, "0.8": 0.01555504922656394}, "time_to_first_spike": {"0.1": 10.000000000092882, "0.2": 4.200000000091563, "0.4": 2.2000000000911086, "0.8": 1.300000000090904}, "time_to_second_spike": {"0.1": 37.100000000099044, "0.2": 19.700000000095088, "0.4": 11.900000000093314, "0.8": 8.200000000092473}, "AP_height": {"0.1": 18.4050349594463, "0.2": 21.496230181945055, "0.4": 25.8722286331936, "0.8": 28.319275347832082}, "AP_width": {"0.1": 0.6000000000001364, "0.2": 0.7000000000001592, "0.4": 0.7000000000001592, "0.8": 0.7000000000001592}, "AP_amplitude": {"0.1": 73.75712444883233, "0.2": 77.06464235160745, "0.4": 80.60082715955672, "0.8": 96.90565390246519}, "voltage_base": {"0.1": -68.58350218798232, "0.2": -68.58350218798232, "0.4": -68.58350218798232, "0.8": -68.58350218798232}}}}