{"BBP": {"L6_NBC_dSTUT214_4": {"mean_frequency": {"0.1": 0, "0.2": 0, "0.4": 39.87079842538284, "0.8": 84.78828015257616}, "ISI_CV": {"0.1": 0, "0.2": 0, "0.4": 0.12598198722250847, "0.8": 0.0222488155014213}, "time_to_first_spike": {"0.1": 0, "0.2": 0, "0.4": 6.100000000091995, "0.8": 2.6000000000911996}, "time_to_second_spike": {"0.1": 0, "0.2": 0, "0.4": 35.40000000009866, "0.8": 12.50000000009345}, "AP_height": {"0.1": 0, "0.2": 0, "0.4": 20.592916596319675, "0.8": 23.764153354095733}, "AP_width": {"0.1": 0, "0.2": 0, "0.4": 0.7000000000001592, "0.8": 0.7000000000001592}, "AP_amplitude": {"0.1": 0, "0.2": 0, "0.4": 76.44048043085157, "0.8": 99.79929543609424}, "voltage_base": {"0.1": -76.0321598493359, "0.2": -76.0321598493359, "0.4": -76.0321598493359, "0.8": -76.0321598493359}}}, "NetPyNE": {"L6_NBC_dSTUT214_4": {"mean_frequency": {"0.1": 0, "0.2": 0, "0.4": 39.88891694019366, "0.8": 84.25275827488171}, "ISI_CV": {"0.1": 0, "0.2": 0, "0.4": 0.05381745306863167, "0.8": 0.015383447027744187}, "time_to_first_spike": {"0.1": 0, "0.2": 0, "0.4": 6.300000000092041, "0.8": 2.7000000000912223}, "time_to_second_spike": {"0.1": 0, "0.2": 0, "0.4": 35.90000000009877, "0.8": 12.600000000093473}, "AP_height": {"0.1": 0, "0.2": 0, "0.4": 20.189239217723333, "0.8": 25.110074215254976}, "AP_width": {"0.1": 0, "0.2": 0, "0.4": 0.6000000000001364, "0.8": 0.7000000000001592}, "AP_amplitude": {"0.1": 0, "0.2": 0, "0.4": 75.31186657116193, "0.8": 101.01810590017743}, "voltage_base": {"0.1": -75.90568681556513, "0.2": -75.90568681556513, "0.4": -75.90568681556513, "0.8": -75.90568681556513}}}}