{"BBP": {"L5_DBC_bIR215_3": {"mean_frequency": {"0.1": 0, "0.2": 7.859163784978537, "0.4": 14.325127334474736, "0.8": 20.854526958305048}, "ISI_CV": {"0.1": 0, "0.2": 0.34931283073849123, "0.4": 0.3496769493399093, "0.8": 0.3164318860411441}, "time_to_first_spike": {"0.1": 0, "0.2": 10.100000000092905, "0.4": 3.500000000091404, "0.8": 1.8000000000910177}, "time_to_second_spike": {"0.1": 0, "0.2": 45.900000000101045, "0.4": 20.90000000009536, "0.8": 12.700000000093496}, "AP_height": {"0.1": 0, "0.2": 18.340941085806033, "0.4": 25.426604117176574, "0.8": 23.98447374259253}, "AP_width": {"0.1": 0, "0.2": 0.5000000000001137, "0.4": 0.6000000000001364, "0.8": 0.5000000000001137}, "AP_amplitude": {"0.1": 0, "0.2": 75.15490137692296, "0.4": 81.51944437630294, "0.8": 97.42481536924456}, "voltage_base": {"0.1": -73.42599869961147, "0.2": -73.42599869961147, "0.4": -73.42599869961147, "0.8": -73.42599869961147}}}, "NetPyNE": {"L5_DBC_bIR215_3": {"mean_frequency": {"0.1": 0, "0.2": 4.578055852284493, "0.4": 13.155231734475617, "0.8": 19.6999545385798}, "ISI_CV": {"0.1": 0, "0.2": 0.028411538453243936, "0.4": 0.2902660609027377, "0.8": 0.31138802778663144}, "time_to_first_spike": {"0.1": 0, "0.2": 11.300000000093178, "0.4": 4.000000000091518, "0.8": 1.9000000000910404}, "time_to_second_spike": {"0.1": 0, "0.2": 112.60000000011621, "0.4": 22.500000000095724, "0.8": 13.300000000093632}, "AP_height": {"0.1": 0, "0.2": 15.638153879959829, "0.4": 22.28479868505618, "0.8": 28.495941954961843}, "AP_width": {"0.1": 0, "0.2": 0.5000000000001137, "0.4": 0.5000000000001137, "0.8": 0.6000000000001364}, "AP_amplitude": {"0.1": 0, "0.2": 72.56539751927875, "0.4": 78.23413105661044, "0.8": 103.44618665650964}, "voltage_base": {"0.1": -74.94902567267874, "0.2": -74.94902567267874, "0.4": -74.94902567267874, "0.8": -74.94902567267874}}}}