{"BBP": {"L4_BP_cACint209_2": {"mean_frequency": {"0.1": 30.560790505801734, "0.2": 57.75121779745799, "0.4": 139.7025687247457, "0.8": 198.93766285842344}, "ISI_CV": {"0.1": 0.2512819925303523, "0.2": 0.6216773820173818, "0.4": 0.11875328835807879, "0.8": 0.047924371505920715}, "time_to_first_spike": {"0.1": 1.6000000000909722, "0.2": 1.0000000000908358, "0.4": 0.6000000000907448, "0.8": 0.40000000009069936}, "time_to_second_spike": {"0.1": 9.600000000092791, "0.2": 7.500000000092314, "0.4": 5.700000000091904, "0.8": 4.400000000091609}, "AP_height": {"0.1": 42.530834969780095, "0.2": 43.33368459351018, "0.4": 42.128168853957625, "0.8": 45.40376627788832}, "AP_width": {"0.1": 0.9000000000002046, "0.2": 0.9000000000002046, "0.4": 0.9000000000002046, "0.8": 1.0000000000002274}, "AP_amplitude": {"0.1": 113.25220229913995, "0.2": 114.0550519208972, "0.4": 112.84953617739907, "0.8": 116.12513359343885}, "voltage_base": {"0.1": -70.72068737931043, "0.2": -70.72068737931043, "0.4": -70.72068737931043, "0.8": -70.72068737931043}}}, "NetPyNE": {"L4_BP_cACint209_2": {"mean_frequency": {"0.1": 30.4414003044346, "0.2": 57.09706501055669, "0.4": 138.77060267531098, "0.8": 196.33376740472124}, "ISI_CV": {"0.1": 0.2537182173415625, "0.2": 0.6451825037771776, "0.4": 0.11833680726681224, "0.8": 0.048246729474787343}, "time_to_first_spike": {"0.1": 1.700000000090995, "0.2": 1.0000000000908358, "0.4": 0.7000000000907676, "0.8": 0.40000000009069936}, "time_to_second_spike": {"0.1": 9.700000000092814, "0.2": 7.500000000092314, "0.4": 5.800000000091927, "0.8": 4.500000000091632}, "AP_height": {"0.1": 37.47382563514381, "0.2": 39.416704226588514, "0.4": 41.09931134421452, "0.8": 43.95530391378982}, "AP_width": {"0.1": 0.8000000000001819, "0.2": 0.8000000000001819, "0.4": 0.9000000000002046, "0.8": 1.0000000000002274}, "AP_amplitude": {"0.1": 108.1951919713686, "0.2": 110.1380705923246, "0.4": 111.82067772966536, "0.8": 114.67667043397678}, "voltage_base": {"0.1": -70.72068658255805, "0.2": -70.72068658255805, "0.4": -70.72068658255805, "0.8": -70.72068658255805}}}}