{"BBP": {"L4_SBC_dNAC222_5": {"mean_frequency": {"0.1": 14.1221566550759, "0.2": 51.85520817604082, "0.4": 83.8521791524972, "0.8": 126.0252050410939}, "ISI_CV": {"0.1": 0.04914252146310954, "0.2": 0.02059055616458348, "0.4": 0.019492821874833855, "0.8": 0.017437754689054907}, "time_to_first_spike": {"0.1": 469.4000000000319, "0.2": 5.400000000091836, "0.4": 2.500000000091177, "0.8": 1.4000000000909267}, "time_to_second_spike": {"0.1": 538.8999999999687, "0.2": 22.500000000095724, "0.4": 12.300000000093405, "0.8": 8.200000000092473}, "AP_height": {"0.1": 18.925405419739487, "0.2": 22.762224550874254, "0.4": 27.50878571962399, "0.8": 26.543956918586346}, "AP_width": {"0.1": 0.5999999999994543, "0.2": 0.7000000000001592, "0.4": 0.7000000000001592, "0.8": 0.7000000000001592}, "AP_amplitude": {"0.1": 73.87836244981362, "0.2": 78.85750843995847, "0.4": 98.83171534306388, "0.8": 99.83952196369422}, "voltage_base": {"0.1": -73.29114899482647, "0.2": -73.29114899482647, "0.4": -73.29114899482647, "0.8": -73.29114899482647}}}, "NetPyNE": {"L4_SBC_dNAC222_5": {"mean_frequency": {"0.1": 14.079549454427015, "0.2": 51.548971522981844, "0.4": 83.40451188268739, "0.8": 125.28816277446622}, "ISI_CV": {"0.1": 0.04965089120007547, "0.2": 0.019884697615177808, "0.4": 0.018474972348478398, "0.8": 0.01815076161578191}, "time_to_first_spike": {"0.1": 470.3000000000311, "0.2": 5.500000000091859, "0.4": 2.6000000000911996, "0.8": 1.4000000000909267}, "time_to_second_spike": {"0.1": 540.1999999999675, "0.2": 22.70000000009577, "0.4": 12.400000000093428, "0.8": 8.400000000092518}, "AP_height": {"0.1": 15.949977713163829, "0.2": 20.84265577106124, "0.4": 25.384982649613516, "0.8": 29.70057828384159}, "AP_width": {"0.1": 0.5999999999994543, "0.2": 0.7000000000001592, "0.4": 0.7000000000001592, "0.8": 0.7000000000001592}, "AP_amplitude": {"0.1": 69.85201396550161, "0.2": 76.42874303162971, "0.4": 96.75174073722076, "0.8": 102.99613462209962}, "voltage_base": {"0.1": -73.29114026073076, "0.2": -73.29114026073076, "0.4": -73.29114026073076, "0.8": -73.29114026073076}}}}