{"BBP": {"L4_ChC_cNAC187_4": {"mean_frequency": {"0.1": 36.24465139695386, "0.2": 59.66706778985201, "0.4": 92.98351427428909, "0.8": 145.63106796126405}, "ISI_CV": {"0.1": 0.012130411574200523, "0.2": 0.008853726918032137, "0.4": 0.0140724530437107, "0.8": 0.0427555628442226}, "time_to_first_spike": {"0.1": 11.00000000009311, "0.2": 4.8000000000917, "0.4": 2.400000000091154, "0.8": 1.4000000000909267}, "time_to_second_spike": {"0.1": 37.00000000009902, "0.2": 19.500000000095042, "0.4": 11.500000000093223, "0.8": 7.900000000092405}, "AP_height": {"0.1": 11.67853979805694, "0.2": 16.72016861088718, "0.4": 20.791059456784822, "0.8": 23.429738150331424}, "AP_width": {"0.1": 0.7000000000001592, "0.2": 0.7000000000001592, "0.4": 0.7000000000001592, "0.8": 0.8000000000001819}, "AP_amplitude": {"0.1": 66.6348693955479, "0.2": 72.25822420194964, "0.4": 76.05923048656136, "0.8": 91.59409462954659}, "voltage_base": {"0.1": -68.16182833639819, "0.2": -68.16182833639819, "0.4": -68.16182833639819, "0.8": -68.16182833639819}}}, "NetPyNE": {"L4_ChC_cNAC187_4": {"mean_frequency": {"0.1": 36.11013591456388, "0.2": 59.44584382875569, "0.4": 92.61576971220313, "0.8": 145.45819330902194}, "ISI_CV": {"0.1": 0.011977422409485416, "0.2": 0.00881162443855541, "0.4": 0.014771814312834539, "0.8": 0.04535669392357044}, "time_to_first_spike": {"0.1": 11.100000000093132, "0.2": 4.9000000000917225, "0.4": 2.500000000091177, "0.8": 1.5000000000909495}, "time_to_second_spike": {"0.1": 37.20000000009907, "0.2": 19.700000000095088, "0.4": 11.600000000093246, "0.8": 8.000000000092427}, "AP_height": {"0.1": 12.001076526165146, "0.2": 16.753643418814075, "0.4": 19.522304159461378, "0.8": 20.396953579068327}, "AP_width": {"0.1": 0.7000000000001592, "0.2": 0.7000000000001592, "0.4": 0.8000000000001819, "0.8": 0.8000000000001819}, "AP_amplitude": {"0.1": 66.12202317693428, "0.2": 71.13458420406755, "0.4": 73.68072733039054, "0.8": 88.56130599197921}, "voltage_base": {"0.1": -68.16182426586266, "0.2": -68.16182426586266, "0.4": -68.16182426586266, "0.8": -68.16182426586266}}}}