{"BBP": {"L4_NBC_cACint209_4": {"mean_frequency": {"0.1": 24.630541871937904, "0.2": 37.73395049308256, "0.4": 67.59801712487696, "0.8": 130.6764131578518}, "ISI_CV": {"0.1": 0.2575010172107991, "0.2": 0.22186438946805923, "0.4": 0.1666972369498115, "0.8": 0.09495816952569226}, "time_to_first_spike": {"0.1": 10.000000000092882, "0.2": 4.500000000091632, "0.4": 2.2000000000911086, "0.8": 1.2000000000908813}, "time_to_second_spike": {"0.1": 25.30000000009636, "0.2": 14.600000000093928, "0.4": 9.800000000092837, "0.8": 7.2000000000922455}, "AP_height": {"0.1": 29.712991182680195, "0.2": 29.922830730149755, "0.4": 35.655461133311334, "0.8": 36.76968217717334}, "AP_width": {"0.1": 0.8000000000001819, "0.2": 0.9000000000002046, "0.4": 0.9000000000002046, "0.8": 1.0000000000002274}, "AP_amplitude": {"0.1": 84.77296667480684, "0.2": 84.93108222192211, "0.4": 106.97249131313005, "0.8": 108.08671235508723}, "voltage_base": {"0.1": -71.31631830815482, "0.2": -71.31631830815482, "0.4": -71.31631830815482, "0.8": -71.31631830815482}}}, "NetPyNE": {"L4_NBC_cACint209_4": {"mean_frequency": {"0.1": 24.567560792195184, "0.2": 37.675189631813396, "0.4": 67.60140210320068, "0.8": 130.4631441618629}, "ISI_CV": {"0.1": 0.25763021269781566, "0.2": 0.22185412405950264, "0.4": 0.16573977836667123, "0.8": 0.0927380478270288}, "time_to_first_spike": {"0.1": 10.100000000092905, "0.2": 4.600000000091654, "0.4": 2.3000000000911314, "0.8": 1.300000000090904}, "time_to_second_spike": {"0.1": 25.500000000096406, "0.2": 14.800000000093974, "0.4": 9.90000000009286, "0.8": 7.300000000092268}, "AP_height": {"0.1": 29.291592526966717, "0.2": 31.98291612591917, "0.4": 34.36862029282299, "0.8": 36.00129344036293}, "AP_width": {"0.1": 0.8000000000001819, "0.2": 0.9000000000002046, "0.4": 0.9000000000002046, "0.8": 0.9000000000002046}, "AP_amplitude": {"0.1": 83.26906943112608, "0.2": 87.32117928461352, "0.4": 105.68564949653828, "0.8": 107.31832262001029}, "voltage_base": {"0.1": -71.31631730942055, "0.2": -71.31631730942055, "0.4": -71.31631730942055, "0.8": -71.31631730942055}}}}