{"BBP": {"L5_DBC_cIR216_1": {"mean_frequency": {"0.1": 0, "0.2": 14.583333333343111, "0.4": 30.560790505801734, "0.8": 63.589024634531505}, "ISI_CV": {"0.1": 0, "0.2": 0.4928888305955814, "0.4": 0.299732800185234, "0.8": 0.138401213026501}, "time_to_first_spike": {"0.1": 0, "0.2": 14.600000000093928, "0.4": 6.000000000091973, "0.8": 3.0000000000912905}, "time_to_second_spike": {"0.1": 0, "0.2": 40.30000000009977, "0.4": 17.20000000009452, "0.8": 10.700000000093041}, "AP_height": {"0.1": 0, "0.2": 22.109284952258466, "0.4": 25.66573196277882, "0.8": 32.52993296151523}, "AP_width": {"0.1": 0, "0.2": 0.9000000000002046, "0.4": 1.0000000000002274, "0.8": 1.0000000000002274}, "AP_amplitude": {"0.1": 0, "0.2": 77.53332914885318, "0.4": 80.95434570965173, "0.8": 110.27659400437655}, "voltage_base": {"0.1": -77.77575296670054, "0.2": -77.77575296670054, "0.4": -77.77575296670054, "0.8": -77.77575296670054}}}, "NetPyNE": {"L5_DBC_cIR216_1": {"mean_frequency": {"0.1": 0, "0.2": 15.00975634163226, "0.4": 31.004650697625724, "0.8": 64.37336552005979}, "ISI_CV": {"0.1": 0, "0.2": 0.24767547568091303, "0.4": 0.19932333768039445, "0.8": 0.1199437292951104}, "time_to_first_spike": {"0.1": 0, "0.2": 15.40000000009411, "0.4": 6.100000000091995, "0.8": 3.1000000000913133}, "time_to_second_spike": {"0.1": 0, "0.2": 38.10000000009927, "0.4": 17.100000000094496, "0.8": 10.800000000093064}, "AP_height": {"0.1": 0, "0.2": 22.767085973526264, "0.4": 26.412168901958132, "0.8": 29.989745718797703}, "AP_width": {"0.1": 0, "0.2": 0.9000000000002046, "0.4": 0.9000000000002046, "0.8": 1.0000000000002274}, "AP_amplitude": {"0.1": 0, "0.2": 77.71235707203377, "0.4": 82.04335940128473, "0.8": 107.7143645277585}, "voltage_base": {"0.1": -77.72446770667104, "0.2": -77.72446770667104, "0.4": -77.72446770667104, "0.8": -77.72446770667104}}}}