{"BBP": {"L6_LBC_bAC217_4": {"mean_frequency": {"0.1": 2.899727425623857, "0.2": 8.600627339882381, "0.4": 13.063698594354781, "0.8": 18.031013342962012}, "ISI_CV": {"0.1": 0.06092317931357586, "0.2": 0.29052743079026894, "0.4": 0.3107201451288858, "0.8": 0.31662333117017344}, "time_to_first_spike": {"0.1": 46.40000000010116, "0.2": 9.2000000000927, "0.4": 3.600000000091427, "0.8": 1.8000000000910177}, "time_to_second_spike": {"0.1": 361.20000000013033, "0.2": 40.90000000009991, "0.4": 22.4000000000957, "0.8": 13.500000000093678}, "AP_height": {"0.1": 15.903000312942893, "0.2": 18.51036367280869, "0.4": 25.64471773777737, "0.8": 28.68998990306048}, "AP_width": {"0.1": 0.6000000000001364, "0.2": 0.5000000000001137, "0.4": 0.6000000000001364, "0.8": 0.6000000000001364}, "AP_amplitude": {"0.1": 70.31837598257562, "0.2": 73.4371660645204, "0.4": 80.58361386757178, "0.8": 99.14410821548664}, "voltage_base": {"0.1": -70.45140571279319, "0.2": -70.45140571279319, "0.4": -70.45140571279319, "0.8": -70.45140571279319}}}, "NetPyNE": {"L6_LBC_bAC217_4": {"mean_frequency": {"0.1": 2.8742239595327828, "0.2": 8.510212254711432, "0.4": 12.925908691389694, "0.8": 17.828944017127835}, "ISI_CV": {"0.1": 0.05932570008979492, "0.2": 0.2882554019004424, "0.4": 0.3095951380687903, "0.8": 0.3154670795785563}, "time_to_first_spike": {"0.1": 46.70000000010123, "0.2": 9.300000000092723, "0.4": 3.7000000000914497, "0.8": 1.9000000000910404}, "time_to_second_spike": {"0.1": 364.70000000012715, "0.2": 41.10000000009995, "0.4": 22.600000000095747, "0.8": 13.6000000000937}, "AP_height": {"0.1": 15.407390794503582, "0.2": 19.204106607632564, "0.4": 23.79940896932019, "0.8": 24.895331869085556}, "AP_width": {"0.1": 0.5000000000001137, "0.2": 0.5000000000001137, "0.4": 0.6000000000001364, "0.8": 0.7000000000001592}, "AP_amplitude": {"0.1": 68.77486274290163, "0.2": 73.66968770397015, "0.4": 78.92901214838982, "0.8": 95.34944637875917}, "voltage_base": {"0.1": -70.4514018947906, "0.2": -70.4514018947906, "0.4": -70.4514018947906, "0.8": -70.4514018947906}}}}