{"BBP": {"L5_BTC_bAC217_3": {"mean_frequency": {"0.1": 8.153697192076038, "0.2": 13.014732677399534, "0.4": 18.24447597811898, "0.8": 26.33711507295138}, "ISI_CV": {"0.1": 0.2950183137477259, "0.2": 0.31528510861339054, "0.4": 0.3195571901510687, "0.8": 0.33110598013385595}, "time_to_first_spike": {"0.1": 11.100000000093132, "0.2": 4.200000000091563, "0.4": 2.100000000091086, "0.8": 1.2000000000908813}, "time_to_second_spike": {"0.1": 45.40000000010093, "0.2": 24.300000000096134, "0.4": 14.70000000009395, "0.8": 9.600000000092791}, "AP_height": {"0.1": 18.738727952171907, "0.2": 25.6801795308282, "0.4": 26.666932460371264, "0.8": 27.323122783090312}, "AP_width": {"0.1": 0.5000000000001137, "0.2": 0.6000000000001364, "0.4": 0.6000000000001364, "0.8": 0.6000000000001364}, "AP_amplitude": {"0.1": 75.30621731844363, "0.2": 82.35885998868527, "0.4": 97.7010338925337, "0.8": 98.35722421296177}, "voltage_base": {"0.1": -71.03128319383467, "0.2": -71.03128319383467, "0.4": -71.03128319383467, "0.8": -71.03128319383467}}}, "NetPyNE": {"L5_BTC_bAC217_3": {"mean_frequency": {"0.1": 8.037777554511637, "0.2": 12.82906553087538, "0.4": 18.065448539291598, "0.8": 26.092295098759035}, "ISI_CV": {"0.1": 0.2927045679166924, "0.2": 0.31345151788882486, "0.4": 0.3233382248355519, "0.8": 0.3300561381347352}, "time_to_first_spike": {"0.1": 11.200000000093155, "0.2": 4.300000000091586, "0.4": 2.100000000091086, "0.8": 1.2000000000908813}, "time_to_second_spike": {"0.1": 45.80000000010102, "0.2": 24.600000000096202, "0.4": 15.000000000094019, "0.8": 9.800000000092837}, "AP_height": {"0.1": 21.05714577308718, "0.2": 25.24562087145877, "0.4": 24.682546564606277, "0.8": 31.11503732271333}, "AP_width": {"0.1": 0.5000000000001137, "0.2": 0.6000000000001364, "0.4": 0.6000000000001364, "0.8": 0.6000000000001364}, "AP_amplitude": {"0.1": 77.35156763120139, "0.2": 81.19303477729865, "0.4": 95.71664357063977, "0.8": 102.14913439749346}, "voltage_base": {"0.1": -71.03127882298318, "0.2": -71.03127882298318, "0.4": -71.03127882298318, "0.8": -71.03127882298318}}}}