{"BBP": {"L23_DBC_bNAC219_3": {"mean_frequency": {"0.1": 53.21819459788733, "0.2": 101.17199238712676, "0.4": 148.66352988297223, "0.8": 218.119965981438}, "ISI_CV": {"0.1": 0.054771842868334766, "0.2": 0.022943510302085385, "0.4": 0.014285348456990726, "0.8": 0.013732460903892026}, "time_to_first_spike": {"0.1": 6.700000000092132, "0.2": 3.0000000000912905, "0.4": 1.6000000000909722, "0.8": 0.900000000090813}, "time_to_second_spike": {"0.1": 18.900000000094906, "0.2": 11.500000000093223, "0.4": 8.10000000009245, "0.8": 6.000000000091973}, "AP_height": {"0.1": 16.69270771880802, "0.2": 20.305165442171564, "0.4": 21.025009487894714, "0.8": 25.032675696794392}, "AP_width": {"0.1": 0.6000000000001364, "0.2": 0.6000000000001364, "0.4": 0.6000000000001364, "0.8": 0.7000000000001592}, "AP_amplitude": {"0.1": 73.16552347249339, "0.2": 75.90345501885491, "0.4": 90.93783444309042, "0.8": 94.94550064938264}, "voltage_base": {"0.1": -69.91271082250508, "0.2": -69.91271082250508, "0.4": -69.91271082250508, "0.8": -69.91271082250508}}}, "NetPyNE": {"L23_DBC_bNAC219_3": {"mean_frequency": {"0.1": 53.05305305308912, "0.2": 100.57039927956403, "0.4": 147.43493305260506, "0.8": 215.84535256424928}, "ISI_CV": {"0.1": 0.05452014873256801, "0.2": 0.02268965219284967, "0.4": 0.014083465795691627, "0.8": 0.014253568554263787}, "time_to_first_spike": {"0.1": 6.8000000000921546, "0.2": 3.1000000000913133, "0.4": 1.6000000000909722, "0.8": 1.0000000000908358}, "time_to_second_spike": {"0.1": 19.10000000009495, "0.2": 11.700000000093269, "0.4": 8.200000000092473, "0.8": 6.100000000091995}, "AP_height": {"0.1": 15.756652123732346, "0.2": 19.70780836982566, "0.4": 20.916278782091535, "0.8": 21.194554826985613}, "AP_width": {"0.1": 0.6000000000001364, "0.2": 0.6000000000001364, "0.4": 0.7000000000001592, "0.8": 0.7000000000001592}, "AP_amplitude": {"0.1": 71.58892250981249, "0.2": 75.65644853356969, "0.4": 90.82910341011855, "0.8": 91.1073794215709}, "voltage_base": {"0.1": -69.91271046368261, "0.2": -69.91271046368261, "0.4": -69.91271046368261, "0.8": -69.91271046368261}}}}