{"BBP": {"L5_BP_dSTUT214_1": {"mean_frequency": {"0.1": 28.340080971679114, "0.2": 81.95484941430472, "0.4": 138.09666766746105, "0.8": 268.5960903784503}, "ISI_CV": {"0.1": 0.2402799137367272, "0.2": 0.04195773167662716, "0.4": 0.05136077094834029, "0.8": 0.10625179111485086}, "time_to_first_spike": {"0.1": 26.70000000009668, "0.2": 4.500000000091632, "0.4": 1.8000000000910177, "0.8": 0.900000000090813}, "time_to_second_spike": {"0.1": 76.20000000010793, "0.2": 14.900000000093996, "0.4": 8.700000000092587, "0.8": 6.100000000091995}, "AP_height": {"0.1": 13.923030417021415, "0.2": 18.753819882379997, "0.4": 22.159503688625378, "0.8": 26.51870822774396}, "AP_width": {"0.1": 0.6000000000001364, "0.2": 0.7000000000001592, "0.4": 0.7000000000001592, "0.8": 0.8000000000001819}, "AP_amplitude": {"0.1": 69.80790729314045, "0.2": 94.34642592135869, "0.4": 97.83748370802633, "0.8": 101.53597722580638}, "voltage_base": {"0.1": -75.09924741394173, "0.2": -75.09924741394173, "0.4": -75.09924741394173, "0.8": -75.09924741394173}}}, "NetPyNE": {"L5_BP_dSTUT214_1": {"mean_frequency": {"0.1": 0, "0.2": 70.72277674680032, "0.4": 127.62762762771439, "0.8": 245.08578002317472}, "ISI_CV": {"0.1": 0, "0.2": 0.03097699880980355, "0.4": 0.04247038566225469, "0.8": 0.09510460261065144}, "time_to_first_spike": {"0.1": 0, "0.2": 5.100000000091768, "0.4": 1.9000000000910404, "0.8": 1.0000000000908358}, "time_to_second_spike": {"0.1": 0, "0.2": 17.800000000094656, "0.4": 9.300000000092723, "0.8": 6.400000000092064}, "AP_height": {"0.1": 0, "0.2": 19.485431792643535, "0.4": 23.663245249303127, "0.8": 26.284996725343298}, "AP_width": {"0.1": 0, "0.2": 0.6000000000001364, "0.4": 0.8000000000001819, "0.8": 0.8000000000001819}, "AP_amplitude": {"0.1": 0, "0.2": 96.1597155830251, "0.4": 100.33752910549032, "0.8": 102.95928052082681}, "voltage_base": {"0.1": -76.67215744169548, "0.2": -76.67215744169548, "0.4": -76.67215744169548, "0.8": -76.67215744169548}}}}