{"BBP": {"L23_MC_cNAC187_5": {"mean_frequency": {"0.1": 38.78702397745931, "0.2": 67.68613687645612, "0.4": 110.29227452757281, "0.8": 240.57217165165903}, "ISI_CV": {"0.1": 0.017378051599480835, "0.2": 0.030833931598367666, "0.4": 0.04584374392251093, "0.8": 0.1059418958596375}, "time_to_first_spike": {"0.1": 15.200000000094064, "0.2": 6.000000000091973, "0.4": 2.500000000091177, "0.8": 1.300000000090904}, "time_to_second_spike": {"0.1": 40.0000000000997, "0.2": 18.900000000094906, "0.4": 10.800000000093064, "0.8": 7.6000000000923364}, "AP_height": {"0.1": 12.031332308377374, "0.2": 14.388607240080518, "0.4": 18.27781213230899, "0.8": 24.272089942676217}, "AP_width": {"0.1": 0.7000000000001592, "0.2": 0.7000000000001592, "0.4": 0.7000000000001592, "0.8": 0.7000000000001592}, "AP_amplitude": {"0.1": 68.15828495660048, "0.2": 69.94932820964826, "0.4": 86.03697049822632, "0.8": 92.03124830662159}, "voltage_base": {"0.1": -67.75699300693852, "0.2": -67.75699300693852, "0.4": -67.75699300693852, "0.8": -67.75699300693852}}}, "NetPyNE": {"L23_MC_cNAC187_5": {"mean_frequency": {"0.1": 38.75578820216038, "0.2": 67.68274340724543, "0.4": 110.45285671259634, "0.8": 238.0119005951916}, "ISI_CV": {"0.1": 0.01811916537360244, "0.2": 0.03215511507265544, "0.4": 0.04788541473150725, "0.8": 0.0972337454137002}, "time_to_first_spike": {"0.1": 15.300000000094087, "0.2": 6.100000000091995, "0.4": 2.500000000091177, "0.8": 1.4000000000909267}, "time_to_second_spike": {"0.1": 40.20000000009975, "0.2": 19.10000000009495, "0.4": 11.00000000009311, "0.8": 7.700000000092359}, "AP_height": {"0.1": 12.423844276872066, "0.2": 14.384312873244335, "0.4": 17.34485253660665, "0.8": 20.98910248027694}, "AP_width": {"0.1": 0.6000000000001364, "0.2": 0.7000000000001592, "0.4": 0.7000000000001592, "0.8": 0.8000000000001819}, "AP_amplitude": {"0.1": 68.20999978083275, "0.2": 70.70393807475531, "0.4": 85.10400761856584, "0.8": 88.74825758014113}, "voltage_base": {"0.1": -67.7569897400782, "0.2": -67.7569897400782, "0.4": -67.7569897400782, "0.8": -67.7569897400782}}}}