{"BBP": {"L6_BP_bNAC219_3": {"mean_frequency": {"0.1": 92.0644451116407, "0.2": 147.72897991897466, "0.4": 220.06601980609142, "0.8": 326.4094955480096}, "ISI_CV": {"0.1": 0.02403087160063776, "0.2": 0.011361246114062766, "0.4": 0.01521892513444436, "0.8": 0.0835500414020397}, "time_to_first_spike": {"0.1": 5.500000000091859, "0.2": 2.3000000000911314, "0.4": 1.2000000000908813, "0.8": 0.7000000000907676}, "time_to_second_spike": {"0.1": 14.100000000093814, "0.2": 9.2000000000927, "0.4": 6.8000000000921546, "0.8": 5.200000000091791}, "AP_height": {"0.1": 13.150090844575297, "0.2": 17.082554787925652, "0.4": 20.146209651668233, "0.8": 22.005764904443676}, "AP_width": {"0.1": 0.6000000000001364, "0.2": 0.6000000000001364, "0.4": 0.6000000000001364, "0.8": 0.7000000000001592}, "AP_amplitude": {"0.1": 70.1100818485891, "0.2": 85.8752446446907, "0.4": 88.9388995063136, "0.8": 90.79845475484986}, "voltage_base": {"0.1": -68.79258009264069, "0.2": -68.79258009264069, "0.4": -68.79258009264069, "0.8": -68.79258009264069}}}, "NetPyNE": {"L6_BP_bNAC219_3": {"mean_frequency": {"0.1": 92.13820731102908, "0.2": 147.03675918989742, "0.4": 217.36952819808423, "0.8": 319.4888178903763}, "ISI_CV": {"0.1": 0.023795877539321136, "0.2": 0.01147759306233648, "0.4": 0.015066843290174783, "0.8": 0.06794865347792385}, "time_to_first_spike": {"0.1": 5.600000000091882, "0.2": 2.400000000091154, "0.4": 1.300000000090904, "0.8": 0.8000000000907903}, "time_to_second_spike": {"0.1": 14.30000000009386, "0.2": 9.400000000092746, "0.4": 6.900000000092177, "0.8": 5.400000000091836}, "AP_height": {"0.1": 12.719532447286085, "0.2": 15.752982240726997, "0.4": 18.268081955365677, "0.8": 21.28988860602869}, "AP_width": {"0.1": 0.6000000000001364, "0.2": 0.7000000000001592, "0.4": 0.7000000000001592, "0.8": 0.6000000000001364}, "AP_amplitude": {"0.1": 68.98657324582268, "0.2": 84.54567210297506, "0.4": 87.0607716010592, "0.8": 90.08257841399023}, "voltage_base": {"0.1": -68.79258004925764, "0.2": -68.79258004925764, "0.4": -68.79258004925764, "0.8": -68.79258004925764}}}}