{"BBP": {"L5_LBC_dNAC222_5": {"mean_frequency": {"0.1": 16.872890888650307, "0.2": 51.704231715310456, "0.4": 81.50943396231946, "0.8": 121.17570477200165}, "ISI_CV": {"0.1": 0.06155031240357294, "0.2": 0.035271153479423986, "0.4": 0.0301365264826008, "0.8": 0.014174332181829176}, "time_to_first_spike": {"0.1": 23.700000000095997, "0.2": 4.8000000000917, "0.4": 2.3000000000911314, "0.8": 1.300000000090904}, "time_to_second_spike": {"0.1": 286.7000000001558, "0.2": 21.500000000095497, "0.4": 12.200000000093382, "0.8": 8.300000000092496}, "AP_height": {"0.1": 20.761704063450274, "0.2": 25.03060904883455, "0.4": 26.454602421886886, "0.8": 31.07431532505874}, "AP_width": {"0.1": 0.6000000000001364, "0.2": 0.7000000000001592, "0.4": 0.7000000000001592, "0.8": 0.7000000000001592}, "AP_amplitude": {"0.1": 75.73926039936208, "0.2": 81.00769459994632, "0.4": 99.43060097459878, "0.8": 104.05031387586718}, "voltage_base": {"0.1": -72.97159009330548, "0.2": -72.97159009330548, "0.4": -72.97159009330548, "0.8": -72.97159009330548}}}, "NetPyNE": {"L5_LBC_dNAC222_5": {"mean_frequency": {"0.1": 16.80672268908699, "0.2": 51.44240468028504, "0.4": 81.08513939642131, "0.8": 120.50602530134701}, "ISI_CV": {"0.1": 0.062102352844857885, "0.2": 0.03443892064959148, "0.4": 0.02901703767154496, "0.8": 0.014100218336946344}, "time_to_first_spike": {"0.1": 24.20000000009611, "0.2": 4.9000000000917225, "0.4": 2.400000000091154, "0.8": 1.300000000090904}, "time_to_second_spike": {"0.1": 287.500000000156, "0.2": 21.700000000095542, "0.4": 12.400000000093428, "0.8": 8.400000000092518}, "AP_height": {"0.1": 17.69291399867679, "0.2": 24.957329904098483, "0.4": 28.70492239037284, "0.8": 27.150878261399523}, "AP_width": {"0.1": 0.6000000000001364, "0.2": 0.6000000000001364, "0.4": 0.7000000000001592, "0.8": 0.8000000000001819}, "AP_amplitude": {"0.1": 72.30106117930471, "0.2": 80.25262071947552, "0.4": 101.68091207934715, "0.8": 100.12686787696464}, "voltage_base": {"0.1": -72.97158113164139, "0.2": -72.97158113164139, "0.4": -72.97158113164139, "0.8": -72.97158113164139}}}}