{"BBP": {"L4_BTC_bAC217_5": {"mean_frequency": {"0.1": 9.428032683852946, "0.2": 15.8575886234697, "0.4": 30.442944847552184, "0.8": 73.56321839075723}, "ISI_CV": {"0.1": 0.2967672502424795, "0.2": 0.3061571842908888, "0.4": 0.22779078897732669, "0.8": 0.4258356451937141}, "time_to_first_spike": {"0.1": 4.700000000091677, "0.2": 2.400000000091154, "0.4": 1.4000000000909267, "0.8": 0.8000000000907903}, "time_to_second_spike": {"0.1": 28.300000000097043, "0.2": 17.800000000094656, "0.4": 11.800000000093291, "0.8": 8.300000000092496}, "AP_height": {"0.1": 24.948776837767795, "0.2": 29.511018276433685, "0.4": 29.97483197171575, "0.8": 34.89245428729053}, "AP_width": {"0.1": 0.5000000000001137, "0.2": 0.6000000000001364, "0.4": 0.6000000000001364, "0.8": 0.6000000000001364}, "AP_amplitude": {"0.1": 82.93336615071115, "0.2": 101.28383917621862, "0.4": 101.74765286966215, "0.8": 106.66527518155995}, "voltage_base": {"0.1": -71.76978631602442, "0.2": -71.76978631602442, "0.4": -71.76978631602442, "0.8": -71.76978631602442}}}, "NetPyNE": {"L4_BTC_bAC217_5": {"mean_frequency": {"0.1": 9.165902841436075, "0.2": 15.47827881540614, "0.4": 30.20083555647089, "0.8": 72.8029121164338}, "ISI_CV": {"0.1": 0.2811236205669784, "0.2": 0.31206580751360125, "0.4": 0.24520862288137116, "0.8": 0.5067000072784162}, "time_to_first_spike": {"0.1": 4.8000000000917, "0.2": 2.500000000091177, "0.4": 1.4000000000909267, "0.8": 0.8000000000907903}, "time_to_second_spike": {"0.1": 28.60000000009711, "0.2": 18.0000000000947, "0.4": 11.900000000093314, "0.8": 8.500000000092541}, "AP_height": {"0.1": 22.032147643239934, "0.2": 23.742163006892646, "0.4": 32.13222010160037, "0.8": 33.87283094612898}, "AP_width": {"0.1": 0.5000000000001137, "0.2": 0.5000000000001137, "0.4": 0.6000000000001364, "0.8": 0.6000000000001364}, "AP_amplitude": {"0.1": 79.33858003156584, "0.2": 93.52821518254885, "0.4": 103.90515694715451, "0.8": 105.64564077218151}, "voltage_base": {"0.1": -71.76977523152519, "0.2": -71.76977523152519, "0.4": -71.76977523152519, "0.8": -71.76977523152519}}}}