{"BBP": {"L23_BP_bNAC219_4": {"mean_frequency": {"0.1": 82.0164032807119, "0.2": 124.46050386438245, "0.4": 169.85669906815832, "0.8": 240.2642907199551}, "ISI_CV": {"0.1": 0.045797467929081626, "0.2": 0.023673003381007543, "0.4": 0.011502375297396426, "0.8": 0.012314018784808393}, "time_to_first_spike": {"0.1": 3.1000000000913133, "0.2": 1.8000000000910177, "0.4": 1.1000000000908585, "0.8": 0.7000000000907676}, "time_to_second_spike": {"0.1": 12.300000000093405, "0.2": 8.900000000092632, "0.4": 6.8000000000921546, "0.8": 5.400000000091836}, "AP_height": {"0.1": 22.843916728049287, "0.2": 20.055362596175144, "0.4": 23.454717332349475, "0.8": 26.684106249064875}, "AP_width": {"0.1": 0.6000000000001364, "0.2": 0.6000000000001364, "0.4": 0.6000000000001364, "0.8": 0.7000000000001592}, "AP_amplitude": {"0.1": 78.98480278062661, "0.2": 91.76965529317123, "0.4": 95.16901002703901, "0.8": 98.39839893914149}, "voltage_base": {"0.1": -71.71414491799612, "0.2": -71.71414491799612, "0.4": -71.71414491799612, "0.8": -71.71414491799612}}}, "NetPyNE": {"L23_BP_bNAC219_4": {"mean_frequency": {"0.1": 81.56117087821407, "0.2": 123.55560002009302, "0.4": 168.29451540206782, "0.8": 237.07112133656213}, "ISI_CV": {"0.1": 0.045466584860881135, "0.2": 0.02326243672613097, "0.4": 0.010157556086861913, "0.8": 0.013578984922910714}, "time_to_first_spike": {"0.1": 3.200000000091336, "0.2": 1.8000000000910177, "0.4": 1.1000000000908585, "0.8": 0.7000000000907676}, "time_to_second_spike": {"0.1": 12.50000000009345, "0.2": 9.000000000092655, "0.4": 6.900000000092177, "0.8": 5.500000000091859}, "AP_height": {"0.1": 18.940815395918317, "0.2": 24.806869463957735, "0.4": 26.678207533537314, "0.8": 28.91539452361762}, "AP_width": {"0.1": 0.7000000000001592, "0.2": 0.6000000000001364, "0.4": 0.6000000000001364, "0.8": 0.7000000000001592}, "AP_amplitude": {"0.1": 75.1558824625668, "0.2": 96.52116191574135, "0.4": 98.39249999487699, "0.8": 100.62968695649505}, "voltage_base": {"0.1": -71.71414465960329, "0.2": -71.71414465960329, "0.4": -71.71414465960329, "0.8": -71.71414465960329}}}}