{"BBP": {"L6_SBC_bNAC219_2": {"mean_frequency": {"0.1": 23.261694058169994, "0.2": 97.70518087991408, "0.4": 137.92065800701482, "0.8": 187.2809213822004}, "ISI_CV": {"0.1": 0.17914987724474102, "0.2": 0.038222597155184244, "0.4": 0.024206124539314988, "0.8": 0.011356875419712231}, "time_to_first_spike": {"0.1": 6.100000000091995, "0.2": 3.0000000000912905, "0.4": 1.700000000090995, "0.8": 1.0000000000908358}, "time_to_second_spike": {"0.1": 18.100000000094724, "0.2": 11.700000000093269, "0.4": 8.600000000092564, "0.8": 6.600000000092109}, "AP_height": {"0.1": 15.349941037916395, "0.2": 22.44679072800886, "0.4": 25.822706542709806, "0.8": 28.483352876235436}, "AP_width": {"0.1": 0.5000000000001137, "0.2": 0.5000000000001137, "0.4": 0.6000000000001364, "0.8": 0.6000000000001364}, "AP_amplitude": {"0.1": 72.88844884171371, "0.2": 78.25685380410827, "0.4": 97.3042994267054, "0.8": 99.96494575764149}, "voltage_base": {"0.1": -71.48148985545255, "0.2": -71.48148985545255, "0.4": -71.48148985545255, "0.8": -71.48148985545255}}}, "NetPyNE": {"L6_SBC_bNAC219_2": {"mean_frequency": {"0.1": 23.260517799368507, "0.2": 96.98005125377169, "0.4": 136.69821240808452, "0.8": 185.32431755584847}, "ISI_CV": {"0.1": 0.17849583530949142, "0.2": 0.03957820912529698, "0.4": 0.0238000566948202, "0.8": 0.012217617274580275}, "time_to_first_spike": {"0.1": 6.200000000092018, "0.2": 3.1000000000913133, "0.4": 1.8000000000910177, "0.8": 1.1000000000908585}, "time_to_second_spike": {"0.1": 18.30000000009477, "0.2": 11.800000000093291, "0.4": 8.700000000092587, "0.8": 6.700000000092132}, "AP_height": {"0.1": 13.74492563022582, "0.2": 18.084895070460384, "0.4": 20.56520373459517, "0.8": 22.161416542728077}, "AP_width": {"0.1": 0.6000000000001364, "0.2": 0.5000000000001137, "0.4": 0.5000000000001137, "0.8": 0.5000000000001137}, "AP_amplitude": {"0.1": 70.55309486870892, "0.2": 74.09449314442321, "0.4": 92.0467963828984, "0.8": 93.64300934295409}, "voltage_base": {"0.1": -71.48148977363809, "0.2": -71.48148977363809, "0.4": -71.48148977363809, "0.8": -71.48148977363809}}}}