{"BBP": {"L23_MC_bAC217_1": {"mean_frequency": {"0.1": 8.063703255725658, "0.2": 12.382623052324913, "0.4": 17.33897700036869, "0.8": 24.702561000218406}, "ISI_CV": {"0.1": 0.29264402632339587, "0.2": 0.3189147542691689, "0.4": 0.3248998718322552, "0.8": 0.35024157744735696}, "time_to_first_spike": {"0.1": 12.700000000093496, "0.2": 5.3000000000918135, "0.4": 2.500000000091177, "0.8": 1.4000000000909267}, "time_to_second_spike": {"0.1": 48.00000000010152, "0.2": 26.200000000096566, "0.4": 15.700000000094178, "0.8": 10.100000000092905}, "AP_height": {"0.1": 16.27796365484349, "0.2": 21.650012884433, "0.4": 24.597841043015222, "0.8": 27.981052063941803}, "AP_width": {"0.1": 0.6000000000001364, "0.2": 0.6000000000001364, "0.4": 0.6000000000001364, "0.8": 0.6000000000001364}, "AP_amplitude": {"0.1": 72.27849050698941, "0.2": 77.34351594360334, "0.4": 95.59772329718598, "0.8": 98.98093431610764}, "voltage_base": {"0.1": -70.99709225810433, "0.2": -70.99709225810433, "0.4": -70.99709225810433, "0.8": -70.99709225810433}}}, "NetPyNE": {"L23_MC_bAC217_1": {"mean_frequency": {"0.1": 8.079284713998673, "0.2": 12.199461190472338, "0.4": 17.089721035447642, "0.8": 25.25124993688899}, "ISI_CV": {"0.1": 0.30300048371333965, "0.2": 0.3172695881487926, "0.4": 0.3230723995077202, "0.8": 0.3202665358133595}, "time_to_first_spike": {"0.1": 12.800000000093519, "0.2": 5.400000000091836, "0.4": 2.6000000000911996, "0.8": 1.4000000000909267}, "time_to_second_spike": {"0.1": 48.40000000010161, "0.2": 26.40000000009661, "0.4": 15.900000000094224, "0.8": 10.200000000092928}, "AP_height": {"0.1": 14.527185456656486, "0.2": 21.047789130213264, "0.4": 25.08677598383751, "0.8": 24.476682095249235}, "AP_width": {"0.1": 0.6000000000001364, "0.2": 0.6000000000001364, "0.4": 0.6000000000001364, "0.8": 0.7000000000001592}, "AP_amplitude": {"0.1": 69.76759625991511, "0.2": 77.40101724269854, "0.4": 96.08665403286206, "0.8": 95.47655988818065}, "voltage_base": {"0.1": -70.99708778308283, "0.2": -70.99708778308283, "0.4": -70.99708778308283, "0.8": -70.99708778308283}}}}