{"BBP": {"L5_NGC_bNAC219_2": {"mean_frequency": {"0.1": 53.96409118422057, "0.2": 94.4201697554757, "0.4": 152.19023779735002, "0.8": 258.6206896530935}, "ISI_CV": {"0.1": 0.035843358703082556, "0.2": 0.017234831194858104, "0.4": 0.038508552934515626, "0.8": 0}, "time_to_first_spike": {"0.1": 7.700000000092359, "0.2": 4.100000000091541, "0.4": 2.400000000091154, "0.8": 1.4000000000909267}, "time_to_second_spike": {"0.1": 21.000000000095383, "0.2": 13.300000000093632, "0.4": 9.400000000092746, "0.8": 6.8000000000921546}, "AP_height": {"0.1": 6.560288594311188, "0.2": 10.063718884977456, "0.4": 11.195625306701373, "0.8": 16.45930316093319}, "AP_width": {"0.1": 0.8000000000001819, "0.2": 0.8000000000001819, "0.4": 0.8000000000001819, "0.8": 0.7000000000001592}, "AP_amplitude": {"0.1": 60.97719313255921, "0.2": 64.9812200042781, "0.4": 81.73241669757412, "0.8": 86.99609454993022}, "voltage_base": {"0.1": -70.53667800461115, "0.2": -70.53667800461115, "0.4": -70.53667800461115, "0.8": -70.53667800461115}}}, "NetPyNE": {"L5_NGC_bNAC219_2": {"mean_frequency": {"0.1": 53.87985296342847, "0.2": 94.12707154665188, "0.4": 165.289256198227, "0.8": 256.4102564082124}, "ISI_CV": {"0.1": 0.035653531235347716, "0.2": 0.01710850137899509, "0.4": 0.05193991280311002, "0.8": 0}, "time_to_first_spike": {"0.1": 7.800000000092382, "0.2": 4.200000000091563, "0.4": 2.400000000091154, "0.8": 1.4000000000909267}, "time_to_second_spike": {"0.1": 21.20000000009543, "0.2": 13.500000000093678, "0.4": 9.500000000092768, "0.8": 6.900000000092177}, "AP_height": {"0.1": 6.094767477624503, "0.2": 9.535579238352454, "0.4": 13.299079266801696, "0.8": 15.427648058291755}, "AP_width": {"0.1": 0.7000000000001592, "0.2": 0.8000000000001819, "0.4": 0.7000000000001592, "0.8": 0.8000000000001819}, "AP_amplitude": {"0.1": 59.922199575353225, "0.2": 64.72187237067953, "0.4": 83.83587052865344, "0.8": 85.96443938563648}, "voltage_base": {"0.1": -70.53667794223256, "0.2": -70.53667794223256, "0.4": -70.53667794223256, "0.8": -70.53667794223256}}}}