{"BBP": {"L5_NBC_cACint209_1": {"mean_frequency": {"0.1": 20.786858649375255, "0.2": 29.029029029048765, "0.4": 43.73397677577995, "0.8": 79.9075283948678}, "ISI_CV": {"0.1": 0.27995329321394863, "0.2": 0.25947309562762577, "0.4": 0.23267740283142951, "0.8": 0.17641717804624626}, "time_to_first_spike": {"0.1": 9.100000000092678, "0.2": 3.7000000000914497, "0.4": 1.700000000090995, "0.8": 0.900000000090813}, "time_to_second_spike": {"0.1": 26.500000000096634, "0.2": 14.900000000093996, "0.4": 9.90000000009286, "0.8": 7.100000000092223}, "AP_height": {"0.1": 33.732446956867506, "0.2": 36.55811661070482, "0.4": 38.93714716147139, "0.8": 40.33038549650616}, "AP_width": {"0.1": 0.8000000000001819, "0.2": 0.9000000000002046, "0.4": 0.9000000000002046, "0.8": 0.9000000000002046}, "AP_amplitude": {"0.1": 87.26246402337924, "0.2": 90.94488455071036, "0.4": 108.55355337266913, "0.8": 109.94679170561429}, "voltage_base": {"0.1": -69.61563548407165, "0.2": -69.61563548407165, "0.4": -69.61563548407165, "0.8": -69.61563548407165}}}, "NetPyNE": {"L5_NBC_cACint209_1": {"mean_frequency": {"0.1": 20.75318890465062, "0.2": 29.074215761305023, "0.4": 43.65059455123129, "0.8": 79.69125902170612}, "ISI_CV": {"0.1": 0.27998478425969225, "0.2": 0.25965418703074106, "0.4": 0.23255218473641082, "0.8": 0.17576352593091035}, "time_to_first_spike": {"0.1": 9.2000000000927, "0.2": 3.8000000000914724, "0.4": 1.8000000000910177, "0.8": 1.0000000000908358}, "time_to_second_spike": {"0.1": 26.600000000096657, "0.2": 15.100000000094042, "0.4": 10.000000000092882, "0.8": 7.2000000000922455}, "AP_height": {"0.1": 33.99715968922631, "0.2": 37.26874366090934, "0.4": 38.63848279051759, "0.8": 38.83618723479469}, "AP_width": {"0.1": 0.8000000000001819, "0.2": 0.8000000000001819, "0.4": 0.9000000000002046, "0.8": 0.9000000000002046}, "AP_amplitude": {"0.1": 86.77057610152423, "0.2": 90.65445752275187, "0.4": 108.25488778257662, "0.8": 108.45259233645072}, "voltage_base": {"0.1": -69.61563437553724, "0.2": -69.61563437553724, "0.4": -69.61563437553724, "0.8": -69.61563437553724}}}}