{"BBP": {"L6_LBC_bSTUT213_4": {"mean_frequency": {"0.1": 0, "0.2": 37.2259051504586, "0.4": 102.68997645651422, "0.8": 148.52227834185226}, "ISI_CV": {"0.1": 0, "0.2": 0.6598430124761465, "0.4": 0.04438806083006358, "0.8": 0.02072600075746567}, "time_to_first_spike": {"0.1": 0, "0.2": 6.200000000092018, "0.4": 2.900000000091268, "0.8": 1.700000000090995}, "time_to_second_spike": {"0.1": 0, "0.2": 18.200000000094747, "0.4": 11.200000000093155, "0.8": 8.000000000092427}, "AP_height": {"0.1": 0, "0.2": 17.45963123430352, "0.4": 21.903888719789364, "0.8": 19.653713131208402}, "AP_width": {"0.1": 0, "0.2": 0.6000000000001364, "0.4": 0.6000000000001364, "0.8": 0.7000000000001592}, "AP_amplitude": {"0.1": 0, "0.2": 73.04734998233843, "0.4": 76.68046950509554, "0.8": 93.29478009987255}, "voltage_base": {"0.1": -73.60631558301694, "0.2": -73.60631558301694, "0.4": -73.60631558301694, "0.8": -73.60631558301694}}}, "NetPyNE": {"L6_LBC_bSTUT213_4": {"mean_frequency": {"0.1": 0, "0.2": 16.752229127273985, "0.4": 99.31283543167704, "0.8": 145.27602444654698}, "ISI_CV": {"0.1": 0, "0.2": 0.9328905457632052, "0.4": 0.04411948251539794, "0.8": 0.02059045492363442}, "time_to_first_spike": {"0.1": 0, "0.2": 6.700000000092132, "0.4": 3.1000000000913133, "0.8": 1.8000000000910177}, "time_to_second_spike": {"0.1": 0, "0.2": 19.300000000094997, "0.4": 11.600000000093246, "0.8": 8.200000000092473}, "AP_height": {"0.1": 0, "0.2": 16.79304748412257, "0.4": 19.514636046476358, "0.8": 21.37800833255612}, "AP_width": {"0.1": 0, "0.2": 0.6000000000001364, "0.4": 0.6000000000001364, "0.8": 0.7000000000001592}, "AP_amplitude": {"0.1": 0, "0.2": 72.94939075672825, "0.4": 75.05810903404475, "0.8": 96.05979000798402}, "voltage_base": {"0.1": -74.68172709291163, "0.2": -74.68172709291163, "0.4": -74.68172709291163, "0.8": -74.68172709291163}}}}