{"BBP": {"L23_NGC_cSTUT189_4": {"mean_frequency": {"0.1": 0, "0.2": 19.54495339281673, "0.4": 73.35577551127926, "0.8": 141.37464280352515}, "ISI_CV": {"0.1": 0, "0.2": 0.45181972126085596, "0.4": 0.03675892165266123, "0.8": 0.09730810735235164}, "time_to_first_spike": {"0.1": 0, "0.2": 15.40000000009411, "0.4": 5.100000000091768, "0.8": 2.400000000091154}, "time_to_second_spike": {"0.1": 0, "0.2": 75.6000000001078, "0.4": 17.400000000094565, "0.8": 10.100000000092905}, "AP_height": {"0.1": 0, "0.2": 4.01189203990506, "0.4": 13.581157336901024, "0.8": 18.0295609996588}, "AP_width": {"0.1": 0, "0.2": 0.8000000000001819, "0.4": 0.8000000000001819, "0.8": 0.8000000000001819}, "AP_amplitude": {"0.1": 0, "0.2": 58.4955253622208, "0.4": 68.50137535983689, "0.8": 94.20949608962101}, "voltage_base": {"0.1": -76.11051612659271, "0.2": -76.11051612659271, "0.4": -76.11051612659271, "0.8": -76.11051612659271}}}, "NetPyNE": {"L23_NGC_cSTUT189_4": {"mean_frequency": {"0.1": 0, "0.2": 67.56756756713854, "0.4": 72.55078554993425, "0.8": 140.21733687224713}, "ISI_CV": {"0.1": 0, "0.2": 0, "0.4": 0.022845803761331943, "0.8": 0.09915685950211071}, "time_to_first_spike": {"0.1": 0, "0.2": 14.800000000093974, "0.4": 5.100000000091768, "0.8": 2.500000000091177}, "time_to_second_spike": {"0.1": 0, "0.2": 0, "0.4": 18.0000000000947, "0.8": 10.200000000092928}, "AP_height": {"0.1": 0, "0.2": 4.368625571897792, "0.4": 12.892255197802598, "0.8": 18.161293125191776}, "AP_width": {"0.1": 0, "0.2": 0.7000000000001592, "0.4": 0.8000000000001819, "0.8": 0.8000000000001819}, "AP_amplitude": {"0.1": 0, "0.2": 59.523012865139805, "0.4": 68.90961122625961, "0.8": 94.3720265617458}, "voltage_base": {"0.1": -76.21025779476328, "0.2": -76.21025779476328, "0.4": -76.21025779476328, "0.8": -76.21025779476328}}}}