{"BBP": {"L6_NBC_bSTUT213_5": {"mean_frequency": {"0.1": 0, "0.2": 45.87387205729784, "0.4": 122.77624655483162, "0.8": 180.35168578740777}, "ISI_CV": {"0.1": 0, "0.2": 0.22647002473997688, "0.4": 0.024052609444018082, "0.8": 0.012703567490082205}, "time_to_first_spike": {"0.1": 0, "0.2": 6.200000000092018, "0.4": 2.3000000000911314, "0.8": 1.2000000000908813}, "time_to_second_spike": {"0.1": 0, "0.2": 16.600000000094383, "0.4": 9.700000000092814, "0.8": 6.8000000000921546}, "AP_height": {"0.1": 0, "0.2": 18.70208333498369, "0.4": 18.8874996199696, "0.8": 25.528002688906174}, "AP_width": {"0.1": 0, "0.2": 0.5000000000001137, "0.4": 0.6000000000001364, "0.8": 0.6000000000001364}, "AP_amplitude": {"0.1": 0, "0.2": 74.58504115959818, "0.4": 93.3292636170153, "0.8": 100.07841546131884}, "voltage_base": {"0.1": -74.44275627926841, "0.2": -74.44275627926841, "0.4": -74.44275627926841, "0.8": -74.44275627926841}}}, "NetPyNE": {"L6_NBC_bSTUT213_5": {"mean_frequency": {"0.1": 0, "0.2": 23.185483870983468, "0.4": 118.27795319007687, "0.8": 175.64930190674005}, "ISI_CV": {"0.1": 0, "0.2": 0.17833256840956918, "0.4": 0.021285878554554227, "0.8": 0.012704313064825553}, "time_to_first_spike": {"0.1": 0, "0.2": 6.900000000092177, "0.4": 2.500000000091177, "0.8": 1.300000000090904}, "time_to_second_spike": {"0.1": 0, "0.2": 17.90000000009468, "0.4": 10.100000000092905, "0.8": 7.0000000000922}, "AP_height": {"0.1": 0, "0.2": 17.871069683575282, "0.4": 20.857348867890778, "0.8": 22.78066565521168}, "AP_width": {"0.1": 0, "0.2": 0.5000000000001137, "0.4": 0.6000000000001364, "0.8": 0.6000000000001364}, "AP_amplitude": {"0.1": 0, "0.2": 73.0047279315075, "0.4": 95.97767264591185, "0.8": 97.90098957811918}, "voltage_base": {"0.1": -75.12029187954042, "0.2": -75.12029187954042, "0.4": -75.12029187954042, "0.8": -75.12029187954042}}}}