{"BBP": {"L5_NBC_cNAC187_4": {"mean_frequency": {"0.1": 42.276913785322364, "0.2": 65.7234597632395, "0.4": 98.13739234935571, "0.8": 149.67961553874812}, "ISI_CV": {"0.1": 0.029750905995984397, "0.2": 0.02330066696870449, "0.4": 0.01258696242346612, "0.8": 0.037989053281376965}, "time_to_first_spike": {"0.1": 7.0000000000922, "0.2": 3.500000000091404, "0.4": 2.000000000091063, "0.8": 1.2000000000908813}, "time_to_second_spike": {"0.1": 28.300000000097043, "0.2": 16.300000000094315, "0.4": 10.600000000093019, "0.8": 7.500000000092314}, "AP_height": {"0.1": 17.649044789914146, "0.2": 17.007070973269187, "0.4": 19.79583218514957, "0.8": 22.069374180742354}, "AP_width": {"0.1": 0.7000000000001592, "0.2": 0.7000000000001592, "0.4": 0.8000000000001819, "0.8": 0.8000000000001819}, "AP_amplitude": {"0.1": 73.18959266020694, "0.2": 72.19067472604787, "0.4": 86.31046579241075, "0.8": 90.48507787133882}, "voltage_base": {"0.1": -68.4129101242625, "0.2": -68.4129101242625, "0.4": -68.4129101242625, "0.8": -68.4129101242625}}}, "NetPyNE": {"L5_NBC_cNAC187_4": {"mean_frequency": {"0.1": 42.06941453400966, "0.2": 65.4153877120154, "0.4": 97.64158029148894, "0.8": 149.23130852832017}, "ISI_CV": {"0.1": 0.029335691505851354, "0.2": 0.022512567830096617, "0.4": 0.01232002468756778, "0.8": 0.03989259551849683}, "time_to_first_spike": {"0.1": 7.100000000092223, "0.2": 3.600000000091427, "0.4": 2.100000000091086, "0.8": 1.300000000090904}, "time_to_second_spike": {"0.1": 28.50000000009709, "0.2": 16.50000000009436, "0.4": 10.800000000093064, "0.8": 7.6000000000923364}, "AP_height": {"0.1": 16.92006400147449, "0.2": 18.405653299994846, "0.4": 22.737248782755582, "0.8": 25.23483536853356}, "AP_width": {"0.1": 0.7000000000001592, "0.2": 0.7000000000001592, "0.4": 0.7000000000001592, "0.8": 0.7000000000001592}, "AP_amplitude": {"0.1": 72.02642632950364, "0.2": 73.9441948168421, "0.4": 89.29921838813574, "0.8": 93.65053464642202}, "voltage_base": {"0.1": -68.41290570661775, "0.2": -68.41290570661775, "0.4": -68.41290570661775, "0.8": -68.41290570661775}}}}