{"BBP": {"L4_DBC_cIR216_3": {"mean_frequency": {"0.1": 0, "0.2": 17.577418187469814, "0.4": 33.172496984340974, "0.8": 71.51430286062075}, "ISI_CV": {"0.1": 0, "0.2": 0.4663275411491172, "0.4": 0.34474539038444374, "0.8": 0.27725890058182984}, "time_to_first_spike": {"0.1": 0, "0.2": 8.200000000092473, "0.4": 3.1000000000913133, "0.8": 1.6000000000909722}, "time_to_second_spike": {"0.1": 0, "0.2": 20.400000000095247, "0.4": 11.500000000093223, "0.8": 8.000000000092427}, "AP_height": {"0.1": 0, "0.2": 34.7565289564408, "0.4": 36.1626458637111, "0.8": 39.902112155791436}, "AP_width": {"0.1": 0, "0.2": 0.8000000000001819, "0.4": 0.9000000000002046, "0.8": 0.9000000000002046}, "AP_amplitude": {"0.1": 0, "0.2": 90.58598821754606, "0.4": 111.63127383335745, "0.8": 117.49189001766524}, "voltage_base": {"0.1": -77.60619959469658, "0.2": -77.60619959469658, "0.4": -77.60619959469658, "0.8": -77.60619959469658}}}, "NetPyNE": {"L4_DBC_cIR216_3": {"mean_frequency": {"0.1": 0, "0.2": 17.971758664967183, "0.4": 34.472270100398475, "0.8": 74.5521865306221}, "ISI_CV": {"0.1": 0, "0.2": 0.24278326028947547, "0.4": 0.1893667091639943, "0.8": 0.1323646874312873}, "time_to_first_spike": {"0.1": 0, "0.2": 8.600000000092564, "0.4": 3.3000000000913587, "0.8": 1.700000000090995}, "time_to_second_spike": {"0.1": 0, "0.2": 20.90000000009536, "0.4": 11.500000000093223, "0.8": 8.10000000009245}, "AP_height": {"0.1": 0, "0.2": 34.05614422633474, "0.4": 34.33282961378117, "0.8": 36.1864044484246}, "AP_width": {"0.1": 0, "0.2": 0.8000000000001819, "0.4": 0.8000000000001819, "0.8": 0.9000000000002046}, "AP_amplitude": {"0.1": 0, "0.2": 88.86959625506503, "0.4": 110.10488306492485, "0.8": 113.784378842201}, "voltage_base": {"0.1": -77.59782945695586, "0.2": -77.59782945695586, "0.4": -77.59782945695586, "0.8": -77.59782945695586}}}}