{"BBP": {"L5_MC_cSTUT189_5": {"mean_frequency": {"0.1": 0, "0.2": 22.619885392596032, "0.4": 73.32630204414602, "0.8": 136.64530480386205}, "ISI_CV": {"0.1": 0, "0.2": 0.3167154932758216, "0.4": 0.03734658383459203, "0.8": 0.10554423882708094}, "time_to_first_spike": {"0.1": 0, "0.2": 14.200000000093837, "0.4": 4.8000000000917, "0.8": 2.3000000000911314}, "time_to_second_spike": {"0.1": 0, "0.2": 47.9000000001015, "0.4": 17.300000000094542, "0.8": 10.100000000092905}, "AP_height": {"0.1": 0, "0.2": 7.762280397231148, "0.4": 15.515705073095628, "0.8": 20.75981416342635}, "AP_width": {"0.1": 0, "0.2": 0.7000000000001592, "0.4": 0.7000000000001592, "0.8": 0.8000000000001819}, "AP_amplitude": {"0.1": 0, "0.2": 63.334534358016256, "0.4": 71.51148207430646, "0.8": 96.31742163895035}, "voltage_base": {"0.1": -75.61600741649627, "0.2": -75.61600741649627, "0.4": -75.61600741649627, "0.8": -75.61600741649627}}}, "NetPyNE": {"L5_MC_cSTUT189_5": {"mean_frequency": {"0.1": 0, "0.2": 73.52941176419928, "0.4": 71.56440796721911, "0.8": 133.26653306622285}, "ISI_CV": {"0.1": 0, "0.2": 0, "0.4": 0.023092735208103937, "0.8": 0.09457306436567507}, "time_to_first_spike": {"0.1": 0, "0.2": 13.6000000000937, "0.4": 5.000000000091745, "0.8": 2.400000000091154}, "time_to_second_spike": {"0.1": 0, "0.2": 0, "0.4": 17.60000000009461, "0.8": 10.200000000092928}, "AP_height": {"0.1": 0, "0.2": 7.557420571812046, "0.4": 14.579211138951113, "0.8": 20.551107450541355}, "AP_width": {"0.1": 0, "0.2": 0.7000000000001592, "0.4": 0.8000000000001819, "0.8": 0.8000000000001819}, "AP_amplitude": {"0.1": 0, "0.2": 62.630440116076386, "0.4": 69.88890110021907, "0.8": 96.44024107896189}, "voltage_base": {"0.1": -75.88859039065309, "0.2": -75.88859039065309, "0.4": -75.88859039065309, "0.8": -75.88859039065309}}}}