{"BBP": {"L6_DBC_bAC217_3": {"mean_frequency": {"0.1": 7.934408886543244, "0.2": 12.868687908589505, "0.4": 18.23338735819711, "0.8": 25.358827407837826}, "ISI_CV": {"0.1": 0.2973344429468146, "0.2": 0.3035378165271492, "0.4": 0.3055648813426504, "0.8": 0.32136861766988545}, "time_to_first_spike": {"0.1": 9.90000000009286, "0.2": 3.7000000000914497, "0.4": 1.9000000000910404, "0.8": 1.1000000000908585}, "time_to_second_spike": {"0.1": 44.400000000100704, "0.2": 23.900000000096043, "0.4": 14.70000000009395, "0.8": 9.700000000092814}, "AP_height": {"0.1": 19.324132599830012, "0.2": 25.09700528136679, "0.4": 27.19711446621881, "0.8": 32.52084283603507}, "AP_width": {"0.1": 0.5000000000001137, "0.2": 0.5000000000001137, "0.4": 0.6000000000001364, "0.8": 0.6000000000001364}, "AP_amplitude": {"0.1": 75.63485870746722, "0.2": 80.88492507429238, "0.4": 98.61556195722835, "0.8": 103.9392903246867}, "voltage_base": {"0.1": -71.4155385607199, "0.2": -71.4155385607199, "0.4": -71.4155385607199, "0.8": -71.4155385607199}}}, "NetPyNE": {"L6_DBC_bAC217_3": {"mean_frequency": {"0.1": 7.8125000000052385, "0.2": 12.671701556093529, "0.4": 18.035659074525178, "0.8": 25.03379562410954}, "ISI_CV": {"0.1": 0.2960097993063055, "0.2": 0.30195817376977496, "0.4": 0.3090115693310462, "0.8": 0.31086752452780325}, "time_to_first_spike": {"0.1": 10.000000000092882, "0.2": 3.7000000000914497, "0.4": 1.9000000000910404, "0.8": 1.1000000000908585}, "time_to_second_spike": {"0.1": 44.800000000100795, "0.2": 24.20000000009611, "0.4": 14.900000000093996, "0.8": 9.90000000009286}, "AP_height": {"0.1": 20.572715405323798, "0.2": 23.648217353546364, "0.4": 30.366690407862787, "0.8": 30.760024354060366}, "AP_width": {"0.1": 0.5000000000001137, "0.2": 0.6000000000001364, "0.4": 0.6000000000001364, "0.8": 0.6000000000001364}, "AP_amplitude": {"0.1": 76.05358135227141, "0.2": 79.90196394553614, "0.4": 101.7851334226623, "0.8": 102.17846754177249}, "voltage_base": {"0.1": -71.41553424314279, "0.2": -71.41553424314279, "0.4": -71.41553424314279, "0.8": -71.41553424314279}}}}