{"BBP": {"L5_NBC_cIR216_2": {"mean_frequency": {"0.1": 16.006609180575644, "0.2": 28.979612588356574, "0.4": 58.34716563557101, "0.8": 126.17664730631449}, "ISI_CV": {"0.1": 0.3371295425871089, "0.2": 0.2582846796669268, "0.4": 0.15159023918734119, "0.8": 0.07119445359625756}, "time_to_first_spike": {"0.1": 19.900000000095133, "0.2": 7.500000000092314, "0.4": 3.200000000091336, "0.8": 1.6000000000909722}, "time_to_second_spike": {"0.1": 43.10000000010041, "0.2": 19.200000000094974, "0.4": 11.300000000093178, "0.8": 7.900000000092405}, "AP_height": {"0.1": 27.794924037159433, "0.2": 29.893480447056596, "0.4": 35.511460713125864, "0.8": 38.28456892228951}, "AP_width": {"0.1": 0.7000000000001592, "0.2": 0.8000000000001819, "0.4": 0.9000000000002046, "0.8": 0.9000000000002046}, "AP_amplitude": {"0.1": 84.53011835739207, "0.2": 86.49908305317291, "0.4": 110.96350651529767, "0.8": 114.23776619456697}, "voltage_base": {"0.1": -75.88418774973394, "0.2": -75.88418774973394, "0.4": -75.88418774973394, "0.8": -75.88418774973394}}}, "NetPyNE": {"L5_NBC_cIR216_2": {"mean_frequency": {"0.1": 0, "0.2": 21.898553676934743, "0.4": 43.114252769869374, "0.8": 107.65071099546672}, "ISI_CV": {"0.1": 0, "0.2": 0.22465693816419244, "0.4": 0.16318547699262262, "0.8": 0.06433215655434964}, "time_to_first_spike": {"0.1": 0, "0.2": 9.000000000092655, "0.4": 3.8000000000914724, "0.8": 1.8000000000910177}, "time_to_second_spike": {"0.1": 0, "0.2": 22.4000000000957, "0.4": 12.300000000093405, "0.8": 8.300000000092496}, "AP_height": {"0.1": 0, "0.2": 32.31034581614203, "0.4": 33.51395961603637, "0.8": 38.103588502022454}, "AP_width": {"0.1": 0, "0.2": 0.8000000000001819, "0.4": 0.8000000000001819, "0.8": 0.9000000000002046}, "AP_amplitude": {"0.1": 0, "0.2": 88.68641125252927, "0.4": 111.11474802743493, "0.8": 115.70437692242547}, "voltage_base": {"0.1": -77.60064985681962, "0.2": -77.60064985681962, "0.4": -77.60064985681962, "0.8": -77.60064985681962}}}}