{"BBP": {"L5_TTPC1_cADpyr232_1": {"mean_frequency": {"0.1": 0, "0.2": 0, "0.4": 7.6915188185878955, "0.8": 13.713937423820735}, "ISI_CV": {"0.1": 0, "0.2": 0, "0.4": 0.049996206599069934, "0.8": 0.11860967416530271}, "time_to_first_spike": {"0.1": 0, "0.2": 0, "0.4": 31.700000000097816, "0.8": 11.200000000093155}, "time_to_second_spike": {"0.1": 0, "0.2": 0, "0.4": 79.1000000001086, "0.8": 31.400000000097748}, "AP_height": {"0.1": 0, "0.2": 0, "0.4": 31.259411488625073, "0.8": 30.70857714753962}, "AP_width": {"0.1": 0, "0.2": 0, "0.4": 0.9000000000002046, "0.8": 0.9000000000002046}, "AP_amplitude": {"0.1": 0, "0.2": 0, "0.4": 84.01936697690279, "0.8": 84.45391909291331}, "voltage_base": {"0.1": -71.24806789543632, "0.2": -71.24806789543632, "0.4": -71.24806789543632, "0.8": -71.24806789543632}}}, "NetPyNE": {"L5_TTPC1_cADpyr232_1": {"mean_frequency": {"0.1": 0, "0.2": 0, "0.4": 7.604177228029075, "0.8": 13.573295797314664}, "ISI_CV": {"0.1": 0, "0.2": 0, "0.4": 0.04685539363055697, "0.8": 0.11724733035368579}, "time_to_first_spike": {"0.1": 0, "0.2": 0, "0.4": 31.90000000009786, "0.8": 11.300000000093178}, "time_to_second_spike": {"0.1": 0, "0.2": 0, "0.4": 79.80000000010875, "0.8": 31.600000000097793}, "AP_height": {"0.1": 0, "0.2": 0, "0.4": 29.244691030859975, "0.8": 31.63950270208862}, "AP_width": {"0.1": 0, "0.2": 0, "0.4": 0.9000000000002046, "0.8": 0.9000000000002046}, "AP_amplitude": {"0.1": 0, "0.2": 0, "0.4": 81.95733165296144, "0.8": 84.92092611444983}, "voltage_base": {"0.1": -71.24806712840443, "0.2": -71.24806712840443, "0.4": -71.24806712840443, "0.8": -71.24806712840443}}}}