{"BBP": {"L5_NGC_cNAC187_2": {"mean_frequency": {"0.1": 47.41248865129816, "0.2": 72.87897064741578, "0.4": 110.78249536325137, "0.8": 195.227765726253}, "ISI_CV": {"0.1": 0.021252804349687227, "0.2": 0.012318632893018322, "0.4": 0.02198383967199255, "0.8": 0.05282969200273643}, "time_to_first_spike": {"0.1": 6.700000000092132, "0.2": 3.7000000000914497, "0.4": 2.100000000091086, "0.8": 1.300000000090904}, "time_to_second_spike": {"0.1": 25.800000000096475, "0.2": 15.500000000094133, "0.4": 10.200000000092928, "0.8": 7.2000000000922455}, "AP_height": {"0.1": 12.097398835916055, "0.2": 13.112708308798386, "0.4": 16.17833265499664, "0.8": 20.987556909243285}, "AP_width": {"0.1": 0.8000000000001819, "0.2": 0.8000000000001819, "0.4": 0.8000000000001819, "0.8": 0.8000000000001819}, "AP_amplitude": {"0.1": 66.60725719606972, "0.2": 67.66637998575672, "0.4": 85.01524919311386, "0.8": 89.82447344550984}, "voltage_base": {"0.1": -68.83408458332588, "0.2": -68.83408458332588, "0.4": -68.83408458332588, "0.8": -68.83408458332588}}}, "NetPyNE": {"L5_NGC_cNAC187_2": {"mean_frequency": {"0.1": 47.269435784000706, "0.2": 72.63437359119298, "0.4": 110.50552527633896, "0.8": 196.50655021790718}, "ISI_CV": {"0.1": 0.02035736136799989, "0.2": 0.011681253836773006, "0.4": 0.02344276883581873, "0.8": 0.07196570961841162}, "time_to_first_spike": {"0.1": 6.8000000000921546, "0.2": 3.7000000000914497, "0.4": 2.2000000000911086, "0.8": 1.300000000090904}, "time_to_second_spike": {"0.1": 26.00000000009652, "0.2": 15.600000000094155, "0.4": 10.400000000092973, "0.8": 7.300000000092268}, "AP_height": {"0.1": 12.102621695548674, "0.2": 14.313885763601958, "0.4": 18.059120100478687, "0.8": 19.006274604819712}, "AP_width": {"0.1": 0.8000000000001819, "0.2": 0.8000000000001819, "0.4": 0.8000000000001819, "0.8": 0.8000000000001819}, "AP_amplitude": {"0.1": 65.99025854605682, "0.2": 69.1793075969821, "0.4": 72.37790585003216, "0.8": 87.84318648968892}, "voltage_base": {"0.1": -68.83407992667021, "0.2": -68.83407992667021, "0.4": -68.83407992667021, "0.8": -68.83407992667021}}}}