{"BBP": {"L4_LBC_cSTUT189_4": {"mean_frequency": {"0.1": 0, "0.2": 49.78376747463904, "0.4": 92.74577630727714, "0.8": 151.71239735640194}, "ISI_CV": {"0.1": 0, "0.2": 0.05114469699428348, "0.4": 0.026610135399832497, "0.8": 0.05412715142199645}, "time_to_first_spike": {"0.1": 0, "0.2": 7.400000000092291, "0.4": 2.800000000091245, "0.8": 1.4000000000909267}, "time_to_second_spike": {"0.1": 0, "0.2": 25.800000000096475, "0.4": 12.300000000093405, "0.8": 7.800000000092382}, "AP_height": {"0.1": 0, "0.2": 19.402155677969457, "0.4": 23.548709286856525, "0.8": 26.69873118714034}, "AP_width": {"0.1": 0, "0.2": 0.7000000000001592, "0.4": 0.8000000000001819, "0.8": 0.8000000000001819}, "AP_amplitude": {"0.1": 0, "0.2": 75.37359814360522, "0.4": 99.31253068388486, "0.8": 102.89907070982864}, "voltage_base": {"0.1": -76.2929005441751, "0.2": -76.2929005441751, "0.4": -76.2929005441751, "0.8": -76.2929005441751}}}, "NetPyNE": {"L4_LBC_cSTUT189_4": {"mean_frequency": {"0.1": 0, "0.2": 49.068696174677854, "0.4": 91.66499699465257, "0.8": 150.2479090500345}, "ISI_CV": {"0.1": 0, "0.2": 0.008702395336151645, "0.4": 0.020832494676070592, "0.8": 0.05473825589669793}, "time_to_first_spike": {"0.1": 0, "0.2": 7.100000000092223, "0.4": 2.900000000091268, "0.8": 1.4000000000909267}, "time_to_second_spike": {"0.1": 0, "0.2": 26.00000000009652, "0.4": 12.300000000093405, "0.8": 7.900000000092405}, "AP_height": {"0.1": 0, "0.2": 17.907607969776258, "0.4": 23.396082032967243, "0.8": 22.646651893564997}, "AP_width": {"0.1": 0, "0.2": 0.7000000000001592, "0.4": 0.7000000000001592, "0.8": 0.8000000000001819}, "AP_amplitude": {"0.1": 0, "0.2": 73.56520946802289, "0.4": 99.07167865252997, "0.8": 98.32224859570408}, "voltage_base": {"0.1": -75.6750536462243, "0.2": -75.6750536462243, "0.4": -75.6750536462243, "0.8": -75.6750536462243}}}}