{"BBP": {"L6_SBC_cACint209_3": {"mean_frequency": {"0.1": 22.106832553611106, "0.2": 32.246687156771, "0.4": 51.38021358053052, "0.8": 95.59081127077216}, "ISI_CV": {"0.1": 0.2628198068575155, "0.2": 0.2537853181456719, "0.4": 0.2189774727898741, "0.8": 0.1536310816874542}, "time_to_first_spike": {"0.1": 14.900000000093996, "0.2": 6.300000000092041, "0.4": 3.1000000000913133, "0.8": 1.700000000090995}, "time_to_second_spike": {"0.1": 33.4000000000982, "0.2": 18.0000000000947, "0.4": 11.500000000093223, "0.8": 8.000000000092427}, "AP_height": {"0.1": 21.514115320532305, "0.2": 29.848355540926985, "0.4": 32.305739871798586, "0.8": 31.9392766238296}, "AP_width": {"0.1": 0.9000000000002046, "0.2": 0.9000000000002046, "0.4": 0.9000000000002046, "0.8": 1.0000000000002274}, "AP_amplitude": {"0.1": 70.97748317921771, "0.2": 82.29907362698415, "0.4": 86.85576116755064, "0.8": 103.43744922025668}, "voltage_base": {"0.1": -71.49750732804766, "0.2": -71.49750732804766, "0.4": -71.49750732804766, "0.8": -71.49750732804766}}}, "NetPyNE": {"L6_SBC_cACint209_3": {"mean_frequency": {"0.1": 22.03194632218212, "0.2": 32.32486489218818, "0.4": 51.55681358677169, "0.8": 95.70097204135173}, "ISI_CV": {"0.1": 0.2625524866990181, "0.2": 0.25378346846546523, "0.4": 0.21744079466197588, "0.8": 0.15217132154165944}, "time_to_first_spike": {"0.1": 14.900000000093996, "0.2": 6.400000000092064, "0.4": 3.200000000091336, "0.8": 1.700000000090995}, "time_to_second_spike": {"0.1": 33.60000000009825, "0.2": 18.100000000094724, "0.4": 11.600000000093246, "0.8": 8.10000000009245}, "AP_height": {"0.1": 21.43431763496602, "0.2": 29.030481842754465, "0.4": 30.225978362085748, "0.8": 35.58751679824173}, "AP_width": {"0.1": 0.8000000000001819, "0.2": 0.8000000000001819, "0.4": 0.9000000000002046, "0.8": 0.9000000000002046}, "AP_amplitude": {"0.1": 70.93451565960494, "0.2": 80.61023955688512, "0.4": 83.86873236133349, "0.8": 107.08568849325437}, "voltage_base": {"0.1": -71.4975064271963, "0.2": -71.4975064271963, "0.4": -71.4975064271963, "0.8": -71.4975064271963}}}}