{"BBP": {"L1_NGC-DA_bNAC219_5": {"mean_frequency": {"0.1": 38.92230703131586, "0.2": 83.01051466524726, "0.4": 124.59344508389758, "0.8": 176.48533467046335}, "ISI_CV": {"0.1": 0.07609995224650005, "0.2": 0.033745275409198076, "0.4": 0.021150256121742237, "0.8": 0.011793333361716235}, "time_to_first_spike": {"0.1": 8.10000000009245, "0.2": 3.900000000091495, "0.4": 2.2000000000911086, "0.8": 1.300000000090904}, "time_to_second_spike": {"0.1": 23.300000000095906, "0.2": 13.900000000093769, "0.4": 9.500000000092768, "0.8": 7.0000000000922}, "AP_height": {"0.1": 14.306882631714515, "0.2": 16.510526504673297, "0.4": 18.46966547857711, "0.8": 21.82655654672373}, "AP_width": {"0.1": 0.6000000000001364, "0.2": 0.6000000000001364, "0.4": 0.6000000000001364, "0.8": 0.6000000000001364}, "AP_amplitude": {"0.1": 69.55285806105566, "0.2": 71.54290778471704, "0.4": 89.70208959432149, "0.8": 93.05898066062545}, "voltage_base": {"0.1": -71.23231040826381, "0.2": -71.23231040826381, "0.4": -71.23231040826381, "0.8": -71.23231040826381}}}, "NetPyNE": {"L1_NGC-DA_bNAC219_5": {"mean_frequency": {"0.1": 38.72070803583036, "0.2": 82.53301320533824, "0.4": 123.71030752287282, "0.8": 174.87598336435195}, "ISI_CV": {"0.1": 0.07606460366193807, "0.2": 0.03288677458412003, "0.4": 0.021028919220762464, "0.8": 0.012159230205705644}, "time_to_first_spike": {"0.1": 8.200000000092473, "0.2": 4.000000000091518, "0.4": 2.2000000000911086, "0.8": 1.300000000090904}, "time_to_second_spike": {"0.1": 23.50000000009595, "0.2": 14.000000000093792, "0.4": 9.700000000092814, "0.8": 7.100000000092223}, "AP_height": {"0.1": 14.593359228428815, "0.2": 17.779937060375655, "0.4": 19.84842269367469, "0.8": 22.838892147376413}, "AP_width": {"0.1": 0.6000000000001364, "0.2": 0.6000000000001364, "0.4": 0.6000000000001364, "0.8": 0.7000000000001592}, "AP_amplitude": {"0.1": 70.60689520198464, "0.2": 73.30663997939543, "0.4": 89.10188555937214, "0.8": 94.071316144291}, "voltage_base": {"0.1": -71.23231029057129, "0.2": -71.23231029057129, "0.4": -71.23231029057129, "0.8": -71.23231029057129}}}}