{"BBP": {"L5_MC_cACint209_3": {"mean_frequency": {"0.1": 26.090960249672282, "0.2": 39.19991958993515, "0.4": 71.0542229389718, "0.8": 140.070035017604}, "ISI_CV": {"0.1": 0.24867955115460877, "0.2": 0.21760058273907448, "0.4": 0.15042069604278788, "0.8": 0.07751063776317724}, "time_to_first_spike": {"0.1": 13.500000000093678, "0.2": 5.600000000091882, "0.4": 2.500000000091177, "0.8": 1.300000000090904}, "time_to_second_spike": {"0.1": 29.60000000009734, "0.2": 16.10000000009427, "0.4": 10.400000000092973, "0.8": 7.500000000092314}, "AP_height": {"0.1": 26.88660736579199, "0.2": 29.870237600462005, "0.4": 29.927906549187163, "0.8": 35.79089668956444}, "AP_width": {"0.1": 0.8000000000001819, "0.2": 0.8000000000001819, "0.4": 0.8000000000001819, "0.8": 0.9000000000002046}, "AP_amplitude": {"0.1": 82.47174897039127, "0.2": 85.01828917151775, "0.4": 84.82491381108994, "0.8": 105.09700782387591}, "voltage_base": {"0.1": -69.30550031991261, "0.2": -69.30550031991261, "0.4": -69.30550031991261, "0.8": -69.30550031991261}}}, "NetPyNE": {"L5_MC_cACint209_3": {"mean_frequency": {"0.1": 26.008465500553037, "0.2": 39.138943248558874, "0.4": 71.02841136459412, "0.8": 139.87065724178552}, "ISI_CV": {"0.1": 0.25110906704325825, "0.2": 0.21755580389400472, "0.4": 0.1493966238411, "0.8": 0.07509574036136424}, "time_to_first_spike": {"0.1": 13.6000000000937, "0.2": 5.700000000091904, "0.4": 2.500000000091177, "0.8": 1.4000000000909267}, "time_to_second_spike": {"0.1": 29.70000000009736, "0.2": 16.300000000094315, "0.4": 10.500000000092996, "0.8": 7.6000000000923364}, "AP_height": {"0.1": 27.3082535565332, "0.2": 29.16824531994083, "0.4": 32.80481840957088, "0.8": 32.8300336072876}, "AP_width": {"0.1": 0.8000000000001819, "0.2": 0.8000000000001819, "0.4": 0.9000000000002046, "0.8": 1.0000000000002274}, "AP_amplitude": {"0.1": 82.49974508781779, "0.2": 84.77587863278103, "0.4": 87.99262060484048, "0.8": 102.13614373640925}, "voltage_base": {"0.1": -69.30549930732283, "0.2": -69.30549930732283, "0.4": -69.30549930732283, "0.8": -69.30549930732283}}}}