{"BBP": {"L4_NGC_cNAC187_5": {"mean_frequency": {"0.1": 38.882997525653785, "0.2": 65.27415143607566, "0.4": 115.01753813530914, "0.8": 203.04568527820777}, "ISI_CV": {"0.1": 0.011015676886648444, "0.2": 0.02901036685661552, "0.4": 0.12628872188564838, "0.8": 0.04876598490941707}, "time_to_first_spike": {"0.1": 12.400000000093428, "0.2": 5.90000000009195, "0.4": 3.0000000000912905, "0.8": 1.700000000090995}, "time_to_second_spike": {"0.1": 37.30000000009909, "0.2": 20.000000000095156, "0.4": 11.800000000093291, "0.8": 8.10000000009245}, "AP_height": {"0.1": 4.99360259033539, "0.2": 8.898258205477617, "0.4": 13.991940043466968, "0.8": 15.833891189124861}, "AP_width": {"0.1": 0.8000000000001819, "0.2": 0.8000000000001819, "0.4": 0.8000000000001819, "0.8": 0.9000000000002046}, "AP_amplitude": {"0.1": 59.519335740599885, "0.2": 64.8294959237856, "0.4": 69.64366412080986, "0.8": 84.23409892108461}, "voltage_base": {"0.1": -68.39775595841414, "0.2": -68.39775595841414, "0.4": -68.39775595841414, "0.8": -68.39775595841414}}}, "NetPyNE": {"L4_NGC_cNAC187_5": {"mean_frequency": {"0.1": 38.830055471534145, "0.2": 65.2675971483524, "0.4": 113.7538779731671, "0.8": 202.02020201923162}, "ISI_CV": {"0.1": 0.011530367861481513, "0.2": 0.03041028840448061, "0.4": 0.1257140987017834, "0.8": 0.07314897736412561}, "time_to_first_spike": {"0.1": 12.50000000009345, "0.2": 6.000000000091973, "0.4": 3.1000000000913133, "0.8": 1.700000000090995}, "time_to_second_spike": {"0.1": 37.500000000099135, "0.2": 20.10000000009518, "0.4": 12.000000000093337, "0.8": 8.200000000092473}, "AP_height": {"0.1": 5.339988976085962, "0.2": 8.482405137440226, "0.4": 12.878578766001826, "0.8": 17.128388248901857}, "AP_width": {"0.1": 0.8000000000001819, "0.2": 0.8000000000001819, "0.4": 0.8000000000001819, "0.8": 0.8000000000001819}, "AP_amplitude": {"0.1": 60.88953508959976, "0.2": 63.81651945599275, "0.4": 67.64853734288239, "0.8": 85.52859203087628}, "voltage_base": {"0.1": -68.39775200452955, "0.2": -68.39775200452955, "0.4": -68.39775200452955, "0.8": -68.39775200452955}}}}