{"BBP": {"L23_BTC_bNAC219_2": {"mean_frequency": {"0.1": 27.69246261519426, "0.2": 74.31211086568614, "0.4": 118.5652108660569, "0.8": 171.84368737486628}, "ISI_CV": {"0.1": 0.13951257515684332, "0.2": 0.02876028878090156, "0.4": 0.017963201701077774, "0.8": 0.011986896137351193}, "time_to_first_spike": {"0.1": 10.700000000093041, "0.2": 4.8000000000917, "0.4": 2.400000000091154, "0.8": 1.4000000000909267}, "time_to_second_spike": {"0.1": 27.900000000096952, "0.2": 15.500000000094133, "0.4": 10.100000000092905, "0.8": 7.300000000092268}, "AP_height": {"0.1": 10.21164858611654, "0.2": 15.887843204826012, "0.4": 19.167885344655538, "0.8": 18.051869969375094}, "AP_width": {"0.1": 0.6000000000001364, "0.2": 0.6000000000001364, "0.4": 0.7000000000001592, "0.8": 0.7000000000001592}, "AP_amplitude": {"0.1": 65.32300859926583, "0.2": 71.14119492418897, "0.4": 74.30703888720535, "0.8": 88.73035020102024}, "voltage_base": {"0.1": -70.67836044221542, "0.2": -70.67836044221542, "0.4": -70.67836044221542, "0.8": -70.67836044221542}}}, "NetPyNE": {"L23_BTC_bNAC219_2": {"mean_frequency": {"0.1": 27.609055770311407, "0.2": 73.95854296644183, "0.4": 117.7590699539786, "0.8": 170.38336256588877}, "ISI_CV": {"0.1": 0.13935496152185933, "0.2": 0.02833242162154392, "0.4": 0.01768249825189064, "0.8": 0.011266301238981079}, "time_to_first_spike": {"0.1": 10.800000000093064, "0.2": 4.9000000000917225, "0.4": 2.500000000091177, "0.8": 1.4000000000909267}, "time_to_second_spike": {"0.1": 28.100000000096998, "0.2": 15.600000000094155, "0.4": 10.200000000092928, "0.8": 7.400000000092291}, "AP_height": {"0.1": 10.257779619297308, "0.2": 15.796253928668254, "0.4": 18.661234120083453, "0.8": 21.919170134318453}, "AP_width": {"0.1": 0.6000000000001364, "0.2": 0.6000000000001364, "0.4": 0.6000000000001364, "0.8": 0.6000000000001364}, "AP_amplitude": {"0.1": 64.59633432640952, "0.2": 71.28288540503158, "0.4": 73.88567156329651, "0.8": 92.59765014105007}, "voltage_base": {"0.1": -70.67836021654365, "0.2": -70.67836021654365, "0.4": -70.67836021654365, "0.8": -70.67836021654365}}}}