{"BBP": {"L6_BP_bAC217_4": {"mean_frequency": {"0.1": 12.67298626249147, "0.2": 17.47353273718928, "0.4": 23.624026137236445, "0.8": 33.961881589641806}, "ISI_CV": {"0.1": 0.31542576793690374, "0.2": 0.33222220415488435, "0.4": 0.33927593920285526, "0.8": 0.3281523975826116}, "time_to_first_spike": {"0.1": 6.400000000092064, "0.2": 2.400000000091154, "0.4": 1.2000000000908813, "0.8": 0.7000000000907676}, "time_to_second_spike": {"0.1": 29.800000000097384, "0.2": 16.600000000094383, "0.4": 10.100000000092905, "0.8": 6.900000000092177}, "AP_height": {"0.1": 19.577264809315892, "0.2": 27.361265835819964, "0.4": 29.959907970844046, "0.8": 32.013192161939934}, "AP_width": {"0.1": 0.6000000000001364, "0.2": 0.6000000000001364, "0.4": 0.6000000000001364, "0.8": 0.7000000000001592}, "AP_amplitude": {"0.1": 76.25665179271363, "0.2": 96.86905331844562, "0.4": 99.46769545130827, "0.8": 101.52097963808149}, "voltage_base": {"0.1": -69.50533199230398, "0.2": -69.50533199230398, "0.4": -69.50533199230398, "0.8": -69.50533199230398}}}, "NetPyNE": {"L6_BP_bAC217_4": {"mean_frequency": {"0.1": 12.525050100208913, "0.2": 17.25888324874264, "0.4": 23.39657189361228, "0.8": 33.50502575388587}, "ISI_CV": {"0.1": 0.31409061789414405, "0.2": 0.3309304212131662, "0.4": 0.3422021097266902, "0.8": 0.3261778379221658}, "time_to_first_spike": {"0.1": 6.500000000092086, "0.2": 2.500000000091177, "0.4": 1.300000000090904, "0.8": 0.8000000000907903}, "time_to_second_spike": {"0.1": 30.100000000097452, "0.2": 16.80000000009443, "0.4": 10.200000000092928, "0.8": 7.0000000000922}, "AP_height": {"0.1": 18.85880101474249, "0.2": 27.179463447941895, "0.4": 27.03163437280312, "0.8": 26.50550409563099}, "AP_width": {"0.1": 0.6000000000001364, "0.2": 0.6000000000001364, "0.4": 0.6000000000001364, "0.8": 0.7000000000001592}, "AP_amplitude": {"0.1": 74.8964792358615, "0.2": 96.68724732376796, "0.4": 96.53941792095804, "0.8": 96.01328805126334}, "voltage_base": {"0.1": -69.5053284582468, "0.2": -69.5053284582468, "0.4": -69.5053284582468, "0.8": -69.5053284582468}}}}