{"BBP": {"L6_DBC_bIR215_2": {"mean_frequency": {"0.1": 0, "0.2": 0, "0.4": 8.718395815175887, "0.8": 14.568158168584173}, "ISI_CV": {"0.1": 0, "0.2": 0, "0.4": 0.3075390273318016, "0.8": 0.3179307781770783}, "time_to_first_spike": {"0.1": 0, "0.2": 0, "0.4": 7.900000000092405, "0.8": 3.0000000000912905}, "time_to_second_spike": {"0.1": 0, "0.2": 0, "0.4": 36.20000000009884, "0.8": 17.90000000009468}, "AP_height": {"0.1": 0, "0.2": 0, "0.4": 18.029285842405866, "0.8": 20.84341026739523}, "AP_width": {"0.1": 0, "0.2": 0, "0.4": 0.6000000000001364, "0.8": 0.7000000000001592}, "AP_amplitude": {"0.1": 0, "0.2": 0, "0.4": 71.94021585409759, "0.8": 93.42979251242319}, "voltage_base": {"0.1": -72.57548452157967, "0.2": -72.57548452157967, "0.4": -72.57548452157967, "0.8": -72.57548452157967}}}, "NetPyNE": {"L6_DBC_bIR215_2": {"mean_frequency": {"0.1": 0, "0.2": 0, "0.4": 7.351010763984962, "0.8": 13.879607258529886}, "ISI_CV": {"0.1": 0, "0.2": 0, "0.4": 0.23510979741351792, "0.8": 0.29744689299122823}, "time_to_first_spike": {"0.1": 0, "0.2": 0, "0.4": 9.100000000092678, "0.8": 3.500000000091404}, "time_to_second_spike": {"0.1": 0, "0.2": 0, "0.4": 41.900000000100135, "0.8": 19.200000000094974}, "AP_height": {"0.1": 0, "0.2": 0, "0.4": 16.059111178614913, "0.8": 21.077696160461432}, "AP_width": {"0.1": 0, "0.2": 0, "0.4": 0.6000000000001364, "0.8": 0.7000000000001592}, "AP_amplitude": {"0.1": 0, "0.2": 0, "0.4": 69.5024013549357, "0.8": 95.3239999333761}, "voltage_base": {"0.1": -74.24537396289907, "0.2": -74.24537396289907, "0.4": -74.24537396289907, "0.8": -74.24537396289907}}}}