{"BBP": {"L23_NBC_dNAC222_2": {"mean_frequency": {"0.1": 9.216589861757368, "0.2": 59.46981151097673, "0.4": 102.43535023858324, "0.8": 182.50000000012412}, "ISI_CV": {"0.1": 0.08582409733473659, "0.2": 0.029060192172711913, "0.4": 0.031986956231802505, "0.8": 0.14749452136724395}, "time_to_first_spike": {"0.1": 1010.3999999995399, "0.2": 6.700000000092132, "0.4": 2.7000000000912223, "0.8": 1.4000000000909267}, "time_to_second_spike": {"0.1": 1082.899999999474, "0.2": 22.500000000095724, "0.4": 11.500000000093223, "0.8": 7.800000000092382}, "AP_height": {"0.1": 9.750304937043582, "0.2": 16.934206906184563, "0.4": 22.626926448279928, "0.8": 25.680760365887338}, "AP_width": {"0.1": 0.6999999999993634, "0.2": 0.7000000000001592, "0.4": 0.7000000000001592, "0.8": 0.7000000000001592}, "AP_amplitude": {"0.1": 66.1611970651735, "0.2": 74.06817923885583, "0.4": 96.11484613536024, "0.8": 99.16868005060945}, "voltage_base": {"0.1": -73.48377117818063, "0.2": -73.48377117818063, "0.4": -73.48377117818063, "0.8": -73.48377117818063}}}, "NetPyNE": {"L23_NBC_dNAC222_2": {"mean_frequency": {"0.1": 9.196811771925276, "0.2": 59.1715976331763, "0.4": 101.93321616878627, "0.8": 184.10125569075504}, "ISI_CV": {"0.1": 0.08640259012891753, "0.2": 0.0299957404841408, "0.4": 0.032992128526611875, "0.8": 0.1556550658103446}, "time_to_first_spike": {"0.1": 1011.0999999995392, "0.2": 6.8000000000921546, "0.4": 2.800000000091245, "0.8": 1.4000000000909267}, "time_to_second_spike": {"0.1": 1083.899999999473, "0.2": 22.70000000009577, "0.4": 11.600000000093246, "0.8": 7.900000000092405}, "AP_height": {"0.1": 8.986142166092307, "0.2": 16.08418517253804, "0.4": 20.824966000292758, "0.8": 23.220132282575207}, "AP_width": {"0.1": 0.6999999999993634, "0.2": 0.7000000000001592, "0.4": 0.7000000000001592, "0.8": 0.8000000000001819}, "AP_amplitude": {"0.1": 64.38384108534507, "0.2": 72.53358393463188, "0.4": 94.3128782582265, "0.8": 96.70804452932609}, "voltage_base": {"0.1": -73.48376371540077, "0.2": -73.48376371540077, "0.4": -73.48376371540077, "0.8": -73.48376371540077}}}}