{"BBP": {"L4_ChC_dNAC222_3": {"mean_frequency": {"0.1": 5.500550055009241, "0.2": 50.3956055032343, "0.4": 86.72983406031862, "0.8": 137.76864886538095}, "ISI_CV": {"0.1": 0.047175646931533276, "0.2": 0.016509490582596868, "0.4": 0.0189263978283286, "0.8": 0.04875744539315418}, "time_to_first_spike": {"0.1": 1358.699999999223, "0.2": 8.200000000092473, "0.4": 3.600000000091427, "0.8": 1.8000000000910177}, "time_to_second_spike": {"0.1": 1432.9999999991555, "0.2": 27.200000000096793, "0.4": 13.6000000000937, "0.8": 8.80000000009261}, "AP_height": {"0.1": 10.343340028689731, "0.2": 13.028652836066343, "0.4": 18.577895681961405, "0.8": 20.383175258497598}, "AP_width": {"0.1": 0.6999999999993634, "0.2": 0.7000000000001592, "0.4": 0.7000000000001592, "0.8": 0.8000000000001819}, "AP_amplitude": {"0.1": 64.39030675542837, "0.2": 68.18145676486199, "0.4": 73.61615585484071, "0.8": 94.0819070983688}, "voltage_base": {"0.1": -73.69440447188175, "0.2": -73.69440447188175, "0.4": -73.69440447188175, "0.8": -73.69440447188175}}}, "NetPyNE": {"L4_ChC_dNAC222_3": {"mean_frequency": {"0.1": 5.149595756736563, "0.2": 50.14542172303076, "0.4": 86.31504993231135, "0.8": 137.44670178088094}, "ISI_CV": {"0.1": 0.047136524668942456, "0.2": 0.017344302959059994, "0.4": 0.01996713297829008, "0.8": 0.051407870670810714}, "time_to_first_spike": {"0.1": 1359.3999999992225, "0.2": 8.400000000092518, "0.4": 3.7000000000914497, "0.8": 1.9000000000910404}, "time_to_second_spike": {"0.1": 1433.9999999991546, "0.2": 27.50000000009686, "0.4": 13.800000000093746, "0.8": 8.900000000092632}, "AP_height": {"0.1": 9.775974213769397, "0.2": 13.163507382723113, "0.4": 17.360142593073526, "0.8": 22.629232392590605}, "AP_width": {"0.1": 0.6999999999993634, "0.2": 0.7000000000001592, "0.4": 0.8000000000001819, "0.8": 0.7000000000001592}, "AP_amplitude": {"0.1": 63.65400393409433, "0.2": 67.93887497397473, "0.4": 72.77609657450427, "0.8": 96.32795599056055}, "voltage_base": {"0.1": -73.69439620244624, "0.2": -73.69439620244624, "0.4": -73.69439620244624, "0.8": -73.69439620244624}}}}