{"BBP": {"L5_NBC_cACint209_4": {"mean_frequency": {"0.1": 17.995783844939883, "0.2": 25.403922365630432, "0.4": 37.18032457421004, "0.8": 62.82354123741512}, "ISI_CV": {"0.1": 0.2836257890079869, "0.2": 0.26746902467525613, "0.4": 0.24224508501389833, "0.8": 0.20136344508455264}, "time_to_first_spike": {"0.1": 11.600000000093246, "0.2": 5.100000000091768, "0.4": 2.400000000091154, "0.8": 1.2000000000908813}, "time_to_second_spike": {"0.1": 32.10000000009791, "0.2": 17.90000000009468, "0.4": 11.4000000000932, "0.8": 8.000000000092427}, "AP_height": {"0.1": 34.671802322032235, "0.2": 36.95971692380969, "0.4": 38.987054018131715, "0.8": 37.94490465523337}, "AP_width": {"0.1": 0.8000000000001819, "0.2": 0.9000000000002046, "0.4": 0.9000000000002046, "0.8": 0.9000000000002046}, "AP_amplitude": {"0.1": 89.6165875888459, "0.2": 91.92912648925494, "0.4": 94.27375525361253, "0.8": 108.84803189780918}, "voltage_base": {"0.1": -70.90229970402851, "0.2": -70.90229970402851, "0.4": -70.90229970402851, "0.8": -70.90229970402851}}}, "NetPyNE": {"L5_NBC_cACint209_4": {"mean_frequency": {"0.1": 17.96069174322553, "0.2": 25.358827407837826, "0.4": 37.096450772032426, "0.8": 62.69120818500673}, "ISI_CV": {"0.1": 0.28357749113516845, "0.2": 0.26747372331158065, "0.4": 0.2421260485049958, "0.8": 0.20095552274276726}, "time_to_first_spike": {"0.1": 11.700000000093269, "0.2": 5.200000000091791, "0.4": 2.500000000091177, "0.8": 1.300000000090904}, "time_to_second_spike": {"0.1": 32.30000000009795, "0.2": 18.0000000000947, "0.4": 11.500000000093223, "0.8": 8.10000000009245}, "AP_height": {"0.1": 34.41120340974799, "0.2": 36.55176070668097, "0.4": 37.13440559454719, "0.8": 39.81114160106567}, "AP_width": {"0.1": 0.8000000000001819, "0.2": 0.8000000000001819, "0.4": 0.8000000000001819, "0.8": 0.9000000000002046}, "AP_amplitude": {"0.1": 88.72617568216711, "0.2": 90.45702785513986, "0.4": 92.49525960214868, "0.8": 110.7142673844181}, "voltage_base": {"0.1": -70.90229824424829, "0.2": -70.90229824424829, "0.4": -70.90229824424829, "0.8": -70.90229824424829}}}}