{"BBP": {"L5_LBC_dNAC222_2": {"mean_frequency": {"0.1": 10.700091715079074, "0.2": 52.07029489814785, "0.4": 87.89552988453984, "0.8": 136.58194916959457}, "ISI_CV": {"0.1": 0.07598464408451677, "0.2": 0.011859156576064978, "0.4": 0.014386181218286906, "0.8": 0.03522113326930142}, "time_to_first_spike": {"0.1": 832.199999999702, "0.2": 7.100000000092223, "0.4": 3.0000000000912905, "0.8": 1.5000000000909495}, "time_to_second_spike": {"0.1": 905.6999999996351, "0.2": 25.20000000009634, "0.4": 12.700000000093496, "0.8": 8.200000000092473}, "AP_height": {"0.1": 11.801316666018874, "0.2": 17.716331965103198, "0.4": 20.27748968044862, "0.8": 25.94639931910714}, "AP_width": {"0.1": 0.6999999999993634, "0.2": 0.6000000000001364, "0.4": 0.7000000000001592, "0.8": 0.7000000000001592}, "AP_amplitude": {"0.1": 67.25801769117258, "0.2": 73.77159135673917, "0.4": 93.57784213144357, "0.8": 99.24675176818559}, "voltage_base": {"0.1": -73.29615687417974, "0.2": -73.29615687417974, "0.4": -73.29615687417974, "0.8": -73.29615687417974}}}, "NetPyNE": {"L5_LBC_dNAC222_2": {"mean_frequency": {"0.1": 10.681043690562127, "0.2": 51.834331437808814, "0.4": 87.5000000000595, "0.8": 135.92135620432546}, "ISI_CV": {"0.1": 0.07630358282281872, "0.2": 0.012482157925824387, "0.4": 0.015030773448131465, "0.8": 0.03622669538721806}, "time_to_first_spike": {"0.1": 832.5999999997016, "0.2": 7.2000000000922455, "0.4": 3.0000000000912905, "0.8": 1.5000000000909495}, "time_to_second_spike": {"0.1": 906.4999999996344, "0.2": 25.400000000096384, "0.4": 12.900000000093542, "0.8": 8.400000000092518}, "AP_height": {"0.1": 11.333726711199724, "0.2": 17.6055492792555, "0.4": 21.578683538704663, "0.8": 23.05698481124734}, "AP_width": {"0.1": 0.6999999999993634, "0.2": 0.7000000000001592, "0.4": 0.7000000000001592, "0.8": 0.8000000000001819}, "AP_amplitude": {"0.1": 65.71525361498965, "0.2": 73.03199906224319, "0.4": 94.87902795007373, "0.8": 96.35732926958701}, "voltage_base": {"0.1": -73.29614885720804, "0.2": -73.29614885720804, "0.4": -73.29614885720804, "0.8": -73.29614885720804}}}}