{"BBP": {"L6_BTC_cNAC187_1": {"mean_frequency": {"0.1": 38.15261044179298, "0.2": 61.49813489267201, "0.4": 92.12436789672311, "0.8": 134.31564175822288}, "ISI_CV": {"0.1": 0.023801292650879404, "0.2": 0.016618147477752587, "0.4": 0.010460935359850735, "0.8": 0.02549222219102825}, "time_to_first_spike": {"0.1": 8.500000000092541, "0.2": 3.900000000091495, "0.4": 2.2000000000911086, "0.8": 1.300000000090904}, "time_to_second_spike": {"0.1": 32.70000000009804, "0.2": 18.100000000094724, "0.4": 11.500000000093223, "0.8": 8.10000000009245}, "AP_height": {"0.1": 16.96759110578653, "0.2": 21.470264724542954, "0.4": 24.435650986685765, "0.8": 28.282039314549674}, "AP_width": {"0.1": 0.6000000000001364, "0.2": 0.7000000000001592, "0.4": 0.7000000000001592, "0.8": 0.7000000000001592}, "AP_amplitude": {"0.1": 74.27990018670721, "0.2": 77.696029042299, "0.4": 91.15695785302276, "0.8": 96.91982036143811}, "voltage_base": {"0.1": -68.63481270604346, "0.2": -68.63481270604346, "0.4": -68.63481270604346, "0.8": -68.63481270604346}}}, "NetPyNE": {"L6_BTC_cNAC187_1": {"mean_frequency": {"0.1": 37.93818604889008, "0.2": 61.10081634701403, "0.4": 91.52745823753348, "0.8": 133.48052990775827}, "ISI_CV": {"0.1": 0.02368046625583956, "0.2": 0.015978964460113747, "0.4": 0.010255646699537145, "0.8": 0.02603797099153561}, "time_to_first_spike": {"0.1": 8.600000000092564, "0.2": 4.000000000091518, "0.4": 2.2000000000911086, "0.8": 1.300000000090904}, "time_to_second_spike": {"0.1": 33.00000000009811, "0.2": 18.30000000009477, "0.4": 11.600000000093246, "0.8": 8.200000000092473}, "AP_height": {"0.1": 16.617223224768484, "0.2": 21.40100282630885, "0.4": 20.642257460374434, "0.8": 24.664279377626716}, "AP_width": {"0.1": 0.6000000000001364, "0.2": 0.6000000000001364, "0.4": 0.7000000000001592, "0.8": 0.7000000000001592}, "AP_amplitude": {"0.1": 73.6484131212159, "0.2": 77.99608374386874, "0.4": 87.40878889169802, "0.8": 93.30205576339928}, "voltage_base": {"0.1": -68.63480803966691, "0.2": -68.63480803966691, "0.4": -68.63480803966691, "0.8": -68.63480803966691}}}}