{"BBP": {"L6_NBC_dSTUT214_5": {"mean_frequency": {"0.1": 0, "0.2": 35.80072609925784, "0.4": 80.80301129240118, "0.8": 127.85159187775044}, "ISI_CV": {"0.1": 0, "0.2": 0.10003438343090332, "0.4": 0.02273560708744049, "0.8": 0.02453613544732511}, "time_to_first_spike": {"0.1": 0, "0.2": 8.300000000092496, "0.4": 2.6000000000911996, "0.8": 1.2000000000908813}, "time_to_second_spike": {"0.1": 0, "0.2": 34.10000000009836, "0.4": 13.100000000093587, "0.8": 8.10000000009245}, "AP_height": {"0.1": 0, "0.2": 22.5149687470282, "0.4": 28.457972098755278, "0.8": 26.74548020906986}, "AP_width": {"0.1": 0, "0.2": 0.6000000000001364, "0.4": 0.7000000000001592, "0.8": 0.7000000000001592}, "AP_amplitude": {"0.1": 0, "0.2": 76.99525926986402, "0.4": 103.81514105118129, "0.8": 102.45750435988367}, "voltage_base": {"0.1": -75.74715814323315, "0.2": -75.74715814323315, "0.4": -75.74715814323315, "0.8": -75.74715814323315}}}, "NetPyNE": {"L6_NBC_dSTUT214_5": {"mean_frequency": {"0.1": 0, "0.2": 19.33055244685405, "0.4": 77.58922761180627, "0.8": 124.64333984090167}, "ISI_CV": {"0.1": 0, "0.2": 0.12706996119443156, "0.4": 0.013474381820888235, "0.8": 0.0242375114819616}, "time_to_first_spike": {"0.1": 0, "0.2": 10.800000000093064, "0.4": 2.800000000091245, "0.8": 1.300000000090904}, "time_to_second_spike": {"0.1": 0, "0.2": 347.20000000014306, "0.4": 13.800000000093746, "0.8": 8.400000000092518}, "AP_height": {"0.1": 0, "0.2": 20.142151638640442, "0.4": 25.4057338932357, "0.8": 30.198654756767315}, "AP_width": {"0.1": 0, "0.2": 0.6000000000001364, "0.4": 0.7000000000001592, "0.8": 0.8000000000001819}, "AP_amplitude": {"0.1": 0, "0.2": 74.59920478870463, "0.4": 101.74159862465461, "0.8": 106.53451965987637}, "voltage_base": {"0.1": -76.33362465430892, "0.2": -76.33362465430892, "0.4": -76.33362465430892, "0.8": -76.33362465430892}}}}