{"BBP": {"L6_LBC_cSTUT189_5": {"mean_frequency": {"0.1": 0, "0.2": 37.18032457421004, "0.4": 68.19777354332183, "0.8": 103.00515025758293}, "ISI_CV": {"0.1": 0, "0.2": 0.12803830037846112, "0.4": 0.04421015483291095, "0.8": 0.02613838756904758}, "time_to_first_spike": {"0.1": 0, "0.2": 6.400000000092064, "0.4": 3.1000000000913133, "0.8": 1.700000000090995}, "time_to_second_spike": {"0.1": 0, "0.2": 30.70000000009759, "0.4": 14.900000000093996, "0.8": 9.600000000092791}, "AP_height": {"0.1": 0, "0.2": 22.529513132287725, "0.4": 23.866443183766105, "0.8": 29.283983714047615}, "AP_width": {"0.1": 0, "0.2": 0.7000000000001592, "0.4": 0.7000000000001592, "0.8": 0.8000000000001819}, "AP_amplitude": {"0.1": 0, "0.2": 78.8121587713872, "0.4": 79.43258662402914, "0.8": 103.18644532087748}, "voltage_base": {"0.1": -74.05217847447767, "0.2": -74.05217847447767, "0.4": -74.05217847447767, "0.8": -74.05217847447767}}}, "NetPyNE": {"L6_LBC_cSTUT189_5": {"mean_frequency": {"0.1": 0, "0.2": 32.33629749395886, "0.4": 66.43180674388, "0.8": 101.21761787850743}, "ISI_CV": {"0.1": 0, "0.2": 0.08192122808825354, "0.4": 0.03901551964170591, "0.8": 0.023301262520741058}, "time_to_first_spike": {"0.1": 0, "0.2": 7.400000000092291, "0.4": 3.3000000000913587, "0.8": 1.8000000000910177}, "time_to_second_spike": {"0.1": 0, "0.2": 33.800000000098294, "0.4": 15.600000000094155, "0.8": 9.90000000009286}, "AP_height": {"0.1": 0, "0.2": 18.832659313679557, "0.4": 26.399823412143927, "0.8": 28.811669846752295}, "AP_width": {"0.1": 0, "0.2": 0.7000000000001592, "0.4": 0.7000000000001592, "0.8": 0.7000000000001592}, "AP_amplitude": {"0.1": 0, "0.2": 74.56150593999647, "0.4": 81.80962241758381, "0.8": 103.43163701747467}, "voltage_base": {"0.1": -74.61880171599236, "0.2": -74.61880171599236, "0.4": -74.61880171599236, "0.8": -74.61880171599236}}}}