{"BBP": {"L23_ChC_cACint209_4": {"mean_frequency": {"0.1": 19.292278011893035, "0.2": 29.634838515264484, "0.4": 47.5213846231127, "0.8": 88.3135129711072}, "ISI_CV": {"0.1": 0.2831537877494667, "0.2": 0.25385476654935274, "0.4": 0.22269917218771773, "0.8": 0.16727406334390893}, "time_to_first_spike": {"0.1": 11.600000000093246, "0.2": 5.600000000091882, "0.4": 2.900000000091268, "0.8": 1.6000000000909722}, "time_to_second_spike": {"0.1": 29.900000000097407, "0.2": 17.300000000094542, "0.4": 11.4000000000932, "0.8": 8.10000000009245}, "AP_height": {"0.1": 26.989100328697102, "0.2": 32.67125384057636, "0.4": 35.248245885675615, "0.8": 37.04437522795799}, "AP_width": {"0.1": 0.9000000000002046, "0.2": 0.9000000000002046, "0.4": 0.9000000000002046, "0.8": 0.9000000000002046}, "AP_amplitude": {"0.1": 80.63209701036946, "0.2": 88.0811409391834, "0.4": 89.90986430925545, "0.8": 109.08873350642625}, "voltage_base": {"0.1": -72.04367277694078, "0.2": -72.04367277694078, "0.4": -72.04367277694078, "0.8": -72.04367277694078}}}, "NetPyNE": {"L23_ChC_cACint209_4": {"mean_frequency": {"0.1": 19.31286846921412, "0.2": 29.633350075359147, "0.4": 47.54992742382731, "0.8": 88.29579089957335}, "ISI_CV": {"0.1": 0.2828128078553868, "0.2": 0.2544026475919448, "0.4": 0.22259469771624543, "0.8": 0.16605563289437617}, "time_to_first_spike": {"0.1": 11.800000000093291, "0.2": 5.700000000091904, "0.4": 3.0000000000912905, "0.8": 1.700000000090995}, "time_to_second_spike": {"0.1": 30.100000000097452, "0.2": 17.500000000094587, "0.4": 11.500000000093223, "0.8": 8.200000000092473}, "AP_height": {"0.1": 28.365498578778215, "0.2": 32.28410060154513, "0.4": 34.386441014391934, "0.8": 34.883114290971754}, "AP_width": {"0.1": 0.9000000000002046, "0.2": 0.9000000000002046, "0.4": 0.9000000000002046, "0.8": 0.9000000000002046}, "AP_amplitude": {"0.1": 81.6130342270969, "0.2": 87.02971070306971, "0.4": 89.27191108049057, "0.8": 106.92747177939731}, "voltage_base": {"0.1": -72.04367198874498, "0.2": -72.04367198874498, "0.4": -72.04367198874498, "0.8": -72.04367198874498}}}}