{"BBP": {"L5_DBC_bSTUT213_4": {"mean_frequency": {"0.1": 0, "0.2": 8.722421754751903, "0.4": 73.19396400466195, "0.8": 128.69948420059828}, "ISI_CV": {"0.1": 0, "0.2": 0.415143532284396, "0.4": 0.039652309762623926, "0.8": 0.014135670129253744}, "time_to_first_spike": {"0.1": 0, "0.2": 16.600000000094383, "0.4": 5.500000000091859, "0.8": 2.800000000091245}, "time_to_second_spike": {"0.1": 0, "0.2": 41.500000000100044, "0.4": 16.200000000094292, "0.8": 10.100000000092905}, "AP_height": {"0.1": 0, "0.2": 1.2935722064859476, "0.4": 9.237436385155899, "0.8": 15.355303741859876}, "AP_width": {"0.1": 0, "0.2": 0.7000000000001592, "0.4": 0.7000000000001592, "0.8": 0.7000000000001592}, "AP_amplitude": {"0.1": 0, "0.2": 56.59558999515321, "0.4": 64.46716781323275, "0.8": 90.77565459083908}, "voltage_base": {"0.1": -75.4472643623519, "0.2": -75.4472643623519, "0.4": -75.4472643623519, "0.8": -75.4472643623519}}}, "NetPyNE": {"L5_DBC_bSTUT213_4": {"mean_frequency": {"0.1": 0, "0.2": 7.432970533586048, "0.4": 72.82406709863817, "0.8": 127.92214307222496}, "ISI_CV": {"0.1": 0, "0.2": 0.04561045626309949, "0.4": 0.02368070590257275, "0.8": 0.011309142483722483}, "time_to_first_spike": {"0.1": 0, "0.2": 16.80000000009443, "0.4": 5.700000000091904, "0.8": 2.900000000091268}, "time_to_second_spike": {"0.1": 0, "0.2": 44.400000000100704, "0.4": 16.300000000094315, "0.8": 10.200000000092928}, "AP_height": {"0.1": 0, "0.2": 0.6575991864713632, "0.4": 10.546094316904526, "0.8": 13.085573529000632}, "AP_width": {"0.1": 0, "0.2": 0.7000000000001592, "0.4": 0.6000000000001364, "0.8": 0.7000000000001592}, "AP_amplitude": {"0.1": 0, "0.2": 55.2485869031945, "0.4": 65.91391622145838, "0.8": 88.49421919914023}, "voltage_base": {"0.1": -75.40860813028435, "0.2": -75.40860813028435, "0.4": -75.40860813028435, "0.8": -75.40860813028435}}}}