{"BBP": {"L23_BP_bAC217_4": {"mean_frequency": {"0.1": 10.642071656623026, "0.2": 15.12859304085746, "0.4": 21.08116247554511, "0.8": 30.1204819277313}, "ISI_CV": {"0.1": 0.2654317789710794, "0.2": 0.2800759977345432, "0.4": 0.2863229103442221, "0.8": 0.2913059806642238}, "time_to_first_spike": {"0.1": 3.8000000000914724, "0.2": 2.100000000091086, "0.4": 1.2000000000908813, "0.8": 0.7000000000907676}, "time_to_second_spike": {"0.1": 23.40000000009593, "0.2": 15.300000000094087, "0.4": 10.30000000009295, "0.8": 7.400000000092291}, "AP_height": {"0.1": 29.759037072178963, "0.2": 26.939025753217056, "0.4": 33.481533443596696, "0.8": 36.098589066917434}, "AP_width": {"0.1": 0.6000000000001364, "0.2": 0.6000000000001364, "0.4": 0.6000000000001364, "0.8": 0.7000000000001592}, "AP_amplitude": {"0.1": 85.95056541447971, "0.2": 102.13828140224707, "0.4": 108.68078909034818, "0.8": 111.29784470911204}, "voltage_base": {"0.1": -75.19574398924415, "0.2": -75.19574398924415, "0.4": -75.19574398924415, "0.8": -75.19574398924415}}}, "NetPyNE": {"L23_BP_bAC217_4": {"mean_frequency": {"0.1": 10.552763819102642, "0.2": 15.075899355385454, "0.4": 20.944013077251572, "0.8": 29.819063984655806}, "ISI_CV": {"0.1": 0.2641948089334287, "0.2": 0.2788544292853451, "0.4": 0.2891954128797556, "0.8": 0.2932057746366279}, "time_to_first_spike": {"0.1": 3.8000000000914724, "0.2": 2.100000000091086, "0.4": 1.2000000000908813, "0.8": 0.8000000000907903}, "time_to_second_spike": {"0.1": 23.600000000095974, "0.2": 15.500000000094133, "0.4": 10.500000000092996, "0.8": 7.6000000000923364}, "AP_height": {"0.1": 26.46909881567747, "0.2": 32.923551294576995, "0.4": 33.29098361160285, "0.8": 30.651217193386}, "AP_width": {"0.1": 0.6000000000001364, "0.2": 0.6000000000001364, "0.4": 0.7000000000001592, "0.8": 0.6000000000001364}, "AP_amplitude": {"0.1": 81.5832879540729, "0.2": 108.1228009340036, "0.4": 108.49023324914475, "0.8": 105.85046691293829}, "voltage_base": {"0.1": -75.19573804346322, "0.2": -75.19573804346322, "0.4": -75.19573804346322, "0.8": -75.19573804346322}}}}