{"BBP": {"L4_BTC_cNAC187_1": {"mean_frequency": {"0.1": 40.85956416467661, "0.2": 64.88280857061038, "0.4": 98.02940882271345, "0.8": 148.43044830017104}, "ISI_CV": {"0.1": 0.01845682214398949, "0.2": 0.014356313276062118, "0.4": 0.011411691036857453, "0.8": 0.031944040910835365}, "time_to_first_spike": {"0.1": 7.700000000092359, "0.2": 3.4000000000913815, "0.4": 1.700000000090995, "0.8": 1.0000000000908358}, "time_to_second_spike": {"0.1": 30.100000000097452, "0.2": 16.50000000009436, "0.4": 10.200000000092928, "0.8": 7.300000000092268}, "AP_height": {"0.1": 18.386020109720405, "0.2": 19.96987820426142, "0.4": 26.221634516531164, "0.8": 26.02815732870823}, "AP_width": {"0.1": 0.6000000000001364, "0.2": 0.7000000000001592, "0.4": 0.7000000000001592, "0.8": 0.8000000000001819}, "AP_amplitude": {"0.1": 74.26271703878342, "0.2": 76.08603884049685, "0.4": 94.41613976845572, "0.8": 94.22266257843428}, "voltage_base": {"0.1": -68.1918731532851, "0.2": -68.1918731532851, "0.4": -68.1918731532851, "0.8": -68.1918731532851}}}, "NetPyNE": {"L4_BTC_cNAC187_1": {"mean_frequency": {"0.1": 40.68920480235847, "0.2": 64.6033653846593, "0.4": 97.58782904620787, "0.8": 147.72897991897466}, "ISI_CV": {"0.1": 0.01838873282843436, "0.2": 0.013986204052848793, "0.4": 0.011034127586726932, "0.8": 0.0331575273627156}, "time_to_first_spike": {"0.1": 7.800000000092382, "0.2": 3.4000000000913815, "0.4": 1.8000000000910177, "0.8": 1.1000000000908585}, "time_to_second_spike": {"0.1": 30.300000000097498, "0.2": 16.600000000094383, "0.4": 10.30000000009295, "0.8": 7.400000000092291}, "AP_height": {"0.1": 18.172732409346885, "0.2": 22.366104186915816, "0.4": 26.07008672912594, "0.8": 28.121570346287708}, "AP_width": {"0.1": 0.7000000000001592, "0.2": 0.7000000000001592, "0.4": 0.7000000000001592, "0.8": 0.7000000000001592}, "AP_amplitude": {"0.1": 73.05400069032265, "0.2": 77.39973996858006, "0.4": 94.26458774523647, "0.8": 96.31607143530324}, "voltage_base": {"0.1": -68.19186898767816, "0.2": -68.19186898767816, "0.4": -68.19186898767816, "0.8": -68.19186898767816}}}}