{"BBP": {"L5_MC_cACint209_4": {"mean_frequency": {"0.1": 29.038667278026654, "0.2": 47.82521143780933, "0.4": 88.27807593926848, "0.8": 226.41509433879702}, "ISI_CV": {"0.1": 0.2275716310455567, "0.2": 0.2063785811659469, "0.4": 0.14461741036701695, "0.8": 0.14534681937531346}, "time_to_first_spike": {"0.1": 13.400000000093655, "0.2": 6.300000000092041, "0.4": 3.1000000000913133, "0.8": 1.700000000090995}, "time_to_second_spike": {"0.1": 28.400000000097066, "0.2": 16.600000000094383, "0.4": 10.900000000093087, "0.8": 7.700000000092359}, "AP_height": {"0.1": 25.23331952739648, "0.2": 25.11022060267805, "0.4": 28.02641821449698, "0.8": 33.079962426734646}, "AP_width": {"0.1": 0.8000000000001819, "0.2": 0.9000000000002046, "0.4": 0.9000000000002046, "0.8": 0.9000000000002046}, "AP_amplitude": {"0.1": 80.21917002115428, "0.2": 80.20833831297224, "0.4": 83.40303164716134, "0.8": 103.45379069002135}, "voltage_base": {"0.1": -70.37325431896576, "0.2": -70.37325431896576, "0.4": -70.37325431896576, "0.8": -70.37325431896576}}}, "NetPyNE": {"L5_MC_cACint209_4": {"mean_frequency": {"0.1": 28.994353731135124, "0.2": 47.856531157153015, "0.4": 88.60189217606263, "0.8": 224.7191011227818}, "ISI_CV": {"0.1": 0.22780984055305564, "0.2": 0.20626708630366294, "0.4": 0.14245354537762445, "0.8": 0.14802211822474276}, "time_to_first_spike": {"0.1": 13.500000000093678, "0.2": 6.500000000092086, "0.4": 3.200000000091336, "0.8": 1.8000000000910177}, "time_to_second_spike": {"0.1": 28.60000000009711, "0.2": 16.80000000009443, "0.4": 11.00000000009311, "0.8": 7.800000000092382}, "AP_height": {"0.1": 22.4359521975446, "0.2": 25.097781673970772, "0.4": 29.07901238579794, "0.8": 30.453544017191298}, "AP_width": {"0.1": 0.9000000000002046, "0.2": 0.9000000000002046, "0.4": 0.9000000000002046, "0.8": 1.0000000000002274}, "AP_amplitude": {"0.1": 77.29997274154069, "0.2": 79.5727756362423, "0.4": 83.60891856474919, "0.8": 100.827371374856}, "voltage_base": {"0.1": -70.37325339976131, "0.2": -70.37325339976131, "0.4": -70.37325339976131, "0.8": -70.37325339976131}}}}