{"BBP": {"L1_SLAC_cACint209_4": {"mean_frequency": {"0.1": 26.1398481878225, "0.2": 43.55753646680421, "0.4": 86.10332398884508, "0.8": 177.68657089956523}, "ISI_CV": {"0.1": 0.2568818936349847, "0.2": 0.2181078799372332, "0.4": 0.15182679840978436, "0.8": 0.05682565128605109}, "time_to_first_spike": {"0.1": 5.800000000091927, "0.2": 3.1000000000913133, "0.4": 1.8000000000910177, "0.8": 1.1000000000908585}, "time_to_second_spike": {"0.1": 18.30000000009477, "0.2": 12.10000000009336, "0.4": 8.600000000092564, "0.8": 6.400000000092064}, "AP_height": {"0.1": 29.974487422433658, "0.2": 30.649309553629575, "0.4": 34.09845474586772, "0.8": 36.19300551941858}, "AP_width": {"0.1": 0.9000000000002046, "0.2": 0.9000000000002046, "0.4": 1.0000000000002274, "0.8": 1.0000000000002274}, "AP_amplitude": {"0.1": 85.0065194230136, "0.2": 86.01666106948339, "0.4": 106.3476041234664, "0.8": 108.44215489480135}, "voltage_base": {"0.1": -72.2483756636148, "0.2": -72.2483756636148, "0.4": -72.2483756636148, "0.8": -72.2483756636148}}}, "NetPyNE": {"L1_SLAC_cACint209_4": {"mean_frequency": {"0.1": 26.16220567520391, "0.2": 43.58499073195688, "0.4": 86.25877632904556, "0.8": 177.50589179172667}, "ISI_CV": {"0.1": 0.25692696880811816, "0.2": 0.2178009694612735, "0.4": 0.15018500853796662, "0.8": 0.055120730950289985}, "time_to_first_spike": {"0.1": 5.90000000009195, "0.2": 3.200000000091336, "0.4": 1.9000000000910404, "0.8": 1.2000000000908813}, "time_to_second_spike": {"0.1": 18.400000000094792, "0.2": 12.200000000093382, "0.4": 8.700000000092587, "0.8": 6.500000000092086}, "AP_height": {"0.1": 29.835515700442738, "0.2": 32.18361636454177, "0.4": 33.0138492956735, "0.8": 32.87269874570527}, "AP_width": {"0.1": 0.9000000000002046, "0.2": 0.9000000000002046, "0.4": 0.9000000000002046, "0.8": 1.0000000000002274}, "AP_amplitude": {"0.1": 85.53347804862045, "0.2": 87.63023008977419, "0.4": 105.26299763414306, "0.8": 105.1218469537666}, "voltage_base": {"0.1": -72.24837449648871, "0.2": -72.24837449648871, "0.4": -72.24837449648871, "0.8": -72.24837449648871}}}}