{"BBP": {"L5_LBC_cSTUT189_4": {"mean_frequency": {"0.1": 0, "0.2": 26.054970879756016, "0.4": 63.50166313883956, "0.8": 98.51477721664948}, "ISI_CV": {"0.1": 0, "0.2": 0.1749643279423076, "0.4": 0.04514904974891695, "0.8": 0.024429730155672232}, "time_to_first_spike": {"0.1": 0, "0.2": 9.800000000092837, "0.4": 3.8000000000914724, "0.8": 2.000000000091063}, "time_to_second_spike": {"0.1": 0, "0.2": 36.60000000009893, "0.4": 17.000000000094474, "0.8": 10.400000000092973}, "AP_height": {"0.1": 0, "0.2": 18.383526255391544, "0.4": 23.777408982648154, "0.8": 27.056234073265642}, "AP_width": {"0.1": 0, "0.2": 0.6000000000001364, "0.4": 0.7000000000001592, "0.8": 0.7000000000001592}, "AP_amplitude": {"0.1": 0, "0.2": 74.25717740121442, "0.4": 79.30203368380751, "0.8": 101.49967248925273}, "voltage_base": {"0.1": -74.5935313466779, "0.2": -74.5935313466779, "0.4": -74.5935313466779, "0.8": -74.5935313466779}}}, "NetPyNE": {"L5_LBC_cSTUT189_4": {"mean_frequency": {"0.1": 0, "0.2": 10.561255280634809, "0.4": 61.94601128126684, "0.8": 96.9216089992121}, "ISI_CV": {"0.1": 0, "0.2": 0.2016626945579735, "0.4": 0.03396964670977703, "0.8": 0.021425790805125418}, "time_to_first_spike": {"0.1": 0, "0.2": 10.600000000093019, "0.4": 3.900000000091495, "0.8": 2.100000000091086}, "time_to_second_spike": {"0.1": 0, "0.2": 177.40000000013094, "0.4": 17.500000000094587, "0.8": 10.600000000093019}, "AP_height": {"0.1": 0, "0.2": 14.333670823992321, "0.4": 23.543865154796112, "0.8": 26.79888509124867}, "AP_width": {"0.1": 0, "0.2": 0.7000000000001592, "0.4": 0.7000000000001592, "0.8": 0.7000000000001592}, "AP_amplitude": {"0.1": 0, "0.2": 70.0246431340402, "0.4": 78.6304618224466, "0.8": 101.66268347408754}, "voltage_base": {"0.1": -74.86280702031034, "0.2": -74.86280702031034, "0.4": -74.86280702031034, "0.8": -74.86280702031034}}}}