{"BBP": {"L6_TPC_L1_cADpyr231_2": {"mean_frequency": {"0.1": 0, "0.2": 3.1017369727068, "0.4": 7.30155418796776, "0.8": 11.674534287607512}, "ISI_CV": {"0.1": 0, "0.2": 0.09282915814704411, "0.4": 0.3285954954200925, "0.8": 0.2896571358192543}, "time_to_first_spike": {"0.1": 0, "0.2": 52.70000000010259, "0.4": 11.900000000093314, "0.8": 4.000000000091518}, "time_to_second_spike": {"0.1": 0, "0.2": 207.6000000001378, "0.4": 38.600000000099385, "0.8": 19.10000000009495}, "AP_height": {"0.1": 0, "0.2": 26.534770564458583, "0.4": 33.766885542020646, "0.8": 39.83964931965466}, "AP_width": {"0.1": 0, "0.2": 1.2000000000002728, "0.4": 1.1000000000002501, "0.8": 1.2000000000002728}, "AP_amplitude": {"0.1": 0, "0.2": 77.63411218547549, "0.4": 86.89765607078476, "0.8": 111.7811696681942}, "voltage_base": {"0.1": -71.94135917710209, "0.2": -71.94135917710209, "0.4": -71.94135917710209, "0.8": -71.94135917710209}}}, "NetPyNE": {"L6_TPC_L1_cADpyr231_2": {"mean_frequency": {"0.1": 0, "0.2": 3.085626124969936, "0.4": 7.25576574242519, "0.8": 11.581067472314}, "ISI_CV": {"0.1": 0, "0.2": 0.0910942708125076, "0.4": 0.3276863880063426, "0.8": 0.28568269427870147}, "time_to_first_spike": {"0.1": 0, "0.2": 53.00000000010266, "0.4": 12.000000000093337, "0.8": 4.100000000091541}, "time_to_second_spike": {"0.1": 0, "0.2": 209.00000000013813, "0.4": 38.80000000009943, "0.8": 19.200000000094974}, "AP_height": {"0.1": 0, "0.2": 25.450989447500742, "0.4": 32.414122564304385, "0.8": 39.539044969393686}, "AP_width": {"0.1": 0, "0.2": 1.1000000000002501, "0.4": 1.2000000000002728, "0.8": 1.2000000000002728}, "AP_amplitude": {"0.1": 0, "0.2": 76.95828867369995, "0.4": 85.11532170505043, "0.8": 111.48056495983668}, "voltage_base": {"0.1": -71.94135881529617, "0.2": -71.94135881529617, "0.4": -71.94135881529617, "0.8": -71.94135881529617}}}}