{"BBP": {"L6_MC_bNAC219_3": {"mean_frequency": {"0.1": 18.407731247136216, "0.2": 71.0041293182071, "0.4": 114.70647164904611, "0.8": 162.47116638261966}, "ISI_CV": {"0.1": 0.19711599019814133, "0.2": 0.02813085479855737, "0.4": 0.019246738395670836, "0.8": 0.011923877884686}, "time_to_first_spike": {"0.1": 16.10000000009427, "0.2": 5.700000000091904, "0.4": 2.7000000000912223, "0.8": 1.5000000000909495}, "time_to_second_spike": {"0.1": 35.80000000009875, "0.2": 16.700000000094406, "0.4": 10.700000000093041, "0.8": 7.800000000092382}, "AP_height": {"0.1": 9.469060297725443, "0.2": 13.321280370432852, "0.4": 18.921520598015157, "0.8": 21.02365223087192}, "AP_width": {"0.1": 0.6000000000001364, "0.2": 0.6000000000001364, "0.4": 0.6000000000001364, "0.8": 0.6000000000001364}, "AP_amplitude": {"0.1": 64.83828968275935, "0.2": 69.35414398274894, "0.4": 74.91315026179356, "0.8": 90.86824509254929}, "voltage_base": {"0.1": -69.84449942991355, "0.2": -69.84449942991355, "0.4": -69.84449942991355, "0.8": -69.84449942991355}}}, "NetPyNE": {"L6_MC_bNAC219_3": {"mean_frequency": {"0.1": 18.34114530264129, "0.2": 70.65544197238717, "0.4": 113.89293061068396, "0.8": 161.07248261728725}, "ISI_CV": {"0.1": 0.196672618440295, "0.2": 0.028122959775743243, "0.4": 0.018709946460063243, "0.8": 0.011793734125097108}, "time_to_first_spike": {"0.1": 16.300000000094315, "0.2": 5.800000000091927, "0.4": 2.800000000091245, "0.8": 1.6000000000909722}, "time_to_second_spike": {"0.1": 36.000000000098794, "0.2": 16.90000000009445, "0.4": 10.800000000093064, "0.8": 7.900000000092405}, "AP_height": {"0.1": 7.807929218435969, "0.2": 12.86114394523667, "0.4": 17.437831743761677, "0.8": 20.695111396734465}, "AP_width": {"0.1": 0.6000000000001364, "0.2": 0.6000000000001364, "0.4": 0.5000000000001137, "0.8": 0.6000000000001364}, "AP_amplitude": {"0.1": 63.14564664860329, "0.2": 68.05799823544763, "0.4": 72.58164555656339, "0.8": 90.53970409770555}, "voltage_base": {"0.1": -69.84449926869645, "0.2": -69.84449926869645, "0.4": -69.84449926869645, "0.8": -69.84449926869645}}}}