{"BBP": {"L4_BTC_cNAC187_3": {"mean_frequency": {"0.1": 49.45997779351289, "0.2": 78.91826681416838, "0.4": 119.60764688227529, "0.8": 211.3970588234988}, "ISI_CV": {"0.1": 0.010995060631362368, "0.2": 0.022372769078128154, "0.4": 0.0360889317895981, "0.8": 0.29651627808169045}, "time_to_first_spike": {"0.1": 7.6000000000923364, "0.2": 3.600000000091427, "0.4": 2.000000000091063, "0.8": 1.2000000000908813}, "time_to_second_spike": {"0.1": 26.500000000096634, "0.2": 14.800000000093974, "0.4": 9.800000000092837, "0.8": 7.300000000092268}, "AP_height": {"0.1": 12.261970810713054, "0.2": 17.507866043227928, "0.4": 20.482774599703966, "0.8": 25.189124943893354}, "AP_width": {"0.1": 0.7000000000001592, "0.2": 0.6000000000001364, "0.4": 0.7000000000001592, "0.8": 0.7000000000001592}, "AP_amplitude": {"0.1": 68.21369430818893, "0.2": 73.7827567406517, "0.4": 88.93942395485391, "0.8": 93.64577429676947}, "voltage_base": {"0.1": -68.45397437495042, "0.2": -68.45397437495042, "0.4": -68.45397437495042, "0.8": -68.45397437495042}}}, "NetPyNE": {"L4_BTC_cNAC187_3": {"mean_frequency": {"0.1": 49.26851339805265, "0.2": 78.62186388908144, "0.4": 119.19070512828614, "0.8": 210.68635968721014}, "ISI_CV": {"0.1": 0.01145986871126792, "0.2": 0.023139793953438986, "0.4": 0.037207836550429266, "0.8": 0.1867296295429242}, "time_to_first_spike": {"0.1": 7.700000000092359, "0.2": 3.7000000000914497, "0.4": 2.000000000091063, "0.8": 1.2000000000908813}, "time_to_second_spike": {"0.1": 26.70000000009668, "0.2": 15.000000000094019, "0.4": 10.000000000092882, "0.8": 7.400000000092291}, "AP_height": {"0.1": 11.592989343333894, "0.2": 15.383211085181324, "0.4": 20.675795442498867, "0.8": 23.12464787898676}, "AP_width": {"0.1": 0.7000000000001592, "0.2": 0.7000000000001592, "0.4": 0.7000000000001592, "0.8": 0.8000000000001819}, "AP_amplitude": {"0.1": 68.68227842105352, "0.2": 72.06770949224729, "0.4": 89.1324404780604, "0.8": 91.58135547663886}, "voltage_base": {"0.1": -68.45403257928831, "0.2": -68.45403257928831, "0.4": -68.45403257928831, "0.8": -68.45403257928831}}}}