{"BBP": {"L5_LBC_dSTUT214_1": {"mean_frequency": {"0.1": 11.361288989885765, "0.2": 58.28559943728206, "0.4": 90.21199819582134, "0.8": 133.54674135956662}, "ISI_CV": {"0.1": 0.7320619418727781, "0.2": 0.07838722593127338, "0.4": 0.053287709447091, "0.8": 0.023366855752964023}, "time_to_first_spike": {"0.1": 53.80000000010284, "0.2": 2.7000000000912223, "0.4": 1.5000000000909495, "0.8": 0.900000000090813}, "time_to_second_spike": {"0.1": 90.40000000011116, "0.2": 16.90000000009445, "0.4": 10.000000000092882, "0.8": 7.100000000092223}, "AP_height": {"0.1": 20.848463001251176, "0.2": 25.985778500677608, "0.4": 32.24358421420285, "0.8": 33.000524957442366}, "AP_width": {"0.1": 0.6000000000001364, "0.2": 0.7000000000001592, "0.4": 0.7000000000001592, "0.8": 0.7000000000001592}, "AP_amplitude": {"0.1": 75.83876239591935, "0.2": 99.27920195607206, "0.4": 107.3909568904622, "0.8": 107.598290346761}, "voltage_base": {"0.1": -74.70036881686895, "0.2": -74.70036881686895, "0.4": -74.70036881686895, "0.8": -74.70036881686895}}}, "NetPyNE": {"L5_LBC_dSTUT214_1": {"mean_frequency": {"0.1": 1.5009005403252151, "0.2": 58.034820892574984, "0.4": 89.9407094764956, "0.8": 132.89203149299436}, "ISI_CV": {"0.1": 0, "0.2": 0.05316679861210347, "0.4": 0.04843859481623087, "0.8": 0.02128008823567638}, "time_to_first_spike": {"0.1": 9.500000000092768, "0.2": 2.900000000091268, "0.4": 1.5000000000909495, "0.8": 0.900000000090813}, "time_to_second_spike": {"0.1": 1861.4999999987658, "0.2": 17.000000000094474, "0.4": 10.100000000092905, "0.8": 7.2000000000922455}, "AP_height": {"0.1": 25.83731435287031, "0.2": 29.262137410779765, "0.4": 32.83952075693325, "0.8": 34.16259070893988}, "AP_width": {"0.1": 0.6000000000001364, "0.2": 0.7000000000001592, "0.4": 0.8000000000001819, "0.8": 0.8000000000001819}, "AP_amplitude": {"0.1": 81.28587097739485, "0.2": 102.92397839831284, "0.4": 107.97651413966219, "0.8": 109.29958380885742}, "voltage_base": {"0.1": -75.13463753024216, "0.2": -75.13463753024216, "0.4": -75.13463753024216, "0.8": -75.13463753024216}}}}