{"BBP": {"L5_NGC_cNAC187_1": {"mean_frequency": {"0.1": 47.24092873658851, "0.2": 72.87164539154611, "0.4": 111.67309329468254, "0.8": 205.4794520541102}, "ISI_CV": {"0.1": 0.018143379093425078, "0.2": 0.010450041082698229, "0.4": 0.026510636317387738, "0.8": 0.05352582343228999}, "time_to_first_spike": {"0.1": 6.900000000092177, "0.2": 3.7000000000914497, "0.4": 2.2000000000911086, "0.8": 1.300000000090904}, "time_to_second_spike": {"0.1": 26.200000000096566, "0.2": 15.600000000094155, "0.4": 10.30000000009295, "0.8": 7.2000000000922455}, "AP_height": {"0.1": 11.549266205284157, "0.2": 14.147278118865788, "0.4": 17.240508058588162, "0.8": 20.843167459799737}, "AP_width": {"0.1": 0.8000000000001819, "0.2": 0.8000000000001819, "0.4": 0.9000000000002046, "0.8": 0.8000000000001819}, "AP_amplitude": {"0.1": 65.83664931391088, "0.2": 68.43695266840452, "0.4": 86.04914967379388, "0.8": 89.65180907316179}, "voltage_base": {"0.1": -68.80583648942661, "0.2": -68.80583648942661, "0.4": -68.80583648942661, "0.8": -68.80583648942661}}}, "NetPyNE": {"L5_NGC_cNAC187_1": {"mean_frequency": {"0.1": 47.096547923274656, "0.2": 72.62709742053521, "0.4": 111.45697359180177, "0.8": 204.7781569959072}, "ISI_CV": {"0.1": 0.01739887751364796, "0.2": 0.009987237253040583, "0.4": 0.028279372595280974, "0.8": 0.0574959574576069}, "time_to_first_spike": {"0.1": 7.0000000000922, "0.2": 3.8000000000914724, "0.4": 2.2000000000911086, "0.8": 1.4000000000909267}, "time_to_second_spike": {"0.1": 26.40000000009661, "0.2": 15.800000000094201, "0.4": 10.400000000092973, "0.8": 7.300000000092268}, "AP_height": {"0.1": 11.646080689697477, "0.2": 14.630452411592687, "0.4": 15.979420135528926, "0.8": 18.87495681650027}, "AP_width": {"0.1": 0.8000000000001819, "0.2": 0.8000000000001819, "0.4": 0.8000000000001819, "0.8": 0.9000000000002046}, "AP_amplitude": {"0.1": 66.59676757491636, "0.2": 69.31961193059234, "0.4": 70.69583704399315, "0.8": 87.68359383525741}, "voltage_base": {"0.1": -68.80583188968748, "0.2": -68.80583188968748, "0.4": -68.80583188968748, "0.8": -68.80583188968748}}}}