{"BBP": {"L4_DBC_cIR216_5": {"mean_frequency": {"0.1": 0.9877518767290164, "0.2": 23.453831642293924, "0.4": 47.07296309282583, "0.8": 100.21546324604697}, "ISI_CV": {"0.1": 0, "0.2": 0.3896147660607646, "0.4": 0.25893522972079963, "0.8": 0.10132841053438615}, "time_to_first_spike": {"0.1": 1012.3999999995381, "0.2": 9.2000000000927, "0.4": 3.8000000000914724, "0.8": 1.9000000000910404}, "time_to_second_spike": {"0.1": 0, "0.2": 21.800000000095565, "0.4": 12.50000000009345, "0.8": 8.300000000092496}, "AP_height": {"0.1": 26.341605953708545, "0.2": 30.66585576346362, "0.4": 35.3848608223874, "0.8": 32.94436777257672}, "AP_width": {"0.1": 0.6999999999993634, "0.2": 0.8000000000001819, "0.4": 0.9000000000002046, "0.8": 0.9000000000002046}, "AP_amplitude": {"0.1": 81.81177300598894, "0.2": 86.3857758352613, "0.4": 90.47613958829879, "0.8": 109.80623116141732}, "voltage_base": {"0.1": -76.95123607347469, "0.2": -76.95123607347469, "0.4": -76.95123607347469, "0.8": -76.95123607347469}}}, "NetPyNE": {"L4_DBC_cIR216_5": {"mean_frequency": {"0.1": 0, "0.2": 21.79532667648087, "0.4": 44.678714859468094, "0.8": 96.57726180951322}, "ISI_CV": {"0.1": 0, "0.2": 0.22881427915215974, "0.4": 0.16572826992141437, "0.8": 0.09406757073584293}, "time_to_first_spike": {"0.1": 0, "0.2": 9.400000000092746, "0.4": 4.000000000091518, "0.8": 2.000000000091063}, "time_to_second_spike": {"0.1": 0, "0.2": 23.300000000095906, "0.4": 12.700000000093496, "0.8": 8.500000000092541}, "AP_height": {"0.1": 0, "0.2": 29.291279101971607, "0.4": 30.83121098858566, "0.8": 35.85956740667623}, "AP_width": {"0.1": 0, "0.2": 0.8000000000001819, "0.4": 0.9000000000002046, "0.8": 0.9000000000002046}, "AP_amplitude": {"0.1": 0, "0.2": 85.51807463542634, "0.4": 85.69086289305363, "0.8": 113.50151461221469}, "voltage_base": {"0.1": -77.64181097640214, "0.2": -77.64181097640214, "0.4": -77.64181097640214, "0.8": -77.64181097640214}}}}