{"BBP": {"L23_DBC_cACint209_2": {"mean_frequency": {"0.1": 33.54696575207568, "0.2": 60.508269463534376, "0.4": 130.11059400499263, "0.8": 233.86248685478364}, "ISI_CV": {"0.1": 0.221956106522317, "0.2": 0.15966070471549765, "0.4": 0.06332890079170307, "0.8": 0.016471876256792483}, "time_to_first_spike": {"0.1": 5.100000000091768, "0.2": 2.6000000000911996, "0.4": 1.4000000000909267, "0.8": 0.900000000090813}, "time_to_second_spike": {"0.1": 16.200000000094292, "0.2": 10.800000000093064, "0.4": 7.800000000092382, "0.8": 5.800000000091927}, "AP_height": {"0.1": 30.760543066759794, "0.2": 29.375675635186067, "0.4": 35.069910506360976, "0.8": 33.8115753875807}, "AP_width": {"0.1": 0.9000000000002046, "0.2": 1.0000000000002274, "0.4": 1.0000000000002274, "0.8": 1.0000000000002274}, "AP_amplitude": {"0.1": 86.61500787053677, "0.2": 85.4895820878772, "0.4": 106.08894797656805, "0.8": 104.83061285428577}, "voltage_base": {"0.1": -71.01826174305148, "0.2": -71.01826174305148, "0.4": -71.01826174305148, "0.8": -71.01826174305148}}}, "NetPyNE": {"L23_DBC_cACint209_2": {"mean_frequency": {"0.1": 33.53488135767727, "0.2": 60.45644616861373, "0.4": 129.5583012356441, "0.8": 230.42628863412946}, "ISI_CV": {"0.1": 0.2234851153882105, "0.2": 0.15902023273546545, "0.4": 0.06214080417041316, "0.8": 0.01624275800433968}, "time_to_first_spike": {"0.1": 5.200000000091791, "0.2": 2.6000000000911996, "0.4": 1.5000000000909495, "0.8": 0.900000000090813}, "time_to_second_spike": {"0.1": 16.300000000094315, "0.2": 10.900000000093087, "0.4": 7.900000000092405, "0.8": 5.90000000009195}, "AP_height": {"0.1": 29.644951090321765, "0.2": 32.706811972276206, "0.4": 33.046632402360835, "0.8": 36.62070401311887}, "AP_width": {"0.1": 0.8000000000001819, "0.2": 0.9000000000002046, "0.4": 0.9000000000002046, "0.8": 1.0000000000002274}, "AP_amplitude": {"0.1": 85.83378354669601, "0.2": 87.76192563950988, "0.4": 104.0656686381432, "0.8": 107.63974028474584}, "voltage_base": {"0.1": -71.01826054530346, "0.2": -71.01826054530346, "0.4": -71.01826054530346, "0.8": -71.01826054530346}}}}