{"BBP": {"L4_BP_bAC217_4": {"mean_frequency": {"0.1": 13.438081455456626, "0.2": 19.01140684411927, "0.4": 27.239709443117743, "0.8": 42.669917708044714}, "ISI_CV": {"0.1": 0.3026465101618226, "0.2": 0.30568559765705383, "0.4": 0.3049776955879347, "0.8": 0.3178628902801422}, "time_to_first_spike": {"0.1": 1.8000000000910177, "0.2": 1.1000000000908585, "0.4": 0.7000000000907676, "0.8": 0.40000000009069936}, "time_to_second_spike": {"0.1": 18.900000000094906, "0.2": 12.600000000093473, "0.4": 8.900000000092632, "0.8": 6.700000000092132}, "AP_height": {"0.1": 35.614484810575235, "0.2": 36.431992839758124, "0.4": 35.93813658396196, "0.8": 39.79583309302421}, "AP_width": {"0.1": 0.6000000000001364, "0.2": 0.6000000000001364, "0.4": 0.6000000000001364, "0.8": 0.6000000000001364}, "AP_amplitude": {"0.1": 107.71200403033055, "0.2": 108.5295120575648, "0.4": 108.03565579787156, "0.8": 111.89335229914073}, "voltage_base": {"0.1": -72.09428830500485, "0.2": -72.09428830500485, "0.4": -72.09428830500485, "0.8": -72.09428830500485}}}, "NetPyNE": {"L4_BP_bAC217_4": {"mean_frequency": {"0.1": 13.236941248354329, "0.2": 18.72659176031231, "0.4": 26.932262818250848, "0.8": 42.2726586483101}, "ISI_CV": {"0.1": 0.3006025821018695, "0.2": 0.3036351823814028, "0.4": 0.30612633505119724, "0.8": 0.3155617808216825}, "time_to_first_spike": {"0.1": 1.8000000000910177, "0.2": 1.1000000000908585, "0.4": 0.7000000000907676, "0.8": 0.40000000009069936}, "time_to_second_spike": {"0.1": 19.10000000009495, "0.2": 12.800000000093519, "0.4": 9.000000000092655, "0.8": 6.8000000000921546}, "AP_height": {"0.1": 28.84528045036078, "0.2": 34.802041429662665, "0.4": 37.91608955931878, "0.8": 35.08370742883591}, "AP_width": {"0.1": 0.5000000000001137, "0.2": 0.5000000000001137, "0.4": 0.6000000000001364, "0.8": 0.6000000000001364}, "AP_amplitude": {"0.1": 100.94279439787935, "0.2": 106.89955529814347, "0.4": 110.01360363368252, "0.8": 107.18122152570811}, "voltage_base": {"0.1": -72.0942831756566, "0.2": -72.0942831756566, "0.4": -72.0942831756566, "0.8": -72.0942831756566}}}}