{"BBP": {"L6_MC_cACint209_3": {"mean_frequency": {"0.1": 23.337222870494205, "0.2": 35.20772558095137, "0.4": 58.40004027592947, "0.8": 118.43227781410162}, "ISI_CV": {"0.1": 0.2736753654049409, "0.2": 0.24304616075497298, "0.4": 0.20892828547143028, "0.8": 0.11517854796277126}, "time_to_first_spike": {"0.1": 7.400000000092291, "0.2": 3.4000000000913815, "0.4": 1.700000000090995, "0.8": 1.0000000000908358}, "time_to_second_spike": {"0.1": 21.30000000009545, "0.2": 13.000000000093564, "0.4": 8.900000000092632, "0.8": 6.600000000092109}, "AP_height": {"0.1": 32.50610103700793, "0.2": 36.43943381086111, "0.4": 38.81371945062775, "0.8": 37.77386291299969}, "AP_width": {"0.1": 0.8000000000001819, "0.2": 0.9000000000002046, "0.4": 0.9000000000002046, "0.8": 0.9000000000002046}, "AP_amplitude": {"0.1": 88.02737721426305, "0.2": 91.06807797172823, "0.4": 110.61109642685821, "0.8": 109.57123988686918}, "voltage_base": {"0.1": -71.7966356581803, "0.2": -71.7966356581803, "0.4": -71.7966356581803, "0.8": -71.7966356581803}}}, "NetPyNE": {"L6_MC_cACint209_3": {"mean_frequency": {"0.1": 23.306480214840725, "0.2": 35.14585529951676, "0.4": 58.33836250255418, "0.8": 117.93044612844865}, "ISI_CV": {"0.1": 0.27379846901212385, "0.2": 0.24314710273040918, "0.4": 0.20847672425485092, "0.8": 0.11467187754588248}, "time_to_first_spike": {"0.1": 7.500000000092314, "0.2": 3.500000000091404, "0.4": 1.8000000000910177, "0.8": 1.0000000000908358}, "time_to_second_spike": {"0.1": 21.500000000095497, "0.2": 13.100000000093587, "0.4": 9.000000000092655, "0.8": 6.700000000092132}, "AP_height": {"0.1": 32.42437363039163, "0.2": 34.90078316165602, "0.4": 37.42048511010674, "0.8": 39.72776595137042}, "AP_width": {"0.1": 0.8000000000001819, "0.2": 0.8000000000001819, "0.4": 0.9000000000002046, "0.8": 0.9000000000002046}, "AP_amplitude": {"0.1": 86.93432517626545, "0.2": 89.92489051918336, "0.4": 109.21786095519847, "0.8": 111.52514173427193}, "voltage_base": {"0.1": -71.79663446801803, "0.2": -71.79663446801803, "0.4": -71.79663446801803, "0.8": -71.79663446801803}}}}