{"BBP": {"L6_BP_cACint209_4": {"mean_frequency": {"0.1": 42.702838482822266, "0.2": 81.53815180194782, "0.4": 165.30581575926678, "0.8": 286.68634612517616}, "ISI_CV": {"0.1": 0.2126341417501611, "0.2": 0.13260566888690875, "0.4": 0.05910124054168997, "0.8": 0.023304991789315634}, "time_to_first_spike": {"0.1": 5.90000000009195, "0.2": 2.400000000091154, "0.4": 1.2000000000908813, "0.8": 0.7000000000907676}, "time_to_second_spike": {"0.1": 15.600000000094155, "0.2": 9.90000000009286, "0.4": 7.100000000092223, "0.8": 5.400000000091836}, "AP_height": {"0.1": 31.52283938659832, "0.2": 32.7722235445778, "0.4": 36.33315558786783, "0.8": 38.3119070589963}, "AP_width": {"0.1": 0.8000000000001819, "0.2": 0.9000000000002046, "0.4": 0.9000000000002046, "0.8": 1.0000000000002274}, "AP_amplitude": {"0.1": 87.89211159388344, "0.2": 102.50664556173606, "0.4": 106.06757760290003, "0.8": 108.04632906977642}, "voltage_base": {"0.1": -69.73374993909397, "0.2": -69.73374993909397, "0.4": -69.73374993909397, "0.8": -69.73374993909397}}}, "NetPyNE": {"L6_BP_cACint209_4": {"mean_frequency": {"0.1": 42.64499297614777, "0.2": 81.56525220181686, "0.4": 164.63170536440336, "0.8": 208.21917808204105}, "ISI_CV": {"0.1": 0.2126563413535035, "0.2": 0.1316013279324929, "0.4": 0.057100678858067855, "0.8": 0.287616110544548}, "time_to_first_spike": {"0.1": 6.000000000091973, "0.2": 2.500000000091177, "0.4": 1.300000000090904, "0.8": 0.8000000000907903}, "time_to_second_spike": {"0.1": 15.700000000094178, "0.2": 10.100000000092905, "0.4": 7.2000000000922455, "0.8": 5.500000000091859}, "AP_height": {"0.1": 31.056988256041272, "0.2": 33.77776158976253, "0.4": 35.18759076076493, "0.8": 35.05699998240243}, "AP_width": {"0.1": 0.8000000000001819, "0.2": 0.9000000000002046, "0.4": 0.9000000000002046, "0.8": 0.9000000000002046}, "AP_amplitude": {"0.1": 86.23495247045958, "0.2": 103.51218245176094, "0.4": 104.92201140266789, "0.8": 0}, "voltage_base": {"0.1": -69.73374870548942, "0.2": -69.73374870548942, "0.4": -69.73374870548942, "0.8": -69.73374870548942}}}}