{"BBP": {"L1_DAC_bNAC219_5": {"mean_frequency": {"0.1": 57.22891566268947, "0.2": 100.90361445789985, "0.4": 143.55024258500234, "0.8": 192.4233313290544}, "ISI_CV": {"0.1": 0.07323732729410684, "0.2": 0.05536118118262009, "0.4": 0.025638595986060424, "0.8": 0.013141862938692505}, "time_to_first_spike": {"0.1": 4.600000000091654, "0.2": 2.400000000091154, "0.4": 1.4000000000909267, "0.8": 0.900000000090813}, "time_to_second_spike": {"0.1": 15.700000000094178, "0.2": 10.500000000092996, "0.4": 7.900000000092405, "0.8": 6.100000000091995}, "AP_height": {"0.1": 22.928658150986298, "0.2": 25.548617232885903, "0.4": 25.788496546270427, "0.8": 29.24022825533427}, "AP_width": {"0.1": 0.6000000000001364, "0.2": 0.6000000000001364, "0.4": 0.6000000000001364, "0.8": 0.6000000000001364}, "AP_amplitude": {"0.1": 78.90183881515257, "0.2": 80.87877882466019, "0.4": 97.62266711903116, "0.8": 101.07439882561863}, "voltage_base": {"0.1": -71.83404535467899, "0.2": -71.83404535467899, "0.4": -71.83404535467899, "0.8": -71.83404535467899}}}, "NetPyNE": {"L1_DAC_bNAC219_5": {"mean_frequency": {"0.1": 56.821038869651886, "0.2": 100.19538099300432, "0.4": 142.29882753792614, "0.8": 190.33308289519573}, "ISI_CV": {"0.1": 0.07332069035257524, "0.2": 0.05500676192038453, "0.4": 0.025225755272085985, "0.8": 0.011802773102877464}, "time_to_first_spike": {"0.1": 4.700000000091677, "0.2": 2.500000000091177, "0.4": 1.5000000000909495, "0.8": 0.900000000090813}, "time_to_second_spike": {"0.1": 15.800000000094201, "0.2": 10.700000000093041, "0.4": 8.000000000092427, "0.8": 6.200000000092018}, "AP_height": {"0.1": 21.331848617903386, "0.2": 21.899285967182, "0.4": 25.05937077640728, "0.8": 25.222447367329348}, "AP_width": {"0.1": 0.5000000000001137, "0.2": 0.5000000000001137, "0.4": 0.6000000000001364, "0.8": 0.7000000000001592}, "AP_amplitude": {"0.1": 77.4814051760503, "0.2": 77.29471588280462, "0.4": 96.89354111732588, "0.8": 97.0566177008607}, "voltage_base": {"0.1": -71.83404511711171, "0.2": -71.83404511711171, "0.4": -71.83404511711171, "0.8": -71.83404511711171}}}}