{"BBP": {"L4_NBC_cNAC187_2": {"mean_frequency": {"0.1": 42.73719141236749, "0.2": 65.87549029472439, "0.4": 98.42321984540177, "0.8": 149.4033891508084}, "ISI_CV": {"0.1": 0.02771248144964313, "0.2": 0.022718602914364165, "0.4": 0.013253679836413368, "0.8": 0.030006998778302648}, "time_to_first_spike": {"0.1": 7.100000000092223, "0.2": 3.500000000091404, "0.4": 1.9000000000910404, "0.8": 1.1000000000908585}, "time_to_second_spike": {"0.1": 28.400000000097066, "0.2": 16.50000000009436, "0.4": 10.400000000092973, "0.8": 7.300000000092268}, "AP_height": {"0.1": 18.209659527345067, "0.2": 20.94345067218615, "0.4": 23.472285445012425, "0.8": 23.885087359540385}, "AP_width": {"0.1": 0.8000000000001819, "0.2": 0.8000000000001819, "0.4": 0.8000000000001819, "0.8": 0.8000000000001819}, "AP_amplitude": {"0.1": 73.93706317810674, "0.2": 76.35505495618813, "0.4": 90.1227464789645, "0.8": 92.49308363951155}, "voltage_base": {"0.1": -68.60526264701738, "0.2": -68.60526264701738, "0.4": -68.60526264701738, "0.8": -68.60526264701738}}}, "NetPyNE": {"L4_NBC_cNAC187_2": {"mean_frequency": {"0.1": 42.59797534331852, "0.2": 65.6509972938203, "0.4": 98.03431200926988, "0.8": 148.87218045122899}, "ISI_CV": {"0.1": 0.02712937589745214, "0.2": 0.021750309831777958, "0.4": 0.012609700680615935, "0.8": 0.031392135446520766}, "time_to_first_spike": {"0.1": 7.2000000000922455, "0.2": 3.600000000091427, "0.4": 2.000000000091063, "0.8": 1.2000000000908813}, "time_to_second_spike": {"0.1": 28.60000000009711, "0.2": 16.600000000094383, "0.4": 10.600000000093019, "0.8": 7.400000000092291}, "AP_height": {"0.1": 18.18779232181508, "0.2": 21.274719774117848, "0.4": 23.546409094542547, "0.8": 25.63068929222941}, "AP_width": {"0.1": 0.8000000000001819, "0.2": 0.7000000000001592, "0.4": 0.7000000000001592, "0.8": 0.8000000000001819}, "AP_amplitude": {"0.1": 73.1034349482198, "0.2": 76.87215502114746, "0.4": 90.24386745964594, "0.8": 94.23868107998408}, "voltage_base": {"0.1": -68.60525814926137, "0.2": -68.60525814926137, "0.4": -68.60525814926137, "0.8": -68.60525814926137}}}}