{"BBP": {"L5_BP_bNAC219_2": {"mean_frequency": {"0.1": 91.77992878284985, "0.2": 148.41556357811928, "0.4": 221.16587440595472, "0.8": 327.3809523799951}, "ISI_CV": {"0.1": 0.02472553086905499, "0.2": 0.010921004213068736, "0.4": 0.015563733418670352, "0.8": 0.07450740834330573}, "time_to_first_spike": {"0.1": 5.600000000091882, "0.2": 2.3000000000911314, "0.4": 1.2000000000908813, "0.8": 0.7000000000907676}, "time_to_second_spike": {"0.1": 14.200000000093837, "0.2": 9.2000000000927, "0.4": 6.8000000000921546, "0.8": 5.200000000091791}, "AP_height": {"0.1": 13.237342648575405, "0.2": 17.450227124272242, "0.4": 20.416337162585076, "0.8": 22.78327409678212}, "AP_width": {"0.1": 0.6000000000001364, "0.2": 0.6000000000001364, "0.4": 0.6000000000001364, "0.8": 0.7000000000001592}, "AP_amplitude": {"0.1": 70.06554254785995, "0.2": 86.30280778198657, "0.4": 89.26891781816019, "0.8": 91.63585474807893}, "voltage_base": {"0.1": -68.85247036881154, "0.2": -68.85247036881154, "0.4": -68.85247036881154, "0.8": -68.85247036881154}}}, "NetPyNE": {"L5_BP_bNAC219_2": {"mean_frequency": {"0.1": 91.89053477284673, "0.2": 147.75857751074406, "0.4": 218.44781802710372, "0.8": 320.5128205118168}, "ISI_CV": {"0.1": 0.024054129230612346, "0.2": 0.011231294066871967, "0.4": 0.013647253311120735, "0.8": 0.07733031293247383}, "time_to_first_spike": {"0.1": 5.700000000091904, "0.2": 2.400000000091154, "0.4": 1.300000000090904, "0.8": 0.8000000000907903}, "time_to_second_spike": {"0.1": 14.30000000009386, "0.2": 9.400000000092746, "0.4": 6.900000000092177, "0.8": 5.3000000000918135}, "AP_height": {"0.1": 12.749174658321747, "0.2": 16.440064861420854, "0.4": 17.69875463361699, "0.8": 20.817372260546552}, "AP_width": {"0.1": 0.6000000000001364, "0.2": 0.6000000000001364, "0.4": 0.7000000000001592, "0.8": 0.7000000000001592}, "AP_amplitude": {"0.1": 68.69249446811686, "0.2": 85.29264547082386, "0.4": 86.5513350568472, "0.8": 89.66995292913626}, "voltage_base": {"0.1": -68.85247038516744, "0.2": -68.85247038516744, "0.4": -68.85247038516744, "0.8": -68.85247038516744}}}}