{"BBP": {"L23_NGC_bNAC219_3": {"mean_frequency": {"0.1": 31.20124804994317, "0.2": 88.12778528872848, "0.4": 159.33460266570603, "0.8": 238.09523809347178}, "ISI_CV": {"0.1": 0.1503179446005485, "0.2": 0.02647260446831628, "0.4": 0.014665891377425697, "0.8": 0}, "time_to_first_spike": {"0.1": 13.900000000093769, "0.2": 6.500000000092086, "0.4": 3.200000000091336, "0.8": 1.8000000000910177}, "time_to_second_spike": {"0.1": 27.200000000096793, "0.2": 15.800000000094201, "0.4": 10.500000000092996, "0.8": 7.700000000092359}, "AP_height": {"0.1": -0.45982063919229854, "0.2": 3.2682095154528943, "0.4": 7.937831495975142, "0.8": 11.88583495791429}, "AP_width": {"0.1": 0.7000000000001592, "0.2": 0.7000000000001592, "0.4": 0.7000000000001592, "0.8": 0.8000000000001819}, "AP_amplitude": {"0.1": 55.28260499814646, "0.2": 58.90238192234287, "0.4": 62.664167973997195, "0.8": 81.53957794415325}, "voltage_base": {"0.1": -69.65362332642165, "0.2": -69.65362332642165, "0.4": -69.65362332642165, "0.8": -69.65362332642165}}}, "NetPyNE": {"L23_NGC_bNAC219_3": {"mean_frequency": {"0.1": 31.235830520450428, "0.2": 88.16751828480093, "0.4": 158.06322529022353, "0.8": 234.37499999828762}, "ISI_CV": {"0.1": 0.15025212334384974, "0.2": 0.02610225015400478, "0.4": 0.01387130391173105, "0.8": 0}, "time_to_first_spike": {"0.1": 14.000000000093792, "0.2": 6.500000000092086, "0.4": 3.3000000000913587, "0.8": 1.8000000000910177}, "time_to_second_spike": {"0.1": 27.300000000096816, "0.2": 15.900000000094224, "0.4": 10.600000000093019, "0.8": 7.800000000092382}, "AP_height": {"0.1": -0.6961097793673348, "0.2": 2.7998881494557697, "0.4": 8.536814362939527, "0.8": 11.624368565337734}, "AP_width": {"0.1": 0.7000000000001592, "0.2": 0.7000000000001592, "0.4": 0.8000000000001819, "0.8": 0.8000000000001819}, "AP_amplitude": {"0.1": 54.608454498421466, "0.2": 58.72131098665112, "0.4": 63.69731992636008, "0.8": 81.27811138997963}, "voltage_base": {"0.1": -69.65362316401169, "0.2": -69.65362316401169, "0.4": -69.65362316401169, "0.8": -69.65362316401169}}}}