{"BBP": {"L6_SBC_dNAC222_5": {"mean_frequency": {"0.1": 28.6230792407546, "0.2": 66.63660504037797, "0.4": 109.80195537736215, "0.8": 190.99316445525247}, "ISI_CV": {"0.1": 0.08240847869262985, "0.2": 0.02226728508299501, "0.4": 0.03425972886923223, "0.8": 0.15484247716028768}, "time_to_first_spike": {"0.1": 19.80000000009511, "0.2": 5.500000000091859, "0.4": 2.400000000091154, "0.8": 1.300000000090904}, "time_to_second_spike": {"0.1": 63.400000000105024, "0.2": 18.900000000094906, "0.4": 10.700000000093041, "0.8": 7.2000000000922455}, "AP_height": {"0.1": 12.155237740817885, "0.2": 16.647259381469425, "0.4": 18.724899289243574, "0.8": 24.474374961704868}, "AP_width": {"0.1": 0.7000000000001592, "0.2": 0.7000000000001592, "0.4": 0.8000000000001819, "0.8": 0.7000000000001592}, "AP_amplitude": {"0.1": 68.0997043116054, "0.2": 73.48146626886131, "0.4": 92.06515495327025, "0.8": 97.81463062335631}, "voltage_base": {"0.1": -73.33614742824092, "0.2": -73.33614742824092, "0.4": -73.33614742824092, "0.8": -73.33614742824092}}}, "NetPyNE": {"L6_SBC_dNAC222_5": {"mean_frequency": {"0.1": 28.442277413803588, "0.2": 66.26506024100885, "0.4": 109.24580305695221, "0.8": 189.125295508353}, "ISI_CV": {"0.1": 0.08296200011490545, "0.2": 0.02314522670865871, "0.4": 0.035550559283035243, "0.8": 0.15214817957117976}, "time_to_first_spike": {"0.1": 20.000000000095156, "0.2": 5.600000000091882, "0.4": 2.500000000091177, "0.8": 1.300000000090904}, "time_to_second_spike": {"0.1": 64.00000000010516, "0.2": 19.10000000009495, "0.4": 10.800000000093064, "0.8": 7.300000000092268}, "AP_height": {"0.1": 12.531769727431403, "0.2": 15.354624518700087, "0.4": 21.689145194168333, "0.8": 25.304109114765335}, "AP_width": {"0.1": 0.7000000000001592, "0.2": 0.7000000000001592, "0.4": 0.7000000000001592, "0.8": 0.8000000000001819}, "AP_amplitude": {"0.1": 67.9627966309074, "0.2": 71.65038720371088, "0.4": 95.02939344677058, "0.8": 98.64435733428539}, "voltage_base": {"0.1": -73.3361399614993, "0.2": -73.3361399614993, "0.4": -73.3361399614993, "0.8": -73.3361399614993}}}}