{"BBP": {"L1_NGC-SA_cNAC187_2": {"mean_frequency": {"0.1": 34.87138019914426, "0.2": 54.495912806576456, "0.4": 81.41112618730087, "0.8": 120.75358252338098}, "ISI_CV": {"0.1": 0.04804002919291256, "0.2": 0.04313231794061676, "0.4": 0.031404834780024725, "0.8": 0.012372570147668183}, "time_to_first_spike": {"0.1": 9.100000000092678, "0.2": 4.500000000091632, "0.4": 2.500000000091177, "0.8": 1.5000000000909495}, "time_to_second_spike": {"0.1": 34.80000000009852, "0.2": 20.2000000000952, "0.4": 12.600000000093473, "0.8": 8.600000000092564}, "AP_height": {"0.1": 15.385486161621444, "0.2": 19.590832366419853, "0.4": 22.227057161534358, "0.8": 24.41685034102635}, "AP_width": {"0.1": 0.8000000000001819, "0.2": 0.7000000000001592, "0.4": 0.7000000000001592, "0.8": 0.8000000000001819}, "AP_amplitude": {"0.1": 71.25714304570002, "0.2": 75.20714244239774, "0.4": 77.4192981079261, "0.8": 93.4168630829548}, "voltage_base": {"0.1": -68.99693751114069, "0.2": -68.99693751114069, "0.4": -68.99693751114069, "0.8": -68.99693751114069}}}, "NetPyNE": {"L1_NGC-SA_cNAC187_2": {"mean_frequency": {"0.1": 34.746701581250285, "0.2": 54.30410297670621, "0.4": 81.10949782211492, "0.8": 120.21036814433414}, "ISI_CV": {"0.1": 0.0474764931917241, "0.2": 0.04207638100106994, "0.4": 0.02990541001339917, "0.8": 0.012622164225288671}, "time_to_first_spike": {"0.1": 9.2000000000927, "0.2": 4.600000000091654, "0.4": 2.6000000000911996, "0.8": 1.6000000000909722}, "time_to_second_spike": {"0.1": 35.10000000009859, "0.2": 20.400000000095247, "0.4": 12.700000000093496, "0.8": 8.700000000092587}, "AP_height": {"0.1": 15.787886667271907, "0.2": 19.244208993605017, "0.4": 20.57832785041552, "0.8": 20.934955016159176}, "AP_width": {"0.1": 0.8000000000001819, "0.2": 0.7000000000001592, "0.4": 0.8000000000001819, "0.8": 0.8000000000001819}, "AP_amplitude": {"0.1": 71.14325476092813, "0.2": 73.80499545918484, "0.4": 74.75370419773692, "0.8": 89.93496256190345}, "voltage_base": {"0.1": -68.99693230874935, "0.2": -68.99693230874935, "0.4": -68.99693230874935, "0.8": -68.99693230874935}}}}