{"BBP": {"L5_LBC_dNAC222_3": {"mean_frequency": {"0.1": 40.8039897234673, "0.2": 71.38907043391302, "0.4": 109.12003203531295, "0.8": 169.82266305992906}, "ISI_CV": {"0.1": 0.017867437413664148, "0.2": 0.018187952055092594, "0.4": 0.013124354853283272, "0.8": 0.05257574202639711}, "time_to_first_spike": {"0.1": 8.500000000092541, "0.2": 3.600000000091427, "0.4": 1.9000000000910404, "0.8": 1.1000000000908585}, "time_to_second_spike": {"0.1": 31.300000000097725, "0.2": 15.300000000094087, "0.4": 9.800000000092837, "0.8": 6.8000000000921546}, "AP_height": {"0.1": 19.93743118707042, "0.2": 21.73873651149917, "0.4": 24.20383193221733, "0.8": 26.308106147568303}, "AP_width": {"0.1": 0.6000000000001364, "0.2": 0.7000000000001592, "0.4": 0.7000000000001592, "0.8": 0.7000000000001592}, "AP_amplitude": {"0.1": 76.73797953472025, "0.2": 77.31356137136791, "0.4": 97.20624005390822, "0.8": 99.31051426668759}, "voltage_base": {"0.1": -72.99823162147939, "0.2": -72.99823162147939, "0.4": -72.99823162147939, "0.8": -72.99823162147939}}}, "NetPyNE": {"L5_LBC_dNAC222_3": {"mean_frequency": {"0.1": 40.56084126192041, "0.2": 71.00055390507863, "0.4": 108.50000000007378, "0.8": 169.10146087664089}, "ISI_CV": {"0.1": 0.017398216770448328, "0.2": 0.017559242177588395, "0.4": 0.013555285777653628, "0.8": 0.05439977878007448}, "time_to_first_spike": {"0.1": 8.600000000092564, "0.2": 3.7000000000914497, "0.4": 1.9000000000910404, "0.8": 1.1000000000908585}, "time_to_second_spike": {"0.1": 31.600000000097793, "0.2": 15.500000000094133, "0.4": 9.90000000009286, "0.8": 6.900000000092177}, "AP_height": {"0.1": 19.04712717391767, "0.2": 19.696482870057515, "0.4": 25.619202335463047, "0.8": 29.33882313911111}, "AP_width": {"0.1": 0.7000000000001592, "0.2": 0.7000000000001592, "0.4": 0.7000000000001592, "0.8": 0.8000000000001819}, "AP_amplitude": {"0.1": 75.52935172089497, "0.2": 75.64666985132759, "0.4": 98.62160235703419, "0.8": 102.34122312647833}, "voltage_base": {"0.1": -72.9982234646972, "0.2": -72.9982234646972, "0.4": -72.9982234646972, "0.8": -72.9982234646972}}}}