{"BBP": {"L23_MC_bNAC219_4": {"mean_frequency": {"0.1": 35.50595992901211, "0.2": 83.17049952408077, "0.4": 129.42710946130995, "0.8": 188.7170245783933}, "ISI_CV": {"0.1": 0.10433222267362353, "0.2": 0.026252055842684918, "0.4": 0.015414370738052895, "0.8": 0.01273324437738788}, "time_to_first_spike": {"0.1": 8.80000000009261, "0.2": 4.100000000091541, "0.4": 2.100000000091086, "0.8": 1.2000000000908813}, "time_to_second_spike": {"0.1": 23.700000000095997, "0.2": 13.700000000093723, "0.4": 9.2000000000927, "0.8": 6.8000000000921546}, "AP_height": {"0.1": 13.10736626090395, "0.2": 15.183516604630503, "0.4": 16.9066852299255, "0.8": 19.763706890609573}, "AP_width": {"0.1": 0.6000000000001364, "0.2": 0.7000000000001592, "0.4": 0.7000000000001592, "0.8": 0.7000000000001592}, "AP_amplitude": {"0.1": 68.0882863248131, "0.2": 70.21278730420855, "0.4": 87.4472132179416, "0.8": 90.30423487658696}, "voltage_base": {"0.1": -70.54039870661195, "0.2": -70.54039870661195, "0.4": -70.54039870661195, "0.8": -70.54039870661195}}}, "NetPyNE": {"L23_MC_bNAC219_4": {"mean_frequency": {"0.1": 35.40539173539397, "0.2": 82.76069619306419, "0.4": 128.4947046128464, "0.8": 186.98616402659587}, "ISI_CV": {"0.1": 0.10423093085813522, "0.2": 0.02611968608933363, "0.4": 0.014853295966977409, "0.8": 0.011399282366543922}, "time_to_first_spike": {"0.1": 8.900000000092632, "0.2": 4.100000000091541, "0.4": 2.100000000091086, "0.8": 1.2000000000908813}, "time_to_second_spike": {"0.1": 23.900000000096043, "0.2": 13.900000000093769, "0.4": 9.300000000092723, "0.8": 6.900000000092177}, "AP_height": {"0.1": 12.797245034796003, "0.2": 14.19973501317865, "0.4": 19.54353789754383, "0.8": 22.23403802079992}, "AP_width": {"0.1": 0.6000000000001364, "0.2": 0.7000000000001592, "0.4": 0.7000000000001592, "0.8": 0.7000000000001592}, "AP_amplitude": {"0.1": 66.75681286087257, "0.2": 69.46772195947801, "0.4": 90.08406568052845, "0.8": 92.77456590913951}, "voltage_base": {"0.1": -70.54039860810389, "0.2": -70.54039860810389, "0.4": -70.54039860810389, "0.8": -70.54039860810389}}}}