{"BBP": {"L4_ChC_cACint209_5": {"mean_frequency": {"0.1": 26.36649427037582, "0.2": 41.59150130289457, "0.4": 73.02578565677798, "0.8": 140.65472019230705}, "ISI_CV": {"0.1": 0.24134532865566974, "0.2": 0.2209695105840194, "0.4": 0.17179732761984076, "0.8": 0.1025964732761623}, "time_to_first_spike": {"0.1": 11.900000000093314, "0.2": 5.600000000091882, "0.4": 2.800000000091245, "0.8": 1.5000000000909495}, "time_to_second_spike": {"0.1": 28.000000000096975, "0.2": 16.300000000094315, "0.4": 10.700000000093041, "0.8": 7.6000000000923364}, "AP_height": {"0.1": 25.173533968277585, "0.2": 29.429684888740816, "0.4": 32.19807753780686, "0.8": 31.821506398522356}, "AP_width": {"0.1": 0.9000000000002046, "0.2": 0.9000000000002046, "0.4": 0.9000000000002046, "0.8": 1.0000000000002274}, "AP_amplitude": {"0.1": 79.58585541180636, "0.2": 84.86603411484984, "0.4": 86.67233388202169, "0.8": 102.6180659998136}, "voltage_base": {"0.1": -70.7959305541522, "0.2": -70.7959305541522, "0.4": -70.7959305541522, "0.8": -70.7959305541522}}}, "NetPyNE": {"L4_ChC_cACint209_5": {"mean_frequency": {"0.1": 26.345121086247445, "0.2": 41.58733340016855, "0.4": 73.11332565481459, "0.8": 141.28256513035655}, "ISI_CV": {"0.1": 0.24119137934169627, "0.2": 0.22091394667932157, "0.4": 0.17019116019235392, "0.8": 0.10116719256799606}, "time_to_first_spike": {"0.1": 12.000000000093337, "0.2": 5.700000000091904, "0.4": 2.900000000091268, "0.8": 1.6000000000909722}, "time_to_second_spike": {"0.1": 28.20000000009702, "0.2": 16.400000000094337, "0.4": 10.900000000093087, "0.8": 7.700000000092359}, "AP_height": {"0.1": 26.387562469737134, "0.2": 29.120883633725956, "0.4": 31.64385611044639, "0.8": 34.1058371994285}, "AP_width": {"0.1": 0.8000000000001819, "0.2": 0.8000000000001819, "0.4": 0.9000000000002046, "0.8": 0.9000000000002046}, "AP_amplitude": {"0.1": 80.42259846522086, "0.2": 83.88264815214093, "0.4": 86.45316766851352, "0.8": 104.90239587520509}, "voltage_base": {"0.1": -70.79592962161274, "0.2": -70.79592962161274, "0.4": -70.79592962161274, "0.8": -70.79592962161274}}}}