{"BBP": {"L23_BTC_bIR215_3": {"mean_frequency": {"0.1": 0, "0.2": 2.3612750885486844, "0.4": 11.474469305802296, "0.8": 18.118677336566726}, "ISI_CV": {"0.1": 0, "0.2": 0, "0.4": 0.3026934052172713, "0.8": 0.3171413485574783}, "time_to_first_spike": {"0.1": 0, "0.2": 13.300000000093632, "0.4": 4.100000000091541, "0.8": 2.100000000091086}, "time_to_second_spike": {"0.1": 0, "0.2": 846.9999999996885, "0.4": 26.40000000009661, "0.8": 15.800000000094201}, "AP_height": {"0.1": 0, "0.2": 17.221856995689798, "0.4": 28.66412434429343, "0.8": 26.781060237206486}, "AP_width": {"0.1": 0, "0.2": 0.5000000000001137, "0.4": 0.6000000000001364, "0.8": 0.5000000000001137}, "AP_amplitude": {"0.1": 0, "0.2": 73.6694268065198, "0.4": 84.86869905710374, "0.8": 101.49384187545436}, "voltage_base": {"0.1": -74.69804226960662, "0.2": -74.69804226960662, "0.4": -74.69804226960662, "0.8": -74.69804226960662}}}, "NetPyNE": {"L23_BTC_bIR215_3": {"mean_frequency": {"0.1": 0, "0.2": 0, "0.4": 10.030593309601077, "0.8": 16.909202705483835}, "ISI_CV": {"0.1": 0, "0.2": 0, "0.4": 0.2448054444103413, "0.8": 0.26372276091105423}, "time_to_first_spike": {"0.1": 0, "0.2": 0, "0.4": 4.600000000091654, "0.8": 2.2000000000911086}, "time_to_second_spike": {"0.1": 0, "0.2": 0, "0.4": 29.30000000009727, "0.8": 16.80000000009443}, "AP_height": {"0.1": 0, "0.2": 0, "0.4": 27.482357779019807, "0.8": 25.856274978127868}, "AP_width": {"0.1": 0, "0.2": 0, "0.4": 0.5000000000001137, "0.8": 0.5000000000001137}, "AP_amplitude": {"0.1": 0, "0.2": 0, "0.4": 83.93060467491964, "0.8": 102.10146796585846}, "voltage_base": {"0.1": -76.24342267355357, "0.2": -76.24342267355357, "0.4": -76.24342267355357, "0.8": -76.24342267355357}}}}