{"BBP": {"L6_LBC_bAC217_3": {"mean_frequency": {"0.1": 0, "0.2": 8.050665521688465, "0.4": 13.00593070440993, "0.8": 17.913808987625966}, "ISI_CV": {"0.1": 0, "0.2": 0.29248467680147616, "0.4": 0.3235740604393999, "0.8": 0.3192464366981434}, "time_to_first_spike": {"0.1": 0, "0.2": 16.10000000009427, "0.4": 4.200000000091563, "0.8": 2.100000000091086}, "time_to_second_spike": {"0.1": 0, "0.2": 53.70000000010282, "0.4": 27.200000000096793, "0.8": 13.800000000093746}, "AP_height": {"0.1": 0, "0.2": 8.43064642071474, "0.4": 21.445280726145256, "0.8": 26.19864250852749}, "AP_width": {"0.1": 0, "0.2": 0.6000000000001364, "0.4": 0.6000000000001364, "0.8": 0.6000000000001364}, "AP_amplitude": {"0.1": 0, "0.2": 58.423937638210674, "0.4": 74.57051230417329, "0.8": 96.26211735322133}, "voltage_base": {"0.1": -70.06084897656808, "0.2": -70.06084897656808, "0.4": -70.06084897656808, "0.8": -70.06084897656808}}}, "NetPyNE": {"L6_LBC_bAC217_3": {"mean_frequency": {"0.1": 0, "0.2": 7.936927879787291, "0.4": 12.817226352226022, "0.8": 17.658930373372215}, "ISI_CV": {"0.1": 0, "0.2": 0.2905005953154712, "0.4": 0.32056336251022277, "0.8": 0.3159738322271914}, "time_to_first_spike": {"0.1": 0, "0.2": 16.300000000094315, "0.4": 4.300000000091586, "0.8": 2.2000000000911086}, "time_to_second_spike": {"0.1": 0, "0.2": 54.20000000010293, "0.4": 27.40000000009684, "0.8": 14.000000000093792}, "AP_height": {"0.1": 0, "0.2": 8.870213712650129, "0.4": 20.75827417715304, "0.8": 24.907265898122994}, "AP_width": {"0.1": 0, "0.2": 0.5000000000001137, "0.4": 0.6000000000001364, "0.8": 0.6000000000001364}, "AP_amplitude": {"0.1": 0, "0.2": 59.28762026560979, "0.4": 74.4416226693057, "0.8": 94.9707367943519}, "voltage_base": {"0.1": -70.06084501385854, "0.2": -70.06084501385854, "0.4": -70.06084501385854, "0.8": -70.06084501385854}}}}