{"BBP": {"L6_NBC_cIR216_2": {"mean_frequency": {"0.1": 0, "0.2": 21.289537712909787, "0.4": 39.846665994176114, "0.8": 90.32970341753513}, "ISI_CV": {"0.1": 0, "0.2": 0.370474133553408, "0.4": 0.2243662913566352, "0.8": 0.10238779198136122}, "time_to_first_spike": {"0.1": 0, "0.2": 12.50000000009345, "0.4": 3.900000000091495, "0.8": 1.5000000000909495}, "time_to_second_spike": {"0.1": 0, "0.2": 29.500000000097316, "0.4": 12.700000000093496, "0.8": 8.000000000092427}, "AP_height": {"0.1": 0, "0.2": 30.692334027824415, "0.4": 34.95426550652974, "0.8": 36.87087239975227}, "AP_width": {"0.1": 0, "0.2": 0.8000000000001819, "0.4": 0.9000000000002046, "0.8": 1.0000000000002274}, "AP_amplitude": {"0.1": 0, "0.2": 85.09743433230412, "0.4": 111.88597294872439, "0.8": 113.31045357206538}, "voltage_base": {"0.1": -76.29914657005945, "0.2": -76.29914657005945, "0.4": -76.29914657005945, "0.8": -76.29914657005945}}}, "NetPyNE": {"L6_NBC_cIR216_2": {"mean_frequency": {"0.1": 0, "0.2": 21.888521252241826, "0.4": 40.548658390095646, "0.8": 90.58152337109551}, "ISI_CV": {"0.1": 0, "0.2": 0.22774619569323923, "0.4": 0.17772702601532536, "0.8": 0.09102086693452917}, "time_to_first_spike": {"0.1": 0, "0.2": 12.200000000093382, "0.4": 4.000000000091518, "0.8": 1.6000000000909722}, "time_to_second_spike": {"0.1": 0, "0.2": 28.60000000009711, "0.4": 12.600000000093473, "0.8": 8.10000000009245}, "AP_height": {"0.1": 0, "0.2": 26.32764820449644, "0.4": 32.458133993559365, "0.8": 36.47958669396568}, "AP_width": {"0.1": 0, "0.2": 0.8000000000001819, "0.4": 0.8000000000001819, "0.8": 1.0000000000002274}, "AP_amplitude": {"0.1": 0, "0.2": 80.7452844289682, "0.4": 109.41561018634403, "0.8": 113.43706295536472}, "voltage_base": {"0.1": -76.95736044128725, "0.2": -76.95736044128725, "0.4": -76.95736044128725, "0.8": -76.95736044128725}}}}