{"BBP": {"L5_BTC_bAC217_5": {"mean_frequency": {"0.1": 1.65489849955978, "0.2": 9.11900298901271, "0.4": 14.022331861863476, "0.8": 19.54631963377686}, "ISI_CV": {"0.1": 0, "0.2": 0.30896950435811493, "0.4": 0.3252350544721691, "0.8": 0.33214570902304913}, "time_to_first_spike": {"0.1": 391.6000000001027, "0.2": 9.500000000092768, "0.4": 3.7000000000914497, "0.8": 1.9000000000910404}, "time_to_second_spike": {"0.1": 1019.4999999995316, "0.2": 40.90000000009991, "0.4": 22.00000000009561, "0.8": 13.20000000009361}, "AP_height": {"0.1": 13.744241380395186, "0.2": 18.322168817067134, "0.4": 21.556100408443363, "0.8": 25.08633674204872}, "AP_width": {"0.1": 0.49999999999954525, "0.2": 0.5000000000001137, "0.4": 0.6000000000001364, "0.8": 0.6000000000001364}, "AP_amplitude": {"0.1": 68.57700599895003, "0.2": 73.80067134659384, "0.4": 77.67797968182299, "0.8": 94.61808298131702}, "voltage_base": {"0.1": -69.52921205351255, "0.2": -69.52921205351255, "0.4": -69.52921205351255, "0.8": -69.52921205351255}}}, "NetPyNE": {"L5_BTC_bAC217_5": {"mean_frequency": {"0.1": 1.6402405686178108, "0.2": 9.111373137534184, "0.4": 13.807210432123867, "0.8": 19.18319955577049}, "ISI_CV": {"0.1": 0, "0.2": 0.3183698613193369, "0.4": 0.32365176537710094, "0.8": 0.33095431199000697}, "time_to_first_spike": {"0.1": 392.40000000010195, "0.2": 9.600000000092791, "0.4": 3.8000000000914724, "0.8": 1.9000000000910404}, "time_to_second_spike": {"0.1": 1028.0999999995238, "0.2": 41.200000000099976, "0.4": 22.30000000009568, "0.8": 13.400000000093655}, "AP_height": {"0.1": 11.777924560902466, "0.2": 16.731310821928137, "0.4": 22.001419526248597, "0.8": 23.049306062785877}, "AP_width": {"0.1": 0.5999999999994543, "0.2": 0.6000000000001364, "0.4": 0.6000000000001364, "0.8": 0.6000000000001364}, "AP_amplitude": {"0.1": 66.83302636245404, "0.2": 71.9182540099429, "0.4": 77.32873849520536, "0.8": 92.58104817907407}, "voltage_base": {"0.1": -69.5292079172703, "0.2": -69.5292079172703, "0.4": -69.5292079172703, "0.8": -69.5292079172703}}}}