{"BBP": {"L23_ChC_dNAC222_5": {"mean_frequency": {"0.1": 29.614013953741942, "0.2": 66.311664824721, "0.4": 108.29238945159268, "0.8": 174.2701186840786}, "ISI_CV": {"0.1": 0.07335819377122689, "0.2": 0.017052985961273418, "0.4": 0.02423495527274916, "0.8": 0.06707123918713581}, "time_to_first_spike": {"0.1": 18.900000000094906, "0.2": 5.100000000091768, "0.4": 2.100000000091086, "0.8": 1.0000000000908358}, "time_to_second_spike": {"0.1": 60.100000000104274, "0.2": 18.500000000094815, "0.4": 10.100000000092905, "0.8": 6.8000000000921546}, "AP_height": {"0.1": 15.094525338589715, "0.2": 20.385220421065384, "0.4": 21.806433271374516, "0.8": 25.092616630536384}, "AP_width": {"0.1": 0.7000000000001592, "0.2": 0.7000000000001592, "0.4": 0.8000000000001819, "0.8": 0.8000000000001819}, "AP_amplitude": {"0.1": 71.0745514725234, "0.2": 76.17311845419235, "0.4": 95.42727863155149, "0.8": 98.71346198793579}, "voltage_base": {"0.1": -73.6166285888043, "0.2": -73.6166285888043, "0.4": -73.6166285888043, "0.8": -73.6166285888043}}}, "NetPyNE": {"L23_ChC_dNAC222_5": {"mean_frequency": {"0.1": 29.456576942630388, "0.2": 66.0165041260764, "0.4": 107.78022859441853, "0.8": 173.67367367379174}, "ISI_CV": {"0.1": 0.07414874340749025, "0.2": 0.017567458035331843, "0.4": 0.024981467335626416, "0.8": 0.06909126604686226}, "time_to_first_spike": {"0.1": 19.00000000009493, "0.2": 5.200000000091791, "0.4": 2.100000000091086, "0.8": 1.1000000000908585}, "time_to_second_spike": {"0.1": 60.500000000104365, "0.2": 18.70000000009486, "0.4": 10.200000000092928, "0.8": 7.0000000000922}, "AP_height": {"0.1": 14.181653777987416, "0.2": 19.842693485497797, "0.4": 25.675313411230576, "0.8": 29.034181363170635}, "AP_width": {"0.1": 0.7000000000001592, "0.2": 0.7000000000001592, "0.4": 0.7000000000001592, "0.8": 0.8000000000001819}, "AP_amplitude": {"0.1": 68.84870093246371, "0.2": 76.15570278178453, "0.4": 99.29615086752065, "0.8": 102.65501880783822}, "voltage_base": {"0.1": -73.61662064939871, "0.2": -73.61662064939871, "0.4": -73.61662064939871, "0.8": -73.61662064939871}}}}