{"BBP": {"L4_BP_bAC217_1": {"mean_frequency": {"0.1": 13.51702625423314, "0.2": 19.019019019031948, "0.4": 27.35423737401173, "0.8": 44.63153623779457}, "ISI_CV": {"0.1": 0.3056465555723653, "0.2": 0.3036369172645818, "0.4": 0.3076900680387911, "0.8": 0.30697965046684467}, "time_to_first_spike": {"0.1": 1.700000000090995, "0.2": 1.1000000000908585, "0.4": 0.7000000000907676, "0.8": 0.40000000009069936}, "time_to_second_spike": {"0.1": 18.600000000094838, "0.2": 12.50000000009345, "0.4": 8.80000000009261, "0.8": 6.600000000092109}, "AP_height": {"0.1": 29.282524490983544, "0.2": 33.12317215868109, "0.4": 34.172505822370674, "0.8": 40.11722660370015}, "AP_width": {"0.1": 0.5000000000001137, "0.2": 0.6000000000001364, "0.4": 0.6000000000001364, "0.8": 0.6000000000001364}, "AP_amplitude": {"0.1": 100.9695496612561, "0.2": 104.81019732699983, "0.4": 105.85953098678195, "0.8": 111.80425176029763}, "voltage_base": {"0.1": -71.68380377767811, "0.2": -71.68380377767811, "0.4": -71.68380377767811, "0.8": -71.68380377767811}}}, "NetPyNE": {"L4_BP_bAC217_1": {"mean_frequency": {"0.1": 13.313533719093419, "0.2": 18.820896281614026, "0.4": 27.038057341105905, "0.8": 43.58717434872702}, "ISI_CV": {"0.1": 0.3035989813314386, "0.2": 0.30647091512941166, "0.4": 0.3087688688439568, "0.8": 0.30724820974523065}, "time_to_first_spike": {"0.1": 1.8000000000910177, "0.2": 1.1000000000908585, "0.4": 0.7000000000907676, "0.8": 0.40000000009069936}, "time_to_second_spike": {"0.1": 18.900000000094906, "0.2": 12.600000000093473, "0.4": 8.900000000092632, "0.8": 6.700000000092132}, "AP_height": {"0.1": 34.91416029612746, "0.2": 36.55331638571314, "0.4": 37.76862043440945, "0.8": 36.81154357439733}, "AP_width": {"0.1": 0.6000000000001364, "0.2": 0.6000000000001364, "0.4": 0.6000000000001364, "0.8": 0.6000000000001364}, "AP_amplitude": {"0.1": 106.60118014408441, "0.2": 108.24033611920305, "0.4": 109.4556404152251, "0.8": 108.49856353478211}, "voltage_base": {"0.1": -71.68379856123939, "0.2": -71.68379856123939, "0.4": -71.68379856123939, "0.8": -71.68379856123939}}}}