{"BBP": {"L4_LBC_dNAC222_1": {"mean_frequency": {"0.1": 35.13879825312361, "0.2": 62.27087832073731, "0.4": 94.1223590668508, "0.8": 140.09806864814888}, "ISI_CV": {"0.1": 0.03758547173311605, "0.2": 0.0404820683213796, "0.4": 0.030643278058899902, "0.8": 0.0170434738451116}, "time_to_first_spike": {"0.1": 8.80000000009261, "0.2": 3.600000000091427, "0.4": 1.9000000000910404, "0.8": 1.1000000000908585}, "time_to_second_spike": {"0.1": 34.7000000000985, "0.2": 16.80000000009443, "0.4": 10.400000000092973, "0.8": 7.300000000092268}, "AP_height": {"0.1": 18.42589713042381, "0.2": 26.623837446073473, "0.4": 28.71172704181709, "0.8": 31.101830910405585}, "AP_width": {"0.1": 0.7000000000001592, "0.2": 0.7000000000001592, "0.4": 0.7000000000001592, "0.8": 0.8000000000001819}, "AP_amplitude": {"0.1": 74.31744926917699, "0.2": 82.3658073893026, "0.4": 101.53863582061935, "0.8": 103.92873968702294}, "voltage_base": {"0.1": -72.8225713141876, "0.2": -72.8225713141876, "0.4": -72.8225713141876, "0.8": -72.8225713141876}}}, "NetPyNE": {"L4_LBC_dNAC222_1": {"mean_frequency": {"0.1": 34.98808376859525, "0.2": 62.01159566427195, "0.4": 93.72024257010328, "0.8": 139.33440256625346}, "ISI_CV": {"0.1": 0.0368142353598578, "0.2": 0.039605645073017864, "0.4": 0.029216164726025083, "0.8": 0.017600179361062784}, "time_to_first_spike": {"0.1": 8.900000000092632, "0.2": 3.7000000000914497, "0.4": 2.000000000091063, "0.8": 1.1000000000908585}, "time_to_second_spike": {"0.1": 35.00000000009857, "0.2": 17.000000000094474, "0.4": 10.500000000092996, "0.8": 7.400000000092291}, "AP_height": {"0.1": 20.92436722520657, "0.2": 25.56244690215717, "0.4": 24.076572143422478, "0.8": 27.032189020391414}, "AP_width": {"0.1": 0.6000000000001364, "0.2": 0.7000000000001592, "0.4": 0.8000000000001819, "0.8": 0.8000000000001819}, "AP_amplitude": {"0.1": 76.36331664907436, "0.2": 81.60994695011638, "0.4": 96.90347174275763, "0.8": 99.85908863420904}, "voltage_base": {"0.1": -72.82256212477336, "0.2": -72.82256212477336, "0.4": -72.82256212477336, "0.8": -72.82256212477336}}}}