{"BBP": {"L4_PC_cADpyr230_4": {"mean_frequency": {"0.1": 0, "0.2": 5.124525981350181, "0.4": 8.249548852802665, "0.8": 16.5041260315191}, "ISI_CV": {"0.1": 0, "0.2": 0.20487461186147043, "0.4": 0.25722504406272845, "0.8": 0.18421131761686993}, "time_to_first_spike": {"0.1": 0, "0.2": 32.800000000098066, "0.4": 11.700000000093269, "0.8": 4.500000000091632}, "time_to_second_spike": {"0.1": 0, "0.2": 80.20000000010884, "0.4": 35.00000000009857, "0.8": 19.200000000094974}, "AP_height": {"0.1": 0, "0.2": 27.29185966488406, "0.4": 30.014191624958823, "0.8": 34.587440198793544}, "AP_width": {"0.1": 0, "0.2": 0.9000000000002046, "0.4": 1.0000000000002274, "0.8": 0.9000000000002046}, "AP_amplitude": {"0.1": 0, "0.2": 83.13887297006416, "0.4": 85.17287217932405, "0.8": 90.86390370042479}, "voltage_base": {"0.1": -72.6767703367702, "0.2": -72.6767703367702, "0.4": -72.6767703367702, "0.8": -72.6767703367702}}}, "NetPyNE": {"L4_PC_cADpyr230_4": {"mean_frequency": {"0.1": 0, "0.2": 5.105687736141506, "0.4": 8.210180623979262, "0.8": 16.39092352610848}, "ISI_CV": {"0.1": 0, "0.2": 0.20250255139374645, "0.4": 0.2552162249853245, "0.8": 0.18614106088485094}, "time_to_first_spike": {"0.1": 0, "0.2": 33.00000000009811, "0.4": 11.800000000093291, "0.8": 4.600000000091654}, "time_to_second_spike": {"0.1": 0, "0.2": 80.60000000010893, "0.4": 34.900000000098544, "0.8": 19.10000000009495}, "AP_height": {"0.1": 0, "0.2": 27.45181113969965, "0.4": 30.57160611844938, "0.8": 34.2655221436401}, "AP_width": {"0.1": 0, "0.2": 0.9000000000002046, "0.4": 0.9000000000002046, "0.8": 1.0000000000002274}, "AP_amplitude": {"0.1": 0, "0.2": 83.41356749292578, "0.4": 86.78686098887815, "0.8": 89.49365976150528}, "voltage_base": {"0.1": -72.67676948821338, "0.2": -72.67676948821338, "0.4": -72.67676948821338, "0.8": -72.67676948821338}}}}