{"BBP": {"L5_BP_bIR215_1": {"mean_frequency": {"0.1": 11.438078402835998, "0.2": 16.60698531320851, "0.4": 22.835684563092688, "0.8": 33.02845528457519}, "ISI_CV": {"0.1": 0.3238876938949592, "0.2": 0.326717827034866, "0.4": 0.3318882442574799, "0.8": 0.31951744180282543}, "time_to_first_spike": {"0.1": 8.10000000009245, "0.2": 3.0000000000912905, "0.4": 1.300000000090904, "0.8": 0.8000000000907903}, "time_to_second_spike": {"0.1": 33.20000000009816, "0.2": 18.200000000094747, "0.4": 10.800000000093064, "0.8": 7.2000000000922455}, "AP_height": {"0.1": 21.50445728135185, "0.2": 24.621603414890146, "0.4": 25.735014105969405, "0.8": 28.78389959419289}, "AP_width": {"0.1": 0.6000000000001364, "0.2": 0.6000000000001364, "0.4": 0.6000000000001364, "0.8": 0.6000000000001364}, "AP_amplitude": {"0.1": 77.93641018886422, "0.2": 96.34294791316309, "0.4": 96.9742387106389, "0.8": 100.49674594104145}, "voltage_base": {"0.1": -71.60120640323696, "0.2": -71.60120640323696, "0.4": -71.60120640323696, "0.8": -71.60120640323696}}}, "NetPyNE": {"L5_BP_bIR215_1": {"mean_frequency": {"0.1": 6.451612903230083, "0.2": 14.539984958646128, "0.4": 21.21426406709186, "0.8": 31.017059382681552}, "ISI_CV": {"0.1": 0.24444729127501266, "0.2": 0.29582458716105353, "0.4": 0.304849250700477, "0.8": 0.29471723407053185}, "time_to_first_spike": {"0.1": 12.900000000093542, "0.2": 4.100000000091541, "0.4": 1.700000000090995, "0.8": 0.900000000090813}, "time_to_second_spike": {"0.1": 53.10000000010268, "0.2": 21.700000000095542, "0.4": 12.10000000009336, "0.8": 7.800000000092382}, "AP_height": {"0.1": 20.016272575099467, "0.2": 26.21801241678066, "0.4": 29.858700358154962, "0.8": 32.167357127574846}, "AP_width": {"0.1": 0.6000000000001364, "0.2": 0.6000000000001364, "0.4": 0.6000000000001364, "0.8": 0.6000000000001364}, "AP_amplitude": {"0.1": 76.72128794885231, "0.2": 100.89751485174165, "0.4": 104.53820270666853, "0.8": 106.84685957745847}, "voltage_base": {"0.1": -74.67860201051248, "0.2": -74.67860201051248, "0.4": -74.67860201051248, "0.8": -74.67860201051248}}}}