{"BBP": {"L4_ChC_cNAC187_5": {"mean_frequency": {"0.1": 36.00405679515622, "0.2": 59.58938407615467, "0.4": 93.33600963474827, "0.8": 147.92157649310556}, "ISI_CV": {"0.1": 0.010647341599055393, "0.2": 0.008755907382834925, "0.4": 0.01592450999337233, "0.8": 0.048889109371394145}, "time_to_first_spike": {"0.1": 11.300000000093178, "0.2": 5.000000000091745, "0.4": 2.400000000091154, "0.8": 1.4000000000909267}, "time_to_second_spike": {"0.1": 37.60000000009916, "0.2": 19.700000000095088, "0.4": 11.500000000093223, "0.8": 7.900000000092405}, "AP_height": {"0.1": 12.716268111358316, "0.2": 15.185203033523878, "0.4": 17.35742789313974, "0.8": 22.905501172163866}, "AP_width": {"0.1": 0.7000000000001592, "0.2": 0.8000000000001819, "0.4": 0.8000000000001819, "0.8": 0.8000000000001819}, "AP_amplitude": {"0.1": 68.34382929066622, "0.2": 71.0084599651995, "0.4": 71.7840375272084, "0.8": 91.01606716488709}, "voltage_base": {"0.1": -68.1080682451167, "0.2": -68.1080682451167, "0.4": -68.1080682451167, "0.8": -68.1080682451167}}}, "NetPyNE": {"L4_ChC_cNAC187_5": {"mean_frequency": {"0.1": 35.87126761988992, "0.2": 59.37405655634501, "0.4": 92.98351427428909, "0.8": 148.11849479593738}, "ISI_CV": {"0.1": 0.010327374587240392, "0.2": 0.008650072425033647, "0.4": 0.016433450347157843, "0.8": 0.05282667070810742}, "time_to_first_spike": {"0.1": 11.4000000000932, "0.2": 5.100000000091768, "0.4": 2.500000000091177, "0.8": 1.5000000000909495}, "time_to_second_spike": {"0.1": 37.8000000000992, "0.2": 19.900000000095133, "0.4": 11.600000000093246, "0.8": 8.000000000092427}, "AP_height": {"0.1": 11.835760255507497, "0.2": 14.157608213192958, "0.4": 19.72298684529748, "0.8": 21.622260810637965}, "AP_width": {"0.1": 0.7000000000001592, "0.2": 0.7000000000001592, "0.4": 0.7000000000001592, "0.8": 0.8000000000001819}, "AP_amplitude": {"0.1": 67.06097974510608, "0.2": 69.23932355992454, "0.4": 74.49820148689507, "0.8": 89.73282282908534}, "voltage_base": {"0.1": -68.10806426672413, "0.2": -68.10806426672413, "0.4": -68.10806426672413, "0.8": -68.10806426672413}}}}