{"BBP": {"L6_DBC_bNAC219_1": {"mean_frequency": {"0.1": 83.42022940553308, "0.2": 108.56513908352389, "0.4": 170.8074534158699, "0.8": 242.42424242285605}, "ISI_CV": {"0.1": 0.11081023735092677, "0.2": 0.009976456420155481, "0.4": 0.050197156754770704, "0.8": 0.08838834764831845}, "time_to_first_spike": {"0.1": 9.600000000092791, "0.2": 4.200000000091563, "0.4": 2.3000000000911314, "0.8": 1.4000000000909267}, "time_to_second_spike": {"0.1": 19.600000000095065, "0.2": 13.000000000093564, "0.4": 9.300000000092723, "0.8": 6.900000000092177}, "AP_height": {"0.1": -6.398523856612435, "0.2": 8.086350739073692, "0.4": 13.77453504852955, "0.8": 14.91143337196219}, "AP_width": {"0.1": 0.7000000000001592, "0.2": 0.7000000000001592, "0.4": 0.6000000000001364, "0.8": 0.7000000000001592}, "AP_amplitude": {"0.1": 50.766257191127636, "0.2": 64.05540344621275, "0.4": 82.39799526578588, "0.8": 83.53489358726074}, "voltage_base": {"0.1": -68.62337560156607, "0.2": -68.62337560156607, "0.4": -68.62337560156607, "0.8": -68.62337560156607}}}, "NetPyNE": {"L6_DBC_bNAC219_1": {"mean_frequency": {"0.1": 83.5945663530889, "0.2": 108.42284911160863, "0.4": 169.49152542342998, "0.8": 239.52095808247833}, "ISI_CV": {"0.1": 0.11075660228454311, "0.2": 0.009471435151092769, "0.4": 0.04995370048696982, "0.8": 0.0728976063078915}, "time_to_first_spike": {"0.1": 9.700000000092814, "0.2": 4.300000000091586, "0.4": 2.400000000091154, "0.8": 1.4000000000909267}, "time_to_second_spike": {"0.1": 19.80000000009511, "0.2": 13.100000000093587, "0.4": 9.500000000092768, "0.8": 7.0000000000922}, "AP_height": {"0.1": -6.507698093338458, "0.2": 7.448295709631673, "0.4": 11.705993725140761, "0.8": 17.97622419927705}, "AP_width": {"0.1": 0.7000000000001592, "0.2": 0.7000000000001592, "0.4": 0.7000000000001592, "0.8": 0.6000000000001364}, "AP_amplitude": {"0.1": 50.39074236816394, "0.2": 63.93138282475341, "0.4": 80.3294538619067, "0.8": 86.59968450382311}, "voltage_base": {"0.1": -68.62337569028891, "0.2": -68.62337569028891, "0.4": -68.62337569028891, "0.8": -68.62337569028891}}}}