{"BBP": {"L1_HAC_cIR216_4": {"mean_frequency": {"0.1": 19.3226889047217, "0.2": 37.590216519672694, "0.4": 81.83552565524184, "0.8": 185.66710039047754}, "ISI_CV": {"0.1": 0.38069177293968703, "0.2": 0.27433103251733454, "0.4": 0.1047831660350125, "0.8": 0.05757974255778084}, "time_to_first_spike": {"0.1": 10.500000000092996, "0.2": 5.200000000091791, "0.4": 2.7000000000912223, "0.8": 1.4000000000909267}, "time_to_second_spike": {"0.1": 25.20000000009634, "0.2": 15.100000000094042, "0.4": 9.90000000009286, "0.8": 7.100000000092223}, "AP_height": {"0.1": 29.29453830436679, "0.2": 31.81633291710445, "0.4": 34.4341244756782, "0.8": 37.69079734016754}, "AP_width": {"0.1": 0.8000000000001819, "0.2": 0.9000000000002046, "0.4": 0.9000000000002046, "0.8": 1.0000000000002274}, "AP_amplitude": {"0.1": 86.57503044767685, "0.2": 88.48215676366445, "0.4": 111.87344016762027, "0.8": 114.94826881094983}, "voltage_base": {"0.1": -77.08362578065143, "0.2": -77.08362578065143, "0.4": -77.08362578065143, "0.8": -77.08362578065143}}}, "NetPyNE": {"L1_HAC_cIR216_4": {"mean_frequency": {"0.1": 14.121444422039028, "0.2": 30.972328002051924, "0.4": 73.22333116008787, "0.8": 154.3782266554104}, "ISI_CV": {"0.1": 0.23979330269314303, "0.2": 0.19835286199153787, "0.4": 0.10146586655912042, "0.8": 0.044541952738128866}, "time_to_first_spike": {"0.1": 12.800000000093519, "0.2": 5.600000000091882, "0.4": 2.800000000091245, "0.8": 1.5000000000909495}, "time_to_second_spike": {"0.1": 31.10000000009768, "0.2": 15.800000000094201, "0.4": 10.200000000092928, "0.8": 7.300000000092268}, "AP_height": {"0.1": 27.159093930135523, "0.2": 31.364813215884716, "0.4": 31.889523472006527, "0.8": 37.54982156657441}, "AP_width": {"0.1": 0.8000000000001819, "0.2": 0.8000000000001819, "0.4": 0.9000000000002046, "0.8": 1.0000000000002274}, "AP_amplitude": {"0.1": 83.92091438398555, "0.2": 86.76373050950427, "0.4": 109.916721025542, "0.8": 115.5770191160635}, "voltage_base": {"0.1": -78.02704986504891, "0.2": -78.02704986504891, "0.4": -78.02704986504891, "0.8": -78.02704986504891}}}}