{"BBP": {"L5_DBC_cIR216_3": {"mean_frequency": {"0.1": 0, "0.2": 19.413507714328013, "0.4": 51.153460381178185, "0.8": 153.28357461313828}, "ISI_CV": {"0.1": 0, "0.2": 0.42379074734221084, "0.4": 0.24208453397028468, "0.8": 0.0445054650114443}, "time_to_first_spike": {"0.1": 0, "0.2": 13.800000000093746, "0.4": 4.9000000000917225, "0.8": 2.100000000091086}, "time_to_second_spike": {"0.1": 0, "0.2": 28.800000000097157, "0.4": 13.000000000093564, "0.8": 8.200000000092473}, "AP_height": {"0.1": 0, "0.2": 23.0898220889028, "0.4": 26.36698892481804, "0.8": 33.00990620512543}, "AP_width": {"0.1": 0, "0.2": 0.8000000000001819, "0.4": 0.8000000000001819, "0.8": 1.0000000000002274}, "AP_amplitude": {"0.1": 0, "0.2": 79.30135554706905, "0.4": 103.04795411394028, "0.8": 110.20585843098411}, "voltage_base": {"0.1": -77.19326077202258, "0.2": -77.19326077202258, "0.4": -77.19326077202258, "0.8": -77.19326077202258}}}, "NetPyNE": {"L5_DBC_cIR216_3": {"mean_frequency": {"0.1": 0, "0.2": 19.520496521360684, "0.4": 51.704231715310456, "0.8": 156.3753007218384}, "ISI_CV": {"0.1": 0, "0.2": 0.23496179358636193, "0.4": 0.1680510539862944, "0.8": 0.04163937053853475}, "time_to_first_spike": {"0.1": 0, "0.2": 14.100000000093814, "0.4": 5.000000000091745, "0.8": 2.100000000091086}, "time_to_second_spike": {"0.1": 0, "0.2": 30.40000000009752, "0.4": 13.20000000009361, "0.8": 8.200000000092473}, "AP_height": {"0.1": 0, "0.2": 21.296917708381955, "0.4": 27.89930919727168, "0.8": 29.04151212244658}, "AP_width": {"0.1": 0, "0.2": 0.8000000000001819, "0.4": 0.9000000000002046, "0.8": 1.0000000000002274}, "AP_amplitude": {"0.1": 0, "0.2": 77.70753971665829, "0.4": 104.74972525852894, "0.8": 105.89192817699926}, "voltage_base": {"0.1": -76.85034998812257, "0.2": -76.85034998812257, "0.4": -76.85034998812257, "0.8": -76.85034998812257}}}}