{"BBP": {"L23_BTC_cNAC187_3": {"mean_frequency": {"0.1": 31.48486695106741, "0.2": 54.25227306981129, "0.4": 85.91237942128019, "0.8": 130.4042531849617}, "ISI_CV": {"0.1": 0.011076188814136485, "0.2": 0.008258156946430594, "0.4": 0.011066202502300863, "0.8": 0.021238023545736572}, "time_to_first_spike": {"0.1": 14.000000000093792, "0.2": 5.200000000091791, "0.4": 2.2000000000911086, "0.8": 1.2000000000908813}, "time_to_second_spike": {"0.1": 44.30000000010068, "0.2": 21.60000000009552, "0.4": 11.800000000093291, "0.8": 7.900000000092405}, "AP_height": {"0.1": 15.384016064357906, "0.2": 22.041745625948803, "0.4": 24.133428039473092, "0.8": 28.228341061268498}, "AP_width": {"0.1": 0.7000000000001592, "0.2": 0.7000000000001592, "0.4": 0.7000000000001592, "0.8": 0.7000000000001592}, "AP_amplitude": {"0.1": 70.41427387228671, "0.2": 77.33841811032075, "0.4": 79.06982895523399, "0.8": 96.05783563191311}, "voltage_base": {"0.1": -67.82708211817575, "0.2": -67.82708211817575, "0.4": -67.82708211817575, "0.8": -67.82708211817575}}}, "NetPyNE": {"L23_BTC_cNAC187_3": {"mean_frequency": {"0.1": 31.368580824711355, "0.2": 54.04053039783509, "0.4": 85.56845476386923, "0.8": 129.81154771460305}, "ISI_CV": {"0.1": 0.010968747259668775, "0.2": 0.008249040503298161, "0.4": 0.011328991574976162, "0.8": 0.022227383078127917}, "time_to_first_spike": {"0.1": 14.100000000093814, "0.2": 5.3000000000918135, "0.4": 2.3000000000911314, "0.8": 1.300000000090904}, "time_to_second_spike": {"0.1": 44.50000000010073, "0.2": 21.700000000095542, "0.4": 11.900000000093314, "0.8": 8.000000000092427}, "AP_height": {"0.1": 16.953860840148987, "0.2": 21.57283795734776, "0.4": 21.21124238373802, "0.8": 24.07998649246702}, "AP_width": {"0.1": 0.7000000000001592, "0.2": 0.6000000000001364, "0.4": 0.7000000000001592, "0.8": 0.8000000000001819}, "AP_amplitude": {"0.1": 71.55590157929527, "0.2": 75.80642622835438, "0.4": 76.36660718962129, "0.8": 91.90947732870663}, "voltage_base": {"0.1": -67.8270783799622, "0.2": -67.8270783799622, "0.4": -67.8270783799622, "0.8": -67.8270783799622}}}}