{"BBP": {"L6_ChC_dNAC222_5": {"mean_frequency": {"0.1": 8.048694602349645, "0.2": 49.360330412041144, "0.4": 85.27715073996262, "0.8": 133.31996792310582}, "ISI_CV": {"0.1": 0.07608922242477231, "0.2": 0.01717291300047463, "0.4": 0.016359830190360674, "0.8": 0.03613779315976524}, "time_to_first_spike": {"0.1": 1042.7999999995104, "0.2": 8.600000000092564, "0.4": 3.600000000091427, "0.8": 1.8000000000910177}, "time_to_second_spike": {"0.1": 1123.2999999994372, "0.2": 28.20000000009702, "0.4": 13.800000000093746, "0.8": 8.80000000009261}, "AP_height": {"0.1": 7.191426664922329, "0.2": 13.441596474025037, "0.4": 18.02931434942528, "0.8": 22.483752872568544}, "AP_width": {"0.1": 0.6999999999993634, "0.2": 0.7000000000001592, "0.4": 0.8000000000001819, "0.8": 0.8000000000001819}, "AP_amplitude": {"0.1": 62.44238239975017, "0.2": 68.13349981322253, "0.4": 73.66836719675108, "0.8": 96.02706612454239}, "voltage_base": {"0.1": -73.53907880471807, "0.2": -73.53907880471807, "0.4": -73.53907880471807, "0.8": -73.53907880471807}}}, "NetPyNE": {"L6_ChC_dNAC222_5": {"mean_frequency": {"0.1": 8.040201005030584, "0.2": 49.149907217045275, "0.4": 84.90755627015412, "0.8": 132.75222923563777}, "ISI_CV": {"0.1": 0.07675736232762462, "0.2": 0.01791781215231702, "0.4": 0.016973773436429272, "0.8": 0.037366398862963494}, "time_to_first_spike": {"0.1": 1043.19999999951, "0.2": 8.700000000092587, "0.4": 3.600000000091427, "0.8": 1.9000000000910404}, "time_to_second_spike": {"0.1": 1123.8999999994367, "0.2": 28.400000000097066, "0.4": 14.000000000093792, "0.8": 8.900000000092632}, "AP_height": {"0.1": 7.248397896492934, "0.2": 13.10424575623754, "0.4": 16.27080462373974, "0.8": 21.35235989373168}, "AP_width": {"0.1": 0.6999999999993634, "0.2": 0.7000000000001592, "0.4": 0.7000000000001592, "0.8": 0.8000000000001819}, "AP_amplitude": {"0.1": 62.116458129120666, "0.2": 68.7291949223763, "0.4": 72.05111842494179, "0.8": 94.89566493203642}, "voltage_base": {"0.1": -73.53907056376967, "0.2": -73.53907056376967, "0.4": -73.53907056376967, "0.8": -73.53907056376967}}}}