{"BBP": {"L23_NGC_cNAC187_1": {"mean_frequency": {"0.1": 39.211743414464586, "0.2": 66.32499246311407, "0.4": 115.93002794746783, "0.8": 207.25388600934258}, "ISI_CV": {"0.1": 0.013394068344988519, "0.2": 0.03287209060325806, "0.4": 0.13253759115276909, "0.8": 0.06257582134394227}, "time_to_first_spike": {"0.1": 12.600000000093473, "0.2": 5.90000000009195, "0.4": 3.0000000000912905, "0.8": 1.6000000000909722}, "time_to_second_spike": {"0.1": 37.40000000009911, "0.2": 19.900000000095133, "0.4": 11.700000000093269, "0.8": 8.000000000092427}, "AP_height": {"0.1": 5.854911667069215, "0.2": 9.860433198905964, "0.4": 13.991938076925596, "0.8": 16.392580207701002}, "AP_width": {"0.1": 0.8000000000001819, "0.2": 0.8000000000001819, "0.4": 0.9000000000002046, "0.8": 0.9000000000002046}, "AP_amplitude": {"0.1": 60.12469807381306, "0.2": 65.64233080186591, "0.4": 69.67875770809323, "0.8": 84.72141055230112}, "voltage_base": {"0.1": -68.32641913934292, "0.2": -68.32641913934292, "0.4": -68.32641913934292, "0.8": -68.32641913934292}}}, "NetPyNE": {"L23_NGC_cNAC187_1": {"mean_frequency": {"0.1": 39.1644908616454, "0.2": 66.34832872585555, "0.4": 114.91584445738516, "0.8": 205.12820512720535}, "ISI_CV": {"0.1": 0.01398156126822928, "0.2": 0.03444297674767275, "0.4": 0.1311229091046124, "0.8": 0.07443229275647868}, "time_to_first_spike": {"0.1": 12.800000000093519, "0.2": 6.000000000091973, "0.4": 3.1000000000913133, "0.8": 1.700000000090995}, "time_to_second_spike": {"0.1": 37.60000000009916, "0.2": 20.000000000095156, "0.4": 11.800000000093291, "0.8": 8.10000000009245}, "AP_height": {"0.1": 4.899556976771612, "0.2": 9.6680653040359, "0.4": 12.775661308087395, "0.8": 17.75029409939839}, "AP_width": {"0.1": 0.8000000000001819, "0.2": 0.8000000000001819, "0.4": 0.8000000000001819, "0.8": 0.8000000000001819}, "AP_amplitude": {"0.1": 60.39102142350772, "0.2": 64.69334349599825, "0.4": 67.59831710376844, "0.8": 86.07912058543852}, "voltage_base": {"0.1": -68.32641527703352, "0.2": -68.32641527703352, "0.4": -68.32641527703352, "0.8": -68.32641527703352}}}}