{"BBP": {"L4_BTC_cNAC187_2": {"mean_frequency": {"0.1": 63.49526305184714, "0.2": 99.85949417911239, "0.4": 137.9137412237647, "0.8": 233.27464788717788}, "ISI_CV": {"0.1": 0.23284472244293855, "0.2": 0.010074456089146453, "0.4": 0.023211690702658407, "0.8": 0.14411098017941276}, "time_to_first_spike": {"0.1": 3.4000000000913815, "0.2": 2.000000000091063, "0.4": 1.2000000000908813, "0.8": 0.7000000000907676}, "time_to_second_spike": {"0.1": 16.50000000009436, "0.2": 11.00000000009311, "0.4": 8.000000000092427, "0.8": 6.100000000091995}, "AP_height": {"0.1": 22.49144289667878, "0.2": 26.320934740073387, "0.4": 28.614268890238844, "0.8": 26.82865681558102}, "AP_width": {"0.1": 0.6000000000001364, "0.2": 0.7000000000001592, "0.4": 0.7000000000001592, "0.8": 0.7000000000001592}, "AP_amplitude": {"0.1": 79.65482330278043, "0.2": 94.52154328976584, "0.4": 96.81487743807737, "0.8": 95.02926535971176}, "voltage_base": {"0.1": -68.1978704048532, "0.2": -68.1978704048532, "0.4": -68.1978704048532, "0.8": -68.1978704048532}}}, "NetPyNE": {"L4_BTC_cNAC187_2": {"mean_frequency": {"0.1": 63.25618755965941, "0.2": 99.22325231778228, "0.4": 137.0068503426103, "0.8": 233.80418899156308}, "ISI_CV": {"0.1": 0.23038445952848363, "0.2": 0.010352966089935927, "0.4": 0.023896975999443314, "0.8": 0.07333067295659836}, "time_to_first_spike": {"0.1": 3.500000000091404, "0.2": 2.000000000091063, "0.4": 1.300000000090904, "0.8": 0.8000000000907903}, "time_to_second_spike": {"0.1": 16.700000000094406, "0.2": 11.100000000093132, "0.4": 8.10000000009245, "0.8": 6.200000000092018}, "AP_height": {"0.1": 19.650516048749594, "0.2": 21.655506619887944, "0.4": 25.86263249459681, "0.8": 30.485556010442924}, "AP_width": {"0.1": 0.7000000000001592, "0.2": 0.7000000000001592, "0.4": 0.6000000000001364, "0.8": 0.7000000000001592}, "AP_amplitude": {"0.1": 75.78336129564474, "0.2": 89.85611186365742, "0.4": 94.06323662195139, "0.8": 98.6861612174386}, "voltage_base": {"0.1": -68.19786706192552, "0.2": -68.19786706192552, "0.4": -68.19786706192552, "0.8": -68.19786706192552}}}}