{"BBP": {"L6_LBC_bNAC219_4": {"mean_frequency": {"0.1": 27.358394974180037, "0.2": 76.34354595685747, "0.4": 120.74148296601392, "0.8": 170.09355145341496}, "ISI_CV": {"0.1": 0.1484436880115843, "0.2": 0.035544946214957726, "0.4": 0.024012389724305045, "0.8": 0.012988117013315464}, "time_to_first_spike": {"0.1": 10.600000000093019, "0.2": 4.400000000091609, "0.4": 2.100000000091086, "0.8": 1.2000000000908813}, "time_to_second_spike": {"0.1": 27.40000000009684, "0.2": 14.70000000009395, "0.4": 9.600000000092791, "0.8": 7.0000000000922}, "AP_height": {"0.1": 12.902409754888621, "0.2": 17.47611967491058, "0.4": 22.160485745432894, "0.8": 24.231059736234226}, "AP_width": {"0.1": 0.6000000000001364, "0.2": 0.7000000000001592, "0.4": 0.7000000000001592, "0.8": 0.6000000000001364}, "AP_amplitude": {"0.1": 66.73562055472544, "0.2": 72.69350701392325, "0.4": 90.53341374340064, "0.8": 94.52694908077639}, "voltage_base": {"0.1": -70.29577151178762, "0.2": -70.29577151178762, "0.4": -70.29577151178762, "0.8": -70.29577151178762}}}, "NetPyNE": {"L6_LBC_bNAC219_4": {"mean_frequency": {"0.1": 27.292024663922263, "0.2": 75.97102032607289, "0.4": 119.86559004973287, "0.8": 168.5000000001146}, "ISI_CV": {"0.1": 0.148188188536233, "0.2": 0.03486519560091059, "0.4": 0.02347544761220327, "0.8": 0.012052806984162442}, "time_to_first_spike": {"0.1": 10.800000000093064, "0.2": 4.500000000091632, "0.4": 2.2000000000911086, "0.8": 1.2000000000908813}, "time_to_second_spike": {"0.1": 27.600000000096884, "0.2": 14.800000000093974, "0.4": 9.700000000092814, "0.8": 7.100000000092223}, "AP_height": {"0.1": 12.143396273192005, "0.2": 16.163289882044594, "0.4": 21.92871096730399, "0.8": 21.74064248232444}, "AP_width": {"0.1": 0.6000000000001364, "0.2": 0.7000000000001592, "0.4": 0.6000000000001364, "0.8": 0.7000000000001592}, "AP_amplitude": {"0.1": 66.93374794438019, "0.2": 70.3831003289285, "0.4": 90.35241342857717, "0.8": 92.0365314488578}, "voltage_base": {"0.1": -70.29577113303387, "0.2": -70.29577113303387, "0.4": -70.29577113303387, "0.8": -70.29577113303387}}}}