{"BBP": {"L5_BP_bIR215_3": {"mean_frequency": {"0.1": 11.684023368054639, "0.2": 16.641452344943207, "0.4": 22.847278635271348, "0.8": 33.1225534477792}, "ISI_CV": {"0.1": 0.31809558672687366, "0.2": 0.32947462914809555, "0.4": 0.3373034429237943, "0.8": 0.3193342333739203}, "time_to_first_spike": {"0.1": 7.800000000092382, "0.2": 2.900000000091268, "0.4": 1.300000000090904, "0.8": 0.8000000000907903}, "time_to_second_spike": {"0.1": 32.60000000009802, "0.2": 17.90000000009468, "0.4": 10.500000000092996, "0.8": 7.2000000000922455}, "AP_height": {"0.1": 22.490817031729545, "0.2": 24.80954646631575, "0.4": 26.513581188576143, "0.8": 27.577656502208374}, "AP_width": {"0.1": 0.6000000000001364, "0.2": 0.6000000000001364, "0.4": 0.6000000000001364, "0.8": 0.6000000000001364}, "AP_amplitude": {"0.1": 78.63845212761957, "0.2": 95.78550168208334, "0.4": 97.24507769045714, "0.8": 98.40007741169158}, "voltage_base": {"0.1": -70.87169436670399, "0.2": -70.87169436670399, "0.4": -70.87169436670399, "0.8": -70.87169436670399}}}, "NetPyNE": {"L5_BP_bIR215_3": {"mean_frequency": {"0.1": 5.926085551129881, "0.2": 14.438943894399154, "0.4": 21.036814425258477, "0.8": 30.988061976144913}, "ISI_CV": {"0.1": 0.22672412770258726, "0.2": 0.3010767764868294, "0.4": 0.30488911377867084, "0.8": 0.29711410745597505}, "time_to_first_spike": {"0.1": 13.900000000093769, "0.2": 4.200000000091563, "0.4": 1.8000000000910177, "0.8": 0.900000000090813}, "time_to_second_spike": {"0.1": 57.80000000010375, "0.2": 22.00000000009561, "0.4": 12.200000000093382, "0.8": 7.900000000092405}, "AP_height": {"0.1": 19.306907077955564, "0.2": 23.17232859338931, "0.4": 24.966296587276627, "0.8": 32.01934071953938}, "AP_width": {"0.1": 0.5000000000001137, "0.2": 0.6000000000001364, "0.4": 0.6000000000001364, "0.8": 0.7000000000001592}, "AP_amplitude": {"0.1": 75.28276070021414, "0.2": 97.76228783040004, "0.4": 99.5562557176007, "0.8": 106.60929994324133}, "voltage_base": {"0.1": -74.58909140020994, "0.2": -74.58909140020994, "0.4": -74.58909140020994, "0.8": -74.58909140020994}}}}