{"BBP": {"L1_NGC-DA_cNAC187_2": {"mean_frequency": {"0.1": 45.536429143345615, "0.2": 67.83237865545757, "0.4": 99.3527020924956, "0.8": 146.25594790893987}, "ISI_CV": {"0.1": 0.06991426905826909, "0.2": 0.05640115603724119, "0.4": 0.0284587265629572, "0.8": 0.022068706067090823}, "time_to_first_spike": {"0.1": 5.400000000091836, "0.2": 3.200000000091336, "0.4": 2.000000000091063, "0.8": 1.2000000000908813}, "time_to_second_spike": {"0.1": 23.700000000095997, "0.2": 15.000000000094019, "0.4": 10.200000000092928, "0.8": 7.400000000092291}, "AP_height": {"0.1": 16.87360252278416, "0.2": 18.51723662095816, "0.4": 20.79695653321858, "0.8": 24.88612341587126}, "AP_width": {"0.1": 0.7000000000001592, "0.2": 0.8000000000001819, "0.4": 0.8000000000001819, "0.8": 0.8000000000001819}, "AP_amplitude": {"0.1": 73.60867847051155, "0.2": 73.54108885906902, "0.4": 90.07623331365252, "0.8": 94.1654001944504}, "voltage_base": {"0.1": -69.27590699874163, "0.2": -69.27590699874163, "0.4": -69.27590699874163, "0.8": -69.27590699874163}}}, "NetPyNE": {"L1_NGC-DA_cNAC187_2": {"mean_frequency": {"0.1": 45.36747656016788, "0.2": 67.51012651902376, "0.4": 98.86084207363568, "0.8": 145.50727536386714}, "ISI_CV": {"0.1": 0.06909102966661335, "0.2": 0.05524643907849644, "0.4": 0.027280089544206684, "0.8": 0.022998226609972836}, "time_to_first_spike": {"0.1": 5.500000000091859, "0.2": 3.200000000091336, "0.4": 2.000000000091063, "0.8": 1.300000000090904}, "time_to_second_spike": {"0.1": 23.900000000096043, "0.2": 15.100000000094042, "0.4": 10.400000000092973, "0.8": 7.500000000092314}, "AP_height": {"0.1": 17.67373636320073, "0.2": 20.108208135213115, "0.4": 23.62347049640838, "0.8": 24.67821255011725}, "AP_width": {"0.1": 0.7000000000001592, "0.2": 0.7000000000001592, "0.4": 0.7000000000001592, "0.8": 0.8000000000001819}, "AP_amplitude": {"0.1": 73.80513779880197, "0.2": 75.36408597624308, "0.4": 90.90332596341091, "0.8": 93.95748353952827}, "voltage_base": {"0.1": -69.27590120257469, "0.2": -69.27590120257469, "0.4": -69.27590120257469, "0.8": -69.27590120257469}}}}