{"BBP": {"L5_LBC_cSTUT189_3": {"mean_frequency": {"0.1": 0, "0.2": 45.572916666697644, "0.4": 77.11567351031782, "0.8": 116.66917029700986}, "ISI_CV": {"0.1": 0, "0.2": 0.06803943949815397, "0.4": 0.029394971400247126, "0.8": 0.016246178210092933}, "time_to_first_spike": {"0.1": 0, "0.2": 5.800000000091927, "0.4": 2.7000000000912223, "0.8": 1.4000000000909267}, "time_to_second_spike": {"0.1": 0, "0.2": 25.30000000009636, "0.4": 13.400000000093655, "0.8": 8.80000000009261}, "AP_height": {"0.1": 0, "0.2": 22.622978787853015, "0.4": 28.540828023605464, "0.8": 31.183324978666}, "AP_width": {"0.1": 0, "0.2": 0.7000000000001592, "0.4": 0.7000000000001592, "0.8": 0.7000000000001592}, "AP_amplitude": {"0.1": 0, "0.2": 79.11325517161919, "0.4": 103.54562439943572, "0.8": 105.89486286996188}, "voltage_base": {"0.1": -74.85333951304833, "0.2": -74.85333951304833, "0.4": -74.85333951304833, "0.8": -74.85333951304833}}}, "NetPyNE": {"L5_LBC_cSTUT189_3": {"mean_frequency": {"0.1": 0, "0.2": 44.72811337825933, "0.4": 76.30522088358596, "0.8": 115.51732759921843}, "ISI_CV": {"0.1": 0, "0.2": 0.03640185883376077, "0.4": 0.023342452085781066, "0.8": 0.015350155723393396}, "time_to_first_spike": {"0.1": 0, "0.2": 6.000000000091973, "0.4": 2.800000000091245, "0.8": 1.5000000000909495}, "time_to_second_spike": {"0.1": 0, "0.2": 25.900000000096497, "0.4": 13.6000000000937, "0.8": 8.900000000092632}, "AP_height": {"0.1": 0, "0.2": 25.055291010957433, "0.4": 23.286762221186077, "0.8": 28.190522453881528}, "AP_width": {"0.1": 0, "0.2": 0.7000000000001592, "0.4": 0.7000000000001592, "0.8": 0.7000000000001592}, "AP_amplitude": {"0.1": 0, "0.2": 80.6236426913832, "0.4": 98.28176874365599, "0.8": 103.18552897824013}, "voltage_base": {"0.1": -74.9939409692558, "0.2": -74.9939409692558, "0.4": -74.9939409692558, "0.8": -74.9939409692558}}}}