{"BBP": {"L5_BP_bIR215_5": {"mean_frequency": {"0.1": 11.56127475621575, "0.2": 16.682675294485797, "0.4": 22.93577981652926, "0.8": 33.14251280508427}, "ISI_CV": {"0.1": 0.3294750562848841, "0.2": 0.32731887301892304, "0.4": 0.3313916722538159, "0.8": 0.31765086143941706}, "time_to_first_spike": {"0.1": 8.10000000009245, "0.2": 3.1000000000913133, "0.4": 1.4000000000909267, "0.8": 0.8000000000907903}, "time_to_second_spike": {"0.1": 33.4000000000982, "0.2": 18.30000000009477, "0.4": 10.700000000093041, "0.8": 7.300000000092268}, "AP_height": {"0.1": 19.242055222547343, "0.2": 26.649337848643533, "0.4": 29.528324181283754, "0.8": 29.079559353256762}, "AP_width": {"0.1": 0.5000000000001137, "0.2": 0.6000000000001364, "0.4": 0.6000000000001364, "0.8": 0.6000000000001364}, "AP_amplitude": {"0.1": 75.97022967591309, "0.2": 98.29338532693566, "0.4": 101.12638595033177, "0.8": 100.54146855324171}, "voltage_base": {"0.1": -71.32131478232459, "0.2": -71.32131478232459, "0.4": -71.32131478232459, "0.8": -71.32131478232459}}}, "NetPyNE": {"L5_BP_bIR215_5": {"mean_frequency": {"0.1": 6.397611558355802, "0.2": 14.624306606162211, "0.4": 21.336042672099776, "0.8": 31.191829753002}, "ISI_CV": {"0.1": 0.24225036149484547, "0.2": 0.2970561709828757, "0.4": 0.3058696310473171, "0.8": 0.29503761157385844}, "time_to_first_spike": {"0.1": 13.100000000093587, "0.2": 4.300000000091586, "0.4": 1.8000000000910177, "0.8": 0.900000000090813}, "time_to_second_spike": {"0.1": 53.70000000010282, "0.2": 21.900000000095588, "0.4": 12.200000000093382, "0.8": 7.900000000092405}, "AP_height": {"0.1": 19.123104832127094, "0.2": 23.031141849086143, "0.4": 25.0284010474646, "0.8": 32.344293812302375}, "AP_width": {"0.1": 0.6000000000001364, "0.2": 0.5000000000001137, "0.4": 0.6000000000001364, "0.8": 0.6000000000001364}, "AP_amplitude": {"0.1": 74.26198071708934, "0.2": 97.7495423557048, "0.4": 99.74680145507556, "0.8": 107.06269434939458}, "voltage_base": {"0.1": -74.71749931977308, "0.2": -74.71749931977308, "0.4": -74.71749931977308, "0.8": -74.71749931977308}}}}