{"BBP": {"L1_SLAC_bNAC219_3": {"mean_frequency": {"0.1": 92.84818067760384, "0.2": 136.59561693194516, "0.4": 183.62853997810944, "0.8": 248.00000000016865}, "ISI_CV": {"0.1": 0.061037332850481706, "0.2": 0.026861609190524584, "0.4": 0.012887531053097756, "0.8": 0.012683665578416227}, "time_to_first_spike": {"0.1": 2.3000000000911314, "0.2": 1.300000000090904, "0.4": 0.7000000000907676, "0.8": 0.5000000000907221}, "time_to_second_spike": {"0.1": 10.700000000093041, "0.2": 7.800000000092382, "0.4": 6.000000000091973, "0.8": 4.8000000000917}, "AP_height": {"0.1": 26.837806262407447, "0.2": 24.335892130702053, "0.4": 28.922584362396382, "0.8": 31.996244577360248}, "AP_width": {"0.1": 0.6000000000001364, "0.2": 0.6000000000001364, "0.4": 0.6000000000001364, "0.8": 0.7000000000001592}, "AP_amplitude": {"0.1": 97.33133023426814, "0.2": 96.41942300355169, "0.4": 101.0061152323647, "0.8": 104.07977544156608}, "voltage_base": {"0.1": -72.08337545045633, "0.2": -72.08337545045633, "0.4": -72.08337545045633, "0.8": -72.08337545045633}}}, "NetPyNE": {"L1_SLAC_bNAC219_3": {"mean_frequency": {"0.1": 92.35093354754315, "0.2": 135.50000000009214, "0.4": 181.71806167413234, "0.8": 244.6345490021174}, "ISI_CV": {"0.1": 0.060459791621819615, "0.2": 0.026857166129995298, "0.4": 0.01377958776811538, "0.8": 0.009368025140970042}, "time_to_first_spike": {"0.1": 2.3000000000911314, "0.2": 1.300000000090904, "0.4": 0.8000000000907903, "0.8": 0.5000000000907221}, "time_to_second_spike": {"0.1": 10.800000000093064, "0.2": 7.900000000092405, "0.4": 6.100000000091995, "0.8": 4.9000000000917225}, "AP_height": {"0.1": 27.86645878760296, "0.2": 30.278767516687765, "0.4": 30.166265129388027, "0.8": 34.10182507775196}, "AP_width": {"0.1": 0.6000000000001364, "0.2": 0.6000000000001364, "0.4": 0.6000000000001364, "0.8": 0.7000000000001592}, "AP_amplitude": {"0.1": 98.39249909812105, "0.2": 102.36229815708543, "0.4": 102.24979576226079, "0.8": 106.18535563230498}, "voltage_base": {"0.1": -72.08337513953391, "0.2": -72.08337513953391, "0.4": -72.08337513953391, "0.8": -72.08337513953391}}}}