{"BBP": {"L4_BTC_bAC217_3": {"mean_frequency": {"0.1": 8.55345911950266, "0.2": 12.622437645166588, "0.4": 17.434109322132564, "0.8": 28.102574396566485}, "ISI_CV": {"0.1": 0.2900118868269955, "0.2": 0.31567586466968783, "0.4": 0.31328305061722717, "0.8": 0.25228677404060057}, "time_to_first_spike": {"0.1": 10.900000000093087, "0.2": 4.600000000091654, "0.4": 2.3000000000911314, "0.8": 1.300000000090904}, "time_to_second_spike": {"0.1": 43.5000000001005, "0.2": 24.400000000096156, "0.4": 15.100000000094042, "0.8": 10.000000000092882}, "AP_height": {"0.1": 17.25368019252216, "0.2": 23.141071965906924, "0.4": 23.394928334864534, "0.8": 27.315707263902908}, "AP_width": {"0.1": 0.6000000000001364, "0.2": 0.6000000000001364, "0.4": 0.5000000000001137, "0.8": 0.7000000000001592}, "AP_amplitude": {"0.1": 74.78969895540988, "0.2": 80.02002904385267, "0.4": 95.06552646158653, "0.8": 98.98630538836976}, "voltage_base": {"0.1": -71.66766204415023, "0.2": -71.66766204415023, "0.4": -71.66766204415023, "0.8": -71.66766204415023}}}, "NetPyNE": {"L4_BTC_bAC217_3": {"mean_frequency": {"0.1": 8.551119662236454, "0.2": 12.439744985236159, "0.4": 17.240505045394762, "0.8": 28.205903092594937}, "ISI_CV": {"0.1": 0.29834527236317293, "0.2": 0.32544251936360397, "0.4": 0.30271448295031955, "0.8": 0.24408743675554515}, "time_to_first_spike": {"0.1": 11.00000000009311, "0.2": 4.700000000091677, "0.4": 2.400000000091154, "0.8": 1.4000000000909267}, "time_to_second_spike": {"0.1": 43.80000000010057, "0.2": 24.600000000096202, "0.4": 15.300000000094087, "0.8": 10.200000000092928}, "AP_height": {"0.1": 17.063177833340724, "0.2": 22.67022635234815, "0.4": 26.75283214525996, "0.8": 28.528759475024103}, "AP_width": {"0.1": 0.6000000000001364, "0.2": 0.6000000000001364, "0.4": 0.6000000000001364, "0.8": 0.6000000000001364}, "AP_amplitude": {"0.1": 74.12853856725376, "0.2": 79.74650806694486, "0.4": 98.4234255238997, "0.8": 100.19935237448665}, "voltage_base": {"0.1": -71.667656802234, "0.2": -71.667656802234, "0.4": -71.667656802234, "0.8": -71.667656802234}}}}