{"BBP": {"L5_BP_bNAC219_3": {"mean_frequency": {"0.1": 91.94593779838429, "0.2": 146.88925652990378, "0.4": 218.1963767392135, "0.8": 325.81453634003816}, "ISI_CV": {"0.1": 0.024684771395098448, "0.2": 0.011660832202735649, "0.4": 0.013982647720184427, "0.8": 0.07139765817427982}, "time_to_first_spike": {"0.1": 5.400000000091836, "0.2": 2.2000000000911086, "0.4": 1.2000000000908813, "0.8": 0.7000000000907676}, "time_to_second_spike": {"0.1": 14.000000000093792, "0.2": 9.2000000000927, "0.4": 6.8000000000921546, "0.8": 5.200000000091791}, "AP_height": {"0.1": 12.829234010126378, "0.2": 17.482683509283905, "0.4": 19.681352387847916, "0.8": 23.448826801643595}, "AP_width": {"0.1": 0.6000000000001364, "0.2": 0.6000000000001364, "0.4": 0.6000000000001364, "0.8": 0.7000000000001592}, "AP_amplitude": {"0.1": 69.5997878731813, "0.2": 86.2707821937001, "0.4": 88.46945107008517, "0.8": 92.2369254795231}, "voltage_base": {"0.1": -68.78798895095476, "0.2": -68.78798895095476, "0.4": -68.78798895095476, "0.8": -68.78798895095476}}}, "NetPyNE": {"L5_BP_bNAC219_3": {"mean_frequency": {"0.1": 91.9505577329536, "0.2": 146.10958218673932, "0.4": 215.58623449394412, "0.8": 317.91907514360383}, "ISI_CV": {"0.1": 0.024024469168669, "0.2": 0.010914645732603277, "0.4": 0.0149291124123717, "0.8": 0.07056680248510352}, "time_to_first_spike": {"0.1": 5.500000000091859, "0.2": 2.3000000000911314, "0.4": 1.2000000000908813, "0.8": 0.8000000000907903}, "time_to_second_spike": {"0.1": 14.100000000093814, "0.2": 9.300000000092723, "0.4": 6.900000000092177, "0.8": 5.3000000000918135}, "AP_height": {"0.1": 12.40268592682135, "0.2": 17.28708673314974, "0.4": 17.669626952098902, "0.8": 19.728179241624762}, "AP_width": {"0.1": 0.6000000000001364, "0.2": 0.6000000000001364, "0.4": 0.7000000000001592, "0.8": 0.7000000000001592}, "AP_amplitude": {"0.1": 68.1687948696105, "0.2": 86.07518540226918, "0.4": 86.45772542027373, "0.8": 88.51627789254752}, "voltage_base": {"0.1": -68.78798892304137, "0.2": -68.78798892304137, "0.4": -68.78798892304137, "0.8": -68.78798892304137}}}}