{"BBP": {"L5_NBC_bSTUT213_1": {"mean_frequency": {"0.1": 9.324009324015588, "0.2": 37.33979210820979, "0.4": 107.09638674814607, "0.8": 158.1502427307016}, "ISI_CV": {"0.1": 0.34702862142295293, "0.2": 0.23086526522292858, "0.4": 0.03476728162768977, "0.8": 0.01491169048048241}, "time_to_first_spike": {"0.1": 25.60000000009643, "0.2": 6.000000000091973, "0.4": 2.100000000091086, "0.8": 1.1000000000908585}, "time_to_second_spike": {"0.1": 61.90000000010468, "0.2": 17.500000000094587, "0.4": 9.90000000009286, "0.8": 7.100000000092223}, "AP_height": {"0.1": 18.353541575993205, "0.2": 25.92537569031764, "0.4": 27.236578295518278, "0.8": 30.612191274319002}, "AP_width": {"0.1": 0.5000000000001137, "0.2": 0.7000000000001592, "0.4": 0.6000000000001364, "0.8": 0.7000000000001592}, "AP_amplitude": {"0.1": 70.09377814532195, "0.2": 80.08958576078687, "0.4": 100.28005157497674, "0.8": 104.06405537838913}, "voltage_base": {"0.1": -73.7277654458232, "0.2": -73.7277654458232, "0.4": -73.7277654458232, "0.8": -73.7277654458232}}}, "NetPyNE": {"L5_NBC_bSTUT213_1": {"mean_frequency": {"0.1": 0, "0.2": 25.479005299650318, "0.4": 102.64370118172408, "0.8": 154.2776998598524}, "ISI_CV": {"0.1": 0, "0.2": 0.17331225849631923, "0.4": 0.033762346258665504, "0.8": 0.014500965398782775}, "time_to_first_spike": {"0.1": 0, "0.2": 6.500000000092086, "0.4": 2.500000000091177, "0.8": 1.2000000000908813}, "time_to_second_spike": {"0.1": 0, "0.2": 18.600000000094838, "0.4": 10.500000000092996, "0.8": 7.300000000092268}, "AP_height": {"0.1": 0, "0.2": 21.611848226537266, "0.4": 28.152604385705132, "0.8": 31.498386638857337}, "AP_width": {"0.1": 0, "0.2": 0.6000000000001364, "0.4": 0.7000000000001592, "0.8": 0.7000000000001592}, "AP_amplitude": {"0.1": 0, "0.2": 75.54054247509926, "0.4": 102.91222848050033, "0.8": 106.25801072429425}, "voltage_base": {"0.1": -74.75958213031488, "0.2": -74.75958213031488, "0.4": -74.75958213031488, "0.8": -74.75958213031488}}}}