{"BBP": {"L23_LBC_cSTUT189_4": {"mean_frequency": {"0.1": 0, "0.2": 46.361620641031244, "0.4": 86.14644896329605, "0.8": 136.23159370939842}, "ISI_CV": {"0.1": 0, "0.2": 0.07233869333329708, "0.4": 0.02297249006542686, "0.8": 0.0328031276326868}, "time_to_first_spike": {"0.1": 0, "0.2": 7.300000000092268, "0.4": 2.900000000091268, "0.8": 1.5000000000909495}, "time_to_second_spike": {"0.1": 0, "0.2": 27.700000000096907, "0.4": 12.50000000009345, "0.8": 8.200000000092473}, "AP_height": {"0.1": 0, "0.2": 18.859605516790793, "0.4": 23.60055817561684, "0.8": 26.765654130914427}, "AP_width": {"0.1": 0, "0.2": 0.7000000000001592, "0.4": 0.8000000000001819, "0.8": 0.8000000000001819}, "AP_amplitude": {"0.1": 0, "0.2": 74.79068835298135, "0.4": 99.72361101783103, "0.8": 103.30054291772434}, "voltage_base": {"0.1": -76.54021476103034, "0.2": -76.54021476103034, "0.4": -76.54021476103034, "0.8": -76.54021476103034}}}, "NetPyNE": {"L23_LBC_cSTUT189_4": {"mean_frequency": {"0.1": 0, "0.2": 49.25613188583963, "0.4": 87.18745302406086, "0.8": 137.3295910185376}, "ISI_CV": {"0.1": 0, "0.2": 0.010797172733711119, "0.4": 0.013487365124086333, "0.8": 0.033994677313742526}, "time_to_first_spike": {"0.1": 0, "0.2": 6.900000000092177, "0.4": 2.900000000091268, "0.8": 1.5000000000909495}, "time_to_second_spike": {"0.1": 0, "0.2": 25.700000000096452, "0.4": 12.700000000093496, "0.8": 8.200000000092473}, "AP_height": {"0.1": 0, "0.2": 18.889178029221377, "0.4": 23.469739762055998, "0.8": 25.700646788670397}, "AP_width": {"0.1": 0, "0.2": 0.7000000000001592, "0.4": 0.7000000000001592, "0.8": 0.7000000000001592}, "AP_amplitude": {"0.1": 0, "0.2": 74.72847616181222, "0.4": 98.88007887383168, "0.8": 101.11098600185758}, "voltage_base": {"0.1": -75.40971684785461, "0.2": -75.40971684785461, "0.4": -75.40971684785461, "0.8": -75.40971684785461}}}}