{"BBP": {"L4_BTC_cACint209_3": {"mean_frequency": {"0.1": 27.282372555972614, "0.2": 46.44588045237397, "0.4": 103.99919614154972, "0.8": 203.25406758461878}, "ISI_CV": {"0.1": 0.2303644667648564, "0.2": 0.18039439092839715, "0.4": 0.08707891194117484, "0.8": 0.01845416980533935}, "time_to_first_spike": {"0.1": 8.80000000009261, "0.2": 4.100000000091541, "0.4": 2.2000000000911086, "0.8": 1.300000000090904}, "time_to_second_spike": {"0.1": 21.800000000095565, "0.2": 13.6000000000937, "0.4": 9.600000000092791, "0.8": 7.100000000092223}, "AP_height": {"0.1": 28.14455431992797, "0.2": 29.100472916490773, "0.4": 33.36492076625253, "0.8": 34.51431377878747}, "AP_width": {"0.1": 0.8000000000001819, "0.2": 0.9000000000002046, "0.4": 0.9000000000002046, "0.8": 0.9000000000002046}, "AP_amplitude": {"0.1": 84.28141243041372, "0.2": 85.71740566396122, "0.4": 104.56194775928202, "0.8": 105.71134076956528}, "voltage_base": {"0.1": -71.19635777295612, "0.2": -71.19635777295612, "0.4": -71.19635777295612, "0.8": -71.19635777295612}}}, "NetPyNE": {"L4_BTC_cACint209_3": {"mean_frequency": {"0.1": 27.186225645691305, "0.2": 46.403712297015225, "0.4": 103.70221932775947, "0.8": 200.33054540004602}, "ISI_CV": {"0.1": 0.23000807140677063, "0.2": 0.1800383771690505, "0.4": 0.08597774344181854, "0.8": 0.018538776184389826}, "time_to_first_spike": {"0.1": 8.900000000092632, "0.2": 4.200000000091563, "0.4": 2.2000000000911086, "0.8": 1.300000000090904}, "time_to_second_spike": {"0.1": 21.900000000095588, "0.2": 13.800000000093746, "0.4": 9.700000000092814, "0.8": 7.2000000000922455}, "AP_height": {"0.1": 28.42628517080208, "0.2": 31.460164798120044, "0.4": 31.74585509823155, "0.8": 36.33132274558007}, "AP_width": {"0.1": 0.8000000000001819, "0.2": 0.8000000000001819, "0.4": 0.9000000000002046, "0.8": 0.9000000000002046}, "AP_amplitude": {"0.1": 85.44161831306207, "0.2": 88.28395653954004, "0.4": 102.94288107413556, "0.8": 107.52834843102765}, "voltage_base": {"0.1": -71.19635646477609, "0.2": -71.19635646477609, "0.4": -71.19635646477609, "0.8": -71.19635646477609}}}}