{"BBP": {"L5_NBC_dSTUT214_2": {"mean_frequency": {"0.1": 0, "0.2": 33.80764961148724, "0.4": 72.5221595488002, "0.8": 110.48059056905007}, "ISI_CV": {"0.1": 0, "0.2": 0.1680794359389404, "0.4": 0.035719023471680614, "0.8": 0.021485653309250986}, "time_to_first_spike": {"0.1": 0, "0.2": 6.100000000091995, "0.4": 2.500000000091177, "0.8": 1.300000000090904}, "time_to_second_spike": {"0.1": 0, "0.2": 36.30000000009886, "0.4": 13.700000000093723, "0.8": 8.80000000009261}, "AP_height": {"0.1": 0, "0.2": 26.377609776297238, "0.4": 30.768424290434453, "0.8": 33.14474348542974}, "AP_width": {"0.1": 0, "0.2": 0.7000000000001592, "0.4": 0.7000000000001592, "0.8": 0.7000000000001592}, "AP_amplitude": {"0.1": 0, "0.2": 81.10079395363367, "0.4": 103.95680188530552, "0.8": 108.05885750174953}, "voltage_base": {"0.1": -75.03461241982043, "0.2": -75.03461241982043, "0.4": -75.03461241982043, "0.8": -75.03461241982043}}}, "NetPyNE": {"L5_NBC_dSTUT214_2": {"mean_frequency": {"0.1": 0, "0.2": 25.471217524214868, "0.4": 70.68732140176257, "0.8": 108.77192982463531}, "ISI_CV": {"0.1": 0, "0.2": 0.07797250667675307, "0.4": 0.02828202496495012, "0.8": 0.01907271014533419}, "time_to_first_spike": {"0.1": 0, "0.2": 7.0000000000922, "0.4": 2.7000000000912223, "0.8": 1.4000000000909267}, "time_to_second_spike": {"0.1": 0, "0.2": 60.60000000010439, "0.4": 14.30000000009386, "0.8": 9.000000000092655}, "AP_height": {"0.1": 0, "0.2": 24.494631107408917, "0.4": 26.218233884800952, "0.8": 31.909233165785285}, "AP_width": {"0.1": 0, "0.2": 0.7000000000001592, "0.4": 0.7000000000001592, "0.8": 0.7000000000001592}, "AP_amplitude": {"0.1": 0, "0.2": 78.36557039998065, "0.4": 99.9429029225948, "0.8": 107.55669949872808}, "voltage_base": {"0.1": -75.64509485863367, "0.2": -75.64509485863367, "0.4": -75.64509485863367, "0.8": -75.64509485863367}}}}