{"BBP": {"L5_ChC_cACint209_5": {"mean_frequency": {"0.1": 24.289039570910084, "0.2": 37.25144726909147, "0.4": 66.75031367633142, "0.8": 127.23538546319323}, "ISI_CV": {"0.1": 0.25814110972335097, "0.2": 0.2251484835987119, "0.4": 0.16508316880914098, "0.8": 0.09573789981276634}, "time_to_first_spike": {"0.1": 12.900000000093542, "0.2": 5.800000000091927, "0.4": 2.800000000091245, "0.8": 1.5000000000909495}, "time_to_second_spike": {"0.1": 29.500000000097316, "0.2": 16.50000000009436, "0.4": 10.800000000093064, "0.8": 7.800000000092382}, "AP_height": {"0.1": 24.220737516142066, "0.2": 28.99511729274786, "0.4": 30.87750282738197, "0.8": 34.611045607772375}, "AP_width": {"0.1": 0.8000000000001819, "0.2": 0.8000000000001819, "0.4": 0.9000000000002046, "0.8": 0.9000000000002046}, "AP_amplitude": {"0.1": 79.76980326459599, "0.2": 84.6868122289091, "0.4": 86.44192641214053, "0.8": 105.12383391848152}, "voltage_base": {"0.1": -70.51214802356755, "0.2": -70.51214802356755, "0.4": -70.51214802356755, "0.8": -70.51214802356755}}}, "NetPyNE": {"L5_ChC_cACint209_5": {"mean_frequency": {"0.1": 24.226517942781275, "0.2": 37.21772368357402, "0.4": 66.85432793811717, "0.8": 127.4013141396261}, "ISI_CV": {"0.1": 0.258243118302887, "0.2": 0.22500703957329438, "0.4": 0.16402507629926238, "0.8": 0.09302576069392535}, "time_to_first_spike": {"0.1": 13.100000000093587, "0.2": 5.90000000009195, "0.4": 2.800000000091245, "0.8": 1.6000000000909722}, "time_to_second_spike": {"0.1": 29.70000000009736, "0.2": 16.600000000094383, "0.4": 10.900000000093087, "0.8": 7.900000000092405}, "AP_height": {"0.1": 23.458343133114656, "0.2": 28.120147794442076, "0.4": 29.75394999701338, "0.8": 33.640673939967066}, "AP_width": {"0.1": 0.8000000000001819, "0.2": 0.9000000000002046, "0.4": 0.9000000000002046, "0.8": 0.9000000000002046}, "AP_amplitude": {"0.1": 78.59679457574816, "0.2": 82.990317037382, "0.4": 84.34968148171704, "0.8": 104.15346128451966}, "voltage_base": {"0.1": -70.51214705507286, "0.2": -70.51214705507286, "0.4": -70.51214705507286, "0.8": -70.51214705507286}}}}