{"BBP": {"L5_NBC_bSTUT213_3": {"mean_frequency": {"0.1": 0, "0.2": 16.31071920078578, "0.4": 83.1371763410191, "0.8": 135.00675033760868}, "ISI_CV": {"0.1": 0, "0.2": 0.42893088360514664, "0.4": 0.046230294247749104, "0.8": 0.019231560310289216}, "time_to_first_spike": {"0.1": 0, "0.2": 8.900000000092632, "0.4": 3.4000000000913815, "0.8": 1.6000000000909722}, "time_to_second_spike": {"0.1": 0, "0.2": 24.000000000096065, "0.4": 12.600000000093473, "0.8": 8.400000000092518}, "AP_height": {"0.1": 0, "0.2": 21.865990996633606, "0.4": 29.210644816263503, "0.8": 30.85078591729795}, "AP_width": {"0.1": 0, "0.2": 0.6000000000001364, "0.4": 0.7000000000001592, "0.8": 0.7000000000001592}, "AP_amplitude": {"0.1": 0, "0.2": 76.64558637683328, "0.4": 83.68361352839705, "0.8": 105.9718724565689}, "voltage_base": {"0.1": -75.05010768202364, "0.2": -75.05010768202364, "0.4": -75.05010768202364, "0.8": -75.05010768202364}}}, "NetPyNE": {"L5_NBC_bSTUT213_3": {"mean_frequency": {"0.1": 0, "0.2": 18.923895253695257, "0.4": 84.29503261420679, "0.8": 134.98594941799615}, "ISI_CV": {"0.1": 0, "0.2": 0.18693735203189554, "0.4": 0.03774047384869353, "0.8": 0.017914403423768138}, "time_to_first_spike": {"0.1": 0, "0.2": 9.000000000092655, "0.4": 3.500000000091404, "0.8": 1.6000000000909722}, "time_to_second_spike": {"0.1": 0, "0.2": 24.100000000096088, "0.4": 12.600000000093473, "0.8": 8.400000000092518}, "AP_height": {"0.1": 0, "0.2": 23.389779542422698, "0.4": 29.341234834719643, "0.8": 29.200109404806643}, "AP_width": {"0.1": 0, "0.2": 0.6000000000001364, "0.4": 0.7000000000001592, "0.8": 0.7000000000001592}, "AP_amplitude": {"0.1": 0, "0.2": 78.71343399005217, "0.4": 84.35966480699446, "0.8": 104.3067215570923}, "voltage_base": {"0.1": -75.10656358748663, "0.2": -75.10656358748663, "0.4": -75.10656358748663, "0.8": -75.10656358748663}}}}