{"BBP": {"L6_DBC_bSTUT213_3": {"mean_frequency": {"0.1": 0, "0.2": 5.6663644605657835, "0.4": 70.81512731660678, "0.8": 127.45245621966608}, "ISI_CV": {"0.1": 0, "0.2": 0.7861239454059936, "0.4": 0.04380638257846512, "0.8": 0.013186603995100936}, "time_to_first_spike": {"0.1": 0, "0.2": 19.900000000095133, "0.4": 5.600000000091882, "0.8": 2.800000000091245}, "time_to_second_spike": {"0.1": 0, "0.2": 50.60000000010211, "0.4": 16.300000000094315, "0.8": 10.000000000092882}, "AP_height": {"0.1": 0, "0.2": 1.4116610462865593, "0.4": 10.616309676067736, "0.8": 15.529707009674196}, "AP_width": {"0.1": 0, "0.2": 0.6000000000001364, "0.4": 0.7000000000001592, "0.8": 0.7000000000001592}, "AP_amplitude": {"0.1": 0, "0.2": 56.46100339801073, "0.4": 66.33597747627459, "0.8": 90.97504750186988}, "voltage_base": {"0.1": -75.32097895179895, "0.2": -75.32097895179895, "0.4": -75.32097895179895, "0.8": -75.32097895179895}}}, "NetPyNE": {"L6_DBC_bSTUT213_3": {"mean_frequency": {"0.1": 0, "0.2": 8.027829810013358, "0.4": 73.46281573920655, "0.8": 128.25008767104552}, "ISI_CV": {"0.1": 0, "0.2": 0.06936815171678536, "0.4": 0.023086690239908548, "0.8": 0.011283639364397845}, "time_to_first_spike": {"0.1": 0, "0.2": 16.200000000094292, "0.4": 5.600000000091882, "0.8": 2.800000000091245}, "time_to_second_spike": {"0.1": 0, "0.2": 42.40000000010025, "0.4": 16.200000000094292, "0.8": 10.100000000092905}, "AP_height": {"0.1": 0, "0.2": 2.247173122784142, "0.4": 9.173757573341488, "0.8": 14.9044835338296}, "AP_width": {"0.1": 0, "0.2": 0.7000000000001592, "0.4": 0.7000000000001592, "0.8": 0.7000000000001592}, "AP_amplitude": {"0.1": 0, "0.2": 57.58241038802348, "0.4": 64.94789319564596, "0.8": 90.32392948049188}, "voltage_base": {"0.1": -75.4194079408415, "0.2": -75.4194079408415, "0.4": -75.4194079408415, "0.8": -75.4194079408415}}}}