{"BBP": {"L6_NBC_dSTUT214_2": {"mean_frequency": {"0.1": 0, "0.2": 0, "0.4": 55.56946182732188, "0.8": 94.63722397482773}, "ISI_CV": {"0.1": 0, "0.2": 0, "0.4": 0.05312380495001414, "0.8": 0.01942700334542306}, "time_to_first_spike": {"0.1": 0, "0.2": 0, "0.4": 4.300000000091586, "0.8": 2.000000000091063}, "time_to_second_spike": {"0.1": 0, "0.2": 0, "0.4": 20.400000000095247, "0.8": 10.800000000093064}, "AP_height": {"0.1": 0, "0.2": 0, "0.4": 25.58071757135664, "0.8": 25.704387824636946}, "AP_width": {"0.1": 0, "0.2": 0, "0.4": 0.7000000000001592, "0.8": 0.8000000000001819}, "AP_amplitude": {"0.1": 0, "0.2": 0, "0.4": 81.94046504524076, "0.8": 101.94044183690181}, "voltage_base": {"0.1": -76.31833528615763, "0.2": -76.31833528615763, "0.4": -76.31833528615763, "0.8": -76.31833528615763}}}, "NetPyNE": {"L6_NBC_dSTUT214_2": {"mean_frequency": {"0.1": 0, "0.2": 0, "0.4": 56.06166783465619, "0.8": 94.43914201041224}, "ISI_CV": {"0.1": 0, "0.2": 0, "0.4": 0.018317357866813207, "0.8": 0.01583931796916756}, "time_to_first_spike": {"0.1": 0, "0.2": 0, "0.4": 4.300000000091586, "0.8": 2.100000000091086}, "time_to_second_spike": {"0.1": 0, "0.2": 0, "0.4": 20.10000000009518, "0.8": 10.900000000093087}, "AP_height": {"0.1": 0, "0.2": 0, "0.4": 24.834990298529767, "0.8": 26.983766998583157}, "AP_width": {"0.1": 0, "0.2": 0, "0.4": 0.6000000000001364, "0.8": 0.7000000000001592}, "AP_amplitude": {"0.1": 0, "0.2": 0, "0.4": 80.02353870593538, "0.8": 102.91923868703037}, "voltage_base": {"0.1": -75.93302207502573, "0.2": -75.93302207502573, "0.4": -75.93302207502573, "0.8": -75.93302207502573}}}}