{"BBP": {"L6_DBC_bAC217_5": {"mean_frequency": {"0.1": 8.551738014996497, "0.2": 13.189265966629938, "0.4": 20.3345025672447, "0.8": 87.95074758126435}, "ISI_CV": {"0.1": 0.3082321787360299, "0.2": 0.33203219126330885, "0.4": 0.4257157592112712, "0.8": 0.2882306768491568}, "time_to_first_spike": {"0.1": 15.600000000094155, "0.2": 5.800000000091927, "0.4": 2.500000000091177, "0.8": 1.300000000090904}, "time_to_second_spike": {"0.1": 54.500000000103, "0.2": 27.200000000096793, "0.4": 15.40000000009411, "0.8": 9.700000000092814}, "AP_height": {"0.1": 13.371842278908378, "0.2": 14.337439754921704, "0.4": 22.230786615858268, "0.8": 24.74194930046941}, "AP_width": {"0.1": 0.6000000000001364, "0.2": 0.6000000000001364, "0.4": 0.6000000000001364, "0.8": 0.6000000000001364}, "AP_amplitude": {"0.1": 69.92324674694792, "0.2": 70.58510779448946, "0.4": 90.32474309298499, "0.8": 92.8359057755522}, "voltage_base": {"0.1": -68.09174588611552, "0.2": -68.09174588611552, "0.4": -68.09174588611552, "0.8": -68.09174588611552}}}, "NetPyNE": {"L6_DBC_bAC217_5": {"mean_frequency": {"0.1": 8.55935376879614, "0.2": 13.099292638206302, "0.4": 20.419129500277176, "0.8": 87.18395815161139}, "ISI_CV": {"0.1": 0.3183319812002045, "0.2": 0.3382487369942576, "0.4": 0.63240425272022, "0.8": 0.28614683350058023}, "time_to_first_spike": {"0.1": 15.800000000094201, "0.2": 5.90000000009195, "0.4": 2.6000000000911996, "0.8": 1.4000000000909267}, "time_to_second_spike": {"0.1": 54.90000000010309, "0.2": 27.600000000096884, "0.4": 15.600000000094155, "0.8": 9.90000000009286}, "AP_height": {"0.1": 13.609354152456854, "0.2": 16.74504361650962, "0.4": 21.528545765443855, "0.8": 25.87849309198442}, "AP_width": {"0.1": 0.5000000000001137, "0.2": 0.5000000000001137, "0.4": 0.6000000000001364, "0.8": 0.6000000000001364}, "AP_amplitude": {"0.1": 69.04260715287982, "0.2": 72.58480735627441, "0.4": 89.6224989116634, "0.8": 93.9724462274121}, "voltage_base": {"0.1": -68.09174253579003, "0.2": -68.09174253579003, "0.4": -68.09174253579003, "0.8": -68.09174253579003}}}}