{"BBP": {"L5_STPC_cADpyr232_5": {"mean_frequency": {"0.1": 0, "0.2": 8.972396685497094, "0.4": 21.277673641029654, "0.8": 38.5694249649631}, "ISI_CV": {"0.1": 0, "0.2": 0.059186346321004925, "0.4": 0.11394945062504405, "0.8": 0.14285959174736548}, "time_to_first_spike": {"0.1": 0, "0.2": 28.60000000009711, "0.4": 7.800000000092382, "0.8": 3.1000000000913133}, "time_to_second_spike": {"0.1": 0, "0.2": 68.40000000010616, "0.4": 25.30000000009636, "0.8": 13.400000000093655}, "AP_height": {"0.1": 0, "0.2": 31.517175648149784, "0.4": 37.94656829550481, "0.8": 41.634726624646866}, "AP_width": {"0.1": 0, "0.2": 0.8000000000001819, "0.4": 0.8000000000001819, "0.8": 0.9000000000002046}, "AP_amplitude": {"0.1": 0, "0.2": 82.0115654116662, "0.4": 92.36801068099933, "0.8": 113.92890461060671}, "voltage_base": {"0.1": -72.29379357118296, "0.2": -72.29379357118296, "0.4": -72.29379357118296, "0.8": -72.29379357118296}}}, "NetPyNE": {"L5_STPC_cADpyr232_5": {"mean_frequency": {"0.1": 0, "0.2": 8.890283443160435, "0.4": 21.166154311358408, "0.8": 38.316107890119255}, "ISI_CV": {"0.1": 0, "0.2": 0.0565579466460195, "0.4": 0.11372679231970682, "0.8": 0.14375617624792378}, "time_to_first_spike": {"0.1": 0, "0.2": 28.700000000097134, "0.4": 7.900000000092405, "0.8": 3.200000000091336}, "time_to_second_spike": {"0.1": 0, "0.2": 68.90000000010627, "0.4": 25.500000000096406, "0.8": 13.500000000093678}, "AP_height": {"0.1": 0, "0.2": 31.928759591889673, "0.4": 38.33579668495611, "0.8": 41.2745411388715}, "AP_width": {"0.1": 0, "0.2": 0.8000000000001819, "0.4": 0.9000000000002046, "0.8": 0.9000000000002046}, "AP_amplitude": {"0.1": 0, "0.2": 83.5203966112654, "0.4": 92.46845089529964, "0.8": 113.56871825163012}, "voltage_base": {"0.1": -72.2937926795362, "0.2": -72.2937926795362, "0.4": -72.2937926795362, "0.8": -72.2937926795362}}}}