{"BBP": {"L4_BTC_bAC217_1": {"mean_frequency": {"0.1": 7.083944745235785, "0.2": 11.991032792875979, "0.4": 16.936104695931352, "0.8": 23.349068575215025}, "ISI_CV": {"0.1": 0.29054600285204746, "0.2": 0.3044557772999496, "0.4": 0.308416592708859, "0.8": 0.3126641898267259}, "time_to_first_spike": {"0.1": 13.20000000009361, "0.2": 5.000000000091745, "0.4": 2.3000000000911314, "0.8": 1.2000000000908813}, "time_to_second_spike": {"0.1": 51.800000000102386, "0.2": 27.10000000009677, "0.4": 16.400000000094337, "0.8": 10.400000000092973}, "AP_height": {"0.1": 19.799734217082943, "0.2": 21.68827450058158, "0.4": 24.6558261626057, "0.8": 31.82877336808993}, "AP_width": {"0.1": 0.5000000000001137, "0.2": 0.5000000000001137, "0.4": 0.6000000000001364, "0.8": 0.6000000000001364}, "AP_amplitude": {"0.1": 75.42211688410079, "0.2": 77.90539953347759, "0.4": 96.59187603278679, "0.8": 103.76482323608984}, "voltage_base": {"0.1": -71.93306928930521, "0.2": -71.93306928930521, "0.4": -71.93306928930521, "0.8": -71.93306928930521}}}, "NetPyNE": {"L4_BTC_bAC217_1": {"mean_frequency": {"0.1": 7.128365410982372, "0.2": 11.836146562379316, "0.4": 16.712245518090928, "0.8": 23.00115005751852}, "ISI_CV": {"0.1": 0.29861325224351126, "0.2": 0.3019476650894027, "0.4": 0.3067586284804389, "0.8": 0.3114204510727417}, "time_to_first_spike": {"0.1": 13.300000000093632, "0.2": 5.000000000091745, "0.4": 2.3000000000911314, "0.8": 1.300000000090904}, "time_to_second_spike": {"0.1": 52.100000000102455, "0.2": 27.300000000096816, "0.4": 16.600000000094383, "0.8": 10.600000000093019}, "AP_height": {"0.1": 21.616633349640686, "0.2": 23.65117426951502, "0.4": 29.45690355602095, "0.8": 29.994781051786102}, "AP_width": {"0.1": 0.5000000000001137, "0.2": 0.6000000000001364, "0.4": 0.6000000000001364, "0.8": 0.6000000000001364}, "AP_amplitude": {"0.1": 76.55042876946536, "0.2": 78.83105466739991, "0.4": 101.3929488806892, "0.8": 101.93082666569957}, "voltage_base": {"0.1": -71.93306501782352, "0.2": -71.93306501782352, "0.4": -71.93306501782352, "0.8": -71.93306501782352}}}}