{"BBP": {"L6_MC_bNAC219_1": {"mean_frequency": {"0.1": 40.79576932765296, "0.2": 89.45622675651866, "0.4": 134.30217990487702, "0.8": 188.15052041646098}, "ISI_CV": {"0.1": 0.08702843436364982, "0.2": 0.03422921553748722, "0.4": 0.02109375649136033, "0.8": 0.012778224906176121}, "time_to_first_spike": {"0.1": 7.2000000000922455, "0.2": 3.200000000091336, "0.4": 1.6000000000909722, "0.8": 0.900000000090813}, "time_to_second_spike": {"0.1": 21.000000000095383, "0.2": 12.300000000093405, "0.4": 8.500000000092541, "0.8": 6.300000000092041}, "AP_height": {"0.1": 15.077264118871595, "0.2": 22.40478218044415, "0.4": 22.387417057558874, "0.8": 22.56788330087559}, "AP_width": {"0.1": 0.6000000000001364, "0.2": 0.6000000000001364, "0.4": 0.7000000000001592, "0.8": 0.7000000000001592}, "AP_amplitude": {"0.1": 69.77137092043293, "0.2": 78.29569032345923, "0.4": 92.93494706760848, "0.8": 93.11541330857129}, "voltage_base": {"0.1": -70.54740887745949, "0.2": -70.54740887745949, "0.4": -70.54740887745949, "0.8": -70.54740887745949}}}, "NetPyNE": {"L6_MC_bNAC219_1": {"mean_frequency": {"0.1": 40.62594041531499, "0.2": 88.94472361815085, "0.4": 133.24650603625747, "0.8": 186.16755079584271}, "ISI_CV": {"0.1": 0.08685506262823871, "0.2": 0.03370478860893863, "0.4": 0.02079221291615333, "0.8": 0.011669160762619476}, "time_to_first_spike": {"0.1": 7.400000000092291, "0.2": 3.3000000000913587, "0.4": 1.700000000090995, "0.8": 1.0000000000908358}, "time_to_second_spike": {"0.1": 21.20000000009543, "0.2": 12.50000000009345, "0.4": 8.600000000092564, "0.8": 6.400000000092064}, "AP_height": {"0.1": 15.262324115455325, "0.2": 21.11113210289089, "0.4": 24.777918949233996, "0.8": 26.35297366740977}, "AP_width": {"0.1": 0.6000000000001364, "0.2": 0.6000000000001364, "0.4": 0.6000000000001364, "0.8": 0.6000000000001364}, "AP_amplitude": {"0.1": 70.91308769738222, "0.2": 76.14342396505543, "0.4": 95.32544872036212, "0.8": 96.9005033950613}, "voltage_base": {"0.1": -70.54740859662051, "0.2": -70.54740859662051, "0.4": -70.54740859662051, "0.8": -70.54740859662051}}}}