{"BBP": {"L6_NBC_bAC217_4": {"mean_frequency": {"0.1": 6.6502967055498114, "0.2": 12.07668696221823, "0.4": 17.2887216515931, "0.8": 23.84334415586029}, "ISI_CV": {"0.1": 0.2875290787290861, "0.2": 0.3012616594733305, "0.4": 0.30874069672298055, "0.8": 0.3154732941536025}, "time_to_first_spike": {"0.1": 15.500000000094133, "0.2": 4.600000000091654, "0.4": 2.000000000091063, "0.8": 1.1000000000908585}, "time_to_second_spike": {"0.1": 59.100000000104046, "0.2": 27.900000000096952, "0.4": 16.50000000009436, "0.8": 10.500000000092996}, "AP_height": {"0.1": 24.972640780023795, "0.2": 24.921659030992203, "0.4": 31.217862898384737, "0.8": 28.004624843122528}, "AP_width": {"0.1": 0.5000000000001137, "0.2": 0.5000000000001137, "0.4": 0.6000000000001364, "0.8": 0.6000000000001364}, "AP_amplitude": {"0.1": 79.57773192865537, "0.2": 80.74321232696829, "0.4": 102.65958216735332, "0.8": 99.44634410977146}, "voltage_base": {"0.1": -71.4387937684454, "0.2": -71.4387937684454, "0.4": -71.4387937684454, "0.8": -71.4387937684454}}}, "NetPyNE": {"L6_NBC_bAC217_4": {"mean_frequency": {"0.1": 6.568642312166545, "0.2": 12.040624018435448, "0.4": 17.084568614654078, "0.8": 23.550633862821034}, "ISI_CV": {"0.1": 0.2808795870459261, "0.2": 0.3075481156510934, "0.4": 0.30730103464433556, "0.8": 0.3136801148408659}, "time_to_first_spike": {"0.1": 15.700000000094178, "0.2": 4.8000000000917, "0.4": 2.100000000091086, "0.8": 1.1000000000908585}, "time_to_second_spike": {"0.1": 59.60000000010416, "0.2": 28.100000000096998, "0.4": 16.80000000009443, "0.8": 10.600000000093019}, "AP_height": {"0.1": 23.9945918879986, "0.2": 22.708598213401384, "0.4": 27.979787369070692, "0.8": 33.903788255714716}, "AP_width": {"0.1": 0.5000000000001137, "0.2": 0.5000000000001137, "0.4": 0.5000000000001137, "0.8": 0.6000000000001364}, "AP_amplitude": {"0.1": 78.70314302715992, "0.2": 77.97551810228018, "0.4": 99.4215019748441, "0.8": 105.34550202849073}, "voltage_base": {"0.1": -71.43878825810835, "0.2": -71.43878825810835, "0.4": -71.43878825810835, "0.8": -71.43878825810835}}}}