{"BBP": {"L5_LBC_cNAC187_2": {"mean_frequency": {"0.1": 37.02764392596977, "0.2": 57.78894472365732, "0.4": 85.4314287150688, "0.8": 125.10634038941599}, "ISI_CV": {"0.1": 0.042764253749491075, "0.2": 0.03807817298629844, "0.4": 0.029291135269242694, "0.8": 0.013348332568627413}, "time_to_first_spike": {"0.1": 7.400000000092291, "0.2": 3.500000000091404, "0.4": 1.9000000000910404, "0.8": 1.1000000000908585}, "time_to_second_spike": {"0.1": 31.600000000097793, "0.2": 17.90000000009468, "0.4": 11.300000000093178, "0.8": 7.900000000092405}, "AP_height": {"0.1": 23.99947866650192, "0.2": 23.972169400315376, "0.4": 29.035532790591205, "0.8": 30.33415953541935}, "AP_width": {"0.1": 0.6000000000001364, "0.2": 0.6000000000001364, "0.4": 0.7000000000001592, "0.8": 0.8000000000001819}, "AP_amplitude": {"0.1": 79.56193434514026, "0.2": 79.39226584156759, "0.4": 98.05206269868593, "0.8": 99.35068944160692}, "voltage_base": {"0.1": -69.01334441007319, "0.2": -69.01334441007319, "0.4": -69.01334441007319, "0.8": -69.01334441007319}}}, "NetPyNE": {"L5_LBC_cNAC187_2": {"mean_frequency": {"0.1": 36.84635574401852, "0.2": 57.51437859468777, "0.4": 85.02125531388627, "0.8": 124.44801284633103}, "ISI_CV": {"0.1": 0.04223603277414102, "0.2": 0.03740330082188217, "0.4": 0.028229048901320292, "0.8": 0.01337402298054617}, "time_to_first_spike": {"0.1": 7.500000000092314, "0.2": 3.600000000091427, "0.4": 2.000000000091063, "0.8": 1.2000000000908813}, "time_to_second_spike": {"0.1": 31.80000000009784, "0.2": 18.100000000094724, "0.4": 11.4000000000932, "0.8": 8.000000000092427}, "AP_height": {"0.1": 22.70166476350576, "0.2": 22.876679991294967, "0.4": 26.318397602013754, "0.8": 28.413315798559562}, "AP_width": {"0.1": 0.7000000000001592, "0.2": 0.6000000000001364, "0.4": 0.7000000000001592, "0.8": 0.7000000000001592}, "AP_amplitude": {"0.1": 77.89271466257541, "0.2": 78.6428194817193, "0.4": 95.33492217601966, "0.8": 97.42984041023313}, "voltage_base": {"0.1": -69.01333910935703, "0.2": -69.01333910935703, "0.4": -69.01333910935703, "0.8": -69.01333910935703}}}}