{"BBP": {"L6_NBC_bSTUT213_3": {"mean_frequency": {"0.1": 52.66325609392684, "0.2": 101.07580685521008, "0.4": 146.5366341586393, "0.8": 209.5943174429918}, "ISI_CV": {"0.1": 0.08408764535751549, "0.2": 0.03135914786667502, "0.4": 0.01449481338865798, "0.8": 0.012001197173255027}, "time_to_first_spike": {"0.1": 5.90000000009195, "0.2": 3.0000000000912905, "0.4": 1.700000000090995, "0.8": 1.0000000000908358}, "time_to_second_spike": {"0.1": 17.400000000094565, "0.2": 11.4000000000932, "0.4": 8.200000000092473, "0.8": 6.200000000092018}, "AP_height": {"0.1": 15.759078016152316, "0.2": 17.662242171626918, "0.4": 20.736491718360593, "0.8": 21.017401087019692}, "AP_width": {"0.1": 0.6000000000001364, "0.2": 0.6000000000001364, "0.4": 0.7000000000001592, "0.8": 0.7000000000001592}, "AP_amplitude": {"0.1": 72.15864355656969, "0.2": 73.53180944283127, "0.4": 94.02487649311152, "0.8": 94.01612661310803}, "voltage_base": {"0.1": -73.09408865184258, "0.2": -73.09408865184258, "0.4": -73.09408865184258, "0.8": -73.09408865184258}}}, "NetPyNE": {"L6_NBC_bSTUT213_3": {"mean_frequency": {"0.1": 18.255578093318643, "0.2": 94.09409409415807, "0.4": 140.76745817061968, "0.8": 199.69969969983546}, "ISI_CV": {"0.1": 0.47032774184631154, "0.2": 0.03130733895988474, "0.4": 0.014160456988581665, "0.8": 0.011553454281150491}, "time_to_first_spike": {"0.1": 7.2000000000922455, "0.2": 3.500000000091404, "0.4": 1.9000000000910404, "0.8": 1.2000000000908813}, "time_to_second_spike": {"0.1": 20.400000000095247, "0.2": 12.10000000009336, "0.4": 8.600000000092564, "0.8": 6.400000000092064}, "AP_height": {"0.1": 14.957385641750308, "0.2": 16.197807824340046, "0.4": 21.255780546283724, "0.8": 20.771842131615674}, "AP_width": {"0.1": 0.6000000000001364, "0.2": 0.7000000000001592, "0.4": 0.7000000000001592, "0.8": 0.7000000000001592}, "AP_amplitude": {"0.1": 70.96125544382325, "0.2": 71.45429337750909, "0.4": 96.46624189755045, "0.8": 95.98230347682515}, "voltage_base": {"0.1": -75.21040461758479, "0.2": -75.21040461758479, "0.4": -75.21040461758479, "0.8": -75.21040461758479}}}}