{"BBP": {"L4_BP_bNAC219_2": {"mean_frequency": {"0.1": 112.37082371834663, "0.2": 154.3395470035124, "0.4": 206.70670670684723, "0.8": 272.2995294826158}, "ISI_CV": {"0.1": 0.05075403040422095, "0.2": 0.02263606902017962, "0.4": 0.01127347308220278, "0.8": 0.011486840763873518}, "time_to_first_spike": {"0.1": 1.6000000000909722, "0.2": 1.0000000000908358, "0.4": 0.7000000000907676, "0.8": 0.40000000009069936}, "time_to_second_spike": {"0.1": 9.000000000092655, "0.2": 7.2000000000922455, "0.4": 5.800000000091927, "0.8": 4.600000000091654}, "AP_height": {"0.1": 28.868048745980392, "0.2": 28.698994372770105, "0.4": 27.360394297854892, "0.8": 33.64197637341901}, "AP_width": {"0.1": 0.6000000000001364, "0.2": 0.6000000000001364, "0.4": 0.6000000000001364, "0.8": 0.6000000000001364}, "AP_amplitude": {"0.1": 98.60592064756135, "0.2": 98.43686627239802, "0.4": 97.0982661935769, "0.8": 103.37984826133018}, "voltage_base": {"0.1": -69.73775914928927, "0.2": -69.73775914928927, "0.4": -69.73775914928927, "0.8": -69.73775914928927}}}, "NetPyNE": {"L4_BP_bNAC219_2": {"mean_frequency": {"0.1": 111.51115111518735, "0.2": 152.88986916647815, "0.4": 204.32692307706196, "0.8": 267.30740351422287}, "ISI_CV": {"0.1": 0.050274163547724085, "0.2": 0.022276600260481866, "0.4": 0.011661869891913331, "0.8": 0.013521420926922972}, "time_to_first_spike": {"0.1": 1.6000000000909722, "0.2": 1.1000000000908585, "0.4": 0.7000000000907676, "0.8": 0.40000000009069936}, "time_to_second_spike": {"0.1": 9.100000000092678, "0.2": 7.300000000092268, "0.4": 5.90000000009195, "0.8": 4.700000000091677}, "AP_height": {"0.1": 21.827811407522173, "0.2": 25.149939080046032, "0.4": 31.305325007521837, "0.8": 28.96312961611173}, "AP_width": {"0.1": 0.5000000000001137, "0.2": 0.5000000000001137, "0.4": 0.6000000000001364, "0.8": 0.6000000000001364}, "AP_amplitude": {"0.1": 91.56568312006083, "0.2": 94.88781074301593, "0.4": 101.04319677771352, "0.8": 98.70100142569834}, "voltage_base": {"0.1": -69.73775907003338, "0.2": -69.73775907003338, "0.4": -69.73775907003338, "0.8": -69.73775907003338}}}}