{"BBP": {"L5_BTC_cNAC187_1": {"mean_frequency": {"0.1": 43.04519745735946, "0.2": 68.88229674699231, "0.4": 104.95129054943352, "0.8": 162.46301960598714}, "ISI_CV": {"0.1": 0.013922524081355194, "0.2": 0.011982631670843165, "0.4": 0.01278046002286553, "0.8": 0.040955641018081655}, "time_to_first_spike": {"0.1": 7.800000000092382, "0.2": 3.4000000000913815, "0.4": 1.8000000000910177, "0.8": 1.0000000000908358}, "time_to_second_spike": {"0.1": 29.100000000097225, "0.2": 15.600000000094155, "0.4": 9.700000000092814, "0.8": 6.900000000092177}, "AP_height": {"0.1": 18.401209939790736, "0.2": 22.22120017107156, "0.4": 22.5984712172901, "0.8": 25.452001679648806}, "AP_width": {"0.1": 0.7000000000001592, "0.2": 0.7000000000001592, "0.4": 0.8000000000001819, "0.8": 0.8000000000001819}, "AP_amplitude": {"0.1": 74.50228981522542, "0.2": 77.94612367358418, "0.4": 90.78256333300972, "0.8": 93.63609379324899}, "voltage_base": {"0.1": -68.18160480022358, "0.2": -68.18160480022358, "0.4": -68.18160480022358, "0.8": -68.18160480022358}}}, "NetPyNE": {"L5_BTC_cNAC187_1": {"mean_frequency": {"0.1": 42.953155793651824, "0.2": 68.70611835511187, "0.4": 104.62031336043555, "0.8": 162.12970376312063}, "ISI_CV": {"0.1": 0.013314331270315567, "0.2": 0.011576564195387041, "0.4": 0.013015914028780072, "0.8": 0.042849380325936264}, "time_to_first_spike": {"0.1": 7.900000000092405, "0.2": 3.500000000091404, "0.4": 1.8000000000910177, "0.8": 1.1000000000908585}, "time_to_second_spike": {"0.1": 29.30000000009727, "0.2": 15.800000000094201, "0.4": 9.90000000009286, "0.8": 7.0000000000922}, "AP_height": {"0.1": 18.47573166862085, "0.2": 21.95409422272478, "0.4": 22.492810800646616, "0.8": 26.03672872238294}, "AP_width": {"0.1": 0.7000000000001592, "0.2": 0.7000000000001592, "0.4": 0.8000000000001819, "0.8": 0.8000000000001819}, "AP_amplitude": {"0.1": 74.05543072213395, "0.2": 76.52277083934932, "0.4": 90.67689888406704, "0.8": 94.22081683340897}, "voltage_base": {"0.1": -68.18160079327801, "0.2": -68.18160079327801, "0.4": -68.18160079327801, "0.8": -68.18160079327801}}}}