{"BBP": {"L23_DBC_bNAC219_4": {"mean_frequency": {"0.1": 80.41009146653363, "0.2": 127.3374442272886, "0.4": 176.4234161989972, "0.8": 258.71991192531226}, "ISI_CV": {"0.1": 0.03352668523524658, "0.2": 0.022628262839006992, "0.4": 0.012049874971849868, "0.8": 0.014522583026100416}, "time_to_first_spike": {"0.1": 3.500000000091404, "0.2": 1.700000000090995, "0.4": 1.0000000000908358, "0.8": 0.7000000000907676}, "time_to_second_spike": {"0.1": 12.900000000093542, "0.2": 8.900000000092632, "0.4": 6.8000000000921546, "0.8": 5.3000000000918135}, "AP_height": {"0.1": 22.335106567086914, "0.2": 23.25662638631489, "0.4": 25.887362943397704, "0.8": 23.015045601128847}, "AP_width": {"0.1": 0.6000000000001364, "0.2": 0.6000000000001364, "0.4": 0.6000000000001364, "0.8": 0.6000000000001364}, "AP_amplitude": {"0.1": 79.07324023749075, "0.2": 93.07717413907187, "0.4": 95.7079106940095, "0.8": 92.83559334745046}, "voltage_base": {"0.1": -69.82043797142876, "0.2": -69.82043797142876, "0.4": -69.82043797142876, "0.8": -69.82043797142876}}}, "NetPyNE": {"L23_DBC_bNAC219_4": {"mean_frequency": {"0.1": 79.95574776229907, "0.2": 126.33478718612885, "0.4": 174.59602781541713, "0.8": 255.19139354533237}, "ISI_CV": {"0.1": 0.033551394573700835, "0.2": 0.022041798011292732, "0.4": 0.011760513127236296, "0.8": 0.016290929802027756}, "time_to_first_spike": {"0.1": 3.600000000091427, "0.2": 1.8000000000910177, "0.4": 1.1000000000908585, "0.8": 0.7000000000907676}, "time_to_second_spike": {"0.1": 13.100000000093587, "0.2": 9.000000000092655, "0.4": 6.900000000092177, "0.8": 5.400000000091836}, "AP_height": {"0.1": 21.89896050083293, "0.2": 24.306950512488438, "0.4": 24.099903211494713, "0.8": 27.966682637183023}, "AP_width": {"0.1": 0.6000000000001364, "0.2": 0.6000000000001364, "0.4": 0.6000000000001364, "0.8": 0.6000000000001364}, "AP_amplitude": {"0.1": 77.63216429715318, "0.2": 94.12749799660044, "0.4": 93.92045086857965, "0.8": 97.78723014628619}, "voltage_base": {"0.1": -69.8204377333972, "0.2": -69.8204377333972, "0.4": -69.8204377333972, "0.8": -69.8204377333972}}}}