{"BBP": {"L23_NBC_cACint209_4": {"mean_frequency": {"0.1": 27.51872802325663, "0.2": 45.335482571056346, "0.4": 95.50000000006494, "0.8": 207.3317307693717}, "ISI_CV": {"0.1": 0.23742189273404762, "0.2": 0.18858230676345544, "0.4": 0.09358190353385495, "0.8": 0.021991135814072235}, "time_to_first_spike": {"0.1": 10.30000000009295, "0.2": 5.000000000091745, "0.4": 2.7000000000912223, "0.8": 1.5000000000909495}, "time_to_second_spike": {"0.1": 24.50000000009618, "0.2": 15.100000000094042, "0.4": 10.400000000092973, "0.8": 7.6000000000923364}, "AP_height": {"0.1": 23.252896088048818, "0.2": 24.396427244898543, "0.4": 29.552518608626713, "0.8": 31.676161230883956}, "AP_width": {"0.1": 0.8000000000001819, "0.2": 0.9000000000002046, "0.4": 0.9000000000002046, "0.8": 1.0000000000002274}, "AP_amplitude": {"0.1": 78.85496024299427, "0.2": 79.63463146268441, "0.4": 84.82305261926366, "0.8": 102.748428856488}, "voltage_base": {"0.1": -71.07160721665268, "0.2": -71.07160721665268, "0.4": -71.07160721665268, "0.8": -71.07160721665268}}}, "NetPyNE": {"L23_NBC_cACint209_4": {"mean_frequency": {"0.1": 27.479517581821028, "0.2": 45.335482571056346, "0.4": 95.61473768528727, "0.8": 204.58183273323235}, "ISI_CV": {"0.1": 0.2371852615877216, "0.2": 0.18798326666956122, "0.4": 0.09220139077840828, "0.8": 0.021469691956142133}, "time_to_first_spike": {"0.1": 10.400000000092973, "0.2": 5.100000000091768, "0.4": 2.7000000000912223, "0.8": 1.6000000000909722}, "time_to_second_spike": {"0.1": 24.600000000096202, "0.2": 15.200000000094064, "0.4": 10.500000000092996, "0.8": 7.700000000092359}, "AP_height": {"0.1": 22.773185750935763, "0.2": 26.857849724216475, "0.4": 28.750130602826196, "0.8": 32.843887375516616}, "AP_width": {"0.1": 0.9000000000002046, "0.2": 0.9000000000002046, "0.4": 0.9000000000002046, "0.8": 0.9000000000002046}, "AP_amplitude": {"0.1": 79.275140963986, "0.2": 82.92064828471948, "0.4": 84.14742103066482, "0.8": 103.9161541623673}, "voltage_base": {"0.1": -71.07160637184131, "0.2": -71.07160637184131, "0.4": -71.07160637184131, "0.8": -71.07160637184131}}}}