{"BBP": {"L4_DBC_bNAC219_2": {"mean_frequency": {"0.1": 27.250706499816616, "0.2": 78.88258051555373, "0.4": 124.11791201649997, "0.8": 193.10620841475935}, "ISI_CV": {"0.1": 0.14469343063110202, "0.2": 0.021499340857975634, "0.4": 0.013541430221601737, "0.8": 0.022787133587280326}, "time_to_first_spike": {"0.1": 12.200000000093382, "0.2": 5.100000000091768, "0.4": 2.500000000091177, "0.8": 1.4000000000909267}, "time_to_second_spike": {"0.1": 29.100000000097225, "0.2": 15.40000000009411, "0.4": 10.100000000092905, "0.8": 7.300000000092268}, "AP_height": {"0.1": 8.610991712428637, "0.2": 13.466506177508775, "0.4": 19.041607433356123, "0.8": 21.8008243798112}, "AP_width": {"0.1": 0.6000000000001364, "0.2": 0.6000000000001364, "0.4": 0.6000000000001364, "0.8": 0.6000000000001364}, "AP_amplitude": {"0.1": 64.38217918306167, "0.2": 70.11293548178408, "0.4": 74.27512544791156, "0.8": 92.05195385315346}, "voltage_base": {"0.1": -70.25102910927107, "0.2": -70.25102910927107, "0.4": -70.25102910927107, "0.8": -70.25102910927107}}}, "NetPyNE": {"L4_DBC_bNAC219_2": {"mean_frequency": {"0.1": 27.1384058699551, "0.2": 78.50241545899047, "0.4": 123.2526679694209, "0.8": 192.38476953920892}, "ISI_CV": {"0.1": 0.14446725142143838, "0.2": 0.021488414247086165, "0.4": 0.013085063819605891, "0.8": 0.022525628075790137}, "time_to_first_spike": {"0.1": 12.300000000093405, "0.2": 5.200000000091791, "0.4": 2.6000000000911996, "0.8": 1.4000000000909267}, "time_to_second_spike": {"0.1": 29.30000000009727, "0.2": 15.600000000094155, "0.4": 10.200000000092928, "0.8": 7.500000000092314}, "AP_height": {"0.1": 9.884494741469869, "0.2": 13.82381721735644, "0.4": 17.357961753943364, "0.8": 17.71359530547719}, "AP_width": {"0.1": 0.6000000000001364, "0.2": 0.6000000000001364, "0.4": 0.6000000000001364, "0.8": 0.6000000000001364}, "AP_amplitude": {"0.1": 65.2117768838439, "0.2": 69.78718025334625, "0.4": 72.79139306885935, "0.8": 87.96472476217463}, "voltage_base": {"0.1": -70.2510290920335, "0.2": -70.2510290920335, "0.4": -70.2510290920335, "0.8": -70.2510290920335}}}}