{"BBP": {"L5_BP_bNAC219_4": {"mean_frequency": {"0.1": 93.3875583672874, "0.2": 149.33600601363193, "0.4": 221.07737708212903, "0.8": 326.97547683835546}, "ISI_CV": {"0.1": 0.024179525977582553, "0.2": 0.011502379742512307, "0.4": 0.015614500878555494, "0.8": 0.07519931430450737}, "time_to_first_spike": {"0.1": 5.600000000091882, "0.2": 2.3000000000911314, "0.4": 1.2000000000908813, "0.8": 0.7000000000907676}, "time_to_second_spike": {"0.1": 14.100000000093814, "0.2": 9.2000000000927, "0.4": 6.8000000000921546, "0.8": 5.200000000091791}, "AP_height": {"0.1": 12.406821589624402, "0.2": 16.019286068336598, "0.4": 20.176863148081488, "0.8": 22.649371243699974}, "AP_width": {"0.1": 0.6000000000001364, "0.2": 0.6000000000001364, "0.4": 0.6000000000001364, "0.8": 0.7000000000001592}, "AP_amplitude": {"0.1": 69.46398387371428, "0.2": 84.70511320880944, "0.4": 88.86269028643201, "0.8": 91.33519837780595}, "voltage_base": {"0.1": -68.68571835919269, "0.2": -68.68571835919269, "0.4": -68.68571835919269, "0.8": -68.68571835919269}}}, "NetPyNE": {"L5_BP_bNAC219_4": {"mean_frequency": {"0.1": 93.5233808452749, "0.2": 148.67097161746102, "0.4": 218.39310759381704, "0.8": 319.4888178903763}, "ISI_CV": {"0.1": 0.023792902390416964, "0.2": 0.010702506507894088, "0.4": 0.013589240725569763, "0.8": 0.07714254406498569}, "time_to_first_spike": {"0.1": 5.700000000091904, "0.2": 2.400000000091154, "0.4": 1.300000000090904, "0.8": 0.8000000000907903}, "time_to_second_spike": {"0.1": 14.30000000009386, "0.2": 9.300000000092723, "0.4": 6.900000000092177, "0.8": 5.3000000000918135}, "AP_height": {"0.1": 12.047464132158197, "0.2": 14.112145649678467, "0.4": 16.95550068369502, "0.8": 20.68989936668531}, "AP_width": {"0.1": 0.6000000000001364, "0.2": 0.6000000000001364, "0.4": 0.7000000000001592, "0.8": 0.7000000000001592}, "AP_amplitude": {"0.1": 68.55369820286596, "0.2": 82.79797278091952, "0.4": 85.64132761074589, "0.8": 89.37572652459963}, "voltage_base": {"0.1": -68.68571838209641, "0.2": -68.68571838209641, "0.4": -68.68571838209641, "0.8": -68.68571838209641}}}}