{"BBP": {"L4_BTC_bSTUT213_4": {"mean_frequency": {"0.1": 7.293186080438313, "0.2": 53.58842089451231, "0.4": 120.79595007777242, "0.8": 178.84875507251272}, "ISI_CV": {"0.1": 0.5123589426992093, "0.2": 0.12886361887285022, "0.4": 0.016707846234363707, "0.8": 0.01097477603917732}, "time_to_first_spike": {"0.1": 23.50000000009595, "0.2": 6.700000000092132, "0.4": 2.800000000091245, "0.8": 1.4000000000909267}, "time_to_second_spike": {"0.1": 54.500000000103, "0.2": 17.100000000094496, "0.4": 10.100000000092905, "0.8": 7.300000000092268}, "AP_height": {"0.1": 9.261253483250934, "0.2": 15.314912336895684, "0.4": 19.088294547005567, "0.8": 23.05572867765927}, "AP_width": {"0.1": 0.6000000000001364, "0.2": 0.6000000000001364, "0.4": 0.6000000000001364, "0.8": 0.6000000000001364}, "AP_amplitude": {"0.1": 64.3440799140359, "0.2": 70.95903955332365, "0.4": 93.91748017748407, "0.8": 97.43943849121169}, "voltage_base": {"0.1": -74.35934765240245, "0.2": -74.35934765240245, "0.4": -74.35934765240245, "0.8": -74.35934765240245}}}, "NetPyNE": {"L4_BTC_bSTUT213_4": {"mean_frequency": {"0.1": 0, "0.2": 26.774437989409407, "0.4": 115.39812352624365, "0.8": 171.9815483354558}, "ISI_CV": {"0.1": 0, "0.2": 0.43936128026579524, "0.4": 0.014292183188230086, "0.8": 0.01043779828938321}, "time_to_first_spike": {"0.1": 0, "0.2": 6.600000000092109, "0.4": 2.800000000091245, "0.8": 1.5000000000909495}, "time_to_second_spike": {"0.1": 0, "0.2": 17.90000000009468, "0.4": 10.400000000092973, "0.8": 7.400000000092291}, "AP_height": {"0.1": 0, "0.2": 12.326386495512127, "0.4": 18.82377276476589, "0.8": 21.82678166817317}, "AP_width": {"0.1": 0, "0.2": 0.6000000000001364, "0.4": 0.6000000000001364, "0.8": 0.6000000000001364}, "AP_amplitude": {"0.1": 0, "0.2": 68.37839294651687, "0.4": 93.84072436702805, "0.8": 96.84373319945708}, "voltage_base": {"0.1": -75.01691367703765, "0.2": -75.01691367703765, "0.4": -75.01691367703765, "0.8": -75.01691367703765}}}}