{"BBP": {"L4_NBC_dNAC222_2": {"mean_frequency": {"0.1": 29.70795568984896, "0.2": 58.623108527948446, "0.4": 91.72932330833301, "0.8": 137.46738912311164}, "ISI_CV": {"0.1": 0.013128164465388779, "0.2": 0.018474302419606146, "0.4": 0.015669253867447924, "0.8": 0.020006536845095384}, "time_to_first_spike": {"0.1": 16.400000000094337, "0.2": 5.500000000091859, "0.4": 2.6000000000911996, "0.8": 1.4000000000909267}, "time_to_second_spike": {"0.1": 51.20000000010225, "0.2": 20.700000000095315, "0.4": 11.900000000093314, "0.8": 8.000000000092427}, "AP_height": {"0.1": 12.74875886353177, "0.2": 19.825306839323808, "0.4": 23.532358116726247, "0.8": 26.07716033452236}, "AP_width": {"0.1": 0.7000000000001592, "0.2": 0.7000000000001592, "0.4": 0.8000000000001819, "0.8": 0.8000000000001819}, "AP_amplitude": {"0.1": 66.43462981527796, "0.2": 75.25232293381407, "0.4": 79.09651372073492, "0.8": 99.29138101899763}, "voltage_base": {"0.1": -73.21005807796826, "0.2": -73.21005807796826, "0.4": -73.21005807796826, "0.8": -73.21005807796826}}}, "NetPyNE": {"L4_NBC_dNAC222_2": {"mean_frequency": {"0.1": 29.628885652608883, "0.2": 58.44417573563013, "0.4": 91.40216954606448, "0.8": 136.7872532318797}, "ISI_CV": {"0.1": 0.013828976014896669, "0.2": 0.01763477621559704, "0.4": 0.014825096248126215, "0.8": 0.02091502609774937}, "time_to_first_spike": {"0.1": 16.50000000009436, "0.2": 5.600000000091882, "0.4": 2.7000000000912223, "0.8": 1.5000000000909495}, "time_to_second_spike": {"0.1": 51.50000000010232, "0.2": 20.800000000095338, "0.4": 12.000000000093337, "0.8": 8.10000000009245}, "AP_height": {"0.1": 13.490766867197221, "0.2": 18.998150444723667, "0.4": 21.535976415865395, "0.8": 22.533792349866154}, "AP_width": {"0.1": 0.7000000000001592, "0.2": 0.8000000000001819, "0.4": 0.8000000000001819, "0.8": 0.8000000000001819}, "AP_amplitude": {"0.1": 66.83419693098826, "0.2": 73.56674291109736, "0.4": 77.16585454953471, "0.8": 95.74800425745892}, "voltage_base": {"0.1": -73.21004927322865, "0.2": -73.21004927322865, "0.4": -73.21004927322865, "0.8": -73.21004927322865}}}}