{"BBP": {"L6_NBC_cSTUT189_2": {"mean_frequency": {"0.1": 0, "0.2": 42.00630094517034, "0.4": 75.77658453359892, "0.8": 116.24993736541447}, "ISI_CV": {"0.1": 0, "0.2": 0.05687877637473361, "0.4": 0.027377761136594563, "0.8": 0.01721960080313014}, "time_to_first_spike": {"0.1": 0, "0.2": 6.8000000000921546, "0.4": 2.800000000091245, "0.8": 1.4000000000909267}, "time_to_second_spike": {"0.1": 0, "0.2": 30.300000000097498, "0.4": 13.800000000093746, "0.8": 8.700000000092587}, "AP_height": {"0.1": 0, "0.2": 19.07071136393501, "0.4": 28.23915219684193, "0.8": 30.514701368122697}, "AP_width": {"0.1": 0, "0.2": 0.7000000000001592, "0.4": 0.7000000000001592, "0.8": 0.8000000000001819}, "AP_amplitude": {"0.1": 0, "0.2": 74.0651263878313, "0.4": 100.32313910005236, "0.8": 103.97580047906354}, "voltage_base": {"0.1": -73.38124718969067, "0.2": -73.38124718969067, "0.4": -73.38124718969067, "0.8": -73.38124718969067}}}, "NetPyNE": {"L6_NBC_cSTUT189_2": {"mean_frequency": {"0.1": 0, "0.2": 35.88395835441631, "0.4": 72.5471556512226, "0.8": 112.97449287013094}, "ISI_CV": {"0.1": 0, "0.2": 0.026317390493012682, "0.4": 0.01640899974836761, "0.8": 0.015370404254573214}, "time_to_first_spike": {"0.1": 0, "0.2": 8.300000000092496, "0.4": 3.1000000000913133, "0.8": 1.5000000000909495}, "time_to_second_spike": {"0.1": 0, "0.2": 34.50000000009845, "0.4": 14.800000000093974, "0.8": 9.000000000092655}, "AP_height": {"0.1": 0, "0.2": 21.984172869220245, "0.4": 26.19816847942315, "0.8": 27.732995258214732}, "AP_width": {"0.1": 0, "0.2": 0.6000000000001364, "0.4": 0.7000000000001592, "0.8": 0.8000000000001819}, "AP_amplitude": {"0.1": 0, "0.2": 76.54761442934416, "0.4": 99.40500794826679, "0.8": 102.68261826857695}, "voltage_base": {"0.1": -74.94883826382058, "0.2": -74.94883826382058, "0.4": -74.94883826382058, "0.8": -74.94883826382058}}}}