{"BBP": {"L5_NBC_bSTUT213_4": {"mean_frequency": {"0.1": 4.623446008428061, "0.2": 57.50605326880412, "0.4": 114.37170805124398, "0.8": 163.86870458542833}, "ISI_CV": {"0.1": 0.6688180587871217, "0.2": 0.19410065877021804, "0.4": 0.04176923446835187, "0.8": 0.019523783793858687}, "time_to_first_spike": {"0.1": 50.90000000010218, "0.2": 5.200000000091791, "0.4": 2.2000000000911086, "0.8": 1.2000000000908813}, "time_to_second_spike": {"0.1": 282.90000000015493, "0.2": 16.000000000094246, "0.4": 9.90000000009286, "0.8": 7.100000000092223}, "AP_height": {"0.1": 15.246911935512502, "0.2": 17.816486329884, "0.4": 23.39877623352526, "0.8": 28.545453090551618}, "AP_width": {"0.1": 0.5000000000001137, "0.2": 0.6000000000001364, "0.4": 0.6000000000001364, "0.8": 0.6000000000001364}, "AP_amplitude": {"0.1": 66.71096675797862, "0.2": 73.10137542179048, "0.4": 94.98919766597342, "0.8": 102.04999218919492}, "voltage_base": {"0.1": -73.52529310661242, "0.2": -73.52529310661242, "0.4": -73.52529310661242, "0.8": -73.52529310661242}}}, "NetPyNE": {"L5_NBC_bSTUT213_4": {"mean_frequency": {"0.1": 0, "0.2": 22.679165406728416, "0.4": 110.8102687525823, "0.8": 160.21629199430106}, "ISI_CV": {"0.1": 0, "0.2": 1.0460765347201488, "0.4": 0.04039749581105549, "0.8": 0.019735956831399153}, "time_to_first_spike": {"0.1": 0, "0.2": 5.500000000091859, "0.4": 2.400000000091154, "0.8": 1.300000000090904}, "time_to_second_spike": {"0.1": 0, "0.2": 16.50000000009436, "0.4": 10.200000000092928, "0.8": 7.300000000092268}, "AP_height": {"0.1": 0, "0.2": 20.02893556117691, "0.4": 22.2780733765007, "0.8": 27.942219109489663}, "AP_width": {"0.1": 0, "0.2": 0.5000000000001137, "0.4": 0.6000000000001364, "0.8": 0.6000000000001364}, "AP_amplitude": {"0.1": 0, "0.2": 74.88666433816515, "0.4": 95.06960537915542, "0.8": 102.66209400335853}, "voltage_base": {"0.1": -74.71982697089825, "0.2": -74.71982697089825, "0.4": -74.71982697089825, "0.8": -74.71982697089825}}}}