{"BBP": {"L23_DBC_bIR215_3": {"mean_frequency": {"0.1": 6.615776081429408, "0.2": 12.59065269944448, "0.4": 18.848700967919005, "0.8": 29.611477000071048}, "ISI_CV": {"0.1": 0.3184156342122643, "0.2": 0.33731518971953306, "0.4": 0.33742329594721543, "0.8": 0.42116721895567777}, "time_to_first_spike": {"0.1": 16.50000000009436, "0.2": 6.000000000091973, "0.4": 2.6000000000911996, "0.8": 1.300000000090904}, "time_to_second_spike": {"0.1": 59.60000000010416, "0.2": 26.100000000096543, "0.4": 14.100000000093814, "0.8": 8.80000000009261}, "AP_height": {"0.1": 12.911227261230632, "0.2": 17.861819778559024, "0.4": 20.642815804696312, "0.8": 24.42007444276633}, "AP_width": {"0.1": 0.6000000000001364, "0.2": 0.6000000000001364, "0.4": 0.6000000000001364, "0.8": 0.6000000000001364}, "AP_amplitude": {"0.1": 69.29686372059382, "0.2": 74.56862766910757, "0.4": 92.3957392621215, "0.8": 96.10366519198939}, "voltage_base": {"0.1": -71.74457503656978, "0.2": -71.74457503656978, "0.4": -71.74457503656978, "0.8": -71.74457503656978}}}, "NetPyNE": {"L23_DBC_bIR215_3": {"mean_frequency": {"0.1": 0, "0.2": 10.684304248290102, "0.4": 17.062277312201083, "0.8": 20.690351231342248}, "ISI_CV": {"0.1": 0, "0.2": 0.30078995994193275, "0.4": 0.34655170177915806, "0.8": 0.47580185782104994}, "time_to_first_spike": {"0.1": 0, "0.2": 8.200000000092473, "0.4": 3.3000000000913587, "0.8": 1.5000000000909495}, "time_to_second_spike": {"0.1": 0, "0.2": 32.60000000009802, "0.4": 16.400000000094337, "0.8": 9.700000000092814}, "AP_height": {"0.1": 0, "0.2": 13.948991260119913, "0.4": 18.99862912343938, "0.8": 26.307694146841555}, "AP_width": {"0.1": 0, "0.2": 0.6000000000001364, "0.4": 0.7000000000001592, "0.8": 0.7000000000001592}, "AP_amplitude": {"0.1": 0, "0.2": 70.05532600069769, "0.4": 93.32451772020659, "0.8": 100.6335828167741}, "voltage_base": {"0.1": -74.32515180018166, "0.2": -74.32515180018166, "0.4": -74.32515180018166, "0.8": -74.32515180018166}}}}