{"BBP": {"L5_NBC_cNAC187_2": {"mean_frequency": {"0.1": 37.50375037506301, "0.2": 61.685055165538394, "0.4": 96.07205404059572, "0.8": 149.70209783217507}, "ISI_CV": {"0.1": 0.010623842253884342, "0.2": 0.008516079798352892, "0.4": 0.017610766445236292, "0.8": 0.04992029153637869}, "time_to_first_spike": {"0.1": 10.100000000092905, "0.2": 4.300000000091586, "0.4": 2.100000000091086, "0.8": 1.2000000000908813}, "time_to_second_spike": {"0.1": 35.10000000009859, "0.2": 18.400000000094792, "0.4": 11.00000000009311, "0.8": 7.800000000092382}, "AP_height": {"0.1": 13.798623692072116, "0.2": 20.975725300397812, "0.4": 24.981121036508444, "0.8": 24.251600048267587}, "AP_width": {"0.1": 0.7000000000001592, "0.2": 0.6000000000001364, "0.4": 0.7000000000001592, "0.8": 0.8000000000001819}, "AP_amplitude": {"0.1": 69.86667017827753, "0.2": 77.8147819166619, "0.4": 93.3679411803333, "0.8": 92.63842019015952}, "voltage_base": {"0.1": -68.38409694891232, "0.2": -68.38409694891232, "0.4": -68.38409694891232, "0.8": -68.38409694891232}}}, "NetPyNE": {"L5_NBC_cNAC187_2": {"mean_frequency": {"0.1": 37.33602421798697, "0.2": 61.389825391276, "0.4": 95.60995144422579, "0.8": 149.44834503520684}, "ISI_CV": {"0.1": 0.010432309677018366, "0.2": 0.008630895523500267, "0.4": 0.018075932374631405, "0.8": 0.05260805524463002}, "time_to_first_spike": {"0.1": 10.200000000092928, "0.2": 4.400000000091609, "0.4": 2.2000000000911086, "0.8": 1.300000000090904}, "time_to_second_spike": {"0.1": 35.300000000098635, "0.2": 18.600000000094838, "0.4": 11.100000000093132, "0.8": 7.900000000092405}, "AP_height": {"0.1": 14.540669931818556, "0.2": 19.714263356542734, "0.4": 23.202849452761008, "0.8": 27.073382015609937}, "AP_width": {"0.1": 0.7000000000001592, "0.2": 0.6000000000001364, "0.4": 0.6000000000001364, "0.8": 0.7000000000001592}, "AP_amplitude": {"0.1": 71.42041255966541, "0.2": 75.53651367940311, "0.4": 91.58966525429722, "0.8": 95.46019786472684}, "voltage_base": {"0.1": -68.38409265142236, "0.2": -68.38409265142236, "0.4": -68.38409265142236, "0.8": -68.38409265142236}}}}