{"BBP": {"L5_MC_bSTUT213_1": {"mean_frequency": {"0.1": 38.22937625757122, "0.2": 117.30499298183226, "0.4": 173.81286315379475, "0.8": 272.1088435356759}, "ISI_CV": {"0.1": 0.8016910658778992, "0.2": 0.017607507403655662, "0.4": 0.011291695900386657, "0.8": 0.048765984909417075}, "time_to_first_spike": {"0.1": 6.000000000091973, "0.2": 2.900000000091268, "0.4": 1.700000000090995, "0.8": 1.0000000000908358}, "time_to_second_spike": {"0.1": 16.000000000094246, "0.2": 10.600000000093019, "0.4": 7.900000000092405, "0.8": 6.000000000091973}, "AP_height": {"0.1": 8.813573470747823, "0.2": 16.578795443829314, "0.4": 19.701144132424247, "0.8": 23.0702927453797}, "AP_width": {"0.1": 0.5000000000001137, "0.2": 0.6000000000001364, "0.4": 0.6000000000001364, "0.8": 0.6000000000001364}, "AP_amplitude": {"0.1": 66.42211069138098, "0.2": 87.81894742323223, "0.4": 93.13014828702264, "0.8": 95.98580069373143}, "voltage_base": {"0.1": -72.69814787080747, "0.2": -72.69814787080747, "0.4": -72.69814787080747, "0.8": -72.69814787080747}}}, "NetPyNE": {"L5_MC_bSTUT213_1": {"mean_frequency": {"0.1": 97.40259740228872, "0.2": 108.33584110750664, "0.4": 161.17729502463655, "0.8": 263.1578947352136}, "ISI_CV": {"0.1": 0, "0.2": 0.01252959084098338, "0.4": 0.00995461498518024, "0.8": 0.06285393610547088}, "time_to_first_spike": {"0.1": 6.500000000092086, "0.2": 3.200000000091336, "0.4": 1.8000000000910177, "0.8": 1.1000000000908585}, "time_to_second_spike": {"0.1": 17.700000000094633, "0.2": 11.200000000093155, "0.4": 8.200000000092473, "0.8": 6.200000000092018}, "AP_height": {"0.1": 6.127227418353093, "0.2": 16.307544343053557, "0.4": 21.10425049041522, "0.8": 20.880370713634203}, "AP_width": {"0.1": 0.6000000000001364, "0.2": 0.6000000000001364, "0.4": 0.6000000000001364, "0.8": 0.7000000000001592}, "AP_amplitude": {"0.1": 63.40707859941193, "0.2": 89.4320196590966, "0.4": 96.102943271974, "0.8": 95.87906338985236}, "voltage_base": {"0.1": -74.99864409686684, "0.2": -74.99864409686684, "0.4": -74.99864409686684, "0.8": -74.99864409686684}}}}