{"BBP": {"L23_LBC_cSTUT189_2": {"mean_frequency": {"0.1": 0, "0.2": 56.579210895291816, "0.4": 93.65452997452151, "0.8": 145.6529355824605}, "ISI_CV": {"0.1": 0, "0.2": 0.04771451415944208, "0.4": 0.019802088048418532, "0.8": 0.036389961261524224}, "time_to_first_spike": {"0.1": 0, "0.2": 5.000000000091745, "0.4": 2.500000000091177, "0.8": 1.4000000000909267}, "time_to_second_spike": {"0.1": 0, "0.2": 20.90000000009536, "0.4": 11.700000000093269, "0.8": 7.800000000092382}, "AP_height": {"0.1": 0, "0.2": 21.155867073235846, "0.4": 24.156012655057992, "0.8": 22.436214333982075}, "AP_width": {"0.1": 0, "0.2": 0.7000000000001592, "0.4": 0.8000000000001819, "0.8": 0.9000000000002046}, "AP_amplitude": {"0.1": 0, "0.2": 76.7790300803277, "0.4": 99.74887831002694, "0.8": 97.7640915702622}, "voltage_base": {"0.1": -75.42661232612342, "0.2": -75.42661232612342, "0.4": -75.42661232612342, "0.8": -75.42661232612342}}}, "NetPyNE": {"L23_LBC_cSTUT189_2": {"mean_frequency": {"0.1": 57.47126436750375, "0.2": 59.29350283909357, "0.4": 95.1046150766489, "0.8": 147.36842105273172}, "ISI_CV": {"0.1": 0, "0.2": 0.020366308998224645, "0.4": 0.012436577151349429, "0.8": 0.03948394575623521}, "time_to_first_spike": {"0.1": 17.400000000094565, "0.2": 5.100000000091768, "0.4": 2.6000000000911996, "0.8": 1.4000000000909267}, "time_to_second_spike": {"0.1": 0, "0.2": 20.000000000095156, "0.4": 11.600000000093246, "0.8": 7.800000000092382}, "AP_height": {"0.1": 13.588072021160157, "0.2": 20.820830746745518, "0.4": 20.337152901132566, "0.8": 27.033123611171455}, "AP_width": {"0.1": 0.7000000000001592, "0.2": 0.7000000000001592, "0.4": 0.8000000000001819, "0.8": 0.8000000000001819}, "AP_amplitude": {"0.1": 69.49511344482639, "0.2": 76.88995081371304, "0.4": 95.76190628021831, "0.8": 102.4578770135818}, "voltage_base": {"0.1": -75.42397362745687, "0.2": -75.42397362745687, "0.4": -75.42397362745687, "0.8": -75.42397362745687}}}}