{"BBP": {"L6_NBC_bAC217_5": {"mean_frequency": {"0.1": 2.6168419950820887, "0.2": 9.634399878308837, "0.4": 14.68428781205106, "0.8": 20.55498458377541}, "ISI_CV": {"0.1": 0.056784143836893224, "0.2": 0.289527594603714, "0.4": 0.29744783173782885, "0.8": 0.30635182803214384}, "time_to_first_spike": {"0.1": 27.40000000009684, "0.2": 6.8000000000921546, "0.4": 2.900000000091268, "0.8": 1.5000000000909495}, "time_to_second_spike": {"0.1": 486.7000000000162, "0.2": 34.00000000009834, "0.4": 19.600000000095065, "0.8": 12.200000000093382}, "AP_height": {"0.1": 18.28372416089863, "0.2": 21.79866668236695, "0.4": 28.81056256619766, "0.8": 31.418587996724675}, "AP_width": {"0.1": 0.5000000000001137, "0.2": 0.5000000000001137, "0.4": 0.6000000000001364, "0.8": 0.6000000000001364}, "AP_amplitude": {"0.1": 73.88785916073793, "0.2": 77.21437652216169, "0.4": 83.4966773569826, "0.8": 103.5211859851259}, "voltage_base": {"0.1": -72.09953892432053, "0.2": -72.09953892432053, "0.4": -72.09953892432053, "0.8": -72.09953892432053}}}, "NetPyNE": {"L6_NBC_bAC217_5": {"mean_frequency": {"0.1": 2.590270942342309, "0.2": 9.507130347767285, "0.4": 14.581055043492567, "0.8": 20.26137169487746}, "ISI_CV": {"0.1": 0.05523806769612661, "0.2": 0.28598596383122393, "0.4": 0.301952977739485, "0.8": 0.3050540541116789}, "time_to_first_spike": {"0.1": 27.600000000096884, "0.2": 6.900000000092177, "0.4": 3.0000000000912905, "0.8": 1.6000000000909722}, "time_to_second_spike": {"0.1": 491.0000000000123, "0.2": 34.30000000009841, "0.4": 19.80000000009511, "0.8": 12.400000000093428}, "AP_height": {"0.1": 19.363891192235563, "0.2": 22.550349504053084, "0.4": 26.733954534692746, "0.8": 29.462239256811472}, "AP_width": {"0.1": 0.5000000000001137, "0.2": 0.5000000000001137, "0.4": 0.5000000000001137, "0.8": 0.6000000000001364}, "AP_amplitude": {"0.1": 74.57407200391914, "0.2": 78.63002823234214, "0.4": 81.8394537357405, "0.8": 101.56483217704206}, "voltage_base": {"0.1": -72.09953383841719, "0.2": -72.09953383841719, "0.4": -72.09953383841719, "0.8": -72.09953383841719}}}}