{"BBP": {"L6_NBC_bAC217_3": {"mean_frequency": {"0.1": 8.117761662522955, "0.2": 12.55886970173525, "0.4": 17.24662676271838, "0.8": 23.337222870494205}, "ISI_CV": {"0.1": 0.29938713539151834, "0.2": 0.31143277955407433, "0.4": 0.31632778277442775, "0.8": 0.3241545977629489}, "time_to_first_spike": {"0.1": 17.60000000009461, "0.2": 5.800000000091927, "0.4": 2.100000000091086, "0.8": 1.1000000000908585}, "time_to_second_spike": {"0.1": 61.1000000001045, "0.2": 29.500000000097316, "0.4": 16.600000000094383, "0.8": 10.000000000092882}, "AP_height": {"0.1": 20.635978987028153, "0.2": 23.942354175002205, "0.4": 26.45028064542472, "0.8": 30.01921275003377}, "AP_width": {"0.1": 0.5000000000001137, "0.2": 0.6000000000001364, "0.4": 0.7000000000001592, "0.8": 0.6000000000001364}, "AP_amplitude": {"0.1": 75.44410818859086, "0.2": 78.14797734625098, "0.4": 95.9558522468042, "0.8": 99.52478434916755}, "voltage_base": {"0.1": -69.50310925611278, "0.2": -69.50310925611278, "0.4": -69.50310925611278, "0.8": -69.50310925611278}}}, "NetPyNE": {"L6_NBC_bAC217_3": {"mean_frequency": {"0.1": 8.048505660787653, "0.2": 12.452653971886118, "0.4": 17.094017094028697, "0.8": 23.099327106573888}, "ISI_CV": {"0.1": 0.29790230369667897, "0.2": 0.3102986179548691, "0.4": 0.31544522626502497, "0.8": 0.32343552661788594}, "time_to_first_spike": {"0.1": 17.700000000094633, "0.2": 5.90000000009195, "0.4": 2.2000000000911086, "0.8": 1.1000000000908585}, "time_to_second_spike": {"0.1": 61.40000000010457, "0.2": 29.70000000009736, "0.4": 16.80000000009443, "0.8": 10.200000000092928}, "AP_height": {"0.1": 20.660961235710243, "0.2": 23.489434340289993, "0.4": 29.04397898944965, "0.8": 28.084647808137483}, "AP_width": {"0.1": 0.6000000000001364, "0.2": 0.5000000000001137, "0.4": 0.6000000000001364, "0.8": 0.7000000000001592}, "AP_amplitude": {"0.1": 75.19387553913722, "0.2": 78.37209545673795, "0.4": 98.5495466305897, "0.8": 97.59021582363104}, "voltage_base": {"0.1": -69.50310565904249, "0.2": -69.50310565904249, "0.4": -69.50310565904249, "0.8": -69.50310565904249}}}}