{"BBP": {"L4_ChC_dNAC222_5": {"mean_frequency": {"0.1": 0, "0.2": 43.00215010753462, "0.4": 88.1719352738438, "0.8": 160.32867378136052}, "ISI_CV": {"0.1": 0, "0.2": 0.08054799540723134, "0.4": 0.04551658926421081, "0.8": 0.12928028651121481}, "time_to_first_spike": {"0.1": 0, "0.2": 14.000000000093792, "0.4": 4.500000000091632, "0.8": 2.000000000091063}, "time_to_second_spike": {"0.1": 0, "0.2": 41.00000000009993, "0.4": 14.900000000093996, "0.8": 9.000000000092655}, "AP_height": {"0.1": 0, "0.2": 6.739126208344917, "0.4": 14.317650649542497, "0.8": 19.490251070787195}, "AP_width": {"0.1": 0, "0.2": 0.7000000000001592, "0.4": 0.8000000000001819, "0.8": 0.8000000000001819}, "AP_amplitude": {"0.1": 0, "0.2": 62.45259337021905, "0.4": 70.57984225640368, "0.8": 93.25081782090744}, "voltage_base": {"0.1": -73.75642911717524, "0.2": -73.75642911717524, "0.4": -73.75642911717524, "0.8": -73.75642911717524}}}, "NetPyNE": {"L4_ChC_dNAC222_5": {"mean_frequency": {"0.1": 0, "0.2": 42.82115869020537, "0.4": 87.89552988453984, "0.8": 161.76691541053717}, "ISI_CV": {"0.1": 0, "0.2": 0.08166430268676839, "0.4": 0.046699085313114036, "0.8": 0.13858766772388015}, "time_to_first_spike": {"0.1": 0, "0.2": 14.100000000093814, "0.4": 4.600000000091654, "0.8": 2.100000000091086}, "time_to_second_spike": {"0.1": 0, "0.2": 41.3000000001, "0.4": 15.100000000094042, "0.8": 9.100000000092678}, "AP_height": {"0.1": 0, "0.2": 7.187995752805478, "0.4": 13.232747005739535, "0.8": 20.12605231278855}, "AP_width": {"0.1": 0, "0.2": 0.7000000000001592, "0.4": 0.7000000000001592, "0.8": 0.7000000000001592}, "AP_amplitude": {"0.1": 0, "0.2": 62.77920974652685, "0.4": 68.82598877789874, "0.8": 93.88661178284738}, "voltage_base": {"0.1": -73.75642181192502, "0.2": -73.75642181192502, "0.4": -73.75642181192502, "0.8": -73.75642181192502}}}}