{"BBP": {"L6_SBC_cACint209_5": {"mean_frequency": {"0.1": 36.43171583264118, "0.2": 63.300678221595355, "0.4": 116.51265568509318, "0.8": 295.85798816508446}, "ISI_CV": {"0.1": 0.22971566242213812, "0.2": 0.17794125822675683, "0.4": 0.11883491391371621, "0.8": 0.1784379924348265}, "time_to_first_spike": {"0.1": 7.6000000000923364, "0.2": 3.4000000000913815, "0.4": 1.8000000000910177, "0.8": 1.0000000000908358}, "time_to_second_spike": {"0.1": 19.500000000095042, "0.2": 12.10000000009336, "0.4": 8.400000000092518, "0.8": 6.300000000092041}, "AP_height": {"0.1": 29.8516595335488, "0.2": 32.194968285672495, "0.4": 33.91380230624229, "0.8": 35.84775043813107}, "AP_width": {"0.1": 0.8000000000001819, "0.2": 0.8000000000001819, "0.4": 0.9000000000002046, "0.8": 1.0000000000002274}, "AP_amplitude": {"0.1": 86.42760688785867, "0.2": 87.81474519203536, "0.4": 102.91270569621047, "0.8": 104.8466538257284}, "voltage_base": {"0.1": -68.99837610197187, "0.2": -68.99837610197187, "0.4": -68.99837610197187, "0.8": -68.99837610197187}}}, "NetPyNE": {"L6_SBC_cACint209_5": {"mean_frequency": {"0.1": 36.3562916582755, "0.2": 63.345231511781975, "0.4": 116.76271611132967, "0.8": 290.45643153465767}, "ISI_CV": {"0.1": 0.22995261643567494, "0.2": 0.17736302765051062, "0.4": 0.1161138716522582, "0.8": 0.1802547187550161}, "time_to_first_spike": {"0.1": 7.700000000092359, "0.2": 3.500000000091404, "0.4": 1.9000000000910404, "0.8": 1.1000000000908585}, "time_to_second_spike": {"0.1": 19.700000000095088, "0.2": 12.300000000093405, "0.4": 8.500000000092541, "0.8": 6.400000000092064}, "AP_height": {"0.1": 28.43868558786604, "0.2": 31.49259134506634, "0.4": 30.865832899329163, "0.8": 35.53369853102976}, "AP_width": {"0.1": 0.8000000000001819, "0.2": 0.8000000000001819, "0.4": 0.9000000000002046, "0.8": 0.9000000000002046}, "AP_amplitude": {"0.1": 84.60596487130002, "0.2": 87.53688653845282, "0.4": 99.8647356137272, "0.8": 104.53260103041}, "voltage_base": {"0.1": -68.99837521221052, "0.2": -68.99837521221052, "0.4": -68.99837521221052, "0.8": -68.99837521221052}}}}