{"BBP": {"L6_BP_cNAC187_5": {"mean_frequency": {"0.1": 69.49690285546338, "0.2": 110.86029596195141, "0.4": 214.10705352690897, "0.8": 304.9907578554978}, "ISI_CV": {"0.1": 0.02060301930004576, "0.2": 0.030956018816921727, "0.4": 0.12510969702254157, "0.8": 0.06243223393980769}, "time_to_first_spike": {"0.1": 4.8000000000917, "0.2": 2.000000000091063, "0.4": 1.1000000000908585, "0.8": 0.7000000000907676}, "time_to_second_spike": {"0.1": 16.700000000094406, "0.2": 10.000000000092882, "0.4": 7.100000000092223, "0.8": 5.3000000000918135}, "AP_height": {"0.1": 19.75372059115477, "0.2": 23.518628037269977, "0.4": 25.92030023561488, "0.8": 27.72890058442699}, "AP_width": {"0.1": 0.7000000000001592, "0.2": 0.7000000000001592, "0.4": 0.7000000000001592, "0.8": 0.8000000000001819}, "AP_amplitude": {"0.1": 76.78331355279893, "0.2": 91.19679651922138, "0.4": 93.59846871542277, "0.8": 95.40706905994789}, "voltage_base": {"0.1": -67.6760469937201, "0.2": -67.6760469937201, "0.4": -67.6760469937201, "0.8": -67.6760469937201}}}, "NetPyNE": {"L6_BP_cNAC187_5": {"mean_frequency": {"0.1": 69.3676485372945, "0.2": 110.6549168837123, "0.4": 213.7779112848154, "0.8": 299.14529914494153}, "ISI_CV": {"0.1": 0.021654190355074685, "0.2": 0.03202436200018951, "0.4": 0.12161845826849407, "0.8": 0.06613855954334381}, "time_to_first_spike": {"0.1": 4.9000000000917225, "0.2": 2.100000000091086, "0.4": 1.2000000000908813, "0.8": 0.7000000000907676}, "time_to_second_spike": {"0.1": 16.80000000009443, "0.2": 10.100000000092905, "0.4": 7.2000000000922455, "0.8": 5.400000000091836}, "AP_height": {"0.1": 19.276271664495198, "0.2": 22.706415540254948, "0.4": 23.501958288073588, "0.8": 27.249954687752588}, "AP_width": {"0.1": 0.6000000000001364, "0.2": 0.7000000000001592, "0.4": 0.7000000000001592, "0.8": 0.8000000000001819}, "AP_amplitude": {"0.1": 75.73280286451268, "0.2": 90.38458080440286, "0.4": 91.18012343500183, "0.8": 94.9281199571439}, "voltage_base": {"0.1": -67.67604378442283, "0.2": -67.67604378442283, "0.4": -67.67604378442283, "0.8": -67.67604378442283}}}}