{"BBP": {"L5_MC_cSTUT189_4": {"mean_frequency": {"0.1": 0, "0.2": 14.08450704226269, "0.4": 79.55170861065098, "0.8": 133.2198126910306}, "ISI_CV": {"0.1": 0, "0.2": 0.39680402188672337, "0.4": 0.035986725541694464, "0.8": 0.03977668729055509}, "time_to_first_spike": {"0.1": 0, "0.2": 17.000000000094474, "0.4": 3.600000000091427, "0.8": 1.6000000000909722}, "time_to_second_spike": {"0.1": 0, "0.2": 52.00000000010243, "0.4": 14.30000000009386, "0.8": 8.80000000009261}, "AP_height": {"0.1": 0, "0.2": 11.598687836405112, "0.4": 22.015288591346966, "0.8": 25.774045969995342}, "AP_width": {"0.1": 0, "0.2": 0.6000000000001364, "0.4": 0.7000000000001592, "0.8": 0.8000000000001819}, "AP_amplitude": {"0.1": 0, "0.2": 68.22337898064715, "0.4": 97.10523887511391, "0.8": 100.48980810510749}, "voltage_base": {"0.1": -74.75876619173748, "0.2": -74.75876619173748, "0.4": -74.75876619173748, "0.8": -74.75876619173748}}}, "NetPyNE": {"L5_MC_cSTUT189_4": {"mean_frequency": {"0.1": 0, "0.2": 55.55555555526327, "0.4": 78.41166122146565, "0.8": 131.92876849770687}, "ISI_CV": {"0.1": 0, "0.2": 0, "0.4": 0.02341999555305578, "0.8": 0.03875305690393292}, "time_to_first_spike": {"0.1": 0, "0.2": 18.0000000000947, "0.4": 3.600000000091427, "0.8": 1.700000000090995}, "time_to_second_spike": {"0.1": 0, "0.2": 0, "0.4": 14.600000000093928, "0.8": 8.900000000092632}, "AP_height": {"0.1": 0, "0.2": 11.4200168526917, "0.4": 20.950252568577255, "0.8": 26.153510859442147}, "AP_width": {"0.1": 0, "0.2": 0.6000000000001364, "0.4": 0.7000000000001592, "0.8": 0.7000000000001592}, "AP_amplitude": {"0.1": 0, "0.2": 68.04071110647729, "0.4": 96.01892050970959, "0.8": 101.22217882073788}, "voltage_base": {"0.1": -75.06825126025322, "0.2": -75.06825126025322, "0.4": -75.06825126025322, "0.8": -75.06825126025322}}}}