{"BBP": {"L4_NBC_cIR216_1": {"mean_frequency": {"0.1": 22.399837092109017, "0.2": 38.44013959842774, "0.4": 73.26742610533405, "0.8": 151.97111044247458}, "ISI_CV": {"0.1": 0.2710090634230457, "0.2": 0.2186942172410394, "0.4": 0.1445273053923723, "0.8": 0.06098685507795393}, "time_to_first_spike": {"0.1": 18.500000000094815, "0.2": 6.600000000092109, "0.4": 3.1000000000913133, "0.8": 1.5000000000909495}, "time_to_second_spike": {"0.1": 37.100000000099044, "0.2": 17.20000000009452, "0.4": 10.400000000092973, "0.8": 7.100000000092223}, "AP_height": {"0.1": 26.306361402818826, "0.2": 27.864707715845263, "0.4": 31.667871348118275, "0.8": 35.285591379308066}, "AP_width": {"0.1": 0.8000000000001819, "0.2": 0.8000000000001819, "0.4": 0.9000000000002046, "0.8": 0.9000000000002046}, "AP_amplitude": {"0.1": 82.06305892501423, "0.2": 84.1694987143218, "0.4": 107.19767708540695, "0.8": 110.79872983995796}, "voltage_base": {"0.1": -75.43298923322345, "0.2": -75.43298923322345, "0.4": -75.43298923322345, "0.8": -75.43298923322345}}}, "NetPyNE": {"L4_NBC_cIR216_1": {"mean_frequency": {"0.1": 0, "0.2": 28.735632183927535, "0.4": 57.07419645543081, "0.8": 126.74080753440134}, "ISI_CV": {"0.1": 0, "0.2": 0.2023599775119014, "0.4": 0.14529195644983245, "0.8": 0.05906237288988413}, "time_to_first_spike": {"0.1": 0, "0.2": 8.10000000009245, "0.4": 3.500000000091404, "0.8": 1.700000000090995}, "time_to_second_spike": {"0.1": 0, "0.2": 20.400000000095247, "0.4": 11.4000000000932, "0.8": 7.6000000000923364}, "AP_height": {"0.1": 0, "0.2": 26.00443958414421, "0.4": 32.782897724457975, "0.8": 35.00093826256965}, "AP_width": {"0.1": 0, "0.2": 0.9000000000002046, "0.4": 0.9000000000002046, "0.8": 0.9000000000002046}, "AP_amplitude": {"0.1": 0, "0.2": 81.21671003997781, "0.4": 110.33757364689438, "0.8": 112.55561417348972}, "voltage_base": {"0.1": -77.55455441038012, "0.2": -77.55455441038012, "0.4": -77.55455441038012, "0.8": -77.55455441038012}}}}