{"BBP": {"L23_NBC_cIR216_1": {"mean_frequency": {"0.1": 18.307567127758514, "0.2": 31.963470319656334, "0.4": 62.82669883397912, "0.8": 143.22916666676403}, "ISI_CV": {"0.1": 0.3258618150949417, "0.2": 0.23969389299840277, "0.4": 0.13696977950937145, "0.8": 0.05598734014641175}, "time_to_first_spike": {"0.1": 20.2000000000952, "0.2": 8.000000000092427, "0.4": 3.8000000000914724, "0.8": 2.000000000091063}, "time_to_second_spike": {"0.1": 45.00000000010084, "0.2": 19.80000000009511, "0.4": 11.900000000093314, "0.8": 8.300000000092496}, "AP_height": {"0.1": 21.421275643686325, "0.2": 28.318765519229228, "0.4": 30.096382450897238, "0.8": 32.02744471134581}, "AP_width": {"0.1": 0.8000000000001819, "0.2": 0.9000000000002046, "0.4": 0.9000000000002046, "0.8": 0.9000000000002046}, "AP_amplitude": {"0.1": 77.67527629560206, "0.2": 84.21803483099654, "0.4": 86.28834672420433, "0.8": 107.53112838052215}, "voltage_base": {"0.1": -75.48641367324811, "0.2": -75.48641367324811, "0.4": -75.48641367324811, "0.8": -75.48641367324811}}}, "NetPyNE": {"L23_NBC_cIR216_1": {"mean_frequency": {"0.1": 0, "0.2": 22.67116731323015, "0.4": 44.39959636733585, "0.8": 109.55477738876884}, "ISI_CV": {"0.1": 0, "0.2": 0.21868480826779071, "0.4": 0.16081170156389268, "0.8": 0.04855313489980884}, "time_to_first_spike": {"0.1": 0, "0.2": 9.800000000092837, "0.4": 4.400000000091609, "0.8": 2.2000000000911086}, "time_to_second_spike": {"0.1": 0, "0.2": 24.20000000009611, "0.4": 13.300000000093632, "0.8": 8.900000000092632}, "AP_height": {"0.1": 0, "0.2": 26.102163437666988, "0.4": 30.231954431928717, "0.8": 32.32104369241945}, "AP_width": {"0.1": 0, "0.2": 0.8000000000001819, "0.4": 0.9000000000002046, "0.8": 1.0000000000002274}, "AP_amplitude": {"0.1": 0, "0.2": 82.12829036344696, "0.4": 86.40920249446327, "0.8": 110.13783816825257}, "voltage_base": {"0.1": -77.81665975250013, "0.2": -77.81665975250013, "0.4": -77.81665975250013, "0.8": -77.81665975250013}}}}