{"BBP": {"L6_NGC_cACint209_1": {"mean_frequency": {"0.1": 26.22157228583292, "0.2": 42.68139593274302, "0.4": 80.57251526379214, "0.8": 235.69023568946307}, "ISI_CV": {"0.1": 0.25932850482139025, "0.2": 0.22668473082356863, "0.4": 0.16347268340583718, "0.8": 0.142407311676164}, "time_to_first_spike": {"0.1": 7.700000000092359, "0.2": 4.100000000091541, "0.4": 2.3000000000911314, "0.8": 1.300000000090904}, "time_to_second_spike": {"0.1": 21.900000000095588, "0.2": 14.000000000093792, "0.4": 9.600000000092791, "0.8": 7.0000000000922}, "AP_height": {"0.1": 24.978825579435984, "0.2": 28.875807183111732, "0.4": 31.648469789525873, "0.8": 32.30598767861067}, "AP_width": {"0.1": 0.9000000000002046, "0.2": 0.9000000000002046, "0.4": 1.0000000000002274, "0.8": 1.0000000000002274}, "AP_amplitude": {"0.1": 79.35411644865508, "0.2": 83.85338698887719, "0.4": 103.5867095206631, "0.8": 104.24422740784163}, "voltage_base": {"0.1": -71.93752864905386, "0.2": -71.93752864905386, "0.4": -71.93752864905386, "0.8": -71.93752864905386}}}, "NetPyNE": {"L6_NGC_cACint209_1": {"mean_frequency": {"0.1": 26.277224720822293, "0.2": 42.82978937824129, "0.4": 80.90045726350903, "0.8": 235.69023568946307}, "ISI_CV": {"0.1": 0.2595358287358966, "0.2": 0.22638995702765205, "0.4": 0.16163126521254423, "0.8": 0.16600390908737245}, "time_to_first_spike": {"0.1": 7.800000000092382, "0.2": 4.200000000091563, "0.4": 2.400000000091154, "0.8": 1.4000000000909267}, "time_to_second_spike": {"0.1": 22.00000000009561, "0.2": 14.100000000093814, "0.4": 9.700000000092814, "0.8": 7.0000000000922}, "AP_height": {"0.1": 25.418743463707646, "0.2": 27.90383766284275, "0.4": 30.053529593286406, "0.8": 33.31801963181439}, "AP_width": {"0.1": 0.9000000000002046, "0.2": 1.0000000000002274, "0.4": 1.0000000000002274, "0.8": 1.0000000000002274}, "AP_amplitude": {"0.1": 79.09504236418853, "0.2": 81.96090109237976, "0.4": 101.99176829453168, "0.8": 105.25625846179196}, "voltage_base": {"0.1": -71.9375277450076, "0.2": -71.9375277450076, "0.4": -71.9375277450076, "0.8": -71.9375277450076}}}}