{"BBP": {"L23_NBC_dNAC222_3": {"mean_frequency": {"0.1": 26.283865750118903, "0.2": 62.864614765683385, "0.4": 103.14440216309835, "0.8": 170.00850042513687}, "ISI_CV": {"0.1": 0.1017433255591732, "0.2": 0.018157988004774313, "0.4": 0.025999968087535696, "0.8": 0.09877690529230894}, "time_to_first_spike": {"0.1": 22.500000000095724, "0.2": 5.800000000091927, "0.4": 2.6000000000911996, "0.8": 1.4000000000909267}, "time_to_second_spike": {"0.1": 75.40000000010775, "0.2": 20.2000000000952, "0.4": 11.200000000093155, "0.8": 7.700000000092359}, "AP_height": {"0.1": 10.044592669261261, "0.2": 14.621209598025988, "0.4": 18.856822294468078, "0.8": 25.44756688612069}, "AP_width": {"0.1": 0.7000000000001592, "0.2": 0.7000000000001592, "0.4": 0.8000000000001819, "0.8": 0.7000000000001592}, "AP_amplitude": {"0.1": 66.73004233525786, "0.2": 71.12953424250775, "0.4": 92.2757048780233, "0.8": 98.86644946750803}, "voltage_base": {"0.1": -73.41467125781966, "0.2": -73.41467125781966, "0.4": -73.41467125781966, "0.8": -73.41467125781966}}}, "NetPyNE": {"L23_NBC_dNAC222_3": {"mean_frequency": {"0.1": 26.17010568698303, "0.2": 62.53752251355063, "0.4": 102.60773812510104, "0.8": 170.61089708322}, "ISI_CV": {"0.1": 0.1021701183635294, "0.2": 0.018634993935775054, "0.4": 0.026960248064493337, "0.8": 0.10535914574329018}, "time_to_first_spike": {"0.1": 22.70000000009577, "0.2": 5.800000000091927, "0.4": 2.6000000000911996, "0.8": 1.4000000000909267}, "time_to_second_spike": {"0.1": 76.00000000010789, "0.2": 20.400000000095247, "0.4": 11.300000000093178, "0.8": 7.900000000092405}, "AP_height": {"0.1": 9.795108683153753, "0.2": 15.402827265075675, "0.4": 22.10993802619051, "0.8": 24.255317153287482}, "AP_width": {"0.1": 0.7000000000001592, "0.2": 0.7000000000001592, "0.4": 0.7000000000001592, "0.8": 0.8000000000001819}, "AP_amplitude": {"0.1": 65.67822337665515, "0.2": 72.34771577088831, "0.4": 95.52881257920399, "0.8": 97.67419169055559}, "voltage_base": {"0.1": -73.41466318747779, "0.2": -73.41466318747779, "0.4": -73.41466318747779, "0.8": -73.41466318747779}}}}