{"BBP": {"L6_BP_bNAC219_2": {"mean_frequency": {"0.1": 91.13214160538968, "0.2": 146.63930734207457, "0.4": 218.30562787917904, "0.8": 326.34032633956286}, "ISI_CV": {"0.1": 0.02490529689027198, "0.2": 0.011077370140020047, "0.4": 0.014173742419472852, "0.8": 0.06848154271983711}, "time_to_first_spike": {"0.1": 5.400000000091836, "0.2": 2.2000000000911086, "0.4": 1.2000000000908813, "0.8": 0.7000000000907676}, "time_to_second_spike": {"0.1": 14.000000000093792, "0.2": 9.100000000092678, "0.4": 6.700000000092132, "0.8": 5.200000000091791}, "AP_height": {"0.1": 13.842926574635076, "0.2": 17.19107273543869, "0.4": 19.84098947736148, "0.8": 23.55001629343734}, "AP_width": {"0.1": 0.6000000000001364, "0.2": 0.6000000000001364, "0.4": 0.6000000000001364, "0.8": 0.7000000000001592}, "AP_amplitude": {"0.1": 70.82961739108538, "0.2": 86.09001706598139, "0.4": 88.73993380573386, "0.8": 92.44896061746923}, "voltage_base": {"0.1": -68.89883363320514, "0.2": -68.89883363320514, "0.4": -68.89883363320514, "0.8": -68.89883363320514}}}, "NetPyNE": {"L6_BP_bNAC219_2": {"mean_frequency": {"0.1": 91.15496343790629, "0.2": 145.88659948874403, "0.4": 215.71571571586236, "0.8": 319.1489361693711}, "ISI_CV": {"0.1": 0.02410356064479163, "0.2": 0.011078072858822487, "0.4": 0.014873995379203466, "0.8": 0.07157292418740846}, "time_to_first_spike": {"0.1": 5.500000000091859, "0.2": 2.3000000000911314, "0.4": 1.2000000000908813, "0.8": 0.8000000000907903}, "time_to_second_spike": {"0.1": 14.100000000093814, "0.2": 9.300000000092723, "0.4": 6.900000000092177, "0.8": 5.3000000000918135}, "AP_height": {"0.1": 13.422738969819665, "0.2": 17.508633689184713, "0.4": 17.77377702325069, "0.8": 19.927751314438755}, "AP_width": {"0.1": 0.6000000000001364, "0.2": 0.6000000000001364, "0.4": 0.7000000000001592, "0.8": 0.7000000000001592}, "AP_amplitude": {"0.1": 69.75279777244859, "0.2": 86.40757800041612, "0.4": 86.67272111110398, "0.8": 88.82669564788348}, "voltage_base": {"0.1": -68.8988336416485, "0.2": -68.8988336416485, "0.4": -68.8988336416485, "0.8": -68.8988336416485}}}}