{"BBP": {"L4_SS_cADpyr230_1": {"mean_frequency": {"0.1": 4.605111673961066, "0.2": 7.006656323512096, "0.4": 10.555946516544816, "0.8": 20.941873531529104}, "ISI_CV": {"0.1": 0.2126731824800593, "0.2": 0.26213738920579943, "0.4": 0.2681640513874342, "0.8": 0.18106045856869138}, "time_to_first_spike": {"0.1": 53.200000000102705, "0.2": 18.0000000000947, "0.4": 6.900000000092177, "0.8": 2.6000000000911996}, "time_to_second_spike": {"0.1": 126.2000000001193, "0.2": 47.20000000010134, "0.4": 24.50000000009618, "0.8": 13.000000000093564}, "AP_height": {"0.1": 35.853756660779624, "0.2": 38.108715701956065, "0.4": 38.21610882569084, "0.8": 42.3808217577196}, "AP_width": {"0.1": 0.8000000000001819, "0.2": 0.9000000000002046, "0.4": 0.9000000000002046, "0.8": 1.0000000000002274}, "AP_amplitude": {"0.1": 91.48349896135163, "0.2": 94.63391799789687, "0.4": 94.89038757487256, "0.8": 116.26580682579204}, "voltage_base": {"0.1": -73.88437428907146, "0.2": -73.88437428907146, "0.4": -73.88437428907146, "0.8": -73.88437428907146}}}, "NetPyNE": {"L4_SS_cADpyr230_1": {"mean_frequency": {"0.1": 4.587419003386187, "0.2": 7.121336620108768, "0.4": 10.508406725387449, "0.8": 20.785804816237135}, "ISI_CV": {"0.1": 0.21071228106568474, "0.2": 0.27382989965506715, "0.4": 0.2667614628589971, "0.8": 0.18032543962391884}, "time_to_first_spike": {"0.1": 53.40000000010275, "0.2": 18.100000000094724, "0.4": 7.0000000000922, "0.8": 2.7000000000912223}, "time_to_second_spike": {"0.1": 126.80000000011944, "0.2": 47.50000000010141, "0.4": 24.700000000096225, "0.8": 13.100000000093587}, "AP_height": {"0.1": 34.703760601982324, "0.2": 37.187861152741846, "0.4": 38.191908848749165, "0.8": 41.779652364019555}, "AP_width": {"0.1": 0.9000000000002046, "0.2": 0.9000000000002046, "0.4": 0.9000000000002046, "0.8": 0.9000000000002046}, "AP_amplitude": {"0.1": 90.80080541834965, "0.2": 93.41133636858814, "0.4": 94.22996316087156, "0.8": 115.66463597072055}, "voltage_base": {"0.1": -73.88437279692543, "0.2": -73.88437279692543, "0.4": -73.88437279692543, "0.8": -73.88437279692543}}}}