{"BBP": {"L6_NGC_cSTUT189_5": {"mean_frequency": {"0.1": 3.589375448673225, "0.2": 60.50000000004115, "0.4": 97.58782904620787, "0.8": 153.55450236967434}, "ISI_CV": {"0.1": 0, "0.2": 0.038058686419075935, "0.4": 0.02104283898533883, "0.8": 0.0911442954928807}, "time_to_first_spike": {"0.1": 24.100000000096088, "0.2": 6.000000000091973, "0.4": 3.0000000000912905, "0.8": 1.6000000000909722}, "time_to_second_spike": {"0.1": 516.4999999999891, "0.2": 20.90000000009536, "0.4": 12.10000000009336, "0.8": 8.10000000009245}, "AP_height": {"0.1": 4.99977701233301, "0.2": 12.176998069600717, "0.4": 15.456505616711324, "0.8": 18.92586507511236}, "AP_width": {"0.1": 0.8000000000001819, "0.2": 0.8000000000001819, "0.4": 0.8000000000001819, "0.8": 0.9000000000002046}, "AP_amplitude": {"0.1": 58.27734244107745, "0.2": 67.00174761469663, "0.4": 91.14276636964831, "0.8": 94.52413328325123}, "voltage_base": {"0.1": -75.656404046702, "0.2": -75.656404046702, "0.4": -75.656404046702, "0.8": -75.656404046702}}}, "NetPyNE": {"L6_NGC_cSTUT189_5": {"mean_frequency": {"0.1": 0, "0.2": 59.35016597931802, "0.4": 96.14903099811232, "0.8": 151.83994283674105}, "ISI_CV": {"0.1": 0, "0.2": 0.014087515381728786, "0.4": 0.01707258655807693, "0.8": 0.0903837200008044}, "time_to_first_spike": {"0.1": 0, "0.2": 5.90000000009195, "0.4": 3.1000000000913133, "0.8": 1.700000000090995}, "time_to_second_spike": {"0.1": 0, "0.2": 21.100000000095406, "0.4": 12.400000000093428, "0.8": 8.200000000092473}, "AP_height": {"0.1": 0, "0.2": 12.84573021459975, "0.4": 16.932835865494884, "0.8": 21.688554495607647}, "AP_width": {"0.1": 0, "0.2": 0.8000000000001819, "0.4": 0.8000000000001819, "0.8": 0.8000000000001819}, "AP_amplitude": {"0.1": 0, "0.2": 67.20979427952476, "0.4": 92.83262740839554, "0.8": 97.5883459595918}, "voltage_base": {"0.1": -75.89908459186657, "0.2": -75.89908459186657, "0.4": -75.89908459186657, "0.8": -75.89908459186657}}}}