{"BBP": {"L6_NGC_cNAC187_5": {"mean_frequency": {"0.1": 47.57135703558566, "0.2": 73.10600370542248, "0.4": 111.11111111118664, "0.8": 197.62845849762488}, "ISI_CV": {"0.1": 0.020872837928932374, "0.2": 0.012092061544247603, "0.4": 0.02213938773752402, "0.8": 0.07610549589538781}, "time_to_first_spike": {"0.1": 6.600000000092109, "0.2": 3.600000000091427, "0.4": 2.100000000091086, "0.8": 1.300000000090904}, "time_to_second_spike": {"0.1": 25.700000000096452, "0.2": 15.40000000009411, "0.4": 10.200000000092928, "0.8": 7.100000000092223}, "AP_height": {"0.1": 11.450464200136507, "0.2": 15.513781259685743, "0.4": 18.218565644769917, "0.8": 20.621042780571987}, "AP_width": {"0.1": 0.8000000000001819, "0.2": 0.8000000000001819, "0.4": 0.8000000000001819, "0.8": 0.8000000000001819}, "AP_amplitude": {"0.1": 66.6551732378712, "0.2": 69.70849535798521, "0.4": 87.04693094927438, "0.8": 89.44940808320433}, "voltage_base": {"0.1": -68.82553511133702, "0.2": -68.82553511133702, "0.4": -68.82553511133702, "0.8": -68.82553511133702}}}, "NetPyNE": {"L6_NGC_cNAC187_5": {"mean_frequency": {"0.1": 47.438808983125774, "0.2": 72.86432160808967, "0.4": 110.8102687525823, "0.8": 196.936542669149}, "ISI_CV": {"0.1": 0.01997512966478607, "0.2": 0.011307570598591932, "0.4": 0.02362417389833601, "0.8": 0.06883525267636695}, "time_to_first_spike": {"0.1": 6.8000000000921546, "0.2": 3.7000000000914497, "0.4": 2.2000000000911086, "0.8": 1.300000000090904}, "time_to_second_spike": {"0.1": 25.900000000096497, "0.2": 15.500000000094133, "0.4": 10.30000000009295, "0.8": 7.2000000000922455}, "AP_height": {"0.1": 10.774854457292333, "0.2": 15.508716381247114, "0.4": 17.841886906994663, "0.8": 20.884580818754948}, "AP_width": {"0.1": 0.8000000000001819, "0.2": 0.8000000000001819, "0.4": 0.8000000000001819, "0.8": 0.8000000000001819}, "AP_amplitude": {"0.1": 65.51278361401707, "0.2": 70.10802999031355, "0.4": 86.67024752694817, "0.8": 89.71294146898978}, "voltage_base": {"0.1": -68.82553045368776, "0.2": -68.82553045368776, "0.4": -68.82553045368776, "0.8": -68.82553045368776}}}}