{"BBP": {"L23_NBC_bAC217_4": {"mean_frequency": {"0.1": 8.186236889235506, "0.2": 12.925908691389694, "0.4": 18.068246347645214, "0.8": 25.753673685822637}, "ISI_CV": {"0.1": 0.2932739997350413, "0.2": 0.3137358724560297, "0.4": 0.32330863442480107, "0.8": 0.3047004760809667}, "time_to_first_spike": {"0.1": 12.300000000093405, "0.2": 4.700000000091677, "0.4": 2.2000000000911086, "0.8": 1.2000000000908813}, "time_to_second_spike": {"0.1": 47.400000000101386, "0.2": 25.30000000009636, "0.4": 15.100000000094042, "0.8": 9.700000000092814}, "AP_height": {"0.1": 15.547010706264382, "0.2": 20.14336865252212, "0.4": 26.967651688062283, "0.8": 26.99296214907695}, "AP_width": {"0.1": 0.6000000000001364, "0.2": 0.6000000000001364, "0.4": 0.6000000000001364, "0.8": 0.6000000000001364}, "AP_amplitude": {"0.1": 71.67888772348853, "0.2": 75.86635043721608, "0.4": 98.05623077910906, "0.8": 98.08154123797482}, "voltage_base": {"0.1": -71.0857642905553, "0.2": -71.0857642905553, "0.4": -71.0857642905553, "0.8": -71.0857642905553}}}, "NetPyNE": {"L23_NBC_bAC217_4": {"mean_frequency": {"0.1": 8.065329166252067, "0.2": 12.734311328451962, "0.4": 17.780035560083146, "0.8": 25.91858515019286}, "ISI_CV": {"0.1": 0.29080926438648846, "0.2": 0.31164529645300415, "0.4": 0.3215915817963865, "0.8": 0.29993743531656486}, "time_to_first_spike": {"0.1": 12.400000000093428, "0.2": 4.8000000000917, "0.4": 2.3000000000911314, "0.8": 1.300000000090904}, "time_to_second_spike": {"0.1": 47.80000000010148, "0.2": 25.500000000096406, "0.4": 15.300000000094087, "0.8": 9.800000000092837}, "AP_height": {"0.1": 18.018697168690796, "0.2": 21.56207536635132, "0.4": 27.135768074759174, "0.8": 29.619676248202545}, "AP_width": {"0.1": 0.5000000000001137, "0.2": 0.6000000000001364, "0.4": 0.6000000000001364, "0.8": 0.6000000000001364}, "AP_amplitude": {"0.1": 73.73518458253068, "0.2": 77.93189890356503, "0.4": 98.22434308034529, "0.8": 100.70825128128666}, "voltage_base": {"0.1": -71.08576021885332, "0.2": -71.08576021885332, "0.4": -71.08576021885332, "0.8": -71.08576021885332}}}}