{"BBP": {"L4_SP_cADpyr230_3": {"mean_frequency": {"0.1": 4.661521727873852, "0.2": 7.537309682935623, "0.4": 15.89173117343564, "0.8": 30.955039074414533}, "ISI_CV": {"0.1": 0.1708447925630437, "0.2": 0.23059805727971344, "0.4": 0.16147052295262385, "0.8": 0.1293699345397795}, "time_to_first_spike": {"0.1": 38.30000000009932, "0.2": 14.200000000093837, "0.4": 5.800000000091927, "0.8": 2.500000000091177}, "time_to_second_spike": {"0.1": 102.20000000011385, "0.2": 43.300000000100454, "0.4": 24.50000000009618, "0.8": 13.900000000093769}, "AP_height": {"0.1": 23.877966610818543, "0.2": 26.859832092225282, "0.4": 29.63213623075037, "0.8": 35.13336135873729}, "AP_width": {"0.1": 1.0000000000002274, "0.2": 1.0000000000002274, "0.4": 1.1000000000002501, "0.8": 1.1000000000002501}, "AP_amplitude": {"0.1": 80.06739493155183, "0.2": 82.91807506941586, "0.4": 86.38797357486128, "0.8": 108.08160469584531}, "voltage_base": {"0.1": -72.94766913209526, "0.2": -72.94766913209526, "0.4": -72.94766913209526, "0.8": -72.94766913209526}}}, "NetPyNE": {"L4_SP_cADpyr230_3": {"mean_frequency": {"0.1": 4.64132845134653, "0.2": 7.626933972548068, "0.4": 15.75523480383257, "0.8": 30.842350085974985}, "ISI_CV": {"0.1": 0.16857630683853023, "0.2": 0.22886898739862307, "0.4": 0.1608199679400165, "0.8": 0.1291218113164678}, "time_to_first_spike": {"0.1": 38.50000000009936, "0.2": 14.30000000009386, "0.4": 6.000000000091973, "0.8": 2.6000000000911996}, "time_to_second_spike": {"0.1": 102.80000000011398, "0.2": 43.5000000001005, "0.4": 24.600000000096202, "0.8": 14.000000000093792}, "AP_height": {"0.1": 24.791129717105445, "0.2": 27.29758948056354, "0.4": 29.326983785224876, "0.8": 34.46038567468456}, "AP_width": {"0.1": 1.0000000000002274, "0.2": 1.1000000000002501, "0.4": 1.0000000000002274, "0.8": 1.1000000000002501}, "AP_amplitude": {"0.1": 81.03195944357063, "0.2": 82.60403650846665, "0.4": 85.49217482625785, "0.8": 107.4086276747274}, "voltage_base": {"0.1": -72.94766776268366, "0.2": -72.94766776268366, "0.4": -72.94766776268366, "0.8": -72.94766776268366}}}}