{"BBP": {"L5_MC_cNAC187_2": {"mean_frequency": {"0.1": 37.96699402655199, "0.2": 60.718586912927634, "0.4": 92.40194847593278, "0.8": 140.76745817061968}, "ISI_CV": {"0.1": 0.02074398221418469, "0.2": 0.014319387670494595, "0.4": 0.010773996713161366, "0.8": 0.034330908786594554}, "time_to_first_spike": {"0.1": 8.900000000092632, "0.2": 4.200000000091563, "0.4": 2.2000000000911086, "0.8": 1.4000000000909267}, "time_to_second_spike": {"0.1": 33.30000000009818, "0.2": 18.500000000094815, "0.4": 11.4000000000932, "0.8": 8.000000000092427}, "AP_height": {"0.1": 15.121376492372347, "0.2": 16.648517557990964, "0.4": 19.801804762432766, "0.8": 21.978951769746786}, "AP_width": {"0.1": 0.7000000000001592, "0.2": 0.7000000000001592, "0.4": 0.7000000000001592, "0.8": 0.8000000000001819}, "AP_amplitude": {"0.1": 71.32202899853276, "0.2": 72.98812803805923, "0.4": 74.71179855558515, "0.8": 90.20019369371175}, "voltage_base": {"0.1": -68.21854070780388, "0.2": -68.21854070780388, "0.4": -68.21854070780388, "0.8": -68.21854070780388}}}, "NetPyNE": {"L5_MC_cNAC187_2": {"mean_frequency": {"0.1": 37.78147196617343, "0.2": 60.42600332347118, "0.4": 91.93208077972685, "0.8": 140.18223690807568}, "ISI_CV": {"0.1": 0.020762495720322714, "0.2": 0.01382718522989775, "0.4": 0.010794581737363133, "0.8": 0.03574811259680622}, "time_to_first_spike": {"0.1": 9.000000000092655, "0.2": 4.200000000091563, "0.4": 2.3000000000911314, "0.8": 1.4000000000909267}, "time_to_second_spike": {"0.1": 33.60000000009825, "0.2": 18.600000000094838, "0.4": 11.500000000093223, "0.8": 8.10000000009245}, "AP_height": {"0.1": 14.615644310012854, "0.2": 16.98269221835945, "0.4": 22.093685364363054, "0.8": 24.807449836026393}, "AP_width": {"0.1": 0.7000000000001592, "0.2": 0.7000000000001592, "0.4": 0.7000000000001592, "0.8": 0.7000000000001592}, "AP_amplitude": {"0.1": 70.0602378717281, "0.2": 72.39192735352977, "0.4": 77.14520261006757, "0.8": 93.02868752497591}, "voltage_base": {"0.1": -68.21853646794999, "0.2": -68.21853646794999, "0.4": -68.21853646794999, "0.8": -68.21853646794999}}}}