{"BBP": {"L5_MC_bAC217_2": {"mean_frequency": {"0.1": 7.054865143544031, "0.2": 11.419672982099543, "0.4": 15.921113450783674, "0.8": 21.536612240824013}, "ISI_CV": {"0.1": 0.2961716339282601, "0.2": 0.314644780466186, "0.4": 0.3259166309356874, "0.8": 0.33143682552186327}, "time_to_first_spike": {"0.1": 19.200000000094974, "0.2": 6.500000000092086, "0.4": 2.7000000000912223, "0.8": 1.4000000000909267}, "time_to_second_spike": {"0.1": 66.10000000010564, "0.2": 31.300000000097725, "0.4": 17.800000000094656, "0.8": 10.800000000093064}, "AP_height": {"0.1": 17.902932629704623, "0.2": 22.171371615223563, "0.4": 21.589469634800878, "0.8": 25.141899273623995}, "AP_width": {"0.1": 0.6000000000001364, "0.2": 0.6000000000001364, "0.4": 0.6000000000001364, "0.8": 0.6000000000001364}, "AP_amplitude": {"0.1": 73.28616988236111, "0.2": 77.27378008339574, "0.4": 76.17606400412575, "0.8": 94.73896034716769}, "voltage_base": {"0.1": -69.59455836057722, "0.2": -69.59455836057722, "0.4": -69.59455836057722, "0.8": -69.59455836057722}}}, "NetPyNE": {"L5_MC_bAC217_2": {"mean_frequency": {"0.1": 6.978367062112095, "0.2": 11.294794126714667, "0.4": 15.739236393186928, "0.8": 21.355570244586566}, "ISI_CV": {"0.1": 0.29444987263450645, "0.2": 0.31321253605037225, "0.4": 0.32461623677110785, "0.8": 0.3350110418561285}, "time_to_first_spike": {"0.1": 19.40000000009502, "0.2": 6.600000000092109, "0.4": 2.7000000000912223, "0.8": 1.4000000000909267}, "time_to_second_spike": {"0.1": 66.4000000001057, "0.2": 31.50000000009777, "0.4": 18.0000000000947, "0.8": 11.00000000009311}, "AP_height": {"0.1": 14.33308222075799, "0.2": 21.910699485678983, "0.4": 25.125543432239503, "0.8": 28.55403470506345}, "AP_width": {"0.1": 0.6000000000001364, "0.2": 0.6000000000001364, "0.4": 0.6000000000001364, "0.8": 0.6000000000001364}, "AP_amplitude": {"0.1": 69.55278998302437, "0.2": 77.47415152854491, "0.4": 80.13054403753276, "0.8": 98.15109173852741}, "voltage_base": {"0.1": -69.59455430698735, "0.2": -69.59455430698735, "0.4": -69.59455430698735, "0.8": -69.59455430698735}}}}