{"BBP": {"L4_SS_cADpyr230_2": {"mean_frequency": {"0.1": 4.600080501411744, "0.2": 7.114321676795577, "0.4": 10.61120543294425, "0.8": 20.833333333347422}, "ISI_CV": {"0.1": 0.2115063550010052, "0.2": 0.2734008769498982, "0.4": 0.26659557022984864, "0.8": 0.1804919480198081}, "time_to_first_spike": {"0.1": 52.500000000102546, "0.2": 17.90000000009468, "0.4": 6.8000000000921546, "0.8": 2.6000000000911996}, "time_to_second_spike": {"0.1": 125.3000000001191, "0.2": 47.10000000010132, "0.4": 24.50000000009618, "0.8": 13.000000000093564}, "AP_height": {"0.1": 35.723343076029806, "0.2": 35.95602129609126, "0.4": 39.71814926587763, "0.8": 42.20027440670663}, "AP_width": {"0.1": 0.9000000000002046, "0.2": 0.8000000000001819, "0.4": 0.9000000000002046, "0.8": 1.0000000000002274}, "AP_amplitude": {"0.1": 92.0846678318646, "0.2": 91.65732665392363, "0.4": 95.95815364084223, "0.8": 116.08995760667915}, "voltage_base": {"0.1": -73.88906908575981, "0.2": -73.88906908575981, "0.4": -73.88906908575981, "0.8": -73.88906908575981}}}, "NetPyNE": {"L4_SS_cADpyr230_2": {"mean_frequency": {"0.1": 4.579803068471018, "0.2": 7.08524089819521, "0.4": 10.564124234108041, "0.8": 20.67678652480095}, "ISI_CV": {"0.1": 0.20937532103219159, "0.2": 0.2720606963254577, "0.4": 0.2733238270026573, "0.8": 0.179725944308164}, "time_to_first_spike": {"0.1": 52.70000000010259, "0.2": 18.0000000000947, "0.4": 6.900000000092177, "0.8": 2.7000000000912223}, "time_to_second_spike": {"0.1": 125.80000000011921, "0.2": 47.30000000010136, "0.4": 24.700000000096225, "0.8": 13.100000000093587}, "AP_height": {"0.1": 36.28523904325599, "0.2": 37.14451916905467, "0.4": 39.224780263372104, "0.8": 42.053900662898705}, "AP_width": {"0.1": 0.9000000000002046, "0.2": 0.8000000000001819, "0.4": 0.9000000000002046, "0.8": 0.9000000000002046}, "AP_amplitude": {"0.1": 91.41821245811751, "0.2": 92.2658011165802, "0.4": 95.82056529067535, "0.8": 115.94358238739153}, "voltage_base": {"0.1": -73.88906757934984, "0.2": -73.88906757934984, "0.4": -73.88906757934984, "0.8": -73.88906757934984}}}}