{"BBP": {"L5_NBC_cSTUT189_2": {"mean_frequency": {"0.1": 28.439388553165347, "0.2": 59.97681568473399, "0.4": 91.67877360859896, "0.8": 135.9145393450946}, "ISI_CV": {"0.1": 0.23733689483249953, "0.2": 0.053740843029227964, "0.4": 0.029918974350838314, "0.8": 0.02033311633932032}, "time_to_first_spike": {"0.1": 10.000000000092882, "0.2": 3.600000000091427, "0.4": 2.000000000091063, "0.8": 1.2000000000908813}, "time_to_second_spike": {"0.1": 34.900000000098544, "0.2": 17.500000000094587, "0.4": 10.700000000093041, "0.8": 7.6000000000923364}, "AP_height": {"0.1": 21.82615347164568, "0.2": 24.74143571645757, "0.4": 28.193895628598636, "0.8": 30.709468419454172}, "AP_width": {"0.1": 0.6000000000001364, "0.2": 0.7000000000001592, "0.4": 0.7000000000001592, "0.8": 0.7000000000001592}, "AP_amplitude": {"0.1": 78.12121726256268, "0.2": 80.58739521381413, "0.4": 101.87245922758234, "0.8": 104.98739894710391}, "voltage_base": {"0.1": -74.31749917593406, "0.2": -74.31749917593406, "0.4": -74.31749917593406, "0.8": -74.31749917593406}}}, "NetPyNE": {"L5_NBC_cSTUT189_2": {"mean_frequency": {"0.1": 12.157438832894103, "0.2": 58.41474468731931, "0.4": 90.04952724004322, "0.8": 133.82787830193044}, "ISI_CV": {"0.1": 0.24239566293795636, "0.2": 0.04322497556559868, "0.4": 0.027518732292214763, "0.8": 0.01976463613712575}, "time_to_first_spike": {"0.1": 9.90000000009286, "0.2": 4.000000000091518, "0.4": 2.100000000091086, "0.8": 1.2000000000908813}, "time_to_second_spike": {"0.1": 70.8000000001067, "0.2": 18.200000000094747, "0.4": 11.200000000093155, "0.8": 7.800000000092382}, "AP_height": {"0.1": 21.118748059858444, "0.2": 23.18032377788341, "0.4": 27.185729705725333, "0.8": 27.670075886884135}, "AP_width": {"0.1": 0.6000000000001364, "0.2": 0.6000000000001364, "0.4": 0.7000000000001592, "0.8": 0.8000000000001819}, "AP_amplitude": {"0.1": 77.95653587454855, "0.2": 78.91436821312456, "0.4": 101.84316374336686, "0.8": 102.32750982636489}, "voltage_base": {"0.1": -74.65620649029128, "0.2": -74.65620649029128, "0.4": -74.65620649029128, "0.8": -74.65620649029128}}}}