{"BBP": {"L5_MC_cNAC187_5": {"mean_frequency": {"0.1": 42.58090371709136, "0.2": 71.90265486730544, "0.4": 109.40479775175552, "0.8": 198.55956787049612}, "ISI_CV": {"0.1": 0.008111489131216522, "0.2": 0.011703496126985943, "0.4": 0.017897388594182974, "0.8": 0.14644896272958896}, "time_to_first_spike": {"0.1": 10.000000000092882, "0.2": 3.500000000091404, "0.4": 1.8000000000910177, "0.8": 1.1000000000908585}, "time_to_second_spike": {"0.1": 31.80000000009784, "0.2": 15.600000000094155, "0.4": 10.000000000092882, "0.8": 7.400000000092291}, "AP_height": {"0.1": 14.75448161870626, "0.2": 19.74839429888208, "0.4": 22.530771778390214, "0.8": 23.804878546834043}, "AP_width": {"0.1": 0.6000000000001364, "0.2": 0.6000000000001364, "0.4": 0.7000000000001592, "0.8": 0.7000000000001592}, "AP_amplitude": {"0.1": 70.19962849219365, "0.2": 76.7388334232958, "0.4": 89.07160442927362, "0.8": 90.34571119576012}, "voltage_base": {"0.1": -66.53889762866582, "0.2": -66.53889762866582, "0.4": -66.53889762866582, "0.8": -66.53889762866582}}}, "NetPyNE": {"L5_MC_cNAC187_5": {"mean_frequency": {"0.1": 42.46069857961731, "0.2": 71.66482910699467, "0.4": 108.97403706129029, "0.8": 199.7096951800747}, "ISI_CV": {"0.1": 0.008278582590107438, "0.2": 0.012187793901786006, "0.4": 0.018701711369165177, "0.8": 0.1459891354393601}, "time_to_first_spike": {"0.1": 10.100000000092905, "0.2": 3.600000000091427, "0.4": 1.9000000000910404, "0.8": 1.2000000000908813}, "time_to_second_spike": {"0.1": 32.000000000097884, "0.2": 15.700000000094178, "0.4": 10.100000000092905, "0.8": 7.500000000092314}, "AP_height": {"0.1": 12.769716786190758, "0.2": 18.96862008992004, "0.4": 22.429390495768203, "0.8": 24.78536789541599}, "AP_width": {"0.1": 0.6000000000001364, "0.2": 0.6000000000001364, "0.4": 0.7000000000001592, "0.8": 0.7000000000001592}, "AP_amplitude": {"0.1": 69.50212508253166, "0.2": 75.40016223448372, "0.4": 88.9702202697126, "0.8": 91.32619765835375}, "voltage_base": {"0.1": -66.5388947407215, "0.2": -66.5388947407215, "0.4": -66.5388947407215, "0.8": -66.5388947407215}}}}