{"BBP": {"L23_NGC_cNAC187_4": {"mean_frequency": {"0.1": 38.971555825514805, "0.2": 64.6033653846593, "0.4": 110.04401760711764, "0.8": 192.8374655642131}, "ISI_CV": {"0.1": 0.008931335429032072, "0.2": 0.023821163320388326, "0.4": 0.07070491727395793, "0.8": 0.08466196018661931}, "time_to_first_spike": {"0.1": 11.900000000093314, "0.2": 5.700000000091904, "0.4": 2.900000000091268, "0.8": 1.6000000000909722}, "time_to_second_spike": {"0.1": 36.70000000009895, "0.2": 19.900000000095133, "0.4": 11.800000000093291, "0.8": 8.10000000009245}, "AP_height": {"0.1": 5.722713553353012, "0.2": 10.277941346540484, "0.4": 13.152977421647122, "0.8": 15.10262888868471}, "AP_width": {"0.1": 0.8000000000001819, "0.2": 0.8000000000001819, "0.4": 0.8000000000001819, "0.8": 0.9000000000002046}, "AP_amplitude": {"0.1": 60.16018512011194, "0.2": 65.9619940224744, "0.4": 68.38858286188966, "0.8": 83.45723088119037}, "voltage_base": {"0.1": -68.35218547379054, "0.2": -68.35218547379054, "0.4": -68.35218547379054, "0.8": -68.35218547379054}}}, "NetPyNE": {"L23_NGC_cNAC187_4": {"mean_frequency": {"0.1": 38.91443877295809, "0.2": 64.55810229210675, "0.4": 111.04441776718235, "0.8": 191.08280254717587}, "ISI_CV": {"0.1": 0.009391122313258985, "0.2": 0.02498856762516797, "0.4": 0.07724800478886405, "0.8": 0.07580980435789034}, "time_to_first_spike": {"0.1": 12.000000000093337, "0.2": 5.800000000091927, "0.4": 3.0000000000912905, "0.8": 1.700000000090995}, "time_to_second_spike": {"0.1": 36.800000000098976, "0.2": 20.000000000095156, "0.4": 12.000000000093337, "0.8": 8.200000000092473}, "AP_height": {"0.1": 5.044458056060275, "0.2": 10.113755964164824, "0.4": 14.034750368530757, "0.8": 17.51792044053901}, "AP_width": {"0.1": 0.8000000000001819, "0.2": 0.9000000000002046, "0.4": 0.8000000000001819, "0.8": 0.8000000000001819}, "AP_amplitude": {"0.1": 60.57781208067209, "0.2": 64.72932228313681, "0.4": 69.44049576892213, "0.8": 85.87251847602246}, "voltage_base": {"0.1": -68.3521815127476, "0.2": -68.3521815127476, "0.4": -68.3521815127476, "0.8": -68.3521815127476}}}}