{"BBP": {"L6_MC_cNAC187_3": {"mean_frequency": {"0.1": 34.88195743392485, "0.2": 60.00900135024334, "0.4": 95.33845150289983, "0.8": 147.1103327496622}, "ISI_CV": {"0.1": 0.007174101930404597, "0.2": 0.009955223401000352, "0.4": 0.015006565167589697, "0.8": 0.03436808595637018}, "time_to_first_spike": {"0.1": 13.000000000093564, "0.2": 4.8000000000917, "0.4": 2.100000000091086, "0.8": 1.2000000000908813}, "time_to_second_spike": {"0.1": 40.20000000009975, "0.2": 19.300000000094997, "0.4": 10.800000000093064, "0.8": 7.500000000092314}, "AP_height": {"0.1": 17.44503726777499, "0.2": 20.869870315354945, "0.4": 23.704264777408145, "0.8": 22.68391292260321}, "AP_width": {"0.1": 0.7000000000001592, "0.2": 0.7000000000001592, "0.4": 0.7000000000001592, "0.8": 0.8000000000001819}, "AP_amplitude": {"0.1": 72.87923964050223, "0.2": 75.78349240927884, "0.4": 78.68657246297946, "0.8": 90.09261499735487}, "voltage_base": {"0.1": -67.40652266223633, "0.2": -67.40652266223633, "0.4": -67.40652266223633, "0.8": -67.40652266223633}}}, "NetPyNE": {"L6_MC_cNAC187_3": {"mean_frequency": {"0.1": 34.80629539953934, "0.2": 59.89530903970241, "0.4": 95.11413696442189, "0.8": 146.8082974246914}, "ISI_CV": {"0.1": 0.007112557973145147, "0.2": 0.010494374736338862, "0.4": 0.015773992258014027, "0.8": 0.03605332368165354}, "time_to_first_spike": {"0.1": 13.20000000009361, "0.2": 4.9000000000917225, "0.4": 2.2000000000911086, "0.8": 1.2000000000908813}, "time_to_second_spike": {"0.1": 40.400000000099794, "0.2": 19.40000000009502, "0.4": 11.00000000009311, "0.8": 7.6000000000923364}, "AP_height": {"0.1": 14.668720877607825, "0.2": 19.719735981031757, "0.4": 22.410623942760104, "0.8": 26.338401839862062}, "AP_width": {"0.1": 0.7000000000001592, "0.2": 0.7000000000001592, "0.4": 0.8000000000001819, "0.8": 0.8000000000001819}, "AP_amplitude": {"0.1": 69.82541107178358, "0.2": 75.57942346586762, "0.4": 77.59494202943, "0.8": 93.74710078443432}, "voltage_base": {"0.1": -67.4065195289819, "0.2": -67.4065195289819, "0.4": -67.4065195289819, "0.8": -67.4065195289819}}}}