{"BBP": {"L4_MC_dNAC222_1": {"mean_frequency": {"0.1": 41.666666666694965, "0.2": 68.5788656955965, "0.4": 102.41477985849619, "0.8": 152.29697910936656}, "ISI_CV": {"0.1": 0.03328780785595472, "0.2": 0.03431106706665516, "0.4": 0.023860319753507792, "0.8": 0.021892630342351643}, "time_to_first_spike": {"0.1": 7.300000000092268, "0.2": 3.1000000000913133, "0.4": 1.6000000000909722, "0.8": 0.900000000090813}, "time_to_second_spike": {"0.1": 29.000000000097202, "0.2": 15.100000000094042, "0.4": 9.500000000092768, "0.8": 6.8000000000921546}, "AP_height": {"0.1": 23.41084870177348, "0.2": 27.06785515280658, "0.4": 28.582425607561994, "0.8": 32.243079169291384}, "AP_width": {"0.1": 0.7000000000001592, "0.2": 0.7000000000001592, "0.4": 0.7000000000001592, "0.8": 0.8000000000001819}, "AP_amplitude": {"0.1": 79.25581840740644, "0.2": 83.03773735681109, "0.4": 101.23852650052123, "0.8": 104.89918005947126}, "voltage_base": {"0.1": -72.65195358315972, "0.2": -72.65195358315972, "0.4": -72.65195358315972, "0.8": -72.65195358315972}}}, "NetPyNE": {"L4_MC_dNAC222_1": {"mean_frequency": {"0.1": 41.52108967545472, "0.2": 68.33484071957207, "0.4": 101.9946741697924, "0.8": 151.42398716416224}, "ISI_CV": {"0.1": 0.032760298326117106, "0.2": 0.03343547780425306, "0.4": 0.022943278739599664, "0.8": 0.022900851641356898}, "time_to_first_spike": {"0.1": 7.400000000092291, "0.2": 3.200000000091336, "0.4": 1.6000000000909722, "0.8": 1.0000000000908358}, "time_to_second_spike": {"0.1": 29.200000000097248, "0.2": 15.300000000094087, "0.4": 9.700000000092814, "0.8": 6.900000000092177}, "AP_height": {"0.1": 22.71795879426279, "0.2": 23.2838611264035, "0.4": 28.292786950409887, "0.8": 28.179468060807874}, "AP_width": {"0.1": 0.6000000000001364, "0.2": 0.8000000000001819, "0.4": 0.8000000000001819, "0.8": 0.7000000000001592}, "AP_amplitude": {"0.1": 77.94643225080677, "0.2": 78.29947357275668, "0.4": 100.94887915918657, "0.8": 100.83556045023593}, "voltage_base": {"0.1": -72.6519450565664, "0.2": -72.6519450565664, "0.4": -72.6519450565664, "0.8": -72.6519450565664}}}}