{"BBP": {"L23_NGC_bNAC219_1": {"mean_frequency": {"0.1": 31.389226407473668, "0.2": 89.16495516711966, "0.4": 159.5718073133995, "0.8": 238.09523809347178}, "ISI_CV": {"0.1": 0.15203288488579125, "0.2": 0.026256055126901344, "0.4": 0.014127858939770355, "0.8": 0}, "time_to_first_spike": {"0.1": 14.000000000093792, "0.2": 6.500000000092086, "0.4": 3.200000000091336, "0.8": 1.8000000000910177}, "time_to_second_spike": {"0.1": 27.10000000009677, "0.2": 15.700000000094178, "0.4": 10.500000000092996, "0.8": 7.6000000000923364}, "AP_height": {"0.1": -0.3164477296669883, "0.2": 3.6728664749847084, "0.4": 8.99600776917424, "0.8": 10.770269485393152}, "AP_width": {"0.1": 0.7000000000001592, "0.2": 0.7000000000001592, "0.4": 0.7000000000001592, "0.8": 0.8000000000001819}, "AP_amplitude": {"0.1": 55.450130865706356, "0.2": 59.495794789833056, "0.4": 64.89668280886768, "0.8": 80.37331635500344}, "voltage_base": {"0.1": -69.60292772491411, "0.2": -69.60292772491411, "0.4": -69.60292772491411, "0.8": -69.60292772491411}}}, "NetPyNE": {"L23_NGC_bNAC219_1": {"mean_frequency": {"0.1": 31.429005930978846, "0.2": 89.22305764417091, "0.4": 158.35630167888485, "0.8": 236.22047243920585}, "ISI_CV": {"0.1": 0.15193092555904883, "0.2": 0.025857197890722425, "0.4": 0.013930193688392127, "0.8": 0}, "time_to_first_spike": {"0.1": 14.100000000093814, "0.2": 6.600000000092109, "0.4": 3.3000000000913587, "0.8": 1.8000000000910177}, "time_to_second_spike": {"0.1": 27.200000000096793, "0.2": 15.800000000094201, "0.4": 10.600000000093019, "0.8": 7.700000000092359}, "AP_height": {"0.1": -0.4604560530019147, "0.2": 3.042586042247055, "0.4": 8.597157325820419, "0.8": 12.761976529526871}, "AP_width": {"0.1": 0.7000000000001592, "0.2": 0.7000000000001592, "0.4": 0.8000000000001819, "0.8": 0.7000000000001592}, "AP_amplitude": {"0.1": 54.89125922752882, "0.2": 57.939483384245946, "0.4": 63.57509622971157, "0.8": 82.36502320982201}, "voltage_base": {"0.1": -69.60292753478787, "0.2": -69.60292753478787, "0.4": -69.60292753478787, "0.8": -69.60292753478787}}}}