{"BBP": {"L4_MC_cACint209_2": {"mean_frequency": {"0.1": 23.071521717339376, "0.2": 35.80433686336266, "0.4": 64.55191890669565, "0.8": 131.13769457939742}, "ISI_CV": {"0.1": 0.2682626907658001, "0.2": 0.23198346028619105, "0.4": 0.1874532131609991, "0.8": 0.10043058958725484}, "time_to_first_spike": {"0.1": 5.90000000009195, "0.2": 2.900000000091268, "0.4": 1.5000000000909495, "0.8": 0.900000000090813}, "time_to_second_spike": {"0.1": 18.70000000009486, "0.2": 12.000000000093337, "0.4": 8.500000000092541, "0.8": 6.400000000092064}, "AP_height": {"0.1": 36.122307918471414, "0.2": 36.12523307390337, "0.4": 39.68247597404859, "0.8": 39.982843940997874}, "AP_width": {"0.1": 0.9000000000002046, "0.2": 0.9000000000002046, "0.4": 0.9000000000002046, "0.8": 0.9000000000002046}, "AP_amplitude": {"0.1": 91.42410871379784, "0.2": 91.96738142033135, "0.4": 112.18479953445359, "0.8": 112.48516749861523}, "voltage_base": {"0.1": -72.50152158400155, "0.2": -72.50152158400155, "0.4": -72.50152158400155, "0.8": -72.50152158400155}}}, "NetPyNE": {"L4_MC_cACint209_2": {"mean_frequency": {"0.1": 23.008052818502115, "0.2": 35.71428571430995, "0.4": 64.4316923387128, "0.8": 130.50898504175112}, "ISI_CV": {"0.1": 0.268490745571805, "0.2": 0.2318882595664501, "0.4": 0.18760304515876663, "0.8": 0.0995686863921085}, "time_to_first_spike": {"0.1": 6.000000000091973, "0.2": 2.900000000091268, "0.4": 1.6000000000909722, "0.8": 0.900000000090813}, "time_to_second_spike": {"0.1": 18.900000000094906, "0.2": 12.10000000009336, "0.4": 8.600000000092564, "0.8": 6.500000000092086}, "AP_height": {"0.1": 35.8071543262499, "0.2": 34.90365774325432, "0.4": 37.471072503466395, "0.8": 39.145171293322484}, "AP_width": {"0.1": 0.8000000000001819, "0.2": 0.9000000000002046, "0.4": 0.9000000000002046, "0.8": 1.0000000000002274}, "AP_amplitude": {"0.1": 91.28802752476585, "0.2": 89.72725756106269, "0.4": 109.97339487171527, "0.8": 111.64749329432345}, "voltage_base": {"0.1": -72.50152002697881, "0.2": -72.50152002697881, "0.4": -72.50152002697881, "0.8": -72.50152002697881}}}}