{"BBP": {"L1_NGC-DA_cACint209_5": {"mean_frequency": {"0.1": 24.483550114783178, "0.2": 41.24748490948473, "0.4": 76.81879801180092, "0.8": 200.80321285062925}, "ISI_CV": {"0.1": 0.24763792306900753, "0.2": 0.20961487902707837, "0.4": 0.14905579150413192, "0.8": 0.0630877470230703}, "time_to_first_spike": {"0.1": 10.700000000093041, "0.2": 5.600000000091882, "0.4": 3.200000000091336, "0.8": 1.9000000000910404}, "time_to_second_spike": {"0.1": 26.30000000009659, "0.2": 16.600000000094383, "0.4": 11.4000000000932, "0.8": 8.200000000092473}, "AP_height": {"0.1": 18.84633495064085, "0.2": 23.289037543622552, "0.4": 28.161805895391968, "0.8": 29.798933927732318}, "AP_width": {"0.1": 0.9000000000002046, "0.2": 0.9000000000002046, "0.4": 0.9000000000002046, "0.8": 0.9000000000002046}, "AP_amplitude": {"0.1": 74.60596549493131, "0.2": 78.86692705077077, "0.4": 83.0884556877935, "0.8": 101.79412742872547}, "voltage_base": {"0.1": -71.99455874905338, "0.2": -71.99455874905338, "0.4": -71.99455874905338, "0.8": -71.99455874905338}}}, "NetPyNE": {"L1_NGC-DA_cACint209_5": {"mean_frequency": {"0.1": 24.576314576843163, "0.2": 41.41832508336982, "0.4": 77.23169508530823, "0.8": 199.99999999922966}, "ISI_CV": {"0.1": 0.2450789289445422, "0.2": 0.20908547135815417, "0.4": 0.1466125875500923, "0.8": 0.07479039519039998}, "time_to_first_spike": {"0.1": 10.800000000093064, "0.2": 5.700000000091904, "0.4": 3.3000000000913587, "0.8": 1.9000000000910404}, "time_to_second_spike": {"0.1": 26.40000000009661, "0.2": 16.80000000009443, "0.4": 11.500000000093223, "0.8": 8.300000000092496}, "AP_height": {"0.1": 19.229617205403418, "0.2": 24.448500882098312, "0.4": 25.90015899388102, "0.8": 31.32741534203839}, "AP_width": {"0.1": 0.9000000000002046, "0.2": 0.9000000000002046, "0.4": 1.0000000000002274, "0.8": 1.0000000000002274}, "AP_amplitude": {"0.1": 74.41186265789132, "0.2": 80.44442273434912, "0.4": 80.96205267820883, "0.8": 103.32260788712274}, "voltage_base": {"0.1": -71.99455778616891, "0.2": -71.99455778616891, "0.4": -71.99455778616891, "0.8": -71.99455778616891}}}}