{"BBP": {"L23_BTC_cACint209_5": {"mean_frequency": {"0.1": 27.55649080617134, "0.2": 44.43771145789004, "0.4": 81.51630326070756, "0.8": 158.74605638750836}, "ISI_CV": {"0.1": 0.24614905699416204, "0.2": 0.20904237580829005, "0.4": 0.15356487309252662, "0.8": 0.08538127600845138}, "time_to_first_spike": {"0.1": 8.900000000092632, "0.2": 4.100000000091541, "0.4": 2.100000000091086, "0.8": 1.2000000000908813}, "time_to_second_spike": {"0.1": 22.800000000095793, "0.2": 13.700000000093723, "0.4": 9.400000000092746, "0.8": 7.0000000000922}, "AP_height": {"0.1": 29.999753306841043, "0.2": 29.93831468140129, "0.4": 33.63468410691087, "0.8": 36.33039981051289}, "AP_width": {"0.1": 0.8000000000001819, "0.2": 0.8000000000001819, "0.4": 0.9000000000002046, "0.8": 0.9000000000002046}, "AP_amplitude": {"0.1": 86.02585529867399, "0.2": 85.98863320844795, "0.4": 104.30648764817028, "0.8": 107.00220334970128}, "voltage_base": {"0.1": -70.67118531676594, "0.2": -70.67118531676594, "0.4": -70.67118531676594, "0.8": -70.67118531676594}}}, "NetPyNE": {"L23_BTC_cACint209_5": {"mean_frequency": {"0.1": 27.567898713516676, "0.2": 44.38392091595283, "0.4": 81.56525220181686, "0.8": 158.52377856689282}, "ISI_CV": {"0.1": 0.24854539370017967, "0.2": 0.2089767993762773, "0.4": 0.15224034088813615, "0.8": 0.08264644863357624}, "time_to_first_spike": {"0.1": 9.000000000092655, "0.2": 4.100000000091541, "0.4": 2.100000000091086, "0.8": 1.2000000000908813}, "time_to_second_spike": {"0.1": 23.000000000095838, "0.2": 13.900000000093769, "0.4": 9.600000000092791, "0.8": 7.100000000092223}, "AP_height": {"0.1": 29.92121830994437, "0.2": 29.826488286429264, "0.4": 32.54153583649874, "0.8": 35.13790784199132}, "AP_width": {"0.1": 0.8000000000001819, "0.2": 0.9000000000002046, "0.4": 0.9000000000002046, "0.8": 1.0000000000002274}, "AP_amplitude": {"0.1": 85.11994699711558, "0.2": 84.68819641467186, "0.4": 103.21333861040915, "0.8": 105.80971062678402}, "voltage_base": {"0.1": -70.6711845633305, "0.2": -70.6711845633305, "0.4": -70.6711845633305, "0.8": -70.6711845633305}}}}