{"BBP": {"L23_SBC_bNAC219_5": {"mean_frequency": {"0.1": 57.78894472365732, "0.2": 100.66609906352312, "0.4": 144.2163244868281, "0.8": 193.00180469233086}, "ISI_CV": {"0.1": 0.08126206739228024, "0.2": 0.05488534853166836, "0.4": 0.023387889796917236, "0.8": 0.01280450115168752}, "time_to_first_spike": {"0.1": 3.900000000091495, "0.2": 2.100000000091086, "0.4": 1.1000000000908585, "0.8": 0.7000000000907676}, "time_to_second_spike": {"0.1": 14.70000000009395, "0.2": 10.100000000092905, "0.4": 7.500000000092314, "0.8": 5.800000000091927}, "AP_height": {"0.1": 23.929042485607877, "0.2": 23.483445424286906, "0.4": 26.39232967874009, "0.8": 30.669909977943345}, "AP_width": {"0.1": 0.6000000000001364, "0.2": 0.6000000000001364, "0.4": 0.6000000000001364, "0.8": 0.7000000000001592}, "AP_amplitude": {"0.1": 79.55241526164684, "0.2": 93.65433477928872, "0.4": 98.42519286515574, "0.8": 102.70277316098485}, "voltage_base": {"0.1": -72.03271339919243, "0.2": -72.03271339919243, "0.4": -72.03271339919243, "0.8": -72.03271339919243}}}, "NetPyNE": {"L23_SBC_bNAC219_5": {"mean_frequency": {"0.1": 57.52300920372059, "0.2": 100.07004903439207, "0.4": 143.02145321807996, "0.8": 190.92959158118714}, "ISI_CV": {"0.1": 0.08014356018437907, "0.2": 0.054311350888800236, "0.4": 0.023225088130196896, "0.8": 0.012651811945379622}, "time_to_first_spike": {"0.1": 4.000000000091518, "0.2": 2.100000000091086, "0.4": 1.2000000000908813, "0.8": 0.7000000000907676}, "time_to_second_spike": {"0.1": 14.800000000093974, "0.2": 10.200000000092928, "0.4": 7.6000000000923364, "0.8": 5.90000000009195}, "AP_height": {"0.1": 27.57747647412786, "0.2": 29.60569778163042, "0.4": 30.268567594580436, "0.8": 32.45988365962607}, "AP_width": {"0.1": 0.6000000000001364, "0.2": 0.6000000000001364, "0.4": 0.7000000000001592, "0.8": 0.7000000000001592}, "AP_amplitude": {"0.1": 82.1876285738613, "0.2": 99.8232629373071, "0.4": 102.30143053564554, "0.8": 104.4927466031699}, "voltage_base": {"0.1": -72.03271315855639, "0.2": -72.03271315855639, "0.4": -72.03271315855639, "0.8": -72.03271315855639}}}}