{"BBP": {"L23_MC_cACint209_1": {"mean_frequency": {"0.1": 23.576624028107315, "0.2": 35.91481612628261, "0.4": 63.48886425480473, "0.8": 125.60048038439284}, "ISI_CV": {"0.1": 0.2615228527107526, "0.2": 0.22926543315561493, "0.4": 0.17706677095072867, "0.8": 0.09473545532007632}, "time_to_first_spike": {"0.1": 9.000000000092655, "0.2": 4.300000000091586, "0.4": 2.2000000000911086, "0.8": 1.2000000000908813}, "time_to_second_spike": {"0.1": 24.600000000096202, "0.2": 14.600000000093928, "0.4": 9.800000000092837, "0.8": 7.100000000092223}, "AP_height": {"0.1": 28.851122804625533, "0.2": 32.46732912832464, "0.4": 31.967947221376466, "0.8": 36.4617628441739}, "AP_width": {"0.1": 0.8000000000001819, "0.2": 0.9000000000002046, "0.4": 0.9000000000002046, "0.8": 0.9000000000002046}, "AP_amplitude": {"0.1": 83.92418575639074, "0.2": 88.02616359403007, "0.4": 103.71424471691542, "0.8": 108.20806033766902}, "voltage_base": {"0.1": -71.74552224476942, "0.2": -71.74552224476942, "0.4": -71.74552224476942, "0.8": -71.74552224476942}}}, "NetPyNE": {"L23_MC_cACint209_1": {"mean_frequency": {"0.1": 23.5329461245904, "0.2": 35.873080032360605, "0.4": 63.46967559947888, "0.8": 125.30700215536558}, "ISI_CV": {"0.1": 0.2615935093259092, "0.2": 0.22927695188216243, "0.4": 0.1762349189254361, "0.8": 0.0930159979128351}, "time_to_first_spike": {"0.1": 9.100000000092678, "0.2": 4.400000000091609, "0.4": 2.2000000000911086, "0.8": 1.2000000000908813}, "time_to_second_spike": {"0.1": 24.800000000096247, "0.2": 14.800000000093974, "0.4": 9.90000000009286, "0.8": 7.2000000000922455}, "AP_height": {"0.1": 28.133263820972775, "0.2": 30.532225546024414, "0.4": 35.09008731580841, "0.8": 34.97907014097252}, "AP_width": {"0.1": 0.9000000000002046, "0.2": 0.9000000000002046, "0.4": 0.9000000000002046, "0.8": 1.0000000000002274}, "AP_amplitude": {"0.1": 82.35662031292208, "0.2": 85.17889049399932, "0.4": 106.83638366760033, "0.8": 106.72536663072808}, "voltage_base": {"0.1": -71.7455212409716, "0.2": -71.7455212409716, "0.4": -71.7455212409716, "0.8": -71.7455212409716}}}}