{"BBP": {"L4_BP_cACint209_4": {"mean_frequency": {"0.1": 30.143180105521598, "0.2": 56.053250588096766, "0.4": 139.48121017519887, "0.8": 198.95760248585236}, "ISI_CV": {"0.1": 0.2533008356881327, "0.2": 0.6837732964945616, "0.4": 0.11842695813504345, "0.8": 0.04754865321033032}, "time_to_first_spike": {"0.1": 1.6000000000909722, "0.2": 1.0000000000908358, "0.4": 0.6000000000907448, "0.8": 0.40000000009069936}, "time_to_second_spike": {"0.1": 9.600000000092791, "0.2": 7.500000000092314, "0.4": 5.700000000091904, "0.8": 4.400000000091609}, "AP_height": {"0.1": 42.35756466344143, "0.2": 43.31006746739815, "0.4": 41.49949090710837, "0.8": 45.37172284555876}, "AP_width": {"0.1": 0.9000000000002046, "0.2": 0.9000000000002046, "0.4": 0.9000000000002046, "0.8": 1.0000000000002274}, "AP_amplitude": {"0.1": 112.93230330767256, "0.2": 113.88480610966943, "0.4": 112.07422954546003, "0.8": 115.94646147607142}, "voltage_base": {"0.1": -70.57406323618974, "0.2": -70.57406323618974, "0.4": -70.57406323618974, "0.8": -70.57406323618974}}}, "NetPyNE": {"L4_BP_cACint209_4": {"mean_frequency": {"0.1": 30.025521693459837, "0.2": 55.55277513641733, "0.4": 138.5069253463615, "0.8": 196.36327205343207}, "ISI_CV": {"0.1": 0.2535998327010982, "0.2": 0.6811984055508519, "0.4": 0.11783561141177096, "0.8": 0.04785873132846475}, "time_to_first_spike": {"0.1": 1.700000000090995, "0.2": 1.0000000000908358, "0.4": 0.7000000000907676, "0.8": 0.40000000009069936}, "time_to_second_spike": {"0.1": 9.700000000092814, "0.2": 7.500000000092314, "0.4": 5.800000000091927, "0.8": 4.500000000091632}, "AP_height": {"0.1": 37.09207802182078, "0.2": 38.85473643873219, "0.4": 41.26201731684676, "0.8": 43.73280228771618}, "AP_width": {"0.1": 0.8000000000001819, "0.2": 0.8000000000001819, "0.4": 0.9000000000002046, "0.8": 1.0000000000002274}, "AP_amplitude": {"0.1": 107.66681571554693, "0.2": 109.42947406953397, "0.4": 111.83675503822579, "0.8": 114.30754010684782}, "voltage_base": {"0.1": -70.57406242347069, "0.2": -70.57406242347069, "0.4": -70.57406242347069, "0.8": -70.57406242347069}}}}