{"BBP": {"L4_NGC_cSTUT189_3": {"mean_frequency": {"0.1": 0, "0.2": 5.3705692803472775, "0.4": 71.42138617850135, "0.8": 139.54884209482805}, "ISI_CV": {"0.1": 0, "0.2": 0.4100455640062026, "0.4": 0.03698185510750412, "0.8": 0.09307488577819172}, "time_to_first_spike": {"0.1": 0, "0.2": 18.600000000094838, "0.4": 5.100000000091768, "0.8": 2.500000000091177}, "time_to_second_spike": {"0.1": 0, "0.2": 249.00000000014722, "0.4": 18.400000000094792, "0.8": 10.100000000092905}, "AP_height": {"0.1": 0, "0.2": 2.532629919828202, "0.4": 13.147051632521721, "0.8": 15.92036509211652}, "AP_width": {"0.1": 0, "0.2": 0.8000000000001819, "0.4": 0.7000000000001592, "0.8": 0.9000000000002046}, "AP_amplitude": {"0.1": 0, "0.2": 58.20833823486516, "0.4": 69.34761139592474, "0.8": 91.95731380017827}, "voltage_base": {"0.1": -75.98470905129652, "0.2": -75.98470905129652, "0.4": -75.98470905129652, "0.8": -75.98470905129652}}}, "NetPyNE": {"L4_NGC_cSTUT189_3": {"mean_frequency": {"0.1": 0, "0.2": 56.818181817876386, "0.4": 71.51072660903998, "0.8": 141.6629123492979}, "ISI_CV": {"0.1": 0, "0.2": 0, "0.4": 0.024410617748490668, "0.8": 0.1040581541569187}, "time_to_first_spike": {"0.1": 0, "0.2": 17.60000000009461, "0.4": 5.3000000000918135, "0.8": 2.6000000000911996}, "time_to_second_spike": {"0.1": 0, "0.2": 0, "0.4": 18.400000000094792, "0.8": 10.30000000009295}, "AP_height": {"0.1": 0, "0.2": 2.088142792592397, "0.4": 12.861332886212947, "0.8": 15.754955010624888}, "AP_width": {"0.1": 0, "0.2": 0.7000000000001592, "0.4": 0.8000000000001819, "0.8": 0.9000000000002046}, "AP_amplitude": {"0.1": 0, "0.2": 56.428356149766145, "0.4": 68.73960264280697, "0.8": 91.99715449902102}, "voltage_base": {"0.1": -76.24174796106267, "0.2": -76.24174796106267, "0.4": -76.24174796106267, "0.8": -76.24174796106267}}}}