{"BBP": {"L5_TTPC2_cADpyr232_1": {"mean_frequency": {"0.1": 0, "0.2": 0, "0.4": 7.529310530283574, "0.8": 12.867363219937635}, "ISI_CV": {"0.1": 0, "0.2": 0, "0.4": 0.04667319618588306, "0.8": 0.12054951317117735}, "time_to_first_spike": {"0.1": 0, "0.2": 0, "0.4": 27.000000000096747, "0.8": 9.700000000092814}, "time_to_second_spike": {"0.1": 0, "0.2": 0, "0.4": 75.50000000010778, "0.8": 30.200000000097475}, "AP_height": {"0.1": 0, "0.2": 0, "0.4": 29.77944714515663, "0.8": 32.44011282744272}, "AP_width": {"0.1": 0, "0.2": 0, "0.4": 0.9000000000002046, "0.8": 0.9000000000002046}, "AP_amplitude": {"0.1": 0, "0.2": 0, "0.4": 82.9194490896679, "0.8": 85.14897743663445}, "voltage_base": {"0.1": -70.14103877697801, "0.2": -70.14103877697801, "0.4": -70.14103877697801, "0.8": -70.14103877697801}}}, "NetPyNE": {"L5_TTPC2_cADpyr232_1": {"mean_frequency": {"0.1": 0, "0.2": 0, "0.4": 7.4555330706195075, "0.8": 12.748597654266643}, "ISI_CV": {"0.1": 0, "0.2": 0, "0.4": 0.044144213660711425, "0.8": 0.11943051376110565}, "time_to_first_spike": {"0.1": 0, "0.2": 0, "0.4": 27.200000000096793, "0.8": 9.800000000092837}, "time_to_second_spike": {"0.1": 0, "0.2": 0, "0.4": 76.40000000010798, "0.8": 30.600000000097566}, "AP_height": {"0.1": 0, "0.2": 0, "0.4": 30.275966975325524, "0.8": 32.619466228371344}, "AP_width": {"0.1": 0, "0.2": 0, "0.4": 0.8000000000001819, "0.8": 0.9000000000002046}, "AP_amplitude": {"0.1": 0, "0.2": 0, "0.4": 83.2110929261003, "0.8": 85.89501615403826}, "voltage_base": {"0.1": -70.14103809927659, "0.2": -70.14103809927659, "0.4": -70.14103809927659, "0.8": -70.14103809927659}}}}