{"BBP": {"L6_SBC_cACint209_2": {"mean_frequency": {"0.1": 36.21730382296221, "0.2": 62.80775801431257, "0.4": 115.017579106055, "0.8": 299.29577464734183}, "ISI_CV": {"0.1": 0.22885233520582327, "0.2": 0.17797354780490732, "0.4": 0.12040986597358622, "0.8": 0.17774572076271578}, "time_to_first_spike": {"0.1": 7.800000000092382, "0.2": 3.4000000000913815, "0.4": 1.8000000000910177, "0.8": 1.0000000000908358}, "time_to_second_spike": {"0.1": 19.500000000095042, "0.2": 12.10000000009336, "0.4": 8.400000000092518, "0.8": 6.300000000092041}, "AP_height": {"0.1": 27.508836348823827, "0.2": 29.751069965420957, "0.4": 34.738077585409606, "0.8": 36.03090729758859}, "AP_width": {"0.1": 0.8000000000001819, "0.2": 0.9000000000002046, "0.4": 0.9000000000002046, "0.8": 1.0000000000002274}, "AP_amplitude": {"0.1": 83.68955927678783, "0.2": 86.07228841398751, "0.4": 104.09554769396078, "0.8": 105.38837740374103}, "voltage_base": {"0.1": -69.35693173904839, "0.2": -69.35693173904839, "0.4": -69.35693173904839, "0.8": -69.35693173904839}}}, "NetPyNE": {"L6_SBC_cACint209_2": {"mean_frequency": {"0.1": 36.13732182295167, "0.2": 62.83617352841947, "0.4": 115.22468814195497, "0.8": 291.26213592175145}, "ISI_CV": {"0.1": 0.2290794814009847, "0.2": 0.17748370242619482, "0.4": 0.11788808019861696, "0.8": 0.17666613962197283}, "time_to_first_spike": {"0.1": 7.900000000092405, "0.2": 3.500000000091404, "0.4": 1.9000000000910404, "0.8": 1.1000000000908585}, "time_to_second_spike": {"0.1": 19.700000000095088, "0.2": 12.300000000093405, "0.4": 8.600000000092564, "0.8": 6.400000000092064}, "AP_height": {"0.1": 28.668465018410455, "0.2": 30.26641891959163, "0.4": 32.19568874376742, "0.8": 35.72984278119692}, "AP_width": {"0.1": 0.8000000000001819, "0.2": 0.9000000000002046, "0.4": 0.9000000000002046, "0.8": 0.9000000000002046}, "AP_amplitude": {"0.1": 84.38159936823348, "0.2": 85.82514103577441, "0.4": 101.55315818123825, "0.8": 105.0873120295927}, "voltage_base": {"0.1": -69.3569308787492, "0.2": -69.3569308787492, "0.4": -69.3569308787492, "0.8": -69.3569308787492}}}}