{"BBP": {"L5_NGC_cSTUT189_4": {"mean_frequency": {"0.1": 2.5144581342714503, "0.2": 59.67604433081633, "0.4": 97.39933728292587, "0.8": 153.81460213289097}, "ISI_CV": {"0.1": 0, "0.2": 0.06672078141425221, "0.4": 0.02080908900256688, "0.8": 0.09002737724426099}, "time_to_first_spike": {"0.1": 397.70000000009713, "0.2": 5.600000000091882, "0.4": 3.0000000000912905, "0.8": 1.700000000090995}, "time_to_second_spike": {"0.1": 0, "0.2": 20.300000000095224, "0.4": 12.300000000093405, "0.8": 8.10000000009245}, "AP_height": {"0.1": 5.216766350273712, "0.2": 13.513648781331893, "0.4": 15.609612514350239, "0.8": 21.001825744273667}, "AP_width": {"0.1": 0.6999999999993634, "0.2": 0.8000000000001819, "0.4": 0.8000000000001819, "0.8": 0.8000000000001819}, "AP_amplitude": {"0.1": 58.85262108491483, "0.2": 68.67149514170157, "0.4": 91.60403054389681, "0.8": 96.95666375016683}, "voltage_base": {"0.1": -75.94336060179312, "0.2": -75.94336060179312, "0.4": -75.94336060179312, "0.8": -75.94336060179312}}}, "NetPyNE": {"L5_NGC_cSTUT189_4": {"mean_frequency": {"0.1": 0, "0.2": 58.66720152438424, "0.4": 95.81138700784035, "0.8": 151.74798309643145}, "ISI_CV": {"0.1": 0, "0.2": 0.012692727733058925, "0.4": 0.01825812671401327, "0.8": 0.09075928502210162}, "time_to_first_spike": {"0.1": 0, "0.2": 6.000000000091973, "0.4": 3.1000000000913133, "0.8": 1.700000000090995}, "time_to_second_spike": {"0.1": 0, "0.2": 21.500000000095497, "0.4": 12.50000000009345, "0.8": 8.300000000092496}, "AP_height": {"0.1": 0, "0.2": 13.99717430681633, "0.4": 17.87377224887624, "0.8": 20.000789958791994}, "AP_width": {"0.1": 0, "0.2": 0.7000000000001592, "0.4": 0.8000000000001819, "0.8": 0.8000000000001819}, "AP_amplitude": {"0.1": 0, "0.2": 68.88991155383187, "0.4": 72.94451527648182, "0.8": 95.93780082418579}, "voltage_base": {"0.1": -75.93632148282539, "0.2": -75.93632148282539, "0.4": -75.93632148282539, "0.8": -75.93632148282539}}}}