{"BBP": {"L1_NGC-DA_cSTUT189_4": {"mean_frequency": {"0.1": 36.08299087904627, "0.2": 62.93107788354469, "0.4": 92.58332499255619, "0.8": 137.1234110700562}, "ISI_CV": {"0.1": 0.2106546803643884, "0.2": 0.09144025023215806, "0.4": 0.06453379245364728, "0.8": 0.02104809641996761}, "time_to_first_spike": {"0.1": 5.500000000091859, "0.2": 2.800000000091245, "0.4": 1.8000000000910177, "0.8": 1.1000000000908585}, "time_to_second_spike": {"0.1": 27.200000000096793, "0.2": 14.800000000093974, "0.4": 9.90000000009286, "0.8": 7.2000000000922455}, "AP_height": {"0.1": 25.625474108965324, "0.2": 27.66323846211566, "0.4": 25.78049380405225, "0.8": 31.921198787187546}, "AP_width": {"0.1": 0.7000000000001592, "0.2": 0.7000000000001592, "0.4": 0.7000000000001592, "0.8": 0.7000000000001592}, "AP_amplitude": {"0.1": 82.2177146985411, "0.2": 83.1652163592034, "0.4": 99.8132289093212, "0.8": 105.7764353460847}, "voltage_base": {"0.1": -73.8214251504897, "0.2": -73.8214251504897, "0.4": -73.8214251504897, "0.8": -73.8214251504897}}}, "NetPyNE": {"L1_NGC-DA_cSTUT189_4": {"mean_frequency": {"0.1": 37.02013286680329, "0.2": 62.60329543751438, "0.4": 92.21670926683959, "0.8": 136.33401834503775}, "ISI_CV": {"0.1": 0.11590165242540112, "0.2": 0.08264668927009879, "0.4": 0.061249886568969326, "0.8": 0.019693297533314932}, "time_to_first_spike": {"0.1": 5.600000000091882, "0.2": 3.0000000000912905, "0.4": 1.8000000000910177, "0.8": 1.1000000000908585}, "time_to_second_spike": {"0.1": 26.40000000009661, "0.2": 14.900000000093996, "0.4": 10.000000000092882, "0.8": 7.300000000092268}, "AP_height": {"0.1": 24.967884391199593, "0.2": 24.941284714494678, "0.4": 28.290023125412244, "0.8": 31.468819269061864}, "AP_width": {"0.1": 0.7000000000001592, "0.2": 0.7000000000001592, "0.4": 0.7000000000001592, "0.8": 0.8000000000001819}, "AP_amplitude": {"0.1": 81.03646265496876, "0.2": 79.71024310659314, "0.4": 101.9767241647069, "0.8": 105.15552043299908}, "voltage_base": {"0.1": -73.68501004060367, "0.2": -73.68501004060367, "0.4": -73.68501004060367, "0.8": -73.68501004060367}}}}