{"BBP": {"L4_BTC_cACint209_2": {"mean_frequency": {"0.1": 34.5224395857542, "0.2": 74.79544199593454, "0.4": 121.64597517028695, "0.8": 171.45435403831772}, "ISI_CV": {"0.1": 0.21987721379796635, "0.2": 0.1457630715374999, "0.4": 0.12467663937844495, "0.8": 0.042082863878563796}, "time_to_first_spike": {"0.1": 3.900000000091495, "0.2": 2.100000000091086, "0.4": 1.300000000090904, "0.8": 0.8000000000907903}, "time_to_second_spike": {"0.1": 14.100000000093814, "0.2": 10.000000000092882, "0.4": 7.500000000092314, "0.8": 5.500000000091859}, "AP_height": {"0.1": 32.69101953808759, "0.2": 36.068261664333185, "0.4": 36.4913175967139, "0.8": 37.0378439491974}, "AP_width": {"0.1": 0.8000000000001819, "0.2": 0.9000000000002046, "0.4": 0.9000000000002046, "0.8": 0.9000000000002046}, "AP_amplitude": {"0.1": 89.1401591626726, "0.2": 106.43865257850123, "0.4": 106.86170850904067, "0.8": 0}, "voltage_base": {"0.1": -70.36981169058384, "0.2": -70.36981169058384, "0.4": -70.36981169058384, "0.8": -70.36981169058384}}}, "NetPyNE": {"L4_BTC_cACint209_2": {"mean_frequency": {"0.1": 34.49325352543676, "0.2": 74.51117667655214, "0.4": 121.09081811366752, "0.8": 169.91629492267575}, "ISI_CV": {"0.1": 0.22123531656841317, "0.2": 0.14501936472089402, "0.4": 0.12324474067930961, "0.8": 0.05093070163698472}, "time_to_first_spike": {"0.1": 3.900000000091495, "0.2": 2.2000000000911086, "0.4": 1.300000000090904, "0.8": 0.8000000000907903}, "time_to_second_spike": {"0.1": 14.200000000093837, "0.2": 10.100000000092905, "0.4": 7.500000000092314, "0.8": 5.600000000091882}, "AP_height": {"0.1": 32.33725103999721, "0.2": 36.54199589694222, "0.4": 39.292358840558094, "0.8": 40.04862633350848}, "AP_width": {"0.1": 0.8000000000001819, "0.2": 0.8000000000001819, "0.4": 0.9000000000002046, "0.8": 0.9000000000002046}, "AP_amplitude": {"0.1": 89.24994810021889, "0.2": 104.92314489462828, "0.4": 109.66274530764484, "0.8": 0}, "voltage_base": {"0.1": -70.36977613577545, "0.2": -70.36977613577545, "0.4": -70.36977613577545, "0.8": -70.36977613577545}}}}