{"BBP": {"L6_DBC_cNAC187_5": {"mean_frequency": {"0.1": 47.41248865129816, "0.2": 82.25086513872883, "0.4": 137.01311411235233, "0.8": 238.09523809389984}, "ISI_CV": {"0.1": 0.023725996262931405, "0.2": 0.044247738024776884, "0.4": 0.14062739091934398, "0.8": 0.07142492739258056}, "time_to_first_spike": {"0.1": 10.400000000092973, "0.2": 4.400000000091609, "0.4": 2.2000000000911086, "0.8": 1.2000000000908813}, "time_to_second_spike": {"0.1": 29.70000000009736, "0.2": 14.800000000093974, "0.4": 9.700000000092814, "0.8": 6.900000000092177}, "AP_height": {"0.1": 10.98138424986008, "0.2": 15.459269125837162, "0.4": 17.6152638779827, "0.8": 21.12786902139244}, "AP_width": {"0.1": 0.7000000000001592, "0.2": 0.7000000000001592, "0.4": 0.7000000000001592, "0.8": 0.8000000000001819}, "AP_amplitude": {"0.1": 66.066093167341, "0.2": 70.77351081516822, "0.4": 84.57099199198738, "0.8": 88.0835971333649}, "voltage_base": {"0.1": -66.95369906974867, "0.2": -66.95369906974867, "0.4": -66.95369906974867, "0.8": -66.95369906974867}}}, "NetPyNE": {"L6_DBC_cNAC187_5": {"mean_frequency": {"0.1": 47.41966402666788, "0.2": 82.53714171382732, "0.4": 136.30168105404823, "0.8": 235.29411764575121}, "ISI_CV": {"0.1": 0.025147029391732127, "0.2": 0.046725728405021115, "0.4": 0.13503673271361233, "0.8": 0.08485281374238571}, "time_to_first_spike": {"0.1": 10.500000000092996, "0.2": 4.500000000091632, "0.4": 2.3000000000911314, "0.8": 1.300000000090904}, "time_to_second_spike": {"0.1": 29.900000000097407, "0.2": 15.000000000094019, "0.4": 9.90000000009286, "0.8": 7.0000000000922}, "AP_height": {"0.1": 11.063792218690114, "0.2": 14.53717120972156, "0.4": 16.30265680212362, "0.8": 21.79026832680974}, "AP_width": {"0.1": 0.7000000000001592, "0.2": 0.7000000000001592, "0.4": 0.7000000000001592, "0.8": 0.7000000000001592}, "AP_amplitude": {"0.1": 66.14732444946483, "0.2": 70.57237377856343, "0.4": 83.25838193368476, "0.8": 88.74599352432195}, "voltage_base": {"0.1": -66.95369615305995, "0.2": -66.95369615305995, "0.4": -66.95369615305995, "0.8": -66.95369615305995}}}}