{"BBP": {"L6_BP_bIR215_2": {"mean_frequency": {"0.1": 12.008562627272703, "0.2": 16.966580976875182, "0.4": 23.093528791621686, "0.8": 33.512744998499365}, "ISI_CV": {"0.1": 0.31275533758521845, "0.2": 0.3290692725197028, "0.4": 0.33436265305255986, "0.8": 0.32073584150057216}, "time_to_first_spike": {"0.1": 7.700000000092359, "0.2": 3.0000000000912905, "0.4": 1.300000000090904, "0.8": 0.8000000000907903}, "time_to_second_spike": {"0.1": 33.30000000009818, "0.2": 18.30000000009477, "0.4": 10.600000000093019, "0.8": 7.100000000092223}, "AP_height": {"0.1": 22.95760009281507, "0.2": 26.292248433318058, "0.4": 24.157140505910792, "0.8": 27.807848839096884}, "AP_width": {"0.1": 0.6000000000001364, "0.2": 0.6000000000001364, "0.4": 0.6000000000001364, "0.8": 0.6000000000001364}, "AP_amplitude": {"0.1": 79.06335461634015, "0.2": 97.27177997341155, "0.4": 94.9480644132432, "0.8": 98.77517048416303}, "voltage_base": {"0.1": -71.02132877742856, "0.2": -71.02132877742856, "0.4": -71.02132877742856, "0.8": -71.02132877742856}}}, "NetPyNE": {"L6_BP_bIR215_2": {"mean_frequency": {"0.1": 6.1324611610834525, "0.2": 14.595601187789862, "0.4": 21.334958854022357, "0.8": 31.257877489307813}, "ISI_CV": {"0.1": 0.2328652684683469, "0.2": 0.29725222919948685, "0.4": 0.3060003276089597, "0.8": 0.29475181013920665}, "time_to_first_spike": {"0.1": 13.700000000093723, "0.2": 4.400000000091609, "0.4": 1.8000000000910177, "0.8": 0.900000000090813}, "time_to_second_spike": {"0.1": 55.70000000010327, "0.2": 22.200000000095656, "0.4": 12.300000000093405, "0.8": 7.900000000092405}, "AP_height": {"0.1": 18.08225717849693, "0.2": 25.644680943672178, "0.4": 27.76294189750241, "0.8": 32.077776946145924}, "AP_width": {"0.1": 0.5000000000001137, "0.2": 0.6000000000001364, "0.4": 0.6000000000001364, "0.8": 0.6000000000001364}, "AP_amplitude": {"0.1": 73.82870920300371, "0.2": 100.359467306221, "0.4": 102.47772816399824, "0.8": 106.79256333922521}, "voltage_base": {"0.1": -74.7138947185352, "0.2": -74.7138947185352, "0.4": -74.7138947185352, "0.8": -74.7138947185352}}}}