{"BBP": {"L5_MC_cSTUT189_3": {"mean_frequency": {"0.1": 0, "0.2": 40.791660371685026, "0.4": 83.23305254718852, "0.8": 133.28656611724244}, "ISI_CV": {"0.1": 0, "0.2": 0.1328460740228678, "0.4": 0.027782306298607496, "0.8": 0.03981416114585149}, "time_to_first_spike": {"0.1": 0, "0.2": 8.600000000092564, "0.4": 3.200000000091336, "0.8": 1.6000000000909722}, "time_to_second_spike": {"0.1": 0, "0.2": 30.900000000097634, "0.4": 13.500000000093678, "0.8": 8.600000000092564}, "AP_height": {"0.1": 0, "0.2": 17.34786113641022, "0.4": 23.893477825634573, "0.8": 27.965402749734032}, "AP_width": {"0.1": 0, "0.2": 0.6000000000001364, "0.4": 0.7000000000001592, "0.8": 0.8000000000001819}, "AP_amplitude": {"0.1": 0, "0.2": 73.98424697691749, "0.4": 99.68983159835682, "0.8": 103.91954801621208}, "voltage_base": {"0.1": -75.91474028206369, "0.2": -75.91474028206369, "0.4": -75.91474028206369, "0.8": -75.91474028206369}}}, "NetPyNE": {"L5_MC_cSTUT189_3": {"mean_frequency": {"0.1": 0, "0.2": 44.39287696113588, "0.4": 84.1093421448454, "0.8": 134.43691999005873}, "ISI_CV": {"0.1": 0, "0.2": 0.008961314167443783, "0.4": 0.01866997570933756, "0.8": 0.04184028845181276}, "time_to_first_spike": {"0.1": 0, "0.2": 7.900000000092405, "0.4": 3.200000000091336, "0.8": 1.6000000000909722}, "time_to_second_spike": {"0.1": 0, "0.2": 29.200000000097248, "0.4": 13.500000000093678, "0.8": 8.700000000092587}, "AP_height": {"0.1": 0, "0.2": 18.48039879038775, "0.4": 23.75920027351289, "0.8": 27.65408687851532}, "AP_width": {"0.1": 0, "0.2": 0.6000000000001364, "0.4": 0.7000000000001592, "0.8": 0.7000000000001592}, "AP_amplitude": {"0.1": 0, "0.2": 74.84458188004926, "0.4": 99.1719992514731, "0.8": 103.06688588631603}, "voltage_base": {"0.1": -75.41212590694985, "0.2": -75.41212590694985, "0.4": -75.41212590694985, "0.8": -75.41212590694985}}}}