{"BBP": {"L6_NBC_cACint209_1": {"mean_frequency": {"0.1": 21.017018659025858, "0.2": 31.984566177612134, "0.4": 59.472808830240425, "0.8": 124.63710081097672}, "ISI_CV": {"0.1": 0.25511976194319674, "0.2": 0.21778102204749406, "0.4": 0.14648969970986614, "0.8": 0.07182242998937459}, "time_to_first_spike": {"0.1": 13.400000000093655, "0.2": 6.400000000092064, "0.4": 3.3000000000913587, "0.8": 1.8000000000910177}, "time_to_second_spike": {"0.1": 32.000000000097884, "0.2": 18.400000000094792, "0.4": 12.000000000093337, "0.8": 8.700000000092587}, "AP_height": {"0.1": 24.165327403324696, "0.2": 29.191660449458944, "0.4": 29.884584404279266, "0.8": 34.668807328064524}, "AP_width": {"0.1": 0.9000000000002046, "0.2": 0.9000000000002046, "0.4": 0.8000000000001819, "0.8": 0.9000000000002046}, "AP_amplitude": {"0.1": 80.06391660225559, "0.2": 85.87593508318037, "0.4": 86.14023743228711, "0.8": 106.16035966802465}, "voltage_base": {"0.1": -71.49084528892038, "0.2": -71.49084528892038, "0.4": -71.49084528892038, "0.8": -71.49084528892038}}}, "NetPyNE": {"L6_NBC_cACint209_1": {"mean_frequency": {"0.1": 20.92050209206434, "0.2": 31.889046365682663, "0.4": 59.42189545779034, "0.8": 124.16140983286702}, "ISI_CV": {"0.1": 0.2549007953571462, "0.2": 0.21744788871024, "0.4": 0.14605457727890636, "0.8": 0.07058029656445629}, "time_to_first_spike": {"0.1": 13.500000000093678, "0.2": 6.500000000092086, "0.4": 3.3000000000913587, "0.8": 1.9000000000910404}, "time_to_second_spike": {"0.1": 32.10000000009791, "0.2": 18.500000000094815, "0.4": 12.200000000093382, "0.8": 8.80000000009261}, "AP_height": {"0.1": 24.110772349887966, "0.2": 29.399438250452842, "0.4": 30.985176014053895, "0.8": 31.76715298496337}, "AP_width": {"0.1": 0.8000000000001819, "0.2": 0.8000000000001819, "0.4": 0.9000000000002046, "0.8": 1.0000000000002274}, "AP_amplitude": {"0.1": 80.75287236339227, "0.2": 85.02690918059369, "0.4": 86.07299653831845, "0.8": 103.25870424436592}, "voltage_base": {"0.1": -71.49084420737191, "0.2": -71.49084420737191, "0.4": -71.49084420737191, "0.8": -71.49084420737191}}}}