{"BBP": {"L23_SBC_dNAC222_1": {"mean_frequency": {"0.1": 35.59254060559868, "0.2": 62.700642054617234, "0.4": 95.16654144759787, "0.8": 141.8404170008983}, "ISI_CV": {"0.1": 0.040974252332267015, "0.2": 0.0381390132850143, "0.4": 0.022189486722259174, "0.8": 0.024480272556591843}, "time_to_first_spike": {"0.1": 9.600000000092791, "0.2": 4.300000000091586, "0.4": 2.400000000091154, "0.8": 1.4000000000909267}, "time_to_second_spike": {"0.1": 34.900000000098544, "0.2": 17.60000000009461, "0.4": 11.100000000093132, "0.8": 7.700000000092359}, "AP_height": {"0.1": 17.630061729241735, "0.2": 21.670379703455477, "0.4": 21.083026519468717, "0.8": 25.41018692278604}, "AP_width": {"0.1": 0.6000000000001364, "0.2": 0.7000000000001592, "0.4": 0.8000000000001819, "0.8": 0.7000000000001592}, "AP_amplitude": {"0.1": 73.34244851604609, "0.2": 76.96262298300115, "0.4": 92.28759500259702, "0.8": 98.51879403212307}, "voltage_base": {"0.1": -73.10415303052451, "0.2": -73.10415303052451, "0.4": -73.10415303052451, "0.8": -73.10415303052451}}}, "NetPyNE": {"L23_SBC_dNAC222_1": {"mean_frequency": {"0.1": 35.41255628069379, "0.2": 62.37424547287935, "0.4": 94.64670238876683, "0.8": 141.04231269390405}, "ISI_CV": {"0.1": 0.03989709968774243, "0.2": 0.036924689889134894, "0.4": 0.020972138995358786, "0.8": 0.025465516461988878}, "time_to_first_spike": {"0.1": 9.700000000092814, "0.2": 4.400000000091609, "0.4": 2.400000000091154, "0.8": 1.4000000000909267}, "time_to_second_spike": {"0.1": 35.300000000098635, "0.2": 17.800000000094656, "0.4": 11.200000000093155, "0.8": 7.800000000092382}, "AP_height": {"0.1": 16.694191491798072, "0.2": 21.232184114360273, "0.4": 24.054008747973796, "0.8": 26.885906184367883}, "AP_width": {"0.1": 0.7000000000001592, "0.2": 0.7000000000001592, "0.4": 0.7000000000001592, "0.8": 0.8000000000001819}, "AP_amplitude": {"0.1": 72.19698881498982, "0.2": 76.86783705018, "0.4": 95.2947000479933, "0.8": 99.99450393826191}, "voltage_base": {"0.1": -73.10414364709106, "0.2": -73.10414364709106, "0.4": -73.10414364709106, "0.8": -73.10414364709106}}}}