{"BBP": {"L4_LBC_dNAC222_2": {"mean_frequency": {"0.1": 3.537139969684054, "0.2": 49.36281670279881, "0.4": 86.21553884717638, "0.8": 135.22989081447636}, "ISI_CV": {"0.1": 0.04186931957943957, "0.2": 0.01830305509002426, "0.4": 0.017267260006519524, "0.8": 0.03494037461217557}, "time_to_first_spike": {"0.1": 1542.2999999990561, "0.2": 7.900000000092405, "0.4": 3.0000000000912905, "0.8": 1.4000000000909267}, "time_to_second_spike": {"0.1": 1623.5999999989822, "0.2": 27.50000000009686, "0.4": 12.900000000093542, "0.8": 8.10000000009245}, "AP_height": {"0.1": 15.113316890607628, "0.2": 18.119478256343818, "0.4": 24.867067955214548, "0.8": 27.931810855421457}, "AP_width": {"0.1": 0.5999999999994543, "0.2": 0.7000000000001592, "0.4": 0.7000000000001592, "0.8": 0.8000000000001819}, "AP_amplitude": {"0.1": 70.69574143965511, "0.2": 74.02001251631447, "0.4": 98.37318496219264, "0.8": 101.43792786052617}, "voltage_base": {"0.1": -73.50187951810747, "0.2": -73.50187951810747, "0.4": -73.50187951810747, "0.8": -73.50187951810747}}}, "NetPyNE": {"L4_LBC_dNAC222_2": {"mean_frequency": {"0.1": 3.5339256865936717, "0.2": 49.115421239947175, "0.4": 85.8003010537462, "0.8": 134.54036210872408}, "ISI_CV": {"0.1": 0.04212974859421585, "0.2": 0.018882408838443, "0.4": 0.017890273873799167, "0.8": 0.036095656331543394}, "time_to_first_spike": {"0.1": 1542.8999999990556, "0.2": 8.10000000009245, "0.4": 3.1000000000913133, "0.8": 1.5000000000909495}, "time_to_second_spike": {"0.1": 1624.4999999989814, "0.2": 27.80000000009693, "0.4": 13.100000000093587, "0.8": 8.300000000092496}, "AP_height": {"0.1": 15.219098513869003, "0.2": 16.530187540819114, "0.4": 23.445019195709104, "0.8": 26.70857773331704}, "AP_width": {"0.1": 0.6999999999993634, "0.2": 0.7000000000001592, "0.4": 0.7000000000001592, "0.8": 0.7000000000001592}, "AP_amplitude": {"0.1": 69.3414145954464, "0.2": 71.72442191088965, "0.4": 96.95112815311172, "0.8": 100.2146867878309}, "voltage_base": {"0.1": -73.50187154093503, "0.2": -73.50187154093503, "0.4": -73.50187154093503, "0.8": -73.50187154093503}}}}