{"BBP": {"L23_BP_bAC217_1": {"mean_frequency": {"0.1": 10.724682089788152, "0.2": 15.215296444702695, "0.4": 21.16188844663097, "0.8": 30.18108651913517}, "ISI_CV": {"0.1": 0.26821946551930137, "0.2": 0.28299159588258044, "0.4": 0.2890759659942439, "0.8": 0.29396261084209163}, "time_to_first_spike": {"0.1": 3.900000000091495, "0.2": 2.100000000091086, "0.4": 1.2000000000908813, "0.8": 0.7000000000907676}, "time_to_second_spike": {"0.1": 23.50000000009595, "0.2": 15.40000000009411, "0.4": 10.30000000009295, "0.8": 7.500000000092314}, "AP_height": {"0.1": 26.289612403602057, "0.2": 29.831455101165993, "0.4": 33.39724039723735, "0.8": 36.18881508560841}, "AP_width": {"0.1": 0.6000000000001364, "0.2": 0.6000000000001364, "0.4": 0.6000000000001364, "0.8": 0.7000000000001592}, "AP_amplitude": {"0.1": 82.29173195969271, "0.2": 104.83762029963532, "0.4": 108.40340559341337, "0.8": 111.19498027719803}, "voltage_base": {"0.1": -75.00268337755543, "0.2": -75.00268337755543, "0.4": -75.00268337755543, "0.8": -75.00268337755543}}}, "NetPyNE": {"L23_BP_bAC217_1": {"mean_frequency": {"0.1": 10.630220197425574, "0.2": 15.076892149975055, "0.4": 21.020251217650678, "0.8": 29.873417721539216}, "ISI_CV": {"0.1": 0.266886168897086, "0.2": 0.28171535571779704, "0.4": 0.2919712368123222, "0.8": 0.2955568865679459}, "time_to_first_spike": {"0.1": 3.900000000091495, "0.2": 2.100000000091086, "0.4": 1.2000000000908813, "0.8": 0.7000000000907676}, "time_to_second_spike": {"0.1": 23.700000000095997, "0.2": 15.500000000094133, "0.4": 10.500000000092996, "0.8": 7.6000000000923364}, "AP_height": {"0.1": 30.34397047532403, "0.2": 32.41035347673365, "0.4": 33.14511612544799, "0.8": 30.23962832770651}, "AP_width": {"0.1": 0.6000000000001364, "0.2": 0.6000000000001364, "0.4": 0.7000000000001592, "0.8": 0.6000000000001364}, "AP_amplitude": {"0.1": 86.42993894606734, "0.2": 107.41651268697356, "0.4": 108.15127527897693, "0.8": 105.2457876735488}, "voltage_base": {"0.1": -75.00267750903953, "0.2": -75.00267750903953, "0.4": -75.00267750903953, "0.8": -75.00267750903953}}}}