{"BBP": {"L23_BP_cACint209_5": {"mean_frequency": {"0.1": 24.646647552956722, "0.2": 43.25955734409374, "0.4": 96.55793476092217, "0.8": 194.1261820184439}, "ISI_CV": {"0.1": 0.24715031034563412, "0.2": 0.20795895891649957, "0.4": 0.1399659125759279, "0.8": 0.052516174748240524}, "time_to_first_spike": {"0.1": 3.1000000000913133, "0.2": 1.8000000000910177, "0.4": 1.1000000000908585, "0.8": 0.7000000000907676}, "time_to_second_spike": {"0.1": 12.900000000093542, "0.2": 9.400000000092746, "0.4": 7.100000000092223, "0.8": 5.500000000091859}, "AP_height": {"0.1": 38.428605121842324, "0.2": 37.3211341301581, "0.4": 38.01878076901365, "0.8": 39.00218548683159}, "AP_width": {"0.1": 0.9000000000002046, "0.2": 0.9000000000002046, "0.4": 0.9000000000002046, "0.8": 1.0000000000002274}, "AP_amplitude": {"0.1": 94.79211705306454, "0.2": 110.67425187128023, "0.4": 111.37189850780115, "0.8": 112.35530322094989}, "voltage_base": {"0.1": -73.35220189150071, "0.2": -73.35220189150071, "0.4": -73.35220189150071, "0.8": -73.35220189150071}}}, "NetPyNE": {"L23_BP_cACint209_5": {"mean_frequency": {"0.1": 24.608276416248128, "0.2": 43.25085495879017, "0.4": 96.30818619589208, "0.8": 192.40404850198465}, "ISI_CV": {"0.1": 0.24715997336204262, "0.2": 0.20793349159483474, "0.4": 0.13898219532286107, "0.8": 0.05191014526025054}, "time_to_first_spike": {"0.1": 3.200000000091336, "0.2": 1.8000000000910177, "0.4": 1.1000000000908585, "0.8": 0.7000000000907676}, "time_to_second_spike": {"0.1": 13.000000000093564, "0.2": 9.500000000092768, "0.4": 7.2000000000922455, "0.8": 5.500000000091859}, "AP_height": {"0.1": 35.34853121202682, "0.2": 38.86304201736921, "0.4": 40.44429549782034, "0.8": 41.56416153501456}, "AP_width": {"0.1": 0.8000000000001819, "0.2": 0.9000000000002046, "0.4": 0.9000000000002046, "0.8": 1.0000000000002274}, "AP_amplitude": {"0.1": 90.67078449790822, "0.2": 112.21615822734763, "0.4": 113.79741169084687, "0.8": 114.91727779478846}, "voltage_base": {"0.1": -73.35220041505575, "0.2": -73.35220041505575, "0.4": -73.35220041505575, "0.8": -73.35220041505575}}}}