{"BBP": {"L23_NBC_bAC217_2": {"mean_frequency": {"0.1": 8.210180623979262, "0.2": 13.022189811447422, "0.4": 18.108651911481104, "0.8": 26.318453284763244}, "ISI_CV": {"0.1": 0.2992927479811963, "0.2": 0.3172954499011408, "0.4": 0.32153471046014903, "0.8": 0.30078291786823874}, "time_to_first_spike": {"0.1": 13.20000000009361, "0.2": 4.8000000000917, "0.4": 2.2000000000911086, "0.8": 1.2000000000908813}, "time_to_second_spike": {"0.1": 50.100000000102, "0.2": 25.700000000096452, "0.4": 15.100000000094042, "0.8": 9.700000000092814}, "AP_height": {"0.1": 19.20085553569414, "0.2": 22.20114009848144, "0.4": 24.759058105053228, "0.8": 29.26083927823937}, "AP_width": {"0.1": 0.6000000000001364, "0.2": 0.5000000000001137, "0.4": 0.6000000000001364, "0.8": 0.6000000000001364}, "AP_amplitude": {"0.1": 75.1676777641741, "0.2": 78.85956314960768, "0.4": 95.28897016666373, "0.8": 99.79075133747412}, "voltage_base": {"0.1": -70.52720181574269, "0.2": -70.52720181574269, "0.4": -70.52720181574269, "0.8": -70.52720181574269}}}, "NetPyNE": {"L23_NBC_bAC217_2": {"mean_frequency": {"0.1": 8.106191103460752, "0.2": 12.855453283291427, "0.4": 17.956084547518774, "0.8": 26.49816551163633}, "ISI_CV": {"0.1": 0.2956939756514608, "0.2": 0.315436382032524, "0.4": 0.3255184511711181, "0.8": 0.32331554598222356}, "time_to_first_spike": {"0.1": 13.400000000093655, "0.2": 4.9000000000917225, "0.4": 2.2000000000911086, "0.8": 1.2000000000908813}, "time_to_second_spike": {"0.1": 50.40000000010207, "0.2": 25.900000000096497, "0.4": 15.300000000094087, "0.8": 9.800000000092837}, "AP_height": {"0.1": 15.426742794544019, "0.2": 21.92108800902968, "0.4": 24.04199983685206, "0.8": 27.398961846968255}, "AP_width": {"0.1": 0.6000000000001364, "0.2": 0.5000000000001137, "0.4": 0.6000000000001364, "0.8": 0.6000000000001364}, "AP_amplitude": {"0.1": 71.08512094574144, "0.2": 77.70947673837732, "0.4": 94.57190755546829, "0.8": 97.92886966189448}, "voltage_base": {"0.1": -70.52719755642275, "0.2": -70.52719755642275, "0.4": -70.52719755642275, "0.8": -70.52719755642275}}}}