{"BBP": {"L4_NGC_cNAC187_2": {"mean_frequency": {"0.1": 28.02522270044944, "0.2": 49.6763510462478, "0.4": 80.9614804385544, "0.8": 128.30793905381614}, "ISI_CV": {"0.1": 0.00732891204782569, "0.2": 0.021053171221456043, "0.4": 0.016159723711392814, "0.8": 0.05082022594938225}, "time_to_first_spike": {"0.1": 19.200000000094974, "0.2": 6.700000000092132, "0.4": 3.3000000000913587, "0.8": 1.8000000000910177}, "time_to_second_spike": {"0.1": 54.10000000010291, "0.2": 27.50000000009686, "0.4": 14.000000000093792, "0.8": 9.300000000092723}, "AP_height": {"0.1": 4.350108018390241, "0.2": 12.523458931170953, "0.4": 16.579599728247377, "0.8": 20.92250482036177}, "AP_width": {"0.1": 0.7000000000001592, "0.2": 0.8000000000001819, "0.4": 0.8000000000001819, "0.8": 0.8000000000001819}, "AP_amplitude": {"0.1": 56.638593454323896, "0.2": 65.61974669902385, "0.4": 71.07699180786919, "0.8": 89.66324138489466}, "voltage_base": {"0.1": -68.73790822392101, "0.2": -68.73790822392101, "0.4": -68.73790822392101, "0.8": -68.73790822392101}}}, "NetPyNE": {"L4_NGC_cNAC187_2": {"mean_frequency": {"0.1": 27.937217453160564, "0.2": 49.66638238101001, "0.4": 80.73008073013558, "0.8": 128.8866599800274}, "ISI_CV": {"0.1": 0.0071428788560095125, "0.2": 0.022217720594425547, "0.4": 0.017134450390329035, "0.8": 0.05681611390803036}, "time_to_first_spike": {"0.1": 19.300000000094997, "0.2": 6.8000000000921546, "0.4": 3.4000000000913815, "0.8": 1.9000000000910404}, "time_to_second_spike": {"0.1": 54.40000000010298, "0.2": 27.600000000096884, "0.4": 14.100000000093814, "0.8": 9.400000000092746}, "AP_height": {"0.1": 3.3613350482622875, "0.2": 12.362017126948135, "0.4": 15.610424112047333, "0.8": 21.133532139972246}, "AP_width": {"0.1": 0.7000000000001592, "0.2": 0.8000000000001819, "0.4": 0.8000000000001819, "0.8": 0.7000000000001592}, "AP_amplitude": {"0.1": 54.817015403113324, "0.2": 66.0162845102251, "0.4": 69.28846168535966, "0.8": 89.87426413177273}, "voltage_base": {"0.1": -68.73790364655044, "0.2": -68.73790364655044, "0.4": -68.73790364655044, "0.8": -68.73790364655044}}}}