{"BBP": {"L5_BP_bAC217_3": {"mean_frequency": {"0.1": 12.519561815344852, "0.2": 17.100895282176378, "0.4": 23.218251564723996, "0.8": 33.41772151900997}, "ISI_CV": {"0.1": 0.3207682082566032, "0.2": 0.3296525693251783, "0.4": 0.3407142014611904, "0.8": 0.32719277861230295}, "time_to_first_spike": {"0.1": 6.400000000092064, "0.2": 2.500000000091177, "0.4": 1.2000000000908813, "0.8": 0.7000000000907676}, "time_to_second_spike": {"0.1": 29.60000000009734, "0.2": 16.700000000094406, "0.4": 10.200000000092928, "0.8": 7.0000000000922}, "AP_height": {"0.1": 20.42157209127694, "0.2": 27.26578550022761, "0.4": 26.024283817987584, "0.8": 31.74368794292118}, "AP_width": {"0.1": 0.5000000000001137, "0.2": 0.6000000000001364, "0.4": 0.6000000000001364, "0.8": 0.7000000000001592}, "AP_amplitude": {"0.1": 75.65537087042036, "0.2": 97.00799379912254, "0.4": 95.76649211473806, "0.8": 101.48589623538292}, "voltage_base": {"0.1": -69.73970063350102, "0.2": -69.73970063350102, "0.4": -69.73970063350102, "0.8": -69.73970063350102}}}, "NetPyNE": {"L5_BP_bAC217_3": {"mean_frequency": {"0.1": 12.369858777453949, "0.2": 16.99454114740046, "0.4": 22.988505747141957, "0.8": 33.06878306880542}, "ISI_CV": {"0.1": 0.31928055921433324, "0.2": 0.3341108967342981, "0.4": 0.34386838988364804, "0.8": 0.32803880302649924}, "time_to_first_spike": {"0.1": 6.500000000092086, "0.2": 2.6000000000911996, "0.4": 1.300000000090904, "0.8": 0.8000000000907903}, "time_to_second_spike": {"0.1": 29.900000000097407, "0.2": 16.90000000009445, "0.4": 10.400000000092973, "0.8": 7.100000000092223}, "AP_height": {"0.1": 20.69076659432823, "0.2": 26.76201299170006, "0.4": 29.488551265406787, "0.8": 28.19428992189919}, "AP_width": {"0.1": 0.5000000000001137, "0.2": 0.6000000000001364, "0.4": 0.6000000000001364, "0.8": 0.6000000000001364}, "AP_amplitude": {"0.1": 76.97502398985256, "0.2": 96.50421766389454, "0.4": 99.23075551925622, "0.8": 97.93649453958452}, "voltage_base": {"0.1": -69.73969694474137, "0.2": -69.73969694474137, "0.4": -69.73969694474137, "0.8": -69.73969694474137}}}}