{"BBP": {"L4_MC_bAC217_2": {"mean_frequency": {"0.1": 7.436128963727264, "0.2": 12.38837557426116, "0.4": 17.309846247847968, "0.8": 23.46340219333388}, "ISI_CV": {"0.1": 0.29078378276226585, "0.2": 0.3085681639261329, "0.4": 0.3169920834247768, "0.8": 0.32622885208563096}, "time_to_first_spike": {"0.1": 19.200000000094974, "0.2": 6.500000000092086, "0.4": 2.400000000091154, "0.8": 1.2000000000908813}, "time_to_second_spike": {"0.1": 65.80000000010557, "0.2": 31.000000000097657, "0.4": 17.400000000094565, "0.8": 10.400000000092973}, "AP_height": {"0.1": 17.7597031644461, "0.2": 21.974793867993775, "0.4": 28.673479838681015, "0.8": 29.489758385876662}, "AP_width": {"0.1": 0.6000000000001364, "0.2": 0.5000000000001137, "0.4": 0.6000000000001364, "0.8": 0.6000000000001364}, "AP_amplitude": {"0.1": 72.8264612328718, "0.2": 77.09840857658796, "0.4": 98.36848310439245, "0.8": 99.18476164953105}, "voltage_base": {"0.1": -69.69249354898179, "0.2": -69.69249354898179, "0.4": -69.69249354898179, "0.8": -69.69249354898179}}}, "NetPyNE": {"L4_MC_bAC217_2": {"mean_frequency": {"0.1": 7.338680085972305, "0.2": 12.228053192039647, "0.4": 17.079419299755404, "0.8": 23.116739534665676}, "ISI_CV": {"0.1": 0.28847731297925927, "0.2": 0.3070040039412645, "0.4": 0.31576396737426043, "0.8": 0.32521252327583483}, "time_to_first_spike": {"0.1": 19.40000000009502, "0.2": 6.600000000092109, "0.4": 2.500000000091177, "0.8": 1.2000000000908813}, "time_to_second_spike": {"0.1": 66.20000000010566, "0.2": 31.300000000097725, "0.4": 17.60000000009461, "0.8": 10.600000000093019}, "AP_height": {"0.1": 18.879526289593677, "0.2": 22.223752710107345, "0.4": 27.857347512685017, "0.8": 27.20518880752524}, "AP_width": {"0.1": 0.5000000000001137, "0.2": 0.5000000000001137, "0.4": 0.6000000000001364, "0.8": 0.6000000000001364}, "AP_amplitude": {"0.1": 73.803575767481, "0.2": 76.32467539103142, "0.4": 97.55206577833226, "0.8": 96.90018810948033}, "voltage_base": {"0.1": -69.6924895738559, "0.2": -69.6924895738559, "0.4": -69.6924895738559, "0.8": -69.6924895738559}}}}