{"BBP": {"L1_DAC_bNAC219_4": {"mean_frequency": {"0.1": 54.09466566495036, "0.2": 94.41542788274792, "0.4": 137.78935765116088, "0.8": 216.7275639422866}, "ISI_CV": {"0.1": 0.03873645669051499, "0.2": 0.02491512071548779, "0.4": 0.014367215082801804, "0.8": 1.3418240964309036}, "time_to_first_spike": {"0.1": 6.700000000092132, "0.2": 3.600000000091427, "0.4": 2.100000000091086, "0.8": 1.300000000090904}, "time_to_second_spike": {"0.1": 19.900000000095133, "0.2": 12.700000000093496, "0.4": 9.000000000092655, "0.8": 6.700000000092132}, "AP_height": {"0.1": 11.41879851638429, "0.2": 13.267775510426967, "0.4": 17.317862813387528, "0.8": 19.9016350613626}, "AP_width": {"0.1": 0.6000000000001364, "0.2": 0.7000000000001592, "0.4": 0.6000000000001364, "0.8": 0.6000000000001364}, "AP_amplitude": {"0.1": 67.96130575993085, "0.2": 69.41380022843477, "0.4": 88.51702782976034, "0.8": 91.10080007582178}, "voltage_base": {"0.1": -71.1990515708045, "0.2": -71.1990515708045, "0.4": -71.1990515708045, "0.8": -71.1990515708045}}}, "NetPyNE": {"L1_DAC_bNAC219_4": {"mean_frequency": {"0.1": 53.863579159362, "0.2": 93.8849282057069, "0.4": 136.80781758966953, "0.8": 216.6191405274373}, "ISI_CV": {"0.1": 0.038820690523562094, "0.2": 0.024529131332307854, "0.4": 0.013713068985102784, "0.8": 1.1155943911871806}, "time_to_first_spike": {"0.1": 6.8000000000921546, "0.2": 3.600000000091427, "0.4": 2.100000000091086, "0.8": 1.300000000090904}, "time_to_second_spike": {"0.1": 20.10000000009518, "0.2": 12.800000000093519, "0.4": 9.100000000092678, "0.8": 6.8000000000921546}, "AP_height": {"0.1": 11.550184461773888, "0.2": 14.450041544944426, "0.4": 17.392672899243784, "0.8": 21.229149649470894}, "AP_width": {"0.1": 0.6000000000001364, "0.2": 0.6000000000001364, "0.4": 0.6000000000001364, "0.8": 0.6000000000001364}, "AP_amplitude": {"0.1": 67.34970597189917, "0.2": 69.52320548454863, "0.4": 88.59183775797862, "0.8": 92.42831456415234}, "voltage_base": {"0.1": -71.19905147034525, "0.2": -71.19905147034525, "0.4": -71.19905147034525, "0.8": -71.19905147034525}}}}