{"BBP": {"L5_UTPC_cADpyr232_2": {"mean_frequency": {"0.1": 5.278994879378489, "0.2": 10.601777059781016, "0.4": 23.37398373985321, "0.8": 40.22526146422682}, "ISI_CV": {"0.1": 0.05419003047599564, "0.2": 0.09169141437302236, "0.4": 0.12642268499453374, "0.8": 0.14288241582168204}, "time_to_first_spike": {"0.1": 70.10000000010655, "0.2": 19.80000000009511, "0.4": 6.300000000092041, "0.8": 2.500000000091177}, "time_to_second_spike": {"0.1": 182.40000000013208, "0.2": 47.50000000010141, "0.4": 21.000000000095383, "0.8": 11.4000000000932}, "AP_height": {"0.1": 27.993593846280884, "0.2": 29.75888828594976, "0.4": 35.53923218314389, "0.8": 39.05863209696292}, "AP_width": {"0.1": 0.9000000000002046, "0.2": 0.8000000000001819, "0.4": 0.9000000000002046, "0.8": 0.9000000000002046}, "AP_amplitude": {"0.1": 80.01457286255311, "0.2": 80.59329850335227, "0.4": 89.15449564109872, "0.8": 111.41891951232472}, "voltage_base": {"0.1": -72.3599794702799, "0.2": -72.3599794702799, "0.4": -72.3599794702799, "0.8": -72.3599794702799}}}, "NetPyNE": {"L5_UTPC_cADpyr232_2": {"mean_frequency": {"0.1": 5.237521604780125, "0.2": 10.524654002006715, "0.4": 23.208879919289195, "0.8": 39.868786273052514}, "ISI_CV": {"0.1": 0.0487343657886951, "0.2": 0.09132159011845346, "0.4": 0.1263841538231097, "0.8": 0.14383469139546803}, "time_to_first_spike": {"0.1": 70.30000000010659, "0.2": 19.900000000095133, "0.4": 6.400000000092064, "0.8": 2.6000000000911996}, "time_to_second_spike": {"0.1": 184.60000000013258, "0.2": 47.80000000010148, "0.4": 21.20000000009543, "0.8": 11.500000000093223}, "AP_height": {"0.1": 27.155591919581916, "0.2": 29.071342142800948, "0.4": 36.07955997381751, "0.8": 38.28002531969201}, "AP_width": {"0.1": 0.9000000000002046, "0.2": 0.8000000000001819, "0.4": 0.9000000000002046, "0.8": 1.0000000000002274}, "AP_amplitude": {"0.1": 78.31082878322442, "0.2": 80.24336883243001, "0.4": 89.17546396057033, "0.8": 110.64031205862793}, "voltage_base": {"0.1": -72.3599787793489, "0.2": -72.3599787793489, "0.4": -72.3599787793489, "0.8": -72.3599787793489}}}}