{"BBP": {"L23_ChC_dNAC222_4": {"mean_frequency": {"0.1": 29.791961219975757, "0.2": 66.3516638182817, "0.4": 108.33584110750664, "0.8": 174.66593263612296}, "ISI_CV": {"0.1": 0.07170412168847431, "0.2": 0.017099819643568378, "0.4": 0.02464082446785684, "0.8": 0.0680741335625731}, "time_to_first_spike": {"0.1": 18.600000000094838, "0.2": 5.100000000091768, "0.4": 2.000000000091063, "0.8": 1.0000000000908358}, "time_to_second_spike": {"0.1": 59.30000000010409, "0.2": 18.500000000094815, "0.4": 10.100000000092905, "0.8": 6.8000000000921546}, "AP_height": {"0.1": 16.762302161307737, "0.2": 20.193506922267016, "0.4": 22.998602745537962, "0.8": 27.408228802262908}, "AP_width": {"0.1": 0.7000000000001592, "0.2": 0.7000000000001592, "0.4": 0.8000000000001819, "0.8": 0.8000000000001819}, "AP_amplitude": {"0.1": 72.23981187354075, "0.2": 76.00645255046317, "0.4": 96.63028374905832, "0.8": 101.03990980295465}, "voltage_base": {"0.1": -73.62745579223056, "0.2": -73.62745579223056, "0.4": -73.62745579223056, "0.8": -73.62745579223056}}}, "NetPyNE": {"L23_ChC_dNAC222_4": {"mean_frequency": {"0.1": 29.667622064685496, "0.2": 66.05614772561164, "0.4": 107.82347041130696, "0.8": 174.06962785125882}, "ISI_CV": {"0.1": 0.07234891900075884, "0.2": 0.017632736215428144, "0.4": 0.025299477154700073, "0.8": 0.07012025892054109}, "time_to_first_spike": {"0.1": 18.800000000094883, "0.2": 5.200000000091791, "0.4": 2.100000000091086, "0.8": 1.1000000000908585}, "time_to_second_spike": {"0.1": 59.800000000104205, "0.2": 18.70000000009486, "0.4": 10.200000000092928, "0.8": 6.900000000092177}, "AP_height": {"0.1": 17.07433765255616, "0.2": 19.644125720230146, "0.4": 26.257064666673312, "0.8": 28.604671411898376}, "AP_width": {"0.1": 0.6000000000001364, "0.2": 0.7000000000001592, "0.4": 0.7000000000001592, "0.8": 0.7000000000001592}, "AP_amplitude": {"0.1": 73.03845180214186, "0.2": 75.95918159729341, "0.4": 99.88873771620273, "0.8": 102.23634448151475}, "voltage_base": {"0.1": -73.62744783434952, "0.2": -73.62744783434952, "0.4": -73.62744783434952, "0.8": -73.62744783434952}}}}