{"BBP": {"L23_BTC_bAC217_1": {"mean_frequency": {"0.1": 7.084303208182108, "0.2": 11.009751494187924, "0.4": 15.12554199859854, "0.8": 20.952575633701798}, "ISI_CV": {"0.1": 0.2968673352119862, "0.2": 0.3196677148426165, "0.4": 0.33218126214465177, "0.8": 0.34093466305167375}, "time_to_first_spike": {"0.1": 13.500000000093678, "0.2": 5.90000000009195, "0.4": 2.800000000091245, "0.8": 1.5000000000909495}, "time_to_second_spike": {"0.1": 50.20000000010202, "0.2": 27.50000000009686, "0.4": 16.50000000009436, "0.8": 10.400000000092973}, "AP_height": {"0.1": 16.739535143906814, "0.2": 16.87331995578744, "0.4": 22.289370887590977, "0.8": 27.114671217357017}, "AP_width": {"0.1": 0.6000000000001364, "0.2": 0.7000000000001592, "0.4": 0.7000000000001592, "0.8": 0.6000000000001364}, "AP_amplitude": {"0.1": 72.41220182664635, "0.2": 73.00244651010333, "0.4": 93.50796644589903, "0.8": 98.33326677368758}, "voltage_base": {"0.1": -71.21575125744765, "0.2": -71.21575125744765, "0.4": -71.21575125744765, "0.8": -71.21575125744765}}}, "NetPyNE": {"L23_BTC_bAC217_1": {"mean_frequency": {"0.1": 7.026348808034886, "0.2": 10.91476091476824, "0.4": 15.085310029140373, "0.8": 20.710208617481328}, "ISI_CV": {"0.1": 0.2936740345905989, "0.2": 0.3186102266061517, "0.4": 0.33831669799994984, "0.8": 0.33986521132933617}, "time_to_first_spike": {"0.1": 13.6000000000937, "0.2": 6.000000000091973, "0.4": 2.900000000091268, "0.8": 1.6000000000909722}, "time_to_second_spike": {"0.1": 50.50000000010209, "0.2": 27.700000000096907, "0.4": 16.700000000094406, "0.8": 10.500000000092996}, "AP_height": {"0.1": 15.885357260616711, "0.2": 16.935313711766558, "0.4": 24.123351448312455, "0.8": 23.416440351874424}, "AP_width": {"0.1": 0.6000000000001364, "0.2": 0.6000000000001364, "0.4": 0.6000000000001364, "0.8": 0.7000000000001592}, "AP_amplitude": {"0.1": 71.20005246131066, "0.2": 72.1685031524667, "0.4": 95.3419423020438, "0.8": 94.6350311119153}, "voltage_base": {"0.1": -71.21574644492458, "0.2": -71.21574644492458, "0.4": -71.21574644492458, "0.8": -71.21574644492458}}}}