{"BBP": {"L6_LBC_bAC217_5": {"mean_frequency": {"0.1": 3.754760499922032, "0.2": 10.193679918457448, "0.4": 15.168368894741796, "0.8": 20.663239592797}, "ISI_CV": {"0.1": 0.09556043185099657, "0.2": 0.2945227465988613, "0.4": 0.308171965051925, "0.8": 0.30900847430910466}, "time_to_first_spike": {"0.1": 46.300000000101136, "0.2": 9.90000000009286, "0.4": 3.200000000091336, "0.8": 1.6000000000909722}, "time_to_second_spike": {"0.1": 300.3000000001589, "0.2": 40.400000000099794, "0.4": 20.2000000000952, "0.8": 11.800000000093291}, "AP_height": {"0.1": 10.221657630865696, "0.2": 11.2215622843913, "0.4": 25.537071531366497, "0.8": 28.82160411600731}, "AP_width": {"0.1": 0.5000000000001137, "0.2": 0.6000000000001364, "0.4": 0.6000000000001364, "0.8": 0.6000000000001364}, "AP_amplitude": {"0.1": 60.41957560355033, "0.2": 61.22859904131265, "0.4": 79.19155311353266, "0.8": 99.24226969113872}, "voltage_base": {"0.1": -70.41798344101066, "0.2": -70.41798344101066, "0.4": -70.41798344101066, "0.8": -70.41798344101066}}}, "NetPyNE": {"L6_LBC_bAC217_5": {"mean_frequency": {"0.1": 3.717472118961583, "0.2": 10.06897246136715, "0.4": 15.004501350415325, "0.8": 20.47187675931572}, "ISI_CV": {"0.1": 0.098145673922811, "0.2": 0.2945344472894222, "0.4": 0.3029061242693519, "0.8": 0.3121302161076745}, "time_to_first_spike": {"0.1": 46.80000000010125, "0.2": 9.800000000092837, "0.4": 3.3000000000913587, "0.8": 1.700000000090995}, "time_to_second_spike": {"0.1": 302.9000000001595, "0.2": 40.60000000009984, "0.4": 20.300000000095224, "0.8": 12.000000000093337}, "AP_height": {"0.1": 9.793023935485772, "0.2": 11.227677458213368, "0.4": 25.40952249437633, "0.8": 25.99720731056342}, "AP_width": {"0.1": 0.5000000000001137, "0.2": 0.6000000000001364, "0.4": 0.6000000000001364, "0.8": 0.6000000000001364}, "AP_amplitude": {"0.1": 59.271222436016494, "0.2": 60.467706027721945, "0.4": 78.19347034220151, "0.8": 96.41786900161885}, "voltage_base": {"0.1": -70.41797954211748, "0.2": -70.41797954211748, "0.4": -70.41797954211748, "0.8": -70.41797954211748}}}}