{"BBP": {"L4_BTC_dNAC222_4": {"mean_frequency": {"0.1": 39.929239322746284, "0.2": 67.17465410070736, "0.4": 101.27343828343389, "0.8": 152.22072004416736}, "ISI_CV": {"0.1": 0.03675447984340412, "0.2": 0.03284432790314664, "0.4": 0.018282330680118388, "0.8": 0.030460081499265466}, "time_to_first_spike": {"0.1": 8.000000000092427, "0.2": 3.600000000091427, "0.4": 1.9000000000910404, "0.8": 1.1000000000908585}, "time_to_second_spike": {"0.1": 30.500000000097543, "0.2": 15.900000000094224, "0.4": 10.100000000092905, "0.8": 7.100000000092223}, "AP_height": {"0.1": 17.73750431807202, "0.2": 23.057650310572456, "0.4": 27.50382459520735, "0.8": 30.121105970057762}, "AP_width": {"0.1": 0.7000000000001592, "0.2": 0.7000000000001592, "0.4": 0.7000000000001592, "0.8": 0.8000000000001819}, "AP_amplitude": {"0.1": 72.93493631875273, "0.2": 78.78097454708032, "0.4": 100.35662964889528, "0.8": 102.97391102146497}, "voltage_base": {"0.1": -72.84851567293298, "0.2": -72.84851567293298, "0.4": -72.84851567293298, "0.8": -72.84851567293298}}}, "NetPyNE": {"L4_BTC_dNAC222_4": {"mean_frequency": {"0.1": 39.7064736630748, "0.2": 66.8509675798393, "0.4": 100.74682973291392, "0.8": 151.35568586187802}, "ISI_CV": {"0.1": 0.0359428922124227, "0.2": 0.0318048904347664, "0.4": 0.01754638462172423, "0.8": 0.03121079115470852}, "time_to_first_spike": {"0.1": 8.10000000009245, "0.2": 3.7000000000914497, "0.4": 2.000000000091063, "0.8": 1.1000000000908585}, "time_to_second_spike": {"0.1": 30.70000000009759, "0.2": 16.10000000009427, "0.4": 10.30000000009295, "0.8": 7.2000000000922455}, "AP_height": {"0.1": 19.778510059123782, "0.2": 20.800274464039898, "0.4": 25.27938837431578, "0.8": 25.1154178394816}, "AP_width": {"0.1": 0.7000000000001592, "0.2": 0.7000000000001592, "0.4": 0.7000000000001592, "0.8": 0.8000000000001819}, "AP_amplitude": {"0.1": 75.77935437561376, "0.2": 76.79540932712447, "0.4": 98.13218464685619, "0.8": 97.96821408225841}, "voltage_base": {"0.1": -72.84850683810062, "0.2": -72.84850683810062, "0.4": -72.84850683810062, "0.8": -72.84850683810062}}}}