{"BBP": {"L5_MC_dNAC222_4": {"mean_frequency": {"0.1": 0, "0.2": 46.95546804001971, "0.4": 92.56016410673227, "0.8": 145.1160928743981}, "ISI_CV": {"0.1": 0, "0.2": 0.041044359747926036, "0.4": 0.02797412509069214, "0.8": 0.0469757007906853}, "time_to_first_spike": {"0.1": 0, "0.2": 10.000000000092882, "0.4": 3.0000000000912905, "0.8": 1.5000000000909495}, "time_to_second_spike": {"0.1": 0, "0.2": 31.300000000097725, "0.4": 12.600000000093473, "0.8": 8.300000000092496}, "AP_height": {"0.1": 0, "0.2": 12.660549033907467, "0.4": 19.83789419619705, "0.8": 25.942074764701164}, "AP_width": {"0.1": 0, "0.2": 0.7000000000001592, "0.4": 0.6000000000001364, "0.8": 0.7000000000001592}, "AP_amplitude": {"0.1": 0, "0.2": 69.1875150259427, "0.4": 92.6339815697599, "0.8": 98.73816213630593}, "voltage_base": {"0.1": -72.79232254530959, "0.2": -72.79232254530959, "0.4": -72.79232254530959, "0.8": -72.79232254530959}}}, "NetPyNE": {"L5_MC_dNAC222_4": {"mean_frequency": {"0.1": 0, "0.2": 46.71723514344861, "0.4": 92.0874831090161, "0.8": 144.4550333551666}, "ISI_CV": {"0.1": 0, "0.2": 0.041760648986800174, "0.4": 0.02883251811118521, "0.8": 0.04851907603456865}, "time_to_first_spike": {"0.1": 0, "0.2": 10.100000000092905, "0.4": 3.0000000000912905, "0.8": 1.5000000000909495}, "time_to_second_spike": {"0.1": 0, "0.2": 31.600000000097793, "0.4": 12.700000000093496, "0.8": 8.400000000092518}, "AP_height": {"0.1": 0, "0.2": 13.685080126264813, "0.4": 18.595732047218995, "0.8": 22.19667484453071}, "AP_width": {"0.1": 0, "0.2": 0.6000000000001364, "0.4": 0.7000000000001592, "0.8": 0.8000000000001819}, "AP_amplitude": {"0.1": 0, "0.2": 69.71960863053675, "0.4": 91.39181309172179, "0.8": 94.9927559082284}, "voltage_base": {"0.1": -72.79231621696576, "0.2": -72.79231621696576, "0.4": -72.79231621696576, "0.8": -72.79231621696576}}}}