{"BBP": {"L4_BTC_dNAC222_1": {"mean_frequency": {"0.1": 20.84498449337929, "0.2": 56.16287232979445, "0.4": 91.00455022757326, "0.8": 138.15888271521632}, "ISI_CV": {"0.1": 0.11354206480849598, "0.2": 0.009223748791160793, "0.4": 0.011575934536047591, "0.8": 0.029258885390060503}, "time_to_first_spike": {"0.1": 32.30000000009795, "0.2": 5.500000000091859, "0.4": 2.400000000091154, "0.8": 1.300000000090904}, "time_to_second_spike": {"0.1": 168.4000000001289, "0.2": 21.60000000009552, "0.4": 11.700000000093269, "0.8": 7.900000000092405}, "AP_height": {"0.1": 16.342410980309925, "0.2": 21.622907519252404, "0.4": 26.543031821532704, "0.8": 27.543766812224458}, "AP_width": {"0.1": 0.6000000000001364, "0.2": 0.7000000000001592, "0.4": 0.7000000000001592, "0.8": 0.7000000000001592}, "AP_amplitude": {"0.1": 71.41610746445882, "0.2": 77.56861731798973, "0.4": 99.57332186136532, "0.8": 100.57405684985886}, "voltage_base": {"0.1": -73.02616216088344, "0.2": -73.02616216088344, "0.4": -73.02616216088344, "0.8": -73.02616216088344}}}, "NetPyNE": {"L4_BTC_dNAC222_1": {"mean_frequency": {"0.1": 20.767905987249396, "0.2": 55.89405307421084, "0.4": 90.5588632611813, "0.8": 137.39156596308788}, "ISI_CV": {"0.1": 0.11372537747559751, "0.2": 0.009108844465560791, "0.4": 0.0116175052014999, "0.8": 0.030116945369882044}, "time_to_first_spike": {"0.1": 32.70000000009804, "0.2": 5.600000000091882, "0.4": 2.500000000091177, "0.8": 1.300000000090904}, "time_to_second_spike": {"0.1": 168.900000000129, "0.2": 21.800000000095565, "0.4": 11.800000000093291, "0.8": 8.000000000092427}, "AP_height": {"0.1": 15.26551139791524, "0.2": 22.060119407531445, "0.4": 25.2700465142337, "0.8": 27.406040858149364}, "AP_width": {"0.1": 0.7000000000001592, "0.2": 0.7000000000001592, "0.4": 0.7000000000001592, "0.8": 0.8000000000001819}, "AP_amplitude": {"0.1": 70.92927905349418, "0.2": 78.40810818395369, "0.4": 98.30032853796455, "0.8": 100.43632280450367}, "voltage_base": {"0.1": -73.02615404436244, "0.2": -73.02615404436244, "0.4": -73.02615404436244, "0.8": -73.02615404436244}}}}