{"BBP": {"L6_MC_cIR216_5": {"mean_frequency": {"0.1": 18.15065039831825, "0.2": 32.305284942730495, "0.4": 70.00700070011762, "0.8": 172.64674973739406}, "ISI_CV": {"0.1": 0.3605959012644102, "0.2": 0.221789881797472, "0.4": 0.12363372669922891, "0.8": 0.04335568843686468}, "time_to_first_spike": {"0.1": 22.200000000095656, "0.2": 9.100000000092678, "0.4": 3.900000000091495, "0.8": 2.000000000091063}, "time_to_second_spike": {"0.1": 44.70000000010077, "0.2": 19.900000000095133, "0.4": 12.10000000009336, "0.8": 8.300000000092496}, "AP_height": {"0.1": 21.625904828435957, "0.2": 27.9865393251213, "0.4": 31.507135974763095, "0.8": 35.17163334572431}, "AP_width": {"0.1": 0.7000000000001592, "0.2": 0.8000000000001819, "0.4": 0.9000000000002046, "0.8": 0.9000000000002046}, "AP_amplitude": {"0.1": 77.88035125819636, "0.2": 85.10563503858907, "0.4": 87.08391284122102, "0.8": 110.56874603912632}, "voltage_base": {"0.1": -75.3278263247133, "0.2": -75.3278263247133, "0.4": -75.3278263247133, "0.8": -75.3278263247133}}}, "NetPyNE": {"L6_MC_cIR216_5": {"mean_frequency": {"0.1": 0, "0.2": 21.287379624951054, "0.4": 41.518683407561625, "0.8": 116.29655621843584}, "ISI_CV": {"0.1": 0, "0.2": 0.21958380068488986, "0.4": 0.16763016208431467, "0.8": 0.042307739016333695}, "time_to_first_spike": {"0.1": 0, "0.2": 11.4000000000932, "0.4": 4.8000000000917, "0.8": 2.3000000000911314}, "time_to_second_spike": {"0.1": 0, "0.2": 26.500000000096634, "0.4": 13.700000000093723, "0.8": 9.000000000092655}, "AP_height": {"0.1": 0, "0.2": 25.30777908920916, "0.4": 30.837562730978213, "0.8": 33.37034765826917}, "AP_width": {"0.1": 0, "0.2": 0.8000000000001819, "0.4": 0.8000000000001819, "0.8": 0.9000000000002046}, "AP_amplitude": {"0.1": 0, "0.2": 82.24714380201306, "0.4": 86.54785990660524, "0.8": 111.03453884931287}, "voltage_base": {"0.1": -77.66407594665216, "0.2": -77.66407594665216, "0.4": -77.66407594665216, "0.8": -77.66407594665216}}}}