{"BBP": {"L4_NBC_dNAC222_1": {"mean_frequency": {"0.1": 21.654832049166124, "0.2": 60.712493728089406, "0.4": 100.77713712716799, "0.8": 167.20064076903637}, "ISI_CV": {"0.1": 0.10488652315174514, "0.2": 0.017674557618856102, "0.4": 0.02434181058551046, "0.8": 0.08535916558219762}, "time_to_first_spike": {"0.1": 267.3000000001514, "0.2": 6.300000000092041, "0.4": 2.7000000000912223, "0.8": 1.4000000000909267}, "time_to_second_spike": {"0.1": 329.0000000001596, "0.2": 21.400000000095474, "0.4": 11.4000000000932, "0.8": 7.6000000000923364}, "AP_height": {"0.1": 11.528370888733344, "0.2": 16.267724593972627, "0.4": 22.212426177192967, "0.8": 25.393013905340535}, "AP_width": {"0.1": 0.7000000000001592, "0.2": 0.7000000000001592, "0.4": 0.8000000000001819, "0.8": 0.8000000000001819}, "AP_amplitude": {"0.1": 67.21375974084837, "0.2": 72.23908548664353, "0.4": 95.9539610103833, "0.8": 99.13454873647706}, "voltage_base": {"0.1": -73.7372348660419, "0.2": -73.7372348660419, "0.4": -73.7372348660419, "0.8": -73.7372348660419}}}, "NetPyNE": {"L4_NBC_dNAC222_1": {"mean_frequency": {"0.1": 21.585261784061647, "0.2": 60.43208943953337, "0.4": 100.31599538553236, "0.8": 167.57540893413426}, "ISI_CV": {"0.1": 0.1055678189444625, "0.2": 0.018597991314692072, "0.4": 0.02539112514802599, "0.8": 0.09114218171885606}, "time_to_first_spike": {"0.1": 267.8000000001515, "0.2": 6.400000000092064, "0.4": 2.800000000091245, "0.8": 1.4000000000909267}, "time_to_second_spike": {"0.1": 329.8000000001589, "0.2": 21.60000000009552, "0.4": 11.600000000093246, "0.8": 7.700000000092359}, "AP_height": {"0.1": 11.41903577797541, "0.2": 16.320864622009108, "0.4": 22.05096938144661, "0.8": 21.502171283429817}, "AP_width": {"0.1": 0.6000000000001364, "0.2": 0.7000000000001592, "0.4": 0.7000000000001592, "0.8": 0.8000000000001819}, "AP_amplitude": {"0.1": 66.92145900240837, "0.2": 71.35647127663653, "0.4": 95.7924959880847, "0.8": 95.24369795507707}, "voltage_base": {"0.1": -73.73722667892969, "0.2": -73.73722667892969, "0.4": -73.73722667892969, "0.8": -73.73722667892969}}}}