{"BBP": {"L4_LBC_dSTUT214_1": {"mean_frequency": {"0.1": 0, "0.2": 43.718592964853805, "0.4": 89.80533814977001, "0.8": 144.81860092212688}, "ISI_CV": {"0.1": 0, "0.2": 0.12453577141001652, "0.4": 0.024429983295126228, "0.8": 0.04208413555271232}, "time_to_first_spike": {"0.1": 0, "0.2": 8.200000000092473, "0.4": 3.3000000000913587, "0.8": 1.700000000090995}, "time_to_second_spike": {"0.1": 0, "0.2": 32.10000000009791, "0.4": 13.400000000093655, "0.8": 8.400000000092518}, "AP_height": {"0.1": 0, "0.2": 13.746811515966542, "0.4": 19.107508105455008, "0.8": 22.845277270050815}, "AP_width": {"0.1": 0, "0.2": 0.8000000000001819, "0.4": 0.8000000000001819, "0.8": 0.8000000000001819}, "AP_amplitude": {"0.1": 0, "0.2": 68.640460371834, "0.4": 95.01165602949882, "0.8": 99.37689899436359}, "voltage_base": {"0.1": -76.27967122704877, "0.2": -76.27967122704877, "0.4": -76.27967122704877, "0.8": -76.27967122704877}}}, "NetPyNE": {"L4_LBC_dSTUT214_1": {"mean_frequency": {"0.1": 0, "0.2": 35.16704345644186, "0.4": 87.2311625808985, "0.8": 141.2188892784775}, "ISI_CV": {"0.1": 0, "0.2": 0.20575418882106225, "0.4": 0.017743959540268004, "0.8": 0.03910128027111433}, "time_to_first_spike": {"0.1": 0, "0.2": 9.600000000092791, "0.4": 3.600000000091427, "0.8": 1.8000000000910177}, "time_to_second_spike": {"0.1": 0, "0.2": 106.20000000011476, "0.4": 13.800000000093746, "0.8": 8.600000000092564}, "AP_height": {"0.1": 0, "0.2": 11.697668721956994, "0.4": 19.053213244926436, "0.8": 22.537595459138746}, "AP_width": {"0.1": 0, "0.2": 0.7000000000001592, "0.4": 0.8000000000001819, "0.8": 0.9000000000002046}, "AP_amplitude": {"0.1": 0, "0.2": 66.38190734997772, "0.4": 73.60814027172945, "0.8": 99.18991751287565}, "voltage_base": {"0.1": -76.65009056435973, "0.2": -76.65009056435973, "0.4": -76.65009056435973, "0.8": -76.65009056435973}}}}