{"BBP": {"L23_LBC_cNAC187_2": {"mean_frequency": {"0.1": 36.17181612662591, "0.2": 59.32927749011016, "0.4": 93.21906480234871, "0.8": 152.19914871667416}, "ISI_CV": {"0.1": 0.009905816814250025, "0.2": 0.00889468989877433, "0.4": 0.01963944403892161, "0.8": 0.10703480380818643}, "time_to_first_spike": {"0.1": 11.500000000093223, "0.2": 5.3000000000918135, "0.4": 2.7000000000912223, "0.8": 1.5000000000909495}, "time_to_second_spike": {"0.1": 37.8000000000992, "0.2": 20.300000000095224, "0.4": 11.900000000093314, "0.8": 8.000000000092427}, "AP_height": {"0.1": 12.705986557585325, "0.2": 16.18458925119267, "0.4": 17.05900144414424, "0.8": 21.39784696275008}, "AP_width": {"0.1": 0.7000000000001592, "0.2": 0.7000000000001592, "0.4": 0.8000000000001819, "0.8": 0.9000000000002046}, "AP_amplitude": {"0.1": 67.27281276251948, "0.2": 71.55573270966735, "0.4": 72.12906661459373, "0.8": 89.7405945927667}, "voltage_base": {"0.1": -68.34025123835187, "0.2": -68.34025123835187, "0.4": -68.34025123835187, "0.8": -68.34025123835187}}}, "NetPyNE": {"L23_LBC_cNAC187_2": {"mean_frequency": {"0.1": 36.0793746241977, "0.2": 59.180500526646355, "0.4": 93.00000000006325, "0.8": 150.8558166521981}, "ISI_CV": {"0.1": 0.00956560661396912, "0.2": 0.00928663848491697, "0.4": 0.02081612134070705, "0.8": 0.10597547767600089}, "time_to_first_spike": {"0.1": 11.700000000093269, "0.2": 5.400000000091836, "0.4": 2.7000000000912223, "0.8": 1.5000000000909495}, "time_to_second_spike": {"0.1": 38.00000000009925, "0.2": 20.400000000095247, "0.4": 12.000000000093337, "0.8": 8.10000000009245}, "AP_height": {"0.1": 10.916258809029888, "0.2": 15.666541085033609, "0.4": 17.50235727748479, "0.8": 19.6904202721752}, "AP_width": {"0.1": 0.7000000000001592, "0.2": 0.7000000000001592, "0.4": 0.8000000000001819, "0.8": 0.8000000000001819}, "AP_amplitude": {"0.1": 65.13516815058411, "0.2": 70.24208342341859, "0.4": 72.76140942292847, "0.8": 88.03316385806919}, "voltage_base": {"0.1": -68.34024719013834, "0.2": -68.34024719013834, "0.4": -68.34024719013834, "0.8": -68.34024719013834}}}}