{"BBP": {"L1_SLAC_cNAC187_1": {"mean_frequency": {"0.1": 43.641835966922045, "0.2": 66.2717140275578, "0.4": 97.7982847686105, "0.8": 144.608456342355}, "ISI_CV": {"0.1": 0.04564915679966974, "0.2": 0.03828024858892603, "0.4": 0.02039113559014657, "0.8": 0.024978306423285676}, "time_to_first_spike": {"0.1": 6.300000000092041, "0.2": 3.4000000000913815, "0.4": 2.000000000091063, "0.8": 1.300000000090904}, "time_to_second_spike": {"0.1": 26.40000000009661, "0.2": 15.900000000094224, "0.4": 10.600000000093019, "0.8": 7.700000000092359}, "AP_height": {"0.1": 16.824290963889062, "0.2": 19.975291277483993, "0.4": 20.419487678624936, "0.8": 25.081239220031513}, "AP_width": {"0.1": 0.7000000000001592, "0.2": 0.7000000000001592, "0.4": 0.8000000000001819, "0.8": 0.8000000000001819}, "AP_amplitude": {"0.1": 73.2896016790975, "0.2": 75.54290190736413, "0.4": 87.4736119639969, "0.8": 93.92172256160706}, "voltage_base": {"0.1": -68.83748325510271, "0.2": -68.83748325510271, "0.4": -68.83748325510271, "0.8": -68.83748325510271}}}, "NetPyNE": {"L1_SLAC_cNAC187_1": {"mean_frequency": {"0.1": 43.46287966849865, "0.2": 65.96837546585199, "0.4": 97.29675510313045, "0.8": 143.87407258882845}, "ISI_CV": {"0.1": 0.045328237799346395, "0.2": 0.0376027946333982, "0.4": 0.019535061074989642, "0.8": 0.026060552559413554}, "time_to_first_spike": {"0.1": 6.400000000092064, "0.2": 3.500000000091404, "0.4": 2.100000000091086, "0.8": 1.300000000090904}, "time_to_second_spike": {"0.1": 26.600000000096657, "0.2": 16.10000000009427, "0.4": 10.700000000093041, "0.8": 7.800000000092382}, "AP_height": {"0.1": 16.507653760549548, "0.2": 18.436096809808337, "0.4": 22.123105368497583, "0.8": 22.397703351911623}, "AP_width": {"0.1": 0.8000000000001819, "0.2": 0.8000000000001819, "0.4": 0.7000000000001592, "0.8": 0.8000000000001819}, "AP_amplitude": {"0.1": 71.93884553776832, "0.2": 74.22513791102492, "0.4": 89.21662153417842, "0.8": 91.23818160897474}, "voltage_base": {"0.1": -68.83747816437891, "0.2": -68.83747816437891, "0.4": -68.83747816437891, "0.8": -68.83747816437891}}}}