{"BBP": {"L4_SBC_dNAC222_3": {"mean_frequency": {"0.1": 42.06309464199153, "0.2": 69.36416184975808, "0.4": 103.67105724452381, "0.8": 155.08529691340777}, "ISI_CV": {"0.1": 0.03275981614745713, "0.2": 0.03233723798463885, "0.4": 0.021886269169355984, "0.8": 0.02579113477422182}, "time_to_first_spike": {"0.1": 6.8000000000921546, "0.2": 2.900000000091268, "0.4": 1.5000000000909495, "0.8": 0.8000000000907903}, "time_to_second_spike": {"0.1": 28.20000000009702, "0.2": 14.600000000093928, "0.4": 9.300000000092723, "0.8": 6.600000000092109}, "AP_height": {"0.1": 26.56848323587237, "0.2": 23.63835079155682, "0.4": 28.34546489250135, "0.8": 28.86920180294495}, "AP_width": {"0.1": 0.7000000000001592, "0.2": 0.7000000000001592, "0.4": 0.7000000000001592, "0.8": 0.7000000000001592}, "AP_amplitude": {"0.1": 83.18190570664126, "0.2": 78.69276624750016, "0.4": 101.2540437984907, "0.8": 101.77778070600314}, "voltage_base": {"0.1": -72.9042629749345, "0.2": -72.9042629749345, "0.4": -72.9042629749345, "0.8": -72.9042629749345}}}, "NetPyNE": {"L4_SBC_dNAC222_3": {"mean_frequency": {"0.1": 41.8811181754245, "0.2": 69.0448791715084, "0.4": 103.19090317093624, "0.8": 154.16186996356643}, "ISI_CV": {"0.1": 0.03212862960888176, "0.2": 0.03153536529020858, "0.4": 0.0209440464908833, "0.8": 0.026550769519905718}, "time_to_first_spike": {"0.1": 6.900000000092177, "0.2": 2.900000000091268, "0.4": 1.5000000000909495, "0.8": 0.900000000090813}, "time_to_second_spike": {"0.1": 28.50000000009709, "0.2": 14.800000000093974, "0.4": 9.500000000092768, "0.8": 6.700000000092132}, "AP_height": {"0.1": 25.302895023504853, "0.2": 28.078824722412993, "0.4": 31.199100933487255, "0.8": 32.80615968412882}, "AP_width": {"0.1": 0.7000000000001592, "0.2": 0.7000000000001592, "0.4": 0.7000000000001592, "0.8": 0.7000000000001592}, "AP_amplitude": {"0.1": 81.40278160696468, "0.2": 83.50353056476125, "0.4": 104.10767091759092, "0.8": 105.71472966859213}, "voltage_base": {"0.1": -72.90425402975308, "0.2": -72.90425402975308, "0.4": -72.90425402975308, "0.8": -72.90425402975308}}}}