{"BBP": {"L23_NBC_cACint209_5": {"mean_frequency": {"0.1": 18.613308515601158, "0.2": 27.769362819366496, "0.4": 47.319405990467544, "0.8": 91.54929577471002}, "ISI_CV": {"0.1": 0.2724581497501437, "0.2": 0.2523610554494668, "0.4": 0.19618358088706084, "0.8": 0.13017933952522662}, "time_to_first_spike": {"0.1": 14.900000000093996, "0.2": 7.2000000000922455, "0.4": 3.7000000000914497, "0.8": 2.000000000091063}, "time_to_second_spike": {"0.1": 36.60000000009893, "0.2": 20.400000000095247, "0.4": 13.000000000093564, "0.8": 9.100000000092678}, "AP_height": {"0.1": 25.04931682009613, "0.2": 27.538075103216823, "0.4": 29.48182295394598, "0.8": 34.051735881879395}, "AP_width": {"0.1": 0.9000000000002046, "0.2": 0.8000000000001819, "0.4": 0.9000000000002046, "0.8": 0.9000000000002046}, "AP_amplitude": {"0.1": 80.16583919797051, "0.2": 82.74218240790661, "0.4": 84.86740648232363, "0.8": 105.95061699506334}, "voltage_base": {"0.1": -71.89817080690496, "0.2": -71.89817080690496, "0.4": -71.89817080690496, "0.8": -71.89817080690496}}}, "NetPyNE": {"L23_NBC_cACint209_5": {"mean_frequency": {"0.1": 18.57010213557424, "0.2": 27.73435530232328, "0.4": 47.35277819760403, "0.8": 91.66958873922977}, "ISI_CV": {"0.1": 0.2761220523444393, "0.2": 0.25240614965159675, "0.4": 0.19568845467214951, "0.8": 0.12802503569605936}, "time_to_first_spike": {"0.1": 15.000000000094019, "0.2": 7.300000000092268, "0.4": 3.7000000000914497, "0.8": 2.100000000091086}, "time_to_second_spike": {"0.1": 36.70000000009895, "0.2": 20.600000000095292, "0.4": 13.100000000093587, "0.8": 9.2000000000927}, "AP_height": {"0.1": 24.21804657732665, "0.2": 26.5279672519667, "0.4": 29.671159088074067, "0.8": 31.90798896176314}, "AP_width": {"0.1": 0.8000000000001819, "0.2": 0.9000000000002046, "0.4": 0.9000000000002046, "0.8": 1.0000000000002274}, "AP_amplitude": {"0.1": 78.66267456727414, "0.2": 82.018861691111, "0.4": 85.15267657220117, "0.8": 103.80686902540813}, "voltage_base": {"0.1": -71.89816975735039, "0.2": -71.89816975735039, "0.4": -71.89816975735039, "0.8": -71.89816975735039}}}}