{"BBP": {"L1_HAC_cNAC187_4": {"mean_frequency": {"0.1": 43.606836750067224, "0.2": 65.08460999303513, "0.4": 95.5109837631976, "0.8": 141.360469196547}, "ISI_CV": {"0.1": 0.06689522734317863, "0.2": 0.061664844656220186, "0.4": 0.04280627594762939, "0.8": 0.013597713476194928}, "time_to_first_spike": {"0.1": 5.700000000091904, "0.2": 3.1000000000913133, "0.4": 1.8000000000910177, "0.8": 1.2000000000908813}, "time_to_second_spike": {"0.1": 25.100000000096315, "0.2": 15.40000000009411, "0.4": 10.200000000092928, "0.8": 7.300000000092268}, "AP_height": {"0.1": 17.204782711293564, "0.2": 22.19042828259125, "0.4": 22.974105789811777, "0.8": 23.259297243991615}, "AP_width": {"0.1": 0.8000000000001819, "0.2": 0.7000000000001592, "0.4": 0.8000000000001819, "0.8": 0.8000000000001819}, "AP_amplitude": {"0.1": 72.5545198637754, "0.2": 76.82820973787045, "0.4": 90.0495678461302, "0.8": 92.28362589728708}, "voltage_base": {"0.1": -69.02123523352327, "0.2": -69.02123523352327, "0.4": -69.02123523352327, "0.8": -69.02123523352327}}}, "NetPyNE": {"L1_HAC_cNAC187_4": {"mean_frequency": {"0.1": 43.51786256454724, "0.2": 64.9317964464124, "0.4": 95.19038076158773, "0.8": 140.68288775417594}, "ISI_CV": {"0.1": 0.06584045534602961, "0.2": 0.06009766682317506, "0.4": 0.04069080490293537, "0.8": 0.014053320969328613}, "time_to_first_spike": {"0.1": 5.800000000091927, "0.2": 3.200000000091336, "0.4": 1.9000000000910404, "0.8": 1.2000000000908813}, "time_to_second_spike": {"0.1": 25.30000000009636, "0.2": 15.500000000094133, "0.4": 10.30000000009295, "0.8": 7.400000000092291}, "AP_height": {"0.1": 18.299301844457005, "0.2": 20.58610334758586, "0.4": 24.14673140717615, "0.8": 26.43866167700909}, "AP_width": {"0.1": 0.7000000000001592, "0.2": 0.8000000000001819, "0.4": 0.7000000000001592, "0.8": 0.8000000000001819}, "AP_amplitude": {"0.1": 73.96664905155944, "0.2": 75.47722682001296, "0.4": 91.26809039345896, "0.8": 95.46298493362826}, "voltage_base": {"0.1": -69.02122983009714, "0.2": -69.02122983009714, "0.4": -69.02122983009714, "0.8": -69.02122983009714}}}}