{"BBP": {"L5_BP_cACint209_1": {"mean_frequency": {"0.1": 42.97921828389421, "0.2": 82.37894313849274, "0.4": 166.2576994342359, "0.8": 286.8154970469464}, "ISI_CV": {"0.1": 0.2136222680500571, "0.2": 0.13217391726678546, "0.4": 0.05848114071951185, "0.8": 0.024261035515079677}, "time_to_first_spike": {"0.1": 6.000000000091973, "0.2": 2.400000000091154, "0.4": 1.2000000000908813, "0.8": 0.7000000000907676}, "time_to_second_spike": {"0.1": 15.500000000094133, "0.2": 9.90000000009286, "0.4": 7.100000000092223, "0.8": 5.400000000091836}, "AP_height": {"0.1": 31.260966431715705, "0.2": 33.10718682737173, "0.4": 36.420323015417026, "0.8": 38.2782631873707}, "AP_width": {"0.1": 0.8000000000001819, "0.2": 0.9000000000002046, "0.4": 0.9000000000002046, "0.8": 1.0000000000002274}, "AP_amplitude": {"0.1": 87.57640435552224, "0.2": 102.74845739708093, "0.4": 106.06159358299313, "0.8": 107.9195337506806}, "voltage_base": {"0.1": -69.64060070478774, "0.2": -69.64060070478774, "0.4": -69.64060070478774, "0.8": -69.64060070478774}}}, "NetPyNE": {"L5_BP_cACint209_1": {"mean_frequency": {"0.1": 42.93362965959067, "0.2": 82.49911967408386, "0.4": 165.58279139581043, "0.8": 195.17205957870402}, "ISI_CV": {"0.1": 0.21381071666101198, "0.2": 0.13096476842925733, "0.4": 0.0563968606076264, "0.8": 0.5044553662205886}, "time_to_first_spike": {"0.1": 6.100000000091995, "0.2": 2.500000000091177, "0.4": 1.300000000090904, "0.8": 0.8000000000907903}, "time_to_second_spike": {"0.1": 15.700000000094178, "0.2": 10.000000000092882, "0.4": 7.2000000000922455, "0.8": 5.500000000091859}, "AP_height": {"0.1": 30.83929445467602, "0.2": 33.809911404143286, "0.4": 34.95373290640098, "0.8": 34.84862891778833}, "AP_width": {"0.1": 0.8000000000001819, "0.2": 0.9000000000002046, "0.4": 0.9000000000002046, "0.8": 1.0000000000002274}, "AP_amplitude": {"0.1": 85.92229986740632, "0.2": 103.45118074107592, "0.4": 104.5950020446499, "0.8": 0}, "voltage_base": {"0.1": -69.640599495297, "0.2": -69.640599495297, "0.4": -69.640599495297, "0.8": -69.640599495297}}}}