{"BBP": {"L5_ChC_dNAC222_2": {"mean_frequency": {"0.1": 0, "0.2": 45.89469437162684, "0.4": 83.66314312915861, "0.8": 131.92876849770687}, "ISI_CV": {"0.1": 0, "0.2": 0.02870934668111224, "0.4": 0.01916955723411942, "0.8": 0.03660883351998122}, "time_to_first_spike": {"0.1": 0, "0.2": 9.600000000092791, "0.4": 3.7000000000914497, "0.8": 1.9000000000910404}, "time_to_second_spike": {"0.1": 0, "0.2": 31.50000000009777, "0.4": 14.100000000093814, "0.8": 8.900000000092632}, "AP_height": {"0.1": 0, "0.2": 11.360471087383564, "0.4": 16.414510992631108, "0.8": 19.411817045184065}, "AP_width": {"0.1": 0, "0.2": 0.7000000000001592, "0.4": 0.8000000000001819, "0.8": 0.8000000000001819}, "AP_amplitude": {"0.1": 0, "0.2": 66.38439765828424, "0.4": 72.53187635203363, "0.8": 92.77145399054324}, "voltage_base": {"0.1": -73.35549859672274, "0.2": -73.35549859672274, "0.4": -73.35549859672274, "0.8": -73.35549859672274}}}, "NetPyNE": {"L5_ChC_dNAC222_2": {"mean_frequency": {"0.1": 0, "0.2": 45.68961188937179, "0.4": 83.27898459846122, "0.8": 131.35465757554297}, "ISI_CV": {"0.1": 0, "0.2": 0.029647999851226264, "0.4": 0.02017168066348082, "0.8": 0.037889319641757804}, "time_to_first_spike": {"0.1": 0, "0.2": 9.700000000092814, "0.4": 3.7000000000914497, "0.8": 1.9000000000910404}, "time_to_second_spike": {"0.1": 0, "0.2": 31.700000000097816, "0.4": 14.200000000093837, "0.8": 9.000000000092655}, "AP_height": {"0.1": 0, "0.2": 11.806144689623656, "0.4": 17.389684125703372, "0.8": 22.60933585009622}, "AP_width": {"0.1": 0, "0.2": 0.7000000000001592, "0.4": 0.7000000000001592, "0.8": 0.7000000000001592}, "AP_amplitude": {"0.1": 0, "0.2": 67.70639112022305, "0.4": 72.7316702080167, "0.8": 95.96896512770093}, "voltage_base": {"0.1": -73.35549090358232, "0.2": -73.35549090358232, "0.4": -73.35549090358232, "0.8": -73.35549090358232}}}}