{"BBP": {"L6_NBC_bSTUT213_2": {"mean_frequency": {"0.1": 0, "0.2": 15.179113539779559, "0.4": 102.54101640663235, "0.8": 154.63917525783708}, "ISI_CV": {"0.1": 0, "0.2": 0.5798408167408741, "0.4": 0.025792769806071338, "0.8": 0.013095095298628913}, "time_to_first_spike": {"0.1": 0, "0.2": 9.100000000092678, "0.4": 3.500000000091404, "0.8": 1.8000000000910177}, "time_to_second_spike": {"0.1": 0, "0.2": 23.10000000009586, "0.4": 11.800000000093291, "0.8": 8.10000000009245}, "AP_height": {"0.1": 0, "0.2": 13.594099537924002, "0.4": 19.402691736193002, "0.8": 22.3774323747639}, "AP_width": {"0.1": 0, "0.2": 0.5000000000001137, "0.4": 0.6000000000001364, "0.8": 0.6000000000001364}, "AP_amplitude": {"0.1": 0, "0.2": 69.74007324300202, "0.4": 75.44680515665765, "0.8": 98.36355635305938}, "voltage_base": {"0.1": -75.83650376570257, "0.2": -75.83650376570257, "0.4": -75.83650376570257, "0.8": -75.83650376570257}}}, "NetPyNE": {"L6_NBC_bSTUT213_2": {"mean_frequency": {"0.1": 0, "0.2": 15.963746845883346, "0.4": 103.0309092728519, "0.8": 154.17730389958922}, "ISI_CV": {"0.1": 0, "0.2": 0.23241984974408456, "0.4": 0.021052509237858546, "0.8": 0.011745517797218018}, "time_to_first_spike": {"0.1": 0, "0.2": 8.500000000092541, "0.4": 3.4000000000913815, "0.8": 1.8000000000910177}, "time_to_second_spike": {"0.1": 0, "0.2": 22.00000000009561, "0.4": 11.700000000093269, "0.8": 8.10000000009245}, "AP_height": {"0.1": 0, "0.2": 13.536604673250348, "0.4": 19.60073414671085, "0.8": 20.47548633716129}, "AP_width": {"0.1": 0, "0.2": 0.5000000000001137, "0.4": 0.6000000000001364, "0.8": 0.6000000000001364}, "AP_amplitude": {"0.1": 0, "0.2": 68.81877767748831, "0.4": 74.62744612206441, "0.8": 95.49473348213249}, "voltage_base": {"0.1": -75.01920935884577, "0.2": -75.01920935884577, "0.4": -75.01920935884577, "0.8": -75.01920935884577}}}}