{"BBP": {"L1_SLAC_cACint209_3": {"mean_frequency": {"0.1": 16.758074344922974, "0.2": 24.337068397319115, "0.4": 38.77530466313437, "0.8": 94.05643386038014}, "ISI_CV": {"0.1": 0.2769333940543325, "0.2": 0.25097021080346177, "0.4": 0.22361473244366636, "0.8": 0.10493734031438166}, "time_to_first_spike": {"0.1": 3.900000000091495, "0.2": 2.100000000091086, "0.4": 1.2000000000908813, "0.8": 0.7000000000907676}, "time_to_second_spike": {"0.1": 16.400000000094337, "0.2": 11.300000000093178, "0.4": 8.300000000092496, "0.8": 6.400000000092064}, "AP_height": {"0.1": 40.76634135342047, "0.2": 40.913466276544725, "0.4": 40.177000793818614, "0.8": 42.5193667465675}, "AP_width": {"0.1": 0.9000000000002046, "0.2": 0.9000000000002046, "0.4": 0.9000000000002046, "0.8": 0.9000000000002046}, "AP_amplitude": {"0.1": 96.68885790442907, "0.2": 112.27337908325792, "0.4": 113.28412724792358, "0.8": 115.62649319750612}, "voltage_base": {"0.1": -73.10600519534067, "0.2": -73.10600519534067, "0.4": -73.10600519534067, "0.8": -73.10600519534067}}}, "NetPyNE": {"L1_SLAC_cACint209_3": {"mean_frequency": {"0.1": 16.724950585384594, "0.2": 24.281667341173875, "0.4": 38.68569131835424, "0.8": 93.62170822075053}, "ISI_CV": {"0.1": 0.27678313387742437, "0.2": 0.2507880107551797, "0.4": 0.22349784080235746, "0.8": 0.10510280479517475}, "time_to_first_spike": {"0.1": 4.000000000091518, "0.2": 2.100000000091086, "0.4": 1.2000000000908813, "0.8": 0.7000000000907676}, "time_to_second_spike": {"0.1": 16.50000000009436, "0.2": 11.4000000000932, "0.4": 8.400000000092518, "0.8": 6.500000000092086}, "AP_height": {"0.1": 37.8470894711582, "0.2": 40.56674445306794, "0.4": 42.479273264600195, "0.8": 43.017644503064105}, "AP_width": {"0.1": 0.8000000000001819, "0.2": 0.9000000000002046, "0.4": 0.9000000000002046, "0.8": 1.0000000000002274}, "AP_amplitude": {"0.1": 93.83317986493722, "0.2": 111.9657374322515, "0.4": 115.58639779171914, "0.8": 116.12476893784027}, "voltage_base": {"0.1": -73.10600317424952, "0.2": -73.10600317424952, "0.4": -73.10600317424952, "0.8": -73.10600317424952}}}}