{"BBP": {"L6_NBC_bIR215_4": {"mean_frequency": {"0.1": 0, "0.2": 6.015339114746681, "0.4": 13.224821973559298, "0.8": 19.585195600877057}, "ISI_CV": {"0.1": 0, "0.2": 0.2956914095866046, "0.4": 0.3016301622107101, "0.8": 0.2967125178490569}, "time_to_first_spike": {"0.1": 0, "0.2": 8.900000000092632, "0.4": 3.3000000000913587, "0.8": 1.700000000090995}, "time_to_second_spike": {"0.1": 0, "0.2": 47.400000000101386, "0.4": 21.400000000095474, "0.8": 13.000000000093564}, "AP_height": {"0.1": 0, "0.2": 23.159005287243378, "0.4": 27.49864043765516, "0.8": 27.253297449834232}, "AP_width": {"0.1": 0, "0.2": 0.6000000000001364, "0.4": 0.6000000000001364, "0.8": 0.6000000000001364}, "AP_amplitude": {"0.1": 0, "0.2": 79.05632944027575, "0.4": 83.40940948521833, "0.8": 101.27219512363229}, "voltage_base": {"0.1": -73.98408409766154, "0.2": -73.98408409766154, "0.4": -73.98408409766154, "0.8": -73.98408409766154}}}, "NetPyNE": {"L6_NBC_bIR215_4": {"mean_frequency": {"0.1": 0, "0.2": 90.9090909083214, "0.4": 12.238653748095977, "0.8": 18.826642242927296}, "ISI_CV": {"0.1": 0, "0.2": 0, "0.4": 0.26972289437900165, "0.8": 0.27766005622324463}, "time_to_first_spike": {"0.1": 0, "0.2": 11.00000000009311, "0.4": 3.7000000000914497, "0.8": 1.8000000000910177}, "time_to_second_spike": {"0.1": 0, "0.2": 0, "0.4": 23.50000000009595, "0.8": 13.800000000093746}, "AP_height": {"0.1": 0, "0.2": 20.259211038447123, "0.4": 27.458488186752234, "0.8": 26.91750094972655}, "AP_width": {"0.1": 0, "0.2": 0.5000000000001137, "0.4": 0.6000000000001364, "0.8": 0.6000000000001364}, "AP_amplitude": {"0.1": 0, "0.2": 75.93478852913823, "0.4": 83.27836397787851, "0.8": 102.59312849801532}, "voltage_base": {"0.1": -75.67417554683033, "0.2": -75.67417554683033, "0.4": -75.67417554683033, "0.8": -75.67417554683033}}}}