{"BBP": {"L4_BP_cACint209_1": {"mean_frequency": {"0.1": 29.949238578700466, "0.2": 55.32714075431387, "0.4": 139.5139513952344, "0.8": 198.93766285842344}, "ISI_CV": {"0.1": 0.2546536734167117, "0.2": 0.7135243567306683, "0.4": 0.1175510051208532, "0.8": 0.04754775956451971}, "time_to_first_spike": {"0.1": 1.6000000000909722, "0.2": 1.0000000000908358, "0.4": 0.6000000000907448, "0.8": 0.40000000009069936}, "time_to_second_spike": {"0.1": 9.600000000092791, "0.2": 7.400000000092291, "0.4": 5.700000000091904, "0.8": 4.400000000091609}, "AP_height": {"0.1": 41.81732580403531, "0.2": 43.14864254210386, "0.4": 42.64023405473186, "0.8": 45.35439210965013}, "AP_width": {"0.1": 0.9000000000002046, "0.2": 0.9000000000002046, "0.4": 0.9000000000002046, "0.8": 1.0000000000002274}, "AP_amplitude": {"0.1": 112.49421568966736, "0.2": 113.82553242575351, "0.4": 113.3171239344168, "0.8": 116.03128198140584}, "voltage_base": {"0.1": -70.67621139152416, "0.2": -70.67621139152416, "0.4": -70.67621139152416, "0.8": -70.67621139152416}}}, "NetPyNE": {"L4_BP_cACint209_1": {"mean_frequency": {"0.1": 29.8311254929922, "0.2": 55.120101137837594, "0.4": 138.56928464241537, "0.8": 196.34360130241242}, "ISI_CV": {"0.1": 0.2548108796407491, "0.2": 0.7095210004335983, "0.4": 0.11710815751900347, "0.8": 0.047912601813143205}, "time_to_first_spike": {"0.1": 1.6000000000909722, "0.2": 1.0000000000908358, "0.4": 0.7000000000907676, "0.8": 0.40000000009069936}, "time_to_second_spike": {"0.1": 9.700000000092814, "0.2": 7.500000000092314, "0.4": 5.800000000091927, "0.8": 4.500000000091632}, "AP_height": {"0.1": 39.739533395888515, "0.2": 40.48038194660678, "0.4": 40.87465241461025, "0.8": 44.1041213393274}, "AP_width": {"0.1": 0.9000000000002046, "0.2": 0.9000000000002046, "0.4": 0.9000000000002046, "0.8": 1.0000000000002274}, "AP_amplitude": {"0.1": 110.41642232757322, "0.2": 111.15727084572796, "0.4": 111.55154142771593, "0.8": 114.7810102966333}, "voltage_base": {"0.1": -70.67621047569433, "0.2": -70.67621047569433, "0.4": -70.67621047569433, "0.8": -70.67621047569433}}}}