{"BBP": {"L5_ChC_cNAC187_4": {"mean_frequency": {"0.1": 37.932429698589324, "0.2": 61.50123506582786, "0.4": 95.47258931718456, "0.8": 155.11633725299174}, "ISI_CV": {"0.1": 0.012965667346184822, "0.2": 0.008779502858523948, "0.4": 0.016713715676810893, "0.8": 0.11177701372411958}, "time_to_first_spike": {"0.1": 10.000000000092882, "0.2": 4.700000000091677, "0.4": 2.400000000091154, "0.8": 1.4000000000909267}, "time_to_second_spike": {"0.1": 34.600000000098476, "0.2": 18.800000000094883, "0.4": 11.4000000000932, "0.8": 7.900000000092405}, "AP_height": {"0.1": 13.597996815864906, "0.2": 16.144828108651364, "0.4": 18.5224608670198, "0.8": 22.663781998346508}, "AP_width": {"0.1": 0.8000000000001819, "0.2": 0.8000000000001819, "0.4": 0.8000000000001819, "0.8": 0.8000000000001819}, "AP_amplitude": {"0.1": 68.62940121567713, "0.2": 71.7692499461057, "0.4": 73.89841482266709, "0.8": 91.00999955439538}, "voltage_base": {"0.1": -68.34361181546522, "0.2": -68.34361181546522, "0.4": -68.34361181546522, "0.8": -68.34361181546522}}}, "NetPyNE": {"L5_ChC_cNAC187_4": {"mean_frequency": {"0.1": 37.77956880921362, "0.2": 61.2511296315307, "0.4": 95.1046150766489, "0.8": 153.45628607634623}, "ISI_CV": {"0.1": 0.012708708107274582, "0.2": 0.008652725919841365, "0.4": 0.017815329608019778, "0.8": 0.10919394236613296}, "time_to_first_spike": {"0.1": 10.100000000092905, "0.2": 4.8000000000917, "0.4": 2.500000000091177, "0.8": 1.5000000000909495}, "time_to_second_spike": {"0.1": 34.900000000098544, "0.2": 19.00000000009493, "0.4": 11.500000000093223, "0.8": 8.000000000092427}, "AP_height": {"0.1": 13.811251619276959, "0.2": 16.00035340252073, "0.4": 19.693689815000056, "0.8": 21.659855398867975}, "AP_width": {"0.1": 0.8000000000001819, "0.2": 0.8000000000001819, "0.4": 0.7000000000001592, "0.8": 0.8000000000001819}, "AP_amplitude": {"0.1": 68.54227513104416, "0.2": 70.98726903501476, "0.4": 74.01352448922185, "0.8": 90.00606887050131}, "voltage_base": {"0.1": -68.34360772671745, "0.2": -68.34360772671745, "0.4": -68.34360772671745, "0.8": -68.34360772671745}}}}