{"BBP": {"L23_DBC_bIR215_1": {"mean_frequency": {"0.1": 10.033109260566663, "0.2": 15.555221034683655, "0.4": 21.762234930932294, "0.8": 30.500203334709525}, "ISI_CV": {"0.1": 0.3191245465409662, "0.2": 0.2911932497940405, "0.4": 0.30066480905551946, "0.8": 0.3037499707968902}, "time_to_first_spike": {"0.1": 6.300000000092041, "0.2": 2.400000000091154, "0.4": 1.2000000000908813, "0.8": 0.7000000000907676}, "time_to_second_spike": {"0.1": 33.500000000098225, "0.2": 19.700000000095088, "0.4": 11.900000000093314, "0.8": 7.900000000092405}, "AP_height": {"0.1": 23.429029574118616, "0.2": 31.93034128121286, "0.4": 31.645023869933297, "0.8": 33.874467837369544}, "AP_width": {"0.1": 0.5000000000001137, "0.2": 0.5000000000001137, "0.4": 0.6000000000001364, "0.8": 0.6000000000001364}, "AP_amplitude": {"0.1": 80.02380843517449, "0.2": 105.57474458930024, "0.4": 105.17904031695706, "0.8": 107.76495376089406}, "voltage_base": {"0.1": -73.81701026684978, "0.2": -73.81701026684978, "0.4": -73.81701026684978, "0.8": -73.81701026684978}}}, "NetPyNE": {"L23_DBC_bIR215_1": {"mean_frequency": {"0.1": 6.023766496909939, "0.2": 14.048597741827416, "0.4": 20.57923003565118, "0.8": 29.138407435337545}, "ISI_CV": {"0.1": 0.12658475515557807, "0.2": 0.27743930724663907, "0.4": 0.2775033916229414, "0.8": 0.2827773625222558}, "time_to_first_spike": {"0.1": 8.900000000092632, "0.2": 3.0000000000912905, "0.4": 1.4000000000909267, "0.8": 0.8000000000907903}, "time_to_second_spike": {"0.1": 50.00000000010198, "0.2": 21.30000000009545, "0.4": 12.800000000093519, "0.8": 8.400000000092518}, "AP_height": {"0.1": 22.34651174104363, "0.2": 27.628589824476013, "0.4": 30.40927876431299, "0.8": 30.971387549562085}, "AP_width": {"0.1": 0.5000000000001137, "0.2": 0.5000000000001137, "0.4": 0.6000000000001364, "0.8": 0.6000000000001364}, "AP_amplitude": {"0.1": 77.74524895920193, "0.2": 103.46174097407967, "0.4": 106.24242985762264, "0.8": 106.80453837495652}, "voltage_base": {"0.1": -75.83170553155114, "0.2": -75.83170553155114, "0.4": -75.83170553155114, "0.8": -75.83170553155114}}}}