{"BBP": {"L23_MC_cNAC187_2": {"mean_frequency": {"0.1": 42.97487233937893, "0.2": 66.56989839335823, "0.4": 99.95479431419716, "0.8": 152.73674195012634}, "ISI_CV": {"0.1": 0.02190051120594137, "0.2": 0.016940384249947565, "0.4": 0.011342012873940027, "0.8": 0.03390867372761085}, "time_to_first_spike": {"0.1": 7.2000000000922455, "0.2": 3.500000000091404, "0.4": 1.8000000000910177, "0.8": 1.1000000000908585}, "time_to_second_spike": {"0.1": 28.50000000009709, "0.2": 16.300000000094315, "0.4": 10.200000000092928, "0.8": 7.2000000000922455}, "AP_height": {"0.1": 19.096129829649733, "0.2": 18.537255396736683, "0.4": 24.967260700739452, "0.8": 24.253551662023657}, "AP_width": {"0.1": 0.7000000000001592, "0.2": 0.8000000000001819, "0.4": 0.8000000000001819, "0.8": 0.7000000000001592}, "AP_amplitude": {"0.1": 74.24911933595598, "0.2": 73.34773194430457, "0.4": 93.57868916641985, "0.8": 92.8649801256651}, "voltage_base": {"0.1": -68.60871726485577, "0.2": -68.60871726485577, "0.4": -68.60871726485577, "0.8": -68.60871726485577}}}, "NetPyNE": {"L23_MC_cNAC187_2": {"mean_frequency": {"0.1": 42.83410602703974, "0.2": 66.3516638182817, "0.4": 99.55475511538111, "0.8": 152.11408556427656}, "ISI_CV": {"0.1": 0.021596683050375546, "0.2": 0.016364129626826623, "0.4": 0.011107046268254057, "0.8": 0.035214753330249475}, "time_to_first_spike": {"0.1": 7.300000000092268, "0.2": 3.500000000091404, "0.4": 1.9000000000910404, "0.8": 1.1000000000908585}, "time_to_second_spike": {"0.1": 28.700000000097134, "0.2": 16.50000000009436, "0.4": 10.30000000009295, "0.8": 7.300000000092268}, "AP_height": {"0.1": 18.711145152604704, "0.2": 21.22190444899275, "0.4": 23.010310409219958, "0.8": 26.779890042829994}, "AP_width": {"0.1": 0.7000000000001592, "0.2": 0.7000000000001592, "0.4": 0.8000000000001819, "0.8": 0.8000000000001819}, "AP_amplitude": {"0.1": 73.00792271405713, "0.2": 76.28591096505617, "0.4": 91.6217342480784, "0.8": 95.39131393538771}, "voltage_base": {"0.1": -68.60871268816652, "0.2": -68.60871268816652, "0.4": -68.60871268816652, "0.8": -68.60871268816652}}}}