{"BBP": {"L5_BTC_cNAC187_3": {"mean_frequency": {"0.1": 46.84666532342489, "0.2": 75.81843743728788, "0.4": 115.31134061975146, "0.8": 183.5704451583032}, "ISI_CV": {"0.1": 0.009428716201576252, "0.2": 0.010888468533981694, "0.4": 0.021507981405238002, "0.8": 0.12167827043728889}, "time_to_first_spike": {"0.1": 7.100000000092223, "0.2": 3.200000000091336, "0.4": 1.8000000000910177, "0.8": 1.1000000000908585}, "time_to_second_spike": {"0.1": 26.500000000096634, "0.2": 14.30000000009386, "0.4": 9.500000000092768, "0.8": 6.900000000092177}, "AP_height": {"0.1": 16.347239024193055, "0.2": 18.08648693831759, "0.4": 21.80744958261809, "0.8": 24.619484780481514}, "AP_width": {"0.1": 0.7000000000001592, "0.2": 0.7000000000001592, "0.4": 0.7000000000001592, "0.8": 0.7000000000001592}, "AP_amplitude": {"0.1": 72.85725998916136, "0.2": 74.49266097549177, "0.4": 89.65159382748676, "0.8": 92.46362902309444}, "voltage_base": {"0.1": -67.84169901523909, "0.2": -67.84169901523909, "0.4": -67.84169901523909, "0.8": -67.84169901523909}}}, "NetPyNE": {"L5_BTC_cNAC187_3": {"mean_frequency": {"0.1": 46.614204801796, "0.2": 75.45271629783792, "0.4": 114.74670541672377, "0.8": 183.04914744228284}, "ISI_CV": {"0.1": 0.009340438475771214, "0.2": 0.011197003951311173, "0.4": 0.022690602374714115, "0.8": 0.12447272054069498}, "time_to_first_spike": {"0.1": 7.2000000000922455, "0.2": 3.200000000091336, "0.4": 1.8000000000910177, "0.8": 1.1000000000908585}, "time_to_second_spike": {"0.1": 26.70000000009668, "0.2": 14.400000000093883, "0.4": 9.600000000092791, "0.8": 7.0000000000922}, "AP_height": {"0.1": 13.844259699839265, "0.2": 17.58201467078958, "0.4": 22.687919001075414, "0.8": 26.768599916223078}, "AP_width": {"0.1": 0.7000000000001592, "0.2": 0.7000000000001592, "0.4": 0.7000000000001592, "0.8": 0.7000000000001592}, "AP_amplitude": {"0.1": 69.89839170350746, "0.2": 73.14860901473278, "0.4": 90.532059532877, "0.8": 94.61274044342763}, "voltage_base": {"0.1": -67.84169529622636, "0.2": -67.84169529622636, "0.4": -67.84169529622636, "0.8": -67.84169529622636}}}}