{"BBP": {"L5_MC_bSTUT213_3": {"mean_frequency": {"0.1": 0, "0.2": 29.840178029556935, "0.4": 118.40256873377498, "0.8": 184.96240601516328}, "ISI_CV": {"0.1": 0, "0.2": 0.47568747705287623, "0.4": 0.017699560064606983, "0.8": 0.012810207987346727}, "time_to_first_spike": {"0.1": 0, "0.2": 7.2000000000922455, "0.4": 3.0000000000912905, "0.8": 1.5000000000909495}, "time_to_second_spike": {"0.1": 0, "0.2": 18.600000000094838, "0.4": 10.500000000092996, "0.8": 7.500000000092314}, "AP_height": {"0.1": 0, "0.2": 11.642796902554949, "0.4": 18.513115420082677, "0.8": 22.635420344470845}, "AP_width": {"0.1": 0, "0.2": 0.6000000000001364, "0.4": 0.6000000000001364, "0.8": 0.6000000000001364}, "AP_amplitude": {"0.1": 0, "0.2": 68.57263079580211, "0.4": 93.11635826144982, "0.8": 96.99069833096763}, "voltage_base": {"0.1": -74.43326640566005, "0.2": -74.43326640566005, "0.4": -74.43326640566005, "0.8": -74.43326640566005}}}, "NetPyNE": {"L5_MC_bSTUT213_3": {"mean_frequency": {"0.1": 0, "0.2": 21.43513320405653, "0.4": 114.58020614437892, "0.8": 178.95633866371375}, "ISI_CV": {"0.1": 0, "0.2": 0.19043584540859984, "0.4": 0.01171132129305716, "0.8": 0.010693725162772328}, "time_to_first_spike": {"0.1": 0, "0.2": 7.6000000000923364, "0.4": 3.200000000091336, "0.8": 1.6000000000909722}, "time_to_second_spike": {"0.1": 0, "0.2": 19.00000000009493, "0.4": 10.800000000093064, "0.8": 7.6000000000923364}, "AP_height": {"0.1": 0, "0.2": 9.107570404293714, "0.4": 14.45392147469498, "0.8": 22.347072407548595}, "AP_width": {"0.1": 0, "0.2": 0.6000000000001364, "0.4": 0.6000000000001364, "0.8": 0.6000000000001364}, "AP_amplitude": {"0.1": 0, "0.2": 65.44398850434249, "0.4": 89.55253854302757, "0.8": 97.44568949760102}, "voltage_base": {"0.1": -75.09858308403248, "0.2": -75.09858308403248, "0.4": -75.09858308403248, "0.8": -75.09858308403248}}}}