{"BBP": {"L23_MC_bNAC219_5": {"mean_frequency": {"0.1": 28.001221871518773, "0.2": 78.59824780981563, "0.4": 122.6103493144663, "0.8": 181.6453162531259}, "ISI_CV": {"0.1": 0.13981121805014318, "0.2": 0.023986920749902538, "0.4": 0.01507238072993376, "0.8": 0.015662254149790118}, "time_to_first_spike": {"0.1": 10.700000000093041, "0.2": 4.8000000000917, "0.4": 2.500000000091177, "0.8": 1.4000000000909267}, "time_to_second_spike": {"0.1": 27.000000000096747, "0.2": 15.000000000094019, "0.4": 10.000000000092882, "0.8": 7.400000000092291}, "AP_height": {"0.1": 7.788222048278732, "0.2": 14.298212066474361, "0.4": 17.38949451169717, "0.8": 17.31593671021485}, "AP_width": {"0.1": 0.6000000000001364, "0.2": 0.6000000000001364, "0.4": 0.6000000000001364, "0.8": 0.7000000000001592}, "AP_amplitude": {"0.1": 64.28432560166107, "0.2": 70.17600447079487, "0.4": 73.10113995213595, "0.8": 87.85752616559745}, "voltage_base": {"0.1": -70.54148205882292, "0.2": -70.54148205882292, "0.4": -70.54148205882292, "0.8": -70.54148205882292}}}, "NetPyNE": {"L23_MC_bNAC219_5": {"mean_frequency": {"0.1": 27.91028113266884, "0.2": 78.20724921046072, "0.4": 121.76178784394706, "0.8": 180.55416624999773}, "ISI_CV": {"0.1": 0.1396278178570676, "0.2": 0.02380298242939391, "0.4": 0.015052915791002496, "0.8": 0.014746480477534695}, "time_to_first_spike": {"0.1": 10.800000000093064, "0.2": 4.9000000000917225, "0.4": 2.500000000091177, "0.8": 1.5000000000909495}, "time_to_second_spike": {"0.1": 27.200000000096793, "0.2": 15.200000000094064, "0.4": 10.200000000092928, "0.8": 7.500000000092314}, "AP_height": {"0.1": 8.004235698767054, "0.2": 13.493530464598788, "0.4": 14.255211691446998, "0.8": 20.7274828988209}, "AP_width": {"0.1": 0.6000000000001364, "0.2": 0.7000000000001592, "0.4": 0.6000000000001364, "0.8": 0.6000000000001364}, "AP_amplitude": {"0.1": 64.09307941372256, "0.2": 69.7154362506535, "0.4": 68.92234871728529, "0.8": 91.26907225014897}, "voltage_base": {"0.1": -70.54148195412337, "0.2": -70.54148195412337, "0.4": -70.54148195412337, "0.8": -70.54148195412337}}}}