{"BBP": {"L1_DAC_cNAC187_1": {"mean_frequency": {"0.1": 51.97557652524087, "0.2": 80.24072216655401, "0.4": 128.14736947498324, "0.8": 217.39130434692024}, "ISI_CV": {"0.1": 0.011176821712663276, "0.2": 0.013340370441978961, "0.4": 0.05992723732474762, "0.8": 0.06668135286615658}, "time_to_first_spike": {"0.1": 6.300000000092041, "0.2": 3.4000000000913815, "0.4": 2.000000000091063, "0.8": 1.300000000090904}, "time_to_second_spike": {"0.1": 23.900000000096043, "0.2": 14.400000000093883, "0.4": 9.800000000092837, "0.8": 7.2000000000922455}, "AP_height": {"0.1": 10.74388587377141, "0.2": 13.883228555894368, "0.4": 16.986313524975756, "0.8": 20.532817138332476}, "AP_width": {"0.1": 0.8000000000001819, "0.2": 0.8000000000001819, "0.4": 0.8000000000001819, "0.8": 0.9000000000002046}, "AP_amplitude": {"0.1": 67.86117356398803, "0.2": 70.40240699362141, "0.4": 85.70894212930794, "0.8": 89.25544574060991}, "voltage_base": {"0.1": -68.71983986007108, "0.2": -68.71983986007108, "0.4": -68.71983986007108, "0.8": -68.71983986007108}}}, "NetPyNE": {"L1_DAC_cNAC187_1": {"mean_frequency": {"0.1": 51.75879396988439, "0.2": 79.90351273938788, "0.4": 128.78332331137236, "0.8": 218.57923497154565}, "ISI_CV": {"0.1": 0.010082894636921353, "0.2": 0.013878578519691005, "0.4": 0.06729353891529649, "0.8": 0.051425947722657996}, "time_to_first_spike": {"0.1": 6.400000000092064, "0.2": 3.500000000091404, "0.4": 2.100000000091086, "0.8": 1.300000000090904}, "time_to_second_spike": {"0.1": 24.100000000096088, "0.2": 14.600000000093928, "0.4": 9.90000000009286, "0.8": 7.300000000092268}, "AP_height": {"0.1": 9.972103813512648, "0.2": 14.728207794458138, "0.4": 18.126388720616163, "0.8": 21.764310305599793}, "AP_width": {"0.1": 0.8000000000001819, "0.2": 0.8000000000001819, "0.4": 0.8000000000001819, "0.8": 0.8000000000001819}, "AP_amplitude": {"0.1": 66.48745402725972, "0.2": 70.41539887992418, "0.4": 86.84901259037997, "0.8": 90.48693422986888}, "voltage_base": {"0.1": -68.71983517678207, "0.2": -68.71983517678207, "0.4": -68.71983517678207, "0.8": -68.71983517678207}}}}