{"BBP": {"L6_BP_dSTUT214_5": {"mean_frequency": {"0.1": 24.918633035004643, "0.2": 80.66536399624701, "0.4": 137.5756666167327, "0.8": 268.1869278948304}, "ISI_CV": {"0.1": 0.3322076018894646, "0.2": 0.04417894553495356, "0.4": 0.054359393075451366, "0.8": 0.10586721952117714}, "time_to_first_spike": {"0.1": 50.700000000102136, "0.2": 4.500000000091632, "0.4": 1.8000000000910177, "0.8": 0.900000000090813}, "time_to_second_spike": {"0.1": 109.10000000011541, "0.2": 15.300000000094087, "0.4": 8.80000000009261, "0.8": 6.100000000091995}, "AP_height": {"0.1": 13.667084934581778, "0.2": 18.781783062529684, "0.4": 22.334547267318904, "0.8": 28.49647983346803}, "AP_width": {"0.1": 0.6000000000001364, "0.2": 0.7000000000001592, "0.4": 0.7000000000001592, "0.8": 0.8000000000001819}, "AP_amplitude": {"0.1": 69.57797874387828, "0.2": 94.01697207423666, "0.4": 97.46070765494284, "0.8": 103.85317306178405}, "voltage_base": {"0.1": -75.38673712821816, "0.2": -75.38673712821816, "0.4": -75.38673712821816, "0.8": -75.38673712821816}}}, "NetPyNE": {"L6_BP_dSTUT214_5": {"mean_frequency": {"0.1": 0, "0.2": 70.18951168158785, "0.4": 127.43966685072125, "0.8": 246.90739720555672}, "ISI_CV": {"0.1": 0, "0.2": 0.03182156932010247, "0.4": 0.044611435609806176, "0.8": 0.09491994210468718}, "time_to_first_spike": {"0.1": 0, "0.2": 5.3000000000918135, "0.4": 2.000000000091063, "0.8": 1.0000000000908358}, "time_to_second_spike": {"0.1": 0, "0.2": 18.200000000094747, "0.4": 9.400000000092746, "0.8": 6.400000000092064}, "AP_height": {"0.1": 0, "0.2": 18.949670964728078, "0.4": 24.804273914736196, "0.8": 28.06151041710832}, "AP_width": {"0.1": 0, "0.2": 0.6000000000001364, "0.4": 0.7000000000001592, "0.8": 0.8000000000001819}, "AP_amplitude": {"0.1": 0, "0.2": 95.72134045730351, "0.4": 101.57594346740943, "0.8": 104.83317990139602}, "voltage_base": {"0.1": -76.76952257734033, "0.2": -76.76952257734033, "0.4": -76.76952257734033, "0.8": -76.76952257734033}}}}