{"BBP": {"L4_NGC_bNAC219_1": {"mean_frequency": {"0.1": 31.26260588949276, "0.2": 88.46888509104227, "0.4": 160.50802540137923, "0.8": 238.09523809347178}, "ISI_CV": {"0.1": 0.15094256195029748, "0.2": 0.026336360977546113, "0.4": 0.014040677159478807, "0.8": 0}, "time_to_first_spike": {"0.1": 13.900000000093769, "0.2": 6.500000000092086, "0.4": 3.200000000091336, "0.8": 1.8000000000910177}, "time_to_second_spike": {"0.1": 27.200000000096793, "0.2": 15.700000000094178, "0.4": 10.500000000092996, "0.8": 7.6000000000923364}, "AP_height": {"0.1": -0.15960327149456335, "0.2": 3.479269419041879, "0.4": 8.415926078680155, "0.8": 11.386196369734048}, "AP_width": {"0.1": 0.7000000000001592, "0.2": 0.7000000000001592, "0.4": 0.7000000000001592, "0.8": 0.8000000000001819}, "AP_amplitude": {"0.1": 55.71392117642905, "0.2": 59.24248109964241, "0.4": 63.20022820147639, "0.8": 81.03189239772502}, "voltage_base": {"0.1": -69.64557646073663, "0.2": -69.64557646073663, "0.4": -69.64557646073663, "0.8": -69.64557646073663}}}, "NetPyNE": {"L4_NGC_bNAC219_1": {"mean_frequency": {"0.1": 31.295744788270166, "0.2": 88.51327699160892, "0.4": 159.1910292351903, "0.8": 236.22047243920585}, "ISI_CV": {"0.1": 0.1509071433792171, "0.2": 0.026212375502106422, "0.4": 0.013980455674455257, "0.8": 0}, "time_to_first_spike": {"0.1": 14.000000000093792, "0.2": 6.500000000092086, "0.4": 3.3000000000913587, "0.8": 1.8000000000910177}, "time_to_second_spike": {"0.1": 27.300000000096816, "0.2": 15.900000000094224, "0.4": 10.600000000093019, "0.8": 7.800000000092382}, "AP_height": {"0.1": -0.4272661619369796, "0.2": 2.9893321141281173, "0.4": 8.733018019439491, "0.8": 12.418302231083036}, "AP_width": {"0.1": 0.7000000000001592, "0.2": 0.7000000000001592, "0.4": 0.8000000000001819, "0.8": 0.7000000000001592}, "AP_amplitude": {"0.1": 55.0849622940357, "0.2": 57.732106042627755, "0.4": 63.92305698813299, "0.8": 82.06399810930694}, "voltage_base": {"0.1": -69.64557631015447, "0.2": -69.64557631015447, "0.4": -69.64557631015447, "0.8": -69.64557631015447}}}}