{"BBP": {"L23_BP_cACint209_3": {"mean_frequency": {"0.1": 26.049494038691183, "0.2": 46.22418730847735, "0.4": 99.64947421138471, "0.8": 200.22024226662927}, "ISI_CV": {"0.1": 0.24208681475465993, "0.2": 0.19953816873216962, "0.4": 0.13438800825587727, "0.8": 0.049032472031409265}, "time_to_first_spike": {"0.1": 3.3000000000913587, "0.2": 1.8000000000910177, "0.4": 1.1000000000908585, "0.8": 0.7000000000907676}, "time_to_second_spike": {"0.1": 13.400000000093655, "0.2": 9.600000000092791, "0.4": 7.2000000000922455, "0.8": 5.500000000091859}, "AP_height": {"0.1": 37.4977476205132, "0.2": 38.30707152303143, "0.4": 39.31483698879542, "0.8": 39.34040368436018}, "AP_width": {"0.1": 0.9000000000002046, "0.2": 1.0000000000002274, "0.4": 0.9000000000002046, "0.8": 1.0000000000002274}, "AP_amplitude": {"0.1": 93.83447101820686, "0.2": 111.42202299043979, "0.4": 112.42978845388699, "0.8": 112.45535514481824}, "voltage_base": {"0.1": -73.11405538149806, "0.2": -73.11405538149806, "0.4": -73.11405538149806, "0.8": -73.11405538149806}}}, "NetPyNE": {"L23_BP_cACint209_3": {"mean_frequency": {"0.1": 26.052308949751957, "0.2": 46.15693357418347, "0.4": 99.31283543167704, "0.8": 198.22796215661472}, "ISI_CV": {"0.1": 0.24475465296746315, "0.2": 0.1994067407321226, "0.4": 0.13334751443739398, "0.8": 0.04837473980574456}, "time_to_first_spike": {"0.1": 3.4000000000913815, "0.2": 1.9000000000910404, "0.4": 1.1000000000908585, "0.8": 0.7000000000907676}, "time_to_second_spike": {"0.1": 13.500000000093678, "0.2": 9.700000000092814, "0.4": 7.300000000092268, "0.8": 5.600000000091882}, "AP_height": {"0.1": 33.889223375037055, "0.2": 38.14192403927911, "0.4": 39.22170935508296, "0.8": 41.46096346670954}, "AP_width": {"0.1": 0.8000000000001819, "0.2": 0.9000000000002046, "0.4": 1.0000000000002274, "0.8": 1.0000000000002274}, "AP_amplitude": {"0.1": 89.18185366252976, "0.2": 111.25687405678329, "0.4": 112.3366593747837, "0.8": 114.57591354494171}, "voltage_base": {"0.1": -73.11405399734477, "0.2": -73.11405399734477, "0.4": -73.11405399734477, "0.8": -73.11405399734477}}}}