{"BBP": {"L6_BTC_cNAC187_5": {"mean_frequency": {"0.1": 38.08760148343773, "0.2": 61.51845553670283, "0.4": 92.41122997344429, "0.8": 134.7695390782479}, "ISI_CV": {"0.1": 0.022179086741346783, "0.2": 0.01461889428033901, "0.4": 0.010370719245538725, "0.8": 0.026380587593843374}, "time_to_first_spike": {"0.1": 8.700000000092587, "0.2": 4.000000000091518, "0.4": 2.2000000000911086, "0.8": 1.300000000090904}, "time_to_second_spike": {"0.1": 33.00000000009811, "0.2": 18.200000000094747, "0.4": 11.500000000093223, "0.8": 8.10000000009245}, "AP_height": {"0.1": 15.969509205215592, "0.2": 19.789804633774335, "0.4": 24.887808662997, "0.8": 28.042375561399133}, "AP_width": {"0.1": 0.6000000000001364, "0.2": 0.6000000000001364, "0.4": 0.7000000000001592, "0.8": 0.7000000000001592}, "AP_amplitude": {"0.1": 72.76751360666988, "0.2": 76.42253518339305, "0.4": 91.5836837441849, "0.8": 96.62304789188553}, "voltage_base": {"0.1": -68.57773544880222, "0.2": -68.57773544880222, "0.4": -68.57773544880222, "0.8": -68.57773544880222}}}, "NetPyNE": {"L6_BTC_cNAC187_5": {"mean_frequency": {"0.1": 37.87304953797447, "0.2": 61.13755950893656, "0.4": 91.81216134864756, "0.8": 133.94200862856496}, "ISI_CV": {"0.1": 0.022017876233469603, "0.2": 0.01422870044995693, "0.4": 0.010440222824550278, "0.8": 0.027161295137754976}, "time_to_first_spike": {"0.1": 8.80000000009261, "0.2": 4.100000000091541, "0.4": 2.3000000000911314, "0.8": 1.4000000000909267}, "time_to_second_spike": {"0.1": 33.30000000009818, "0.2": 18.400000000094792, "0.4": 11.700000000093269, "0.8": 8.200000000092473}, "AP_height": {"0.1": 16.04378297630186, "0.2": 18.52039888997811, "0.4": 23.023930909881713, "0.8": 24.208309508218015}, "AP_width": {"0.1": 0.6000000000001364, "0.2": 0.7000000000001592, "0.4": 0.6000000000001364, "0.8": 0.8000000000001819}, "AP_amplitude": {"0.1": 72.52030608402794, "0.2": 74.46310620064311, "0.4": 89.76397099552882, "0.8": 92.78897721954337}, "voltage_base": {"0.1": -68.57773082452302, "0.2": -68.57773082452302, "0.4": -68.57773082452302, "0.8": -68.57773082452302}}}}