{"BBP": {"L4_BP_bIR215_3": {"mean_frequency": {"0.1": 13.044612575015263, "0.2": 18.699145903888954, "0.4": 27.03116233999888, "0.8": 42.7307460285832}, "ISI_CV": {"0.1": 0.3170262135701209, "0.2": 0.30687501678114937, "0.4": 0.30358101405073296, "0.8": 0.3051359544349452}, "time_to_first_spike": {"0.1": 1.8000000000910177, "0.2": 1.1000000000908585, "0.4": 0.7000000000907676, "0.8": 0.40000000009069936}, "time_to_second_spike": {"0.1": 19.600000000095065, "0.2": 13.100000000093587, "0.4": 9.100000000092678, "0.8": 6.8000000000921546}, "AP_height": {"0.1": 34.29392980828741, "0.2": 37.17344517221417, "0.4": 37.90724874379755, "0.8": 39.24387340673526}, "AP_width": {"0.1": 0.6000000000001364, "0.2": 0.6000000000001364, "0.4": 0.6000000000001364, "0.8": 0.6000000000001364}, "AP_amplitude": {"0.1": 106.44003986812916, "0.2": 109.85009185180695, "0.4": 111.04355660438604, "0.8": 112.29487103441917}, "voltage_base": {"0.1": -73.11753294359774, "0.2": -73.11753294359774, "0.4": -73.11753294359774, "0.8": -73.11753294359774}}}, "NetPyNE": {"L4_BP_bIR215_3": {"mean_frequency": {"0.1": 11.970438222137725, "0.2": 17.88725916084409, "0.4": 26.052308949751957, "0.8": 41.20603015078174}, "ISI_CV": {"0.1": 0.2815290652752825, "0.2": 0.28499833949873854, "0.4": 0.28670142691694395, "0.8": 0.2932451066247415}, "time_to_first_spike": {"0.1": 2.100000000091086, "0.2": 1.2000000000908813, "0.4": 0.8000000000907903, "0.8": 0.5000000000907221}, "time_to_second_spike": {"0.1": 21.700000000095542, "0.2": 14.000000000093792, "0.4": 9.600000000092791, "0.8": 7.100000000092223}, "AP_height": {"0.1": 33.55142798198169, "0.2": 30.250840594066933, "0.4": 33.10438094576, "0.8": 36.14386755213387}, "AP_width": {"0.1": 0.5000000000001137, "0.2": 0.5000000000001137, "0.4": 0.6000000000001364, "0.8": 0.6000000000001364}, "AP_amplitude": {"0.1": 108.80705230593112, "0.2": 105.50646479795803, "0.4": 108.36000540092387, "0.8": 111.39949195292192}, "voltage_base": {"0.1": -75.25371406394355, "0.2": -75.25371406394355, "0.4": -75.25371406394355, "0.8": -75.25371406394355}}}}