{"BBP": {"L5_BP_dSTUT214_5": {"mean_frequency": {"0.1": 23.063424417162825, "0.2": 80.06004503382977, "0.4": 136.73244515685943, "0.8": 268.53291861085944}, "ISI_CV": {"0.1": 0.28089053733485586, "0.2": 0.04413572692251768, "0.4": 0.05331872751324116, "0.8": 0.1070288727963331}, "time_to_first_spike": {"0.1": 82.70000000010941, "0.2": 4.700000000091677, "0.4": 1.8000000000910177, "0.8": 0.900000000090813}, "time_to_second_spike": {"0.1": 170.80000000012944, "0.2": 15.900000000094224, "0.4": 8.900000000092632, "0.8": 6.100000000091995}, "AP_height": {"0.1": 13.898782096952884, "0.2": 18.953223011702658, "0.4": 21.23873670475072, "0.8": 28.573791087779405}, "AP_width": {"0.1": 0.6000000000001364, "0.2": 0.7000000000001592, "0.4": 0.7000000000001592, "0.8": 0.8000000000001819}, "AP_amplitude": {"0.1": 70.40491314799749, "0.2": 94.59783525570901, "0.4": 96.68383201526235, "0.8": 104.11633283964758}, "voltage_base": {"0.1": -75.63134113299026, "0.2": -75.63134113299026, "0.4": -75.63134113299026, "0.8": -75.63134113299026}}}, "NetPyNE": {"L5_BP_dSTUT214_5": {"mean_frequency": {"0.1": 0, "0.2": 70.82935650780918, "0.4": 127.37575848762478, "0.8": 247.69815852698986}, "ISI_CV": {"0.1": 0, "0.2": 0.03089468607194276, "0.4": 0.044029654038663824, "0.8": 0.09631154612563865}, "time_to_first_spike": {"0.1": 0, "0.2": 5.200000000091791, "0.4": 2.000000000091063, "0.8": 1.0000000000908358}, "time_to_second_spike": {"0.1": 0, "0.2": 17.90000000009468, "0.4": 9.400000000092746, "0.8": 6.400000000092064}, "AP_height": {"0.1": 0, "0.2": 19.023776906838165, "0.4": 24.530669747142646, "0.8": 27.738596934135046}, "AP_width": {"0.1": 0, "0.2": 0.6000000000001364, "0.4": 0.7000000000001592, "0.8": 0.8000000000001819}, "AP_amplitude": {"0.1": 0, "0.2": 95.78277270683053, "0.4": 101.28966561392741, "0.8": 104.49759272373261}, "voltage_base": {"0.1": -76.75684676308046, "0.2": -76.75684676308046, "0.4": -76.75684676308046, "0.8": -76.75684676308046}}}}