{"BBP": {"L6_BTC_cNAC187_4": {"mean_frequency": {"0.1": 38.11243167346253, "0.2": 61.604728037705904, "0.4": 92.48554913301076, "0.8": 134.7627874355908}, "ISI_CV": {"0.1": 0.02155228435655346, "0.2": 0.013905456775585056, "0.4": 0.010415679873735333, "0.8": 0.026738076611836872}, "time_to_first_spike": {"0.1": 8.80000000009261, "0.2": 4.000000000091518, "0.4": 2.2000000000911086, "0.8": 1.300000000090904}, "time_to_second_spike": {"0.1": 33.20000000009816, "0.2": 18.30000000009477, "0.4": 11.600000000093246, "0.8": 8.200000000092473}, "AP_height": {"0.1": 14.539089331575866, "0.2": 20.744746380486013, "0.4": 22.401099973287188, "0.8": 26.785102903898675}, "AP_width": {"0.1": 0.7000000000001592, "0.2": 0.6000000000001364, "0.4": 0.7000000000001592, "0.8": 0.7000000000001592}, "AP_amplitude": {"0.1": 71.92204949015132, "0.2": 77.6252167053852, "0.4": 89.1106834646578, "0.8": 95.36765835889994}, "voltage_base": {"0.1": -68.57962234612155, "0.2": -68.57962234612155, "0.4": -68.57962234612155, "0.8": -68.57962234612155}}}, "NetPyNE": {"L6_BTC_cNAC187_4": {"mean_frequency": {"0.1": 37.899843347339846, "0.2": 61.22653819134943, "0.4": 91.88130742587954, "0.8": 133.94200862856496}, "ISI_CV": {"0.1": 0.021356738615763055, "0.2": 0.013558024472608584, "0.4": 0.01040384971464763, "0.8": 0.027567490796715884}, "time_to_first_spike": {"0.1": 8.900000000092632, "0.2": 4.100000000091541, "0.4": 2.3000000000911314, "0.8": 1.4000000000909267}, "time_to_second_spike": {"0.1": 33.500000000098225, "0.2": 18.500000000094815, "0.4": 11.700000000093269, "0.8": 8.300000000092496}, "AP_height": {"0.1": 15.409900934180964, "0.2": 20.651818030859673, "0.4": 24.320286729521918, "0.8": 25.729901474253392}, "AP_width": {"0.1": 0.6000000000001364, "0.2": 0.6000000000001364, "0.4": 0.7000000000001592, "0.8": 0.7000000000001592}, "AP_amplitude": {"0.1": 72.53236808084237, "0.2": 76.93473687702237, "0.4": 91.07463529803513, "0.8": 94.31245231654074}, "voltage_base": {"0.1": -68.57961772830062, "0.2": -68.57961772830062, "0.4": -68.57961772830062, "0.8": -68.57961772830062}}}}