{"BBP": {"L23_BTC_cNAC187_4": {"mean_frequency": {"0.1": 45.164851708767564, "0.2": 73.23802357667378, "0.4": 113.84152457379851, "0.8": 189.4622879826932}, "ISI_CV": {"0.1": 0.007415081479786833, "0.2": 0.011805994924779505, "0.4": 0.023281366671778048, "0.8": 0.12179997813643731}, "time_to_first_spike": {"0.1": 8.200000000092473, "0.2": 3.500000000091404, "0.4": 1.8000000000910177, "0.8": 1.0000000000908358}, "time_to_second_spike": {"0.1": 28.50000000009709, "0.2": 15.100000000094042, "0.4": 9.400000000092746, "0.8": 6.700000000092132}, "AP_height": {"0.1": 17.203128705640104, "0.2": 20.34216160146575, "0.4": 20.533943907003223, "0.8": 25.751444492946163}, "AP_width": {"0.1": 0.7000000000001592, "0.2": 0.7000000000001592, "0.4": 0.8000000000001819, "0.8": 0.8000000000001819}, "AP_amplitude": {"0.1": 71.98962646189244, "0.2": 76.22699255018136, "0.4": 88.4487335052407, "0.8": 93.66623408891743}, "voltage_base": {"0.1": -67.91246695928339, "0.2": -67.91246695928339, "0.4": -67.91246695928339, "0.8": -67.91246695928339}}}, "NetPyNE": {"L23_BTC_cNAC187_4": {"mean_frequency": {"0.1": 45.056320400531256, "0.2": 73.06575918331461, "0.4": 113.53973890869523, "0.8": 188.6425515363704}, "ISI_CV": {"0.1": 0.007477051791780432, "0.2": 0.01235209896468895, "0.4": 0.024450506463585424, "0.8": 0.12345565136186097}, "time_to_first_spike": {"0.1": 8.300000000092496, "0.2": 3.600000000091427, "0.4": 1.8000000000910177, "0.8": 1.1000000000908585}, "time_to_second_spike": {"0.1": 28.700000000097134, "0.2": 15.200000000094064, "0.4": 9.500000000092768, "0.8": 6.8000000000921546}, "AP_height": {"0.1": 16.054789694793723, "0.2": 20.123290009526954, "0.4": 22.10248171752141, "0.8": 23.726783922405797}, "AP_width": {"0.1": 0.7000000000001592, "0.2": 0.7000000000001592, "0.4": 0.8000000000001819, "0.8": 0.8000000000001819}, "AP_amplitude": {"0.1": 71.93866495279968, "0.2": 74.87204264715929, "0.4": 90.01726763502485, "0.8": 91.64156980126867}, "voltage_base": {"0.1": -67.91246323850228, "0.2": -67.91246323850228, "0.4": -67.91246323850228, "0.8": -67.91246323850228}}}}