{"BBP": {"L6_DBC_bSTUT213_5": {"mean_frequency": {"0.1": 14.543630892687915, "0.2": 84.78828015257616, "0.4": 135.1080864692672, "0.8": 196.1569255405657}, "ISI_CV": {"0.1": 0.31142242827903555, "0.2": 0.03364739143479671, "0.4": 0.014330966430493867, "0.8": 0.013181741316593734}, "time_to_first_spike": {"0.1": 10.700000000093041, "0.2": 4.300000000091586, "0.4": 1.9000000000910404, "0.8": 1.1000000000908585}, "time_to_second_spike": {"0.1": 25.400000000096384, "0.2": 13.400000000093655, "0.4": 8.900000000092632, "0.8": 6.8000000000921546}, "AP_height": {"0.1": 12.692105439580368, "0.2": 15.105749390817735, "0.4": 22.697406326164767, "0.8": 22.115183881469015}, "AP_width": {"0.1": 0.5000000000001137, "0.2": 0.6000000000001364, "0.4": 0.6000000000001364, "0.8": 0.7000000000001592}, "AP_amplitude": {"0.1": 69.66998044670106, "0.2": 71.65045979847494, "0.4": 94.84745963844455, "0.8": 95.07163635065419}, "voltage_base": {"0.1": -73.10771054085816, "0.2": -73.10771054085816, "0.4": -73.10771054085816, "0.8": -73.10771054085816}}}, "NetPyNE": {"L6_DBC_bSTUT213_5": {"mean_frequency": {"0.1": 2.7560357182247177, "0.2": 67.10065097651031, "0.4": 127.42048760919663, "0.8": 184.28564274638197}, "ISI_CV": {"0.1": 0.013768549735367118, "0.2": 0.03759491590406937, "0.4": 0.014107761561524268, "0.8": 0.010858137885145348}, "time_to_first_spike": {"0.1": 18.30000000009477, "0.2": 4.700000000091677, "0.4": 2.2000000000911086, "0.8": 1.300000000090904}, "time_to_second_spike": {"0.1": 477.9000000000242, "0.2": 14.400000000093883, "0.4": 9.400000000092746, "0.8": 7.0000000000922}, "AP_height": {"0.1": 8.99064597487724, "0.2": 16.259094793766003, "0.4": 21.37835316185645, "0.8": 20.73880016699737}, "AP_width": {"0.1": 0.5000000000001137, "0.2": 0.6000000000001364, "0.4": 0.6000000000001364, "0.8": 0.7000000000001592}, "AP_amplitude": {"0.1": 65.05383708501455, "0.2": 73.15946082491847, "0.4": 96.03508146159584, "0.8": 95.39552844857427}, "voltage_base": {"0.1": -74.65668930380873, "0.2": -74.65668930380873, "0.4": -74.65668930380873, "0.8": -74.65668930380873}}}}