{"BBP": {"L4_NGC_bNAC219_5": {"mean_frequency": {"0.1": 20.51333366689742, "0.2": 70.0280112045294, "0.4": 115.29399969931139, "0.8": 198.67549668810048}, "ISI_CV": {"0.1": 0.15899625026891231, "0.2": 0.02404392299611836, "0.4": 0.012878928373391167, "0.8": 0.0710639146093104}, "time_to_first_spike": {"0.1": 22.70000000009577, "0.2": 8.000000000092427, "0.4": 3.7000000000914497, "0.8": 2.000000000091063}, "time_to_second_spike": {"0.1": 45.60000000010098, "0.2": 19.200000000094974, "0.4": 12.000000000093337, "0.8": 8.400000000092518}, "AP_height": {"0.1": -1.834679026780064, "0.2": 5.203254687883415, "0.4": 10.725174487249635, "0.8": 15.842678707502145}, "AP_width": {"0.1": 0.6000000000001364, "0.2": 0.6000000000001364, "0.4": 0.7000000000001592, "0.8": 0.7000000000001592}, "AP_amplitude": {"0.1": 50.92035177811968, "0.2": 57.39391721258624, "0.4": 64.91958311442843, "0.8": 85.97869166884634}, "voltage_base": {"0.1": -70.1359159896133, "0.2": -70.1359159896133, "0.4": -70.1359159896133, "0.8": -70.1359159896133}}}, "NetPyNE": {"L4_NGC_bNAC219_5": {"mean_frequency": {"0.1": 20.702888305406884, "0.2": 69.96174753377004, "0.4": 114.94829836369618, "0.8": 197.36842105199844}, "ISI_CV": {"0.1": 0.1576703535169785, "0.2": 0.024364972993269663, "0.4": 0.012689883395817217, "0.8": 0.08353377615836982}, "time_to_first_spike": {"0.1": 23.000000000095838, "0.2": 8.10000000009245, "0.4": 3.8000000000914724, "0.8": 2.100000000091086}, "time_to_second_spike": {"0.1": 45.80000000010102, "0.2": 19.40000000009502, "0.4": 12.10000000009336, "0.8": 8.500000000092541}, "AP_height": {"0.1": -2.2645571513708957, "0.2": 5.302776915242611, "0.4": 9.918806619531132, "0.8": 13.58713323183711}, "AP_width": {"0.1": 0.6000000000001364, "0.2": 0.7000000000001592, "0.4": 0.7000000000001592, "0.8": 0.7000000000001592}, "AP_amplitude": {"0.1": 50.10303652103576, "0.2": 57.92169713755513, "0.4": 64.45044445660851, "0.8": 83.72314594338664}, "voltage_base": {"0.1": -70.13591573922255, "0.2": -70.13591573922255, "0.4": -70.13591573922255, "0.8": -70.13591573922255}}}}