{"BBP": {"L6_BTC_cNAC187_3": {"mean_frequency": {"0.1": 38.13155386084573, "0.2": 61.70052671185531, "0.4": 92.42979856338219, "0.8": 134.54036210872408}, "ISI_CV": {"0.1": 0.021999950466594406, "0.2": 0.01448041963278842, "0.4": 0.010238311100532244, "0.8": 0.0265033102046777}, "time_to_first_spike": {"0.1": 8.700000000092587, "0.2": 4.000000000091518, "0.4": 2.2000000000911086, "0.8": 1.300000000090904}, "time_to_second_spike": {"0.1": 33.100000000098134, "0.2": 18.200000000094747, "0.4": 11.500000000093223, "0.8": 8.200000000092473}, "AP_height": {"0.1": 15.631371174543222, "0.2": 21.166520043006738, "0.4": 23.4303548076573, "0.8": 27.324538815064937}, "AP_width": {"0.1": 0.6000000000001364, "0.2": 0.6000000000001364, "0.4": 0.7000000000001592, "0.8": 0.7000000000001592}, "AP_amplitude": {"0.1": 72.65767176541299, "0.2": 77.98046489442177, "0.4": 90.14798184993884, "0.8": 95.92319842777799}, "voltage_base": {"0.1": -68.59571626619845, "0.2": -68.59571626619845, "0.4": -68.59571626619845, "0.8": -68.59571626619845}}}, "NetPyNE": {"L6_BTC_cNAC187_3": {"mean_frequency": {"0.1": 37.91708796766977, "0.2": 61.318858061963624, "0.4": 91.82598223700352, "0.8": 133.72063905453072}, "ISI_CV": {"0.1": 0.02179624991708206, "0.2": 0.014089832005892831, "0.4": 0.010258143927685325, "0.8": 0.027088919691873537}, "time_to_first_spike": {"0.1": 8.80000000009261, "0.2": 4.100000000091541, "0.4": 2.3000000000911314, "0.8": 1.4000000000909267}, "time_to_second_spike": {"0.1": 33.30000000009818, "0.2": 18.400000000094792, "0.4": 11.700000000093269, "0.8": 8.300000000092496}, "AP_height": {"0.1": 12.955961939732694, "0.2": 20.518073061709313, "0.4": 24.189097566588483, "0.8": 25.31907523463241}, "AP_width": {"0.1": 0.6000000000001364, "0.2": 0.6000000000001364, "0.4": 0.6000000000001364, "0.8": 0.7000000000001592}, "AP_amplitude": {"0.1": 69.68852341310807, "0.2": 76.71263024643235, "0.4": 90.95177142478971, "0.8": 93.91773023697266}, "voltage_base": {"0.1": -68.59571165067032, "0.2": -68.59571165067032, "0.4": -68.59571165067032, "0.8": -68.59571165067032}}}}