{"BBP": {"L6_BP_cNAC187_2": {"mean_frequency": {"0.1": 68.56856856861519, "0.2": 109.21296528237471, "0.4": 210.2733553621135, "0.8": 303.3088235290902}, "ISI_CV": {"0.1": 0.018323144156708635, "0.2": 0.02983882289274603, "0.4": 0.1269935726232797, "0.8": 0.06267347198739719}, "time_to_first_spike": {"0.1": 4.700000000091677, "0.2": 2.000000000091063, "0.4": 1.1000000000908585, "0.8": 0.7000000000907676}, "time_to_second_spike": {"0.1": 16.80000000009443, "0.2": 10.000000000092882, "0.4": 7.100000000092223, "0.8": 5.3000000000918135}, "AP_height": {"0.1": 16.359201978484656, "0.2": 23.595491970507787, "0.4": 25.93950359118044, "0.8": 27.62173621835267}, "AP_width": {"0.1": 0.7000000000001592, "0.2": 0.7000000000001592, "0.4": 0.8000000000001819, "0.8": 0.8000000000001819}, "AP_amplitude": {"0.1": 73.06629948958363, "0.2": 91.41691969373005, "0.4": 93.76093131222291, "0.8": 95.44316393503556}, "voltage_base": {"0.1": -67.81923458891066, "0.2": -67.81923458891066, "0.4": -67.81923458891066, "0.8": -67.81923458891066}}}, "NetPyNE": {"L6_BP_cNAC187_2": {"mean_frequency": {"0.1": 68.42423022745638, "0.2": 108.98498317520333, "0.4": 210.11556356010084, "0.8": 297.23991507395647}, "ISI_CV": {"0.1": 0.0192538514934665, "0.2": 0.03091219275537235, "0.4": 0.12405198872399104, "0.8": 0.06398299425068361}, "time_to_first_spike": {"0.1": 4.8000000000917, "0.2": 2.100000000091086, "0.4": 1.2000000000908813, "0.8": 0.7000000000907676}, "time_to_second_spike": {"0.1": 16.90000000009445, "0.2": 10.200000000092928, "0.4": 7.2000000000922455, "0.8": 5.400000000091836}, "AP_height": {"0.1": 16.000279418809132, "0.2": 22.509359917158086, "0.4": 23.715888733226343, "0.8": 27.427283188718558}, "AP_width": {"0.1": 0.7000000000001592, "0.2": 0.7000000000001592, "0.4": 0.7000000000001592, "0.8": 0.8000000000001819}, "AP_amplitude": {"0.1": 71.65102593413431, "0.2": 90.33078427075057, "0.4": 91.53731298128474, "0.8": 95.24870753307965}, "voltage_base": {"0.1": -67.81923121312805, "0.2": -67.81923121312805, "0.4": -67.81923121312805, "0.8": -67.81923121312805}}}}