{"BBP": {"L23_NBC_bAC217_1": {"mean_frequency": {"0.1": 6.363684573372219, "0.2": 10.109609449831138, "0.4": 13.539551111814527, "0.8": 18.40867253018219}, "ISI_CV": {"0.1": 0.27816249722350045, "0.2": 0.3435164162275181, "0.4": 0.3836412848903987, "0.8": 0.4380194529312581}, "time_to_first_spike": {"0.1": 16.300000000094315, "0.2": 6.8000000000921546, "0.4": 3.3000000000913587, "0.8": 1.8000000000910177}, "time_to_second_spike": {"0.1": 57.90000000010377, "0.2": 30.500000000097543, "0.4": 18.400000000094792, "0.8": 11.700000000093269}, "AP_height": {"0.1": 12.528724959883839, "0.2": 16.002454901860812, "0.4": 23.245904644869995, "0.8": 23.272277942393348}, "AP_width": {"0.1": 0.5000000000001137, "0.2": 0.6000000000001364, "0.4": 0.6000000000001364, "0.8": 0.6000000000001364}, "AP_amplitude": {"0.1": 69.29087518548633, "0.2": 72.59928281192003, "0.4": 79.4581532654077, "0.8": 94.9224211950602}, "voltage_base": {"0.1": -71.6472058555224, "0.2": -71.6472058555224, "0.4": -71.6472058555224, "0.8": -71.6472058555224}}}, "NetPyNE": {"L23_NBC_bAC217_1": {"mean_frequency": {"0.1": 6.261740763936569, "0.2": 10.035387946977593, "0.4": 13.537906137193314, "0.8": 16.769144773627886}, "ISI_CV": {"0.1": 0.274020308784958, "0.2": 0.3447689712851028, "0.4": 0.31600742986865865, "0.8": 0.4864677127514479}, "time_to_first_spike": {"0.1": 16.400000000094337, "0.2": 6.900000000092177, "0.4": 3.4000000000913815, "0.8": 1.8000000000910177}, "time_to_second_spike": {"0.1": 58.300000000103864, "0.2": 30.70000000009759, "0.4": 18.600000000094838, "0.8": 11.800000000093291}, "AP_height": {"0.1": 10.940732326153476, "0.2": 17.2620327714474, "0.4": 21.38713914203896, "0.8": 26.556139771960925}, "AP_width": {"0.1": 0.6000000000001364, "0.2": 0.6000000000001364, "0.4": 0.6000000000001364, "0.8": 0.6000000000001364}, "AP_amplitude": {"0.1": 67.43174124949485, "0.2": 72.87257289190882, "0.4": 76.6453483914153, "0.8": 98.20627822419719}, "voltage_base": {"0.1": -71.64720103816467, "0.2": -71.64720103816467, "0.4": -71.64720103816467, "0.8": -71.64720103816467}}}}