{"BBP": {"L6_ChC_dNAC222_4": {"mean_frequency": {"0.1": 9.046589938187777, "0.2": 43.30966409833225, "0.4": 71.87735611967685, "0.8": 106.89014904408324}, "ISI_CV": {"0.1": 0.0543008637607168, "0.2": 0.016841859577952555, "0.4": 0.02635943443212191, "0.8": 0.021528398541813386}, "time_to_first_spike": {"0.1": 781.4999999997481, "0.2": 7.800000000092382, "0.4": 3.1000000000913133, "0.8": 1.5000000000909495}, "time_to_second_spike": {"0.1": 867.5999999996698, "0.2": 29.500000000097316, "0.4": 14.900000000093996, "0.8": 9.300000000092723}, "AP_height": {"0.1": 18.79317879327079, "0.2": 22.081785692711122, "0.4": 28.519695554317234, "0.8": 28.547981055657615}, "AP_width": {"0.1": 0.5999999999994543, "0.2": 0.7000000000001592, "0.4": 0.8000000000001819, "0.8": 0.8000000000001819}, "AP_amplitude": {"0.1": 70.34919104794571, "0.2": 74.75019668337619, "0.4": 82.73929284994122, "0.8": 101.40501006096952}, "voltage_base": {"0.1": -72.85301023520147, "0.2": -72.85301023520147, "0.4": -72.85301023520147, "0.8": -72.85301023520147}}}, "NetPyNE": {"L6_ChC_dNAC222_4": {"mean_frequency": {"0.1": 9.042045511635214, "0.2": 43.20305435550004, "0.4": 71.69716720987574, "0.8": 106.55327663839161}, "ISI_CV": {"0.1": 0.05482537559414018, "0.2": 0.016184132448884555, "0.4": 0.025380737585121774, "0.8": 0.020198651972559052}, "time_to_first_spike": {"0.1": 781.7999999997478, "0.2": 7.900000000092405, "0.4": 3.200000000091336, "0.8": 1.6000000000909722}, "time_to_second_spike": {"0.1": 867.9999999996694, "0.2": 29.70000000009736, "0.4": 15.100000000094042, "0.8": 9.400000000092746}, "AP_height": {"0.1": 18.66287536524164, "0.2": 21.44967664055902, "0.4": 27.836629481557033, "0.8": 30.74014177900213}, "AP_width": {"0.1": 0.5999999999994543, "0.2": 0.7000000000001592, "0.4": 0.7000000000001592, "0.8": 0.8000000000001819}, "AP_amplitude": {"0.1": 70.65068830121837, "0.2": 74.5808472396852, "0.4": 82.1806770749402, "0.8": 103.59716269797512}, "voltage_base": {"0.1": -72.85300212350468, "0.2": -72.85300212350468, "0.4": -72.85300212350468, "0.8": -72.85300212350468}}}}