{"BBP": {"L6_NBC_cNAC187_4": {"mean_frequency": {"0.1": 24.884464984019676, "0.2": 42.56384576868191, "0.4": 65.29054291602043, "0.8": 96.23577765532077}, "ISI_CV": {"0.1": 0.04459397437010749, "0.2": 0.039258584863519456, "0.4": 0.036256693413010556, "0.8": 0.026248281632842794}, "time_to_first_spike": {"0.1": 15.40000000009411, "0.2": 6.300000000092041, "0.4": 3.1000000000913133, "0.8": 1.700000000090995}, "time_to_second_spike": {"0.1": 52.40000000010252, "0.2": 27.200000000096793, "0.4": 15.700000000094178, "0.8": 10.000000000092882}, "AP_height": {"0.1": 17.270013846378042, "0.2": 21.33257661182591, "0.4": 22.3913693062404, "0.8": 26.995394801088857}, "AP_width": {"0.1": 0.6000000000001364, "0.2": 0.7000000000001592, "0.4": 0.7000000000001592, "0.8": 0.7000000000001592}, "AP_amplitude": {"0.1": 71.98146515804147, "0.2": 76.70655130070807, "0.4": 77.62480073690665, "0.8": 95.92387593218902}, "voltage_base": {"0.1": -68.92539462220981, "0.2": -68.92539462220981, "0.4": -68.92539462220981, "0.8": -68.92539462220981}}}, "NetPyNE": {"L6_NBC_cNAC187_4": {"mean_frequency": {"0.1": 24.77249747221092, "0.2": 42.39212717641027, "0.4": 65.00705502927207, "0.8": 95.77775549098875}, "ISI_CV": {"0.1": 0.044603930217191105, "0.2": 0.03886288381819607, "0.4": 0.035654781663687414, "0.8": 0.025364992461807574}, "time_to_first_spike": {"0.1": 15.500000000094133, "0.2": 6.400000000092064, "0.4": 3.1000000000913133, "0.8": 1.8000000000910177}, "time_to_second_spike": {"0.1": 52.60000000010257, "0.2": 27.40000000009684, "0.4": 15.800000000094201, "0.8": 10.200000000092928}, "AP_height": {"0.1": 15.53591398733766, "0.2": 20.984735032672347, "0.4": 22.293225753991972, "0.8": 25.5848515617931}, "AP_width": {"0.1": 0.6000000000001364, "0.2": 0.6000000000001364, "0.4": 0.7000000000001592, "0.8": 0.7000000000001592}, "AP_amplitude": {"0.1": 69.88433691973029, "0.2": 75.7611204551801, "0.4": 76.53667455712484, "0.8": 94.51332746049778}, "voltage_base": {"0.1": -68.92538938360526, "0.2": -68.92538938360526, "0.4": -68.92538938360526, "0.8": -68.92538938360526}}}}