{"BBP": {"L23_NBC_cIR216_2": {"mean_frequency": {"0.1": 23.730182772913185, "0.2": 41.74630318884233, "0.4": 88.77965591619613, "0.8": 193.64523392557575}, "ISI_CV": {"0.1": 0.26985645054896906, "0.2": 0.22199272932632774, "0.4": 0.11911540900503595, "0.8": 0.05839091101439761}, "time_to_first_spike": {"0.1": 16.90000000009445, "0.2": 6.300000000092041, "0.4": 2.6000000000911996, "0.8": 1.300000000090904}, "time_to_second_spike": {"0.1": 33.20000000009816, "0.2": 16.10000000009427, "0.4": 10.000000000092882, "0.8": 7.100000000092223}, "AP_height": {"0.1": 27.711354503296636, "0.2": 29.259796961432745, "0.4": 30.59251601489519, "0.8": 37.22040706675311}, "AP_width": {"0.1": 0.8000000000001819, "0.2": 0.8000000000001819, "0.4": 0.8000000000001819, "0.8": 1.0000000000002274}, "AP_amplitude": {"0.1": 83.63227821773299, "0.2": 86.08829321983275, "0.4": 104.19143152251726, "0.8": 110.69935793572972}, "voltage_base": {"0.1": -73.40532829842402, "0.2": -73.40532829842402, "0.4": -73.40532829842402, "0.8": -73.40532829842402}}}, "NetPyNE": {"L23_NBC_cIR216_2": {"mean_frequency": {"0.1": 0, "0.2": 25.76278035968608, "0.4": 57.49445228973033, "0.8": 137.0000501832616}, "ISI_CV": {"0.1": 0, "0.2": 0.21374957096073294, "0.4": 0.14123266685139962, "0.8": 0.04910037225310992}, "time_to_first_spike": {"0.1": 0, "0.2": 8.400000000092518, "0.4": 3.3000000000913587, "0.8": 1.6000000000909722}, "time_to_second_spike": {"0.1": 0, "0.2": 20.300000000095224, "0.4": 11.200000000093155, "0.8": 7.6000000000923364}, "AP_height": {"0.1": 0, "0.2": 27.824375622251505, "0.4": 34.17643769119715, "0.8": 36.914352102704356}, "AP_width": {"0.1": 0, "0.2": 0.8000000000001819, "0.4": 0.9000000000002046, "0.8": 0.9000000000002046}, "AP_amplitude": {"0.1": 0, "0.2": 83.59395413320219, "0.4": 111.34136571771815, "0.8": 114.07928012407595}, "voltage_base": {"0.1": -77.16483265475028, "0.2": -77.16483265475028, "0.4": -77.16483265475028, "0.8": -77.16483265475028}}}}