{"BBP": {"L6_DBC_cIR216_3": {"mean_frequency": {"0.1": 0, "0.2": 14.231257941559814, "0.4": 43.50000000002958, "0.8": 102.93231572611931}, "ISI_CV": {"0.1": 0, "0.2": 0.45518038598470606, "0.4": 0.2880666135633073, "0.8": 0.07973465295211862}, "time_to_first_spike": {"0.1": 0, "0.2": 10.600000000093019, "0.4": 4.8000000000917, "0.8": 2.3000000000911314}, "time_to_second_spike": {"0.1": 0, "0.2": 28.800000000097157, "0.4": 13.400000000093655, "0.8": 8.900000000092632}, "AP_height": {"0.1": 0, "0.2": 25.259731310558905, "0.4": 31.332776013027694, "0.8": 32.60827913913186}, "AP_width": {"0.1": 0, "0.2": 0.8000000000001819, "0.4": 0.9000000000002046, "0.8": 1.0000000000002274}, "AP_amplitude": {"0.1": 0, "0.2": 82.08843444153933, "0.4": 87.48046636608925, "0.8": 110.46680476204403}, "voltage_base": {"0.1": -77.90623407095228, "0.2": -77.90623407095228, "0.4": -77.90623407095228, "0.8": -77.90623407095228}}}, "NetPyNE": {"L6_DBC_cIR216_3": {"mean_frequency": {"0.1": 0, "0.2": 18.144246761768265, "0.4": 47.66205097334163, "0.8": 107.09102737334008}, "ISI_CV": {"0.1": 0, "0.2": 0.24624238809488574, "0.4": 0.1564915409480794, "0.8": 0.07441312550476845}, "time_to_first_spike": {"0.1": 0, "0.2": 10.800000000093064, "0.4": 4.8000000000917, "0.8": 2.400000000091154}, "time_to_second_spike": {"0.1": 0, "0.2": 25.500000000096406, "0.4": 13.700000000093723, "0.8": 8.900000000092632}, "AP_height": {"0.1": 0, "0.2": 25.191741356413036, "0.4": 28.45332497513053, "0.8": 34.32968742433103}, "AP_width": {"0.1": 0, "0.2": 0.8000000000001819, "0.4": 0.9000000000002046, "0.8": 0.9000000000002046}, "AP_amplitude": {"0.1": 0, "0.2": 81.76569943554695, "0.4": 84.47865071617537, "0.8": 112.07666198985298}, "voltage_base": {"0.1": -77.74685968655373, "0.2": -77.74685968655373, "0.4": -77.74685968655373, "0.8": -77.74685968655373}}}}