{"BBP": {"L23_MC_dNAC222_2": {"mean_frequency": {"0.1": 28.659057770646434, "0.2": 59.81703026042062, "0.4": 94.69412295211606, "0.8": 144.00000000009794}, "ISI_CV": {"0.1": 0.04003918536246895, "0.2": 0.01120512790619597, "0.4": 0.011795312639009873, "0.8": 0.03006501941968566}, "time_to_first_spike": {"0.1": 17.300000000094542, "0.2": 5.400000000091836, "0.4": 2.500000000091177, "0.8": 1.300000000090904}, "time_to_second_spike": {"0.1": 56.500000000103455, "0.2": 20.300000000095224, "0.4": 11.500000000093223, "0.8": 7.700000000092359}, "AP_height": {"0.1": 12.329516932881509, "0.2": 18.201436392897737, "0.4": 22.99822091721484, "0.8": 27.329061845408173}, "AP_width": {"0.1": 0.7000000000001592, "0.2": 0.8000000000001819, "0.4": 0.7000000000001592, "0.8": 0.8000000000001819}, "AP_amplitude": {"0.1": 67.28403862350926, "0.2": 73.41869140830174, "0.4": 96.37118006149963, "0.8": 100.70202098765377}, "voltage_base": {"0.1": -73.36868397194108, "0.2": -73.36868397194108, "0.4": -73.36868397194108, "0.8": -73.36868397194108}}}, "NetPyNE": {"L23_MC_dNAC222_2": {"mean_frequency": {"0.1": 28.564269606634294, "0.2": 59.583416783537395, "0.4": 94.30649611242926, "0.8": 143.2722172128015}, "ISI_CV": {"0.1": 0.04074511391155747, "0.2": 0.010848683054929285, "0.4": 0.011708822130719807, "0.8": 0.031009167845286765}, "time_to_first_spike": {"0.1": 17.500000000094587, "0.2": 5.400000000091836, "0.4": 2.500000000091177, "0.8": 1.4000000000909267}, "time_to_second_spike": {"0.1": 56.900000000103546, "0.2": 20.50000000009527, "0.4": 11.600000000093246, "0.8": 7.800000000092382}, "AP_height": {"0.1": 14.172169865171098, "0.2": 17.523505103817623, "0.4": 21.808679515093, "0.8": 24.35837923544723}, "AP_width": {"0.1": 0.7000000000001592, "0.2": 0.7000000000001592, "0.4": 0.8000000000001819, "0.8": 0.8000000000001819}, "AP_amplitude": {"0.1": 69.0826235855697, "0.2": 73.03264306415512, "0.4": 95.18162995405146, "0.8": 97.73132958865837}, "voltage_base": {"0.1": -73.36867515477722, "0.2": -73.36867515477722, "0.4": -73.36867515477722, "0.8": -73.36867515477722}}}}