{"BBP": {"L6_IPC_cADpyr231_5": {"mean_frequency": {"0.1": 0, "0.2": 6.616674018531031, "0.4": 11.024200745453326, "0.8": 29.22650541700143}, "ISI_CV": {"0.1": 0, "0.2": 0.30369756931353187, "0.4": 0.2991209845898086, "0.8": 0.14414113562966918}, "time_to_first_spike": {"0.1": 0, "0.2": 21.700000000095542, "0.4": 7.0000000000922, "0.8": 2.6000000000911996}, "time_to_second_spike": {"0.1": 0, "0.2": 59.00000000010402, "0.4": 25.20000000009634, "0.8": 12.000000000093337}, "AP_height": {"0.1": 0, "0.2": 27.109084109318747, "0.4": 32.84000621675332, "0.8": 38.70906523881543}, "AP_width": {"0.1": 0, "0.2": 1.2000000000002728, "0.4": 1.2000000000002728, "0.8": 1.3000000000002956}, "AP_amplitude": {"0.1": 0, "0.2": 79.78606003775535, "0.4": 86.30992346751862, "0.8": 111.23891548061572}, "voltage_base": {"0.1": -72.52970924558004, "0.2": -72.52970924558004, "0.4": -72.52970924558004, "0.8": -72.52970924558004}}}, "NetPyNE": {"L6_IPC_cADpyr231_5": {"mean_frequency": {"0.1": 0, "0.2": 6.595580960760628, "0.4": 10.974080267565878, "0.8": 29.135479981935692}, "ISI_CV": {"0.1": 0, "0.2": 0.30247302070669857, "0.4": 0.2969505742632785, "0.8": 0.14421785891548175}, "time_to_first_spike": {"0.1": 0, "0.2": 21.900000000095588, "0.4": 7.100000000092223, "0.8": 2.7000000000912223}, "time_to_second_spike": {"0.1": 0, "0.2": 58.700000000103955, "0.4": 25.20000000009634, "0.8": 12.000000000093337}, "AP_height": {"0.1": 0, "0.2": 25.78490658753247, "0.4": 32.78194294959869, "0.8": 38.11678696603805}, "AP_width": {"0.1": 0, "0.2": 1.2000000000002728, "0.4": 1.2000000000002728, "0.8": 1.3000000000002956}, "AP_amplitude": {"0.1": 0, "0.2": 77.14468369590703, "0.4": 85.57268158995839, "0.8": 110.6466368960859}, "voltage_base": {"0.1": -72.52970892886853, "0.2": -72.52970892886853, "0.4": -72.52970892886853, "0.8": -72.52970892886853}}}}