{"BBP": {"L1_SLAC_cACint209_5": {"mean_frequency": {"0.1": 33.88630386407313, "0.2": 65.53410293899691, "0.4": 118.14768460583751, "0.8": 238.67900925710498}, "ISI_CV": {"0.1": 0.2281290541853196, "0.2": 0.16046909638889514, "0.4": 0.11347574037209673, "0.8": 0.029233426221838735}, "time_to_first_spike": {"0.1": 4.500000000091632, "0.2": 2.500000000091177, "0.4": 1.5000000000909495, "0.8": 0.900000000090813}, "time_to_second_spike": {"0.1": 14.800000000093974, "0.2": 10.30000000009295, "0.4": 7.6000000000923364, "0.8": 5.700000000091904}, "AP_height": {"0.1": 33.303533170422035, "0.2": 34.97596450915396, "0.4": 34.62994949166671, "0.8": 36.88747194039896}, "AP_width": {"0.1": 0.9000000000002046, "0.2": 0.9000000000002046, "0.4": 0.9000000000002046, "0.8": 0.9000000000002046}, "AP_amplitude": {"0.1": 88.88047813939389, "0.2": 105.8572609379602, "0.4": 107.45757151468561, "0.8": 0}, "voltage_base": {"0.1": -72.8269331111875, "0.2": -72.8269331111875, "0.4": -72.8269331111875, "0.8": -72.8269331111875}}}, "NetPyNE": {"L1_SLAC_cACint209_5": {"mean_frequency": {"0.1": 33.78548736828472, "0.2": 65.49778315199929, "0.4": 117.75316931410518, "0.8": 236.0472094420489}, "ISI_CV": {"0.1": 0.2282027610843203, "0.2": 0.16024800592391655, "0.4": 0.11183349356956679, "0.8": 0.02909762024650414}, "time_to_first_spike": {"0.1": 4.600000000091654, "0.2": 2.6000000000911996, "0.4": 1.5000000000909495, "0.8": 0.900000000090813}, "time_to_second_spike": {"0.1": 15.000000000094019, "0.2": 10.400000000092973, "0.4": 7.700000000092359, "0.8": 5.800000000091927}, "AP_height": {"0.1": 33.518181254684855, "0.2": 35.1264714472362, "0.4": 37.9487016571767, "0.8": 39.675620528908745}, "AP_width": {"0.1": 0.8000000000001819, "0.2": 0.9000000000002046, "0.4": 0.9000000000002046, "0.8": 1.0000000000002274}, "AP_amplitude": {"0.1": 89.56549861668182, "0.2": 106.058179217377, "0.4": 110.77632281983935, "0.8": 0}, "voltage_base": {"0.1": -72.82693212467414, "0.2": -72.82693212467414, "0.4": -72.82693212467414, "0.8": -72.82693212467414}}}}