{"BBP": {"L23_SBC_cACint209_2": {"mean_frequency": {"0.1": 20.8895908697344, "0.2": 32.266196117995165, "0.4": 57.62100410866728, "0.8": 114.62035136901531}, "ISI_CV": {"0.1": 0.27978004648706395, "0.2": 0.2412545645827462, "0.4": 0.1906195536110763, "0.8": 0.1133299787558117}, "time_to_first_spike": {"0.1": 8.80000000009261, "0.2": 4.400000000091609, "0.4": 2.3000000000911314, "0.8": 1.300000000090904}, "time_to_second_spike": {"0.1": 24.600000000096202, "0.2": 15.000000000094019, "0.4": 10.200000000092928, "0.8": 7.400000000092291}, "AP_height": {"0.1": 28.87346114671899, "0.2": 31.89709805075952, "0.4": 32.75507831930718, "0.8": 33.17789550474763}, "AP_width": {"0.1": 0.8000000000001819, "0.2": 0.9000000000002046, "0.4": 1.0000000000002274, "0.8": 1.0000000000002274}, "AP_amplitude": {"0.1": 83.5183827036936, "0.2": 87.0975014680709, "0.4": 88.23419642032096, "0.8": 105.43453269993375}, "voltage_base": {"0.1": -72.25587719541065, "0.2": -72.25587719541065, "0.4": -72.25587719541065, "0.8": -72.25587719541065}}}, "NetPyNE": {"L23_SBC_cACint209_2": {"mean_frequency": {"0.1": 20.856648692658318, "0.2": 32.25156218506521, "0.4": 57.66723498148537, "0.8": 114.50381679397088}, "ISI_CV": {"0.1": 0.2798783906625857, "0.2": 0.24128419872595688, "0.4": 0.18998625658840404, "0.8": 0.1118267480183876}, "time_to_first_spike": {"0.1": 8.900000000092632, "0.2": 4.500000000091632, "0.4": 2.400000000091154, "0.8": 1.4000000000909267}, "time_to_second_spike": {"0.1": 24.700000000096225, "0.2": 15.100000000094042, "0.4": 10.30000000009295, "0.8": 7.500000000092314}, "AP_height": {"0.1": 28.209739575854222, "0.2": 30.010678804520907, "0.4": 34.847942489282616, "0.8": 36.4491404756004}, "AP_width": {"0.1": 0.9000000000002046, "0.2": 0.9000000000002046, "0.4": 0.9000000000002046, "0.8": 0.9000000000002046}, "AP_amplitude": {"0.1": 83.4210017914579, "0.2": 85.37290782712425, "0.4": 90.36168530833302, "0.8": 108.70577672052512}, "voltage_base": {"0.1": -72.25587624615072, "0.2": -72.25587624615072, "0.4": -72.25587624615072, "0.8": -72.25587624615072}}}}