{"BBP": {"L6_NGC_cSTUT189_2": {"mean_frequency": {"0.1": 1.417434443657348, "0.2": 59.5387001551413, "0.4": 96.98979848240164, "0.8": 152.47776365945685}, "ISI_CV": {"0.1": 0, "0.2": 0.07507893962551543, "0.4": 0.021785429283790212, "0.8": 0.08694318420105888}, "time_to_first_spike": {"0.1": 705.4999999998172, "0.2": 5.90000000009195, "0.4": 3.0000000000912905, "0.8": 1.700000000090995}, "time_to_second_spike": {"0.1": 0, "0.2": 20.50000000009527, "0.4": 12.300000000093405, "0.8": 8.10000000009245}, "AP_height": {"0.1": 3.9896185305579444, "0.2": 12.099573568340814, "0.4": 16.51457047551688, "0.8": 21.260097456490616}, "AP_width": {"0.1": 0.7999999999992724, "0.2": 0.8000000000001819, "0.4": 0.8000000000001819, "0.8": 0.8000000000001819}, "AP_amplitude": {"0.1": 57.44065880099015, "0.2": 66.72608201562899, "0.4": 92.16134613095339, "0.8": 96.9020462897783}, "voltage_base": {"0.1": -75.40408073533263, "0.2": -75.40408073533263, "0.4": -75.40408073533263, "0.8": -75.40408073533263}}}, "NetPyNE": {"L6_NGC_cSTUT189_2": {"mean_frequency": {"0.1": 0, "0.2": 58.2475520964493, "0.4": 95.458199356978, "0.8": 150.87507543753568}, "ISI_CV": {"0.1": 0, "0.2": 0.012917467963537196, "0.4": 0.01836693677609736, "0.8": 0.08899801258398096}, "time_to_first_spike": {"0.1": 0, "0.2": 6.100000000091995, "0.4": 3.200000000091336, "0.8": 1.8000000000910177}, "time_to_second_spike": {"0.1": 0, "0.2": 21.700000000095542, "0.4": 12.600000000093473, "0.8": 8.300000000092496}, "AP_height": {"0.1": 0, "0.2": 13.241782487864347, "0.4": 15.741039022273023, "0.8": 19.700907812342557}, "AP_width": {"0.1": 0, "0.2": 0.8000000000001819, "0.4": 0.8000000000001819, "0.8": 0.9000000000002046}, "AP_amplitude": {"0.1": 0, "0.2": 67.71577796158695, "0.4": 70.03325552970038, "0.8": 95.66139786501114}, "voltage_base": {"0.1": -75.95980524833082, "0.2": -75.95980524833082, "0.4": -75.95980524833082, "0.8": -75.95980524833082}}}}