{"BBP": {"L6_BP_bNAC219_4": {"mean_frequency": {"0.1": 93.32196076470139, "0.2": 148.66352988297223, "0.4": 220.055013753588, "0.8": 326.0869565208621}, "ISI_CV": {"0.1": 0.023978991412734536, "0.2": 0.010990352725913552, "0.4": 0.014925165467989622, "0.8": 0.07185395091108188}, "time_to_first_spike": {"0.1": 5.600000000091882, "0.2": 2.2000000000911086, "0.4": 1.2000000000908813, "0.8": 0.7000000000907676}, "time_to_second_spike": {"0.1": 14.000000000093792, "0.2": 9.2000000000927, "0.4": 6.8000000000921546, "0.8": 5.200000000091791}, "AP_height": {"0.1": 10.412216192738489, "0.2": 14.177011043178585, "0.4": 19.87110998945901, "0.8": 23.173655937760724}, "AP_width": {"0.1": 0.6000000000001364, "0.2": 0.6000000000001364, "0.4": 0.6000000000001364, "0.8": 0.7000000000001592}, "AP_amplitude": {"0.1": 66.61725218832893, "0.2": 82.8528842621267, "0.4": 88.54698320626413, "0.8": 91.84952915027995}, "voltage_base": {"0.1": -68.67576449966941, "0.2": -68.67576449966941, "0.4": -68.67576449966941, "0.8": -68.67576449966941}}}, "NetPyNE": {"L6_BP_bNAC219_4": {"mean_frequency": {"0.1": 93.42977697414422, "0.2": 147.96609319366024, "0.4": 217.40219405915693, "0.8": 319.76744185955016}, "ISI_CV": {"0.1": 0.02378732403096211, "0.2": 0.01097055628526742, "0.4": 0.01475088745159774, "0.8": 0.07575741472525294}, "time_to_first_spike": {"0.1": 5.700000000091904, "0.2": 2.3000000000911314, "0.4": 1.2000000000908813, "0.8": 0.8000000000907903}, "time_to_second_spike": {"0.1": 14.200000000093837, "0.2": 9.300000000092723, "0.4": 6.900000000092177, "0.8": 5.3000000000918135}, "AP_height": {"0.1": 10.115995220970303, "0.2": 16.252804120071232, "0.4": 16.57171556063553, "0.8": 20.1028435792741}, "AP_width": {"0.1": 0.6000000000001364, "0.2": 0.6000000000001364, "0.4": 0.7000000000001592, "0.8": 0.7000000000001592}, "AP_amplitude": {"0.1": 66.91175638106478, "0.2": 84.92867733160139, "0.4": 85.2475885587664, "0.8": 88.7787167579244}, "voltage_base": {"0.1": -68.67576446488818, "0.2": -68.67576446488818, "0.4": -68.67576446488818, "0.8": -68.67576446488818}}}}