{"BBP": {"L23_BP_cNAC187_4": {"mean_frequency": {"0.1": 65.11721097980784, "0.2": 93.2751617271583, "0.4": 135.4945551263027, "0.8": 221.61080540285204}, "ISI_CV": {"0.1": 0.08375660807300112, "0.2": 0.0636739648807824, "0.4": 0.019254232092307203, "0.8": 0.07749541555933934}, "time_to_first_spike": {"0.1": 2.400000000091154, "0.2": 1.5000000000909495, "0.4": 0.900000000090813, "0.8": 0.6000000000907448}, "time_to_second_spike": {"0.1": 14.000000000093792, "0.2": 9.700000000092814, "0.4": 7.2000000000922455, "0.8": 5.600000000091882}, "AP_height": {"0.1": 28.96057930291876, "0.2": 26.89080428575449, "0.4": 27.54621088057174, "0.8": 33.421280464032506}, "AP_width": {"0.1": 0.7000000000001592, "0.2": 0.7000000000001592, "0.4": 0.8000000000001819, "0.8": 0.8000000000001819}, "AP_amplitude": {"0.1": 84.90426368757298, "0.2": 95.92382588355156, "0.4": 96.57923247606927, "0.8": 102.45430205493103}, "voltage_base": {"0.1": -69.02991262965983, "0.2": -69.02991262965983, "0.4": -69.02991262965983, "0.8": -69.02991262965983}}}, "NetPyNE": {"L23_BP_cNAC187_4": {"mean_frequency": {"0.1": 64.96122469538096, "0.2": 92.98351427428909, "0.4": 134.81681952597745, "0.8": 220.04400880191}, "ISI_CV": {"0.1": 0.08269803715347161, "0.2": 0.062163920470845714, "0.4": 0.018121367879677747, "0.8": 0.07721427703194175}, "time_to_first_spike": {"0.1": 2.500000000091177, "0.2": 1.5000000000909495, "0.4": 1.0000000000908358, "0.8": 0.7000000000907676}, "time_to_second_spike": {"0.1": 14.100000000093814, "0.2": 9.800000000092837, "0.4": 7.300000000092268, "0.8": 5.700000000091904}, "AP_height": {"0.1": 25.606106542905035, "0.2": 29.977198994404336, "0.4": 30.44671844358739, "0.8": 28.438793283203037}, "AP_width": {"0.1": 0.7000000000001592, "0.2": 0.7000000000001592, "0.4": 0.7000000000001592, "0.8": 0.8000000000001819}, "AP_amplitude": {"0.1": 81.59997517276206, "0.2": 99.0102148693412, "0.4": 99.47973431695348, "0.8": 97.47180919013633}, "voltage_base": {"0.1": -69.02990693759055, "0.2": -69.02990693759055, "0.4": -69.02990693759055, "0.8": -69.02990693759055}}}}