{"BBP": {"L6_LBC_bNAC219_5": {"mean_frequency": {"0.1": 19.184168012937075, "0.2": 69.39206516824743, "0.4": 112.11211211218833, "0.8": 156.9472998045493}, "ISI_CV": {"0.1": 0.1911765940555636, "0.2": 0.045039034157189774, "0.4": 0.032202204414726675, "0.8": 0.015466082686237826}, "time_to_first_spike": {"0.1": 12.10000000009336, "0.2": 4.700000000091677, "0.4": 2.400000000091154, "0.8": 1.4000000000909267}, "time_to_second_spike": {"0.1": 30.200000000097475, "0.2": 15.600000000094155, "0.4": 10.30000000009295, "0.8": 7.6000000000923364}, "AP_height": {"0.1": 13.424431915498836, "0.2": 15.515214226144979, "0.4": 21.049885271746945, "0.8": 23.690199807576622}, "AP_width": {"0.1": 0.6000000000001364, "0.2": 0.6000000000001364, "0.4": 0.6000000000001364, "0.8": 0.6000000000001364}, "AP_amplitude": {"0.1": 68.47377108286037, "0.2": 70.91503096684379, "0.4": 75.54927534095211, "0.8": 94.21387912008376}, "voltage_base": {"0.1": -70.52356295430424, "0.2": -70.52356295430424, "0.4": -70.52356295430424, "0.8": -70.52356295430424}}}, "NetPyNE": {"L6_LBC_bNAC219_5": {"mean_frequency": {"0.1": 19.131047676597586, "0.2": 69.01725431362533, "0.4": 111.3340020060937, "0.8": 155.53888472128605}, "ISI_CV": {"0.1": 0.1910973509995489, "0.2": 0.044900199758426934, "0.4": 0.03160281180757843, "0.8": 0.014863953926138315}, "time_to_first_spike": {"0.1": 12.200000000093382, "0.2": 4.8000000000917, "0.4": 2.400000000091154, "0.8": 1.4000000000909267}, "time_to_second_spike": {"0.1": 30.40000000009752, "0.2": 15.800000000094201, "0.4": 10.400000000092973, "0.8": 7.700000000092359}, "AP_height": {"0.1": 13.093517563066566, "0.2": 17.393209825465732, "0.4": 17.59343005190416, "0.8": 20.703232264795705}, "AP_width": {"0.1": 0.6000000000001364, "0.2": 0.6000000000001364, "0.4": 0.6000000000001364, "0.8": 0.7000000000001592}, "AP_amplitude": {"0.1": 67.73587181915947, "0.2": 71.85013633715535, "0.4": 72.23140064906526, "0.8": 91.2269113491583}, "voltage_base": {"0.1": -70.52356272544569, "0.2": -70.52356272544569, "0.4": -70.52356272544569, "0.8": -70.52356272544569}}}}