{"BBP": {"L4_BP_dSTUT214_5": {"mean_frequency": {"0.1": 67.7370797792733, "0.2": 101.15172759145584, "0.4": 149.51495149525118, "0.8": 280.0420063011356}, "ISI_CV": {"0.1": 0.08187305935869423, "0.2": 0.049276608141185195, "0.4": 0.02012358615910283, "0.8": 0.07334635755517795}, "time_to_first_spike": {"0.1": 1.9000000000910404, "0.2": 1.1000000000908585, "0.4": 0.7000000000907676, "0.8": 0.40000000009069936}, "time_to_second_spike": {"0.1": 13.20000000009361, "0.2": 9.100000000092678, "0.4": 6.8000000000921546, "0.8": 5.200000000091791}, "AP_height": {"0.1": 28.194424872078724, "0.2": 31.427868682881826, "0.4": 36.29082735540561, "0.8": 34.29346624206767}, "AP_width": {"0.1": 0.6000000000001364, "0.2": 0.7000000000001592, "0.4": 0.7000000000001592, "0.8": 0.7000000000001592}, "AP_amplitude": {"0.1": 102.54528669398462, "0.2": 105.37835550903198, "0.4": 111.14855376274389, "0.8": 108.30639262190809}, "voltage_base": {"0.1": -74.6099233188783, "0.2": -74.6099233188783, "0.4": -74.6099233188783, "0.8": -74.6099233188783}}}, "NetPyNE": {"L4_BP_dSTUT214_5": {"mean_frequency": {"0.1": 68.00340017005475, "0.2": 101.0353623769006, "0.4": 149.0670801861851, "0.8": 276.4007811328302}, "ISI_CV": {"0.1": 0.06551360341006601, "0.2": 0.04542441621865504, "0.4": 0.01958627967899284, "0.8": 0.06807510266630014}, "time_to_first_spike": {"0.1": 2.000000000091063, "0.2": 1.2000000000908813, "0.4": 0.7000000000907676, "0.8": 0.5000000000907221}, "time_to_second_spike": {"0.1": 13.20000000009361, "0.2": 9.100000000092678, "0.4": 6.900000000092177, "0.8": 5.3000000000918135}, "AP_height": {"0.1": 32.05268800701314, "0.2": 34.75504816844181, "0.4": 33.20776898672699, "0.8": 35.000724307016775}, "AP_width": {"0.1": 0.7000000000001592, "0.2": 0.7000000000001592, "0.4": 0.7000000000001592, "0.8": 0.8000000000001819}, "AP_amplitude": {"0.1": 106.18297646546685, "0.2": 108.8853366020075, "0.4": 107.33805743928038, "0.8": 109.13101272671847}, "voltage_base": {"0.1": -74.12805996811485, "0.2": -74.12805996811485, "0.4": -74.12805996811485, "0.8": -74.12805996811485}}}}