{"BBP": {"L5_MC_bSTUT213_2": {"mean_frequency": {"0.1": 0, "0.2": 21.675181916719954, "0.4": 106.70273519694658, "0.8": 162.00220684131781}, "ISI_CV": {"0.1": 0, "0.2": 0.5216753199858217, "0.4": 0.019633368103159684, "0.8": 0.011411878858678327}, "time_to_first_spike": {"0.1": 0, "0.2": 8.000000000092427, "0.4": 3.500000000091404, "0.8": 1.8000000000910177}, "time_to_second_spike": {"0.1": 0, "0.2": 20.700000000095315, "0.4": 11.500000000093223, "0.8": 8.10000000009245}, "AP_height": {"0.1": 0, "0.2": 9.946788017631837, "0.4": 13.535412679893877, "0.8": 17.30045518106369}, "AP_width": {"0.1": 0, "0.2": 0.6000000000001364, "0.4": 0.7000000000001592, "0.8": 0.7000000000001592}, "AP_amplitude": {"0.1": 0, "0.2": 66.75145856402665, "0.4": 69.8921697874708, "0.8": 92.44436329006552}, "voltage_base": {"0.1": -75.23467261853821, "0.2": -75.23467261853821, "0.4": -75.23467261853821, "0.8": -75.23467261853821}}}, "NetPyNE": {"L5_MC_bSTUT213_2": {"mean_frequency": {"0.1": 0, "0.2": 19.81707317074511, "0.4": 105.34236267877735, "0.8": 160.4573033145552}, "ISI_CV": {"0.1": 0, "0.2": 0.2129397925303879, "0.4": 0.015471807767822716, "0.8": 0.010443900839825696}, "time_to_first_spike": {"0.1": 0, "0.2": 7.800000000092382, "0.4": 3.500000000091404, "0.8": 1.9000000000910404}, "time_to_second_spike": {"0.1": 0, "0.2": 20.700000000095315, "0.4": 11.700000000093269, "0.8": 8.200000000092473}, "AP_height": {"0.1": 0, "0.2": 9.843712009030668, "0.4": 15.886971146027273, "0.8": 18.677163401277507}, "AP_width": {"0.1": 0, "0.2": 0.6000000000001364, "0.4": 0.6000000000001364, "0.8": 0.7000000000001592}, "AP_amplitude": {"0.1": 0, "0.2": 65.08608187641514, "0.4": 70.76429620932792, "0.8": 93.55006086911088}, "voltage_base": {"0.1": -74.87286008754039, "0.2": -74.87286008754039, "0.4": -74.87286008754039, "0.8": -74.87286008754039}}}}