{"BBP": {"L6_BTC_cACint209_3": {"mean_frequency": {"0.1": 23.558332479786454, "0.2": 37.50750150032557, "0.4": 66.51995598684127, "0.8": 116.24993736541447}, "ISI_CV": {"0.1": 0.2603203201320038, "0.2": 0.22975557980229974, "0.4": 0.17843260200457126, "0.8": 0.137373398649846}, "time_to_first_spike": {"0.1": 10.400000000092973, "0.2": 4.700000000091677, "0.4": 2.500000000091177, "0.8": 1.4000000000909267}, "time_to_second_spike": {"0.1": 24.800000000096247, "0.2": 14.800000000093974, "0.4": 10.100000000092905, "0.8": 7.500000000092314}, "AP_height": {"0.1": 31.563923102423804, "0.2": 33.40299407696294, "0.4": 33.282546950084516, "0.8": 38.128832253500406}, "AP_width": {"0.1": 0.8000000000001819, "0.2": 0.8000000000001819, "0.4": 0.8000000000001819, "0.8": 0.9000000000002046}, "AP_amplitude": {"0.1": 88.19465660915614, "0.2": 90.16214683496938, "0.4": 103.00588983560891, "0.8": 109.75269884702881}, "voltage_base": {"0.1": -71.62329129946954, "0.2": -71.62329129946954, "0.4": -71.62329129946954, "0.8": -71.62329129946954}}}, "NetPyNE": {"L6_BTC_cACint209_3": {"mean_frequency": {"0.1": 23.449049293995554, "0.2": 37.43234356823822, "0.4": 66.46525679762817, "0.8": 116.01627241231323}, "ISI_CV": {"0.1": 0.26023460561039063, "0.2": 0.23143446322252575, "0.4": 0.17840825914965203, "0.8": 0.13519894092246107}, "time_to_first_spike": {"0.1": 10.500000000092996, "0.2": 4.8000000000917, "0.4": 2.500000000091177, "0.8": 1.4000000000909267}, "time_to_second_spike": {"0.1": 24.90000000009627, "0.2": 15.000000000094019, "0.4": 10.200000000092928, "0.8": 7.6000000000923364}, "AP_height": {"0.1": 30.368670846059864, "0.2": 33.68883144912539, "0.4": 35.5855236530858, "0.8": 36.362853594214}, "AP_width": {"0.1": 0.8000000000001819, "0.2": 0.8000000000001819, "0.4": 0.9000000000002046, "0.8": 0.9000000000002046}, "AP_amplitude": {"0.1": 86.59155683328396, "0.2": 89.81001036799786, "0.4": 105.35366100627488, "0.8": 107.98671956387304}, "voltage_base": {"0.1": -71.62329067800226, "0.2": -71.62329067800226, "0.4": -71.62329067800226, "0.8": -71.62329067800226}}}}