{"BBP": {"L23_NBC_cIR216_3": {"mean_frequency": {"0.1": 23.010354659612464, "0.2": 39.62680577851809, "0.4": 104.5261315329543, "0.8": 203.39662341579879}, "ISI_CV": {"0.1": 0.2893898657427145, "0.2": 0.2225797424845073, "0.4": 0.09273197011021281, "0.8": 0.029875172445082684}, "time_to_first_spike": {"0.1": 17.100000000094496, "0.2": 7.900000000092405, "0.4": 3.8000000000914724, "0.8": 1.9000000000910404}, "time_to_second_spike": {"0.1": 30.600000000097566, "0.2": 17.000000000094474, "0.4": 11.100000000093132, "0.8": 7.6000000000923364}, "AP_height": {"0.1": 14.647941472650103, "0.2": 20.65175706366478, "0.4": 24.4944583838225, "0.8": 29.21271565956041}, "AP_width": {"0.1": 0.9000000000002046, "0.2": 0.9000000000002046, "0.4": 0.9000000000002046, "0.8": 1.0000000000002274}, "AP_amplitude": {"0.1": 71.42069761349441, "0.2": 77.33539177927271, "0.4": 80.723837075193, "0.8": 103.78280149468489}, "voltage_base": {"0.1": -74.74131115217831, "0.2": -74.74131115217831, "0.4": -74.74131115217831, "0.8": -74.74131115217831}}}, "NetPyNE": {"L23_NBC_cIR216_3": {"mean_frequency": {"0.1": 0, "0.2": 26.36515743042904, "0.4": 52.708197379685416, "0.8": 165.0000000001122}, "ISI_CV": {"0.1": 0, "0.2": 0.20777529967260622, "0.4": 0.14892909019640793, "0.8": 0.05352680029188518}, "time_to_first_spike": {"0.1": 0, "0.2": 9.700000000092814, "0.4": 4.500000000091632, "0.8": 2.2000000000911086}, "time_to_second_spike": {"0.1": 0, "0.2": 22.200000000095656, "0.4": 12.600000000093473, "0.8": 8.400000000092518}, "AP_height": {"0.1": 0, "0.2": 19.38803673777835, "0.4": 23.022229138734552, "0.8": 26.243957347813115}, "AP_width": {"0.1": 0, "0.2": 0.9000000000002046, "0.4": 1.0000000000002274, "0.8": 1.0000000000002274}, "AP_amplitude": {"0.1": 0, "0.2": 75.77674176447663, "0.4": 78.37937067504573, "0.8": 104.01028900112524}, "voltage_base": {"0.1": -77.76622440813124, "0.2": -77.76622440813124, "0.4": -77.76622440813124, "0.8": -77.76622440813124}}}}