{"BBP": {"L5_BTC_bAC217_1": {"mean_frequency": {"0.1": 7.761564731455077, "0.2": 11.782786885253849, "0.4": 16.18695938085977, "0.8": 22.00051163982042}, "ISI_CV": {"0.1": 0.29517271570387876, "0.2": 0.31202687284291214, "0.4": 0.32000076811994405, "0.8": 0.33186804393762037}, "time_to_first_spike": {"0.1": 12.700000000093496, "0.2": 5.100000000091768, "0.4": 2.3000000000911314, "0.8": 1.2000000000908813}, "time_to_second_spike": {"0.1": 48.70000000010168, "0.2": 26.30000000009659, "0.4": 15.600000000094155, "0.8": 9.800000000092837}, "AP_height": {"0.1": 16.870907289163696, "0.2": 23.576968719088246, "0.4": 27.9841981248507, "0.8": 30.163589271806437}, "AP_width": {"0.1": 0.6000000000001364, "0.2": 0.6000000000001364, "0.4": 0.6000000000001364, "0.8": 0.7000000000001592}, "AP_amplitude": {"0.1": 72.0990178154051, "0.2": 78.84009505056395, "0.4": 98.93611127689161, "0.8": 101.11550242171873}, "voltage_base": {"0.1": -70.94915219178935, "0.2": -70.94915219178935, "0.4": -70.94915219178935, "0.8": -70.94915219178935}}}, "NetPyNE": {"L5_BTC_bAC217_1": {"mean_frequency": {"0.1": 7.715255632141807, "0.2": 11.712583388509215, "0.4": 16.084443327480134, "0.8": 21.831844029259287}, "ISI_CV": {"0.1": 0.2946152805421421, "0.2": 0.3111135921819817, "0.4": 0.31938067840549134, "0.8": 0.3312137846697663}, "time_to_first_spike": {"0.1": 12.900000000093542, "0.2": 5.200000000091791, "0.4": 2.400000000091154, "0.8": 1.300000000090904}, "time_to_second_spike": {"0.1": 49.00000000010175, "0.2": 26.500000000096634, "0.4": 15.800000000094201, "0.8": 9.90000000009286}, "AP_height": {"0.1": 19.64390469056847, "0.2": 23.7325922192922, "0.4": 26.79152679325087, "0.8": 26.51661545281513}, "AP_width": {"0.1": 0.6000000000001364, "0.2": 0.6000000000001364, "0.4": 0.6000000000001364, "0.8": 0.7000000000001592}, "AP_amplitude": {"0.1": 74.41386136942293, "0.2": 79.45317641822693, "0.4": 97.74343566011207, "0.8": 97.46852435814192}, "voltage_base": {"0.1": -70.94914793145925, "0.2": -70.94914793145925, "0.4": -70.94914793145925, "0.8": -70.94914793145925}}}}