{"BBP": {"L23_LBC_bAC217_1": {"mean_frequency": {"0.1": 0, "0.2": 5.127416294932442, "0.4": 11.743081793125462, "0.8": 17.289600813639964}, "ISI_CV": {"0.1": 0, "0.2": 0.12580614294661166, "0.4": 0.27570278100588214, "0.8": 0.28171255912152265}, "time_to_first_spike": {"0.1": 0, "0.2": 10.30000000009295, "0.4": 4.300000000091586, "0.8": 2.2000000000911086}, "time_to_second_spike": {"0.1": 0, "0.2": 53.10000000010268, "0.4": 24.600000000096202, "0.8": 15.300000000094087}, "AP_height": {"0.1": 0, "0.2": 19.695751776398104, "0.4": 26.69316207388769, "0.8": 30.087921117616066}, "AP_width": {"0.1": 0, "0.2": 0.6000000000001364, "0.4": 0.6000000000001364, "0.8": 0.6000000000001364}, "AP_amplitude": {"0.1": 0, "0.2": 72.49531211613822, "0.4": 81.26648302080315, "0.8": 103.41706952344421}, "voltage_base": {"0.1": -73.32585270556493, "0.2": -73.32585270556493, "0.4": -73.32585270556493, "0.8": -73.32585270556493}}}, "NetPyNE": {"L23_LBC_bAC217_1": {"mean_frequency": {"0.1": 0, "0.2": 5.068709168734997, "0.4": 11.57990131910966, "0.8": 17.04004410365514}, "ISI_CV": {"0.1": 0, "0.2": 0.09403163102999446, "0.4": 0.2755839631899158, "0.8": 0.2813275461697}, "time_to_first_spike": {"0.1": 0, "0.2": 10.500000000092996, "0.4": 4.400000000091609, "0.8": 2.3000000000911314}, "time_to_second_spike": {"0.1": 0, "0.2": 183.50000000013233, "0.4": 24.90000000009627, "0.8": 15.500000000094133}, "AP_height": {"0.1": 0, "0.2": 18.176668829010143, "0.4": 26.04324986214543, "0.8": 27.22571127171996}, "AP_width": {"0.1": 0, "0.2": 0.6000000000001364, "0.4": 0.5000000000001137, "0.8": 0.5000000000001137}, "AP_amplitude": {"0.1": 0, "0.2": 70.74381795407002, "0.4": 79.87495906694033, "0.8": 100.55485458083892}, "voltage_base": {"0.1": -73.3258475889871, "0.2": -73.3258475889871, "0.4": -73.3258475889871, "0.8": -73.3258475889871}}}}