{"BBP": {"L5_BP_bNAC219_1": {"mean_frequency": {"0.1": 91.03641456588824, "0.2": 146.0146014602453, "0.4": 218.00000000014825, "0.8": 325.2032520316478}, "ISI_CV": {"0.1": 0.02451928828809006, "0.2": 0.011196601561795095, "0.4": 0.01456106229737832, "0.8": 0.0773424839050822}, "time_to_first_spike": {"0.1": 5.400000000091836, "0.2": 2.3000000000911314, "0.4": 1.2000000000908813, "0.8": 0.7000000000907676}, "time_to_second_spike": {"0.1": 14.000000000093792, "0.2": 9.2000000000927, "0.4": 6.8000000000921546, "0.8": 5.200000000091791}, "AP_height": {"0.1": 12.834673723602736, "0.2": 14.506422075648507, "0.4": 20.511988104477645, "0.8": 22.753324829900862}, "AP_width": {"0.1": 0.6000000000001364, "0.2": 0.7000000000001592, "0.4": 0.6000000000001364, "0.8": 0.7000000000001592}, "AP_amplitude": {"0.1": 69.53329406846599, "0.2": 83.388237151047, "0.4": 89.3938031777509, "0.8": 91.63513989892377}, "voltage_base": {"0.1": -68.8817045112623, "0.2": -68.8817045112623, "0.4": -68.8817045112623, "0.8": -68.8817045112623}}}, "NetPyNE": {"L5_BP_bNAC219_1": {"mean_frequency": {"0.1": 91.05463277972972, "0.2": 145.27602444654698, "0.4": 215.39848720146884, "0.8": 317.46031745933215}, "ISI_CV": {"0.1": 0.02425601500139516, "0.2": 0.011252767689462706, "0.4": 0.014681520160999873, "0.8": 0.07253343139941501}, "time_to_first_spike": {"0.1": 5.500000000091859, "0.2": 2.3000000000911314, "0.4": 1.300000000090904, "0.8": 0.8000000000907903}, "time_to_second_spike": {"0.1": 14.200000000093837, "0.2": 9.300000000092723, "0.4": 6.900000000092177, "0.8": 5.3000000000918135}, "AP_height": {"0.1": 12.307173734978642, "0.2": 15.607499343546593, "0.4": 17.384523485429423, "0.8": 21.030245050610944}, "AP_width": {"0.1": 0.6000000000001364, "0.2": 0.6000000000001364, "0.4": 0.7000000000001592, "0.8": 0.7000000000001592}, "AP_amplitude": {"0.1": 67.90235184990277, "0.2": 84.48931441585451, "0.4": 86.26633833477904, "0.8": 89.91206007572468}, "voltage_base": {"0.1": -68.88170446638887, "0.2": -68.88170446638887, "0.4": -68.88170446638887, "0.8": -68.88170446638887}}}}