{"BBP": {"L5_LBC_cIR216_1": {"mean_frequency": {"0.1": 0, "0.2": 15.007503751886142, "0.4": 32.030098123973055, "0.8": 64.47713076772457}, "ISI_CV": {"0.1": 0, "0.2": 0.4054726634944765, "0.4": 0.28872819076046324, "0.8": 0.17092225196311853}, "time_to_first_spike": {"0.1": 0, "0.2": 17.800000000094656, "0.4": 5.800000000091927, "0.8": 2.7000000000912223}, "time_to_second_spike": {"0.1": 0, "0.2": 39.1000000000995, "0.4": 16.200000000094292, "0.8": 10.100000000092905}, "AP_height": {"0.1": 0, "0.2": 24.232607344248404, "0.4": 29.610578126160203, "0.8": 33.72270502871602}, "AP_width": {"0.1": 0, "0.2": 0.9000000000002046, "0.4": 0.8000000000001819, "0.8": 0.9000000000002046}, "AP_amplitude": {"0.1": 0, "0.2": 78.61191938097029, "0.4": 84.09909487624218, "0.8": 110.40959670218281}, "voltage_base": {"0.1": -76.60237560019736, "0.2": -76.60237560019736, "0.4": -76.60237560019736, "0.8": -76.60237560019736}}}, "NetPyNE": {"L5_LBC_cIR216_1": {"mean_frequency": {"0.1": 0, "0.2": 12.46170621528434, "0.4": 30.832996360716404, "0.8": 62.43077232911295}, "ISI_CV": {"0.1": 0, "0.2": 0.27716087645055276, "0.4": 0.20844578961747978, "0.8": 0.14354905530176662}, "time_to_first_spike": {"0.1": 0, "0.2": 17.90000000009468, "0.4": 6.000000000091973, "0.8": 2.800000000091245}, "time_to_second_spike": {"0.1": 0, "0.2": 44.100000000100636, "0.4": 16.600000000094383, "0.8": 10.30000000009295}, "AP_height": {"0.1": 0, "0.2": 24.999283758101495, "0.4": 31.001852429187036, "0.8": 34.208881859024494}, "AP_width": {"0.1": 0, "0.2": 0.8000000000001819, "0.4": 0.9000000000002046, "0.8": 0.9000000000002046}, "AP_amplitude": {"0.1": 0, "0.2": 79.04858655252893, "0.4": 84.98405654594806, "0.8": 111.56663983310986}, "voltage_base": {"0.1": -77.35762296375954, "0.2": -77.35762296375954, "0.4": -77.35762296375954, "0.8": -77.35762296375954}}}}