{"BBP": {"L6_IPC_cADpyr231_3": {"mean_frequency": {"0.1": 4.218074449016841, "0.2": 8.281144868283604, "0.4": 11.678683863113415, "0.8": 35.985808413607735}, "ISI_CV": {"0.1": 0.23025770028437062, "0.2": 0.3273094080283103, "0.4": 0.32622304366558763, "0.8": 0.19260677631430542}, "time_to_first_spike": {"0.1": 40.20000000009975, "0.2": 9.500000000092768, "0.4": 3.3000000000913587, "0.8": 1.6000000000909722}, "time_to_second_spike": {"0.1": 103.90000000011423, "0.2": 30.100000000097452, "0.4": 14.400000000093883, "0.8": 7.700000000092359}, "AP_height": {"0.1": 29.9079599296865, "0.2": 37.282578843229004, "0.4": 42.58310120317889, "0.8": 44.627861198633646}, "AP_width": {"0.1": 1.1000000000002501, "0.2": 1.1000000000002501, "0.4": 1.2000000000002728, "0.8": 1.2000000000002728}, "AP_amplitude": {"0.1": 82.33670185401013, "0.2": 90.98578416812461, "0.4": 114.93455158902594, "0.8": 116.97931158262693}, "voltage_base": {"0.1": -72.35127514029814, "0.2": -72.35127514029814, "0.4": -72.35127514029814, "0.8": -72.35127514029814}}}, "NetPyNE": {"L6_IPC_cADpyr231_3": {"mean_frequency": {"0.1": 4.166015726712162, "0.2": 8.192524321562106, "0.4": 11.55895064831421, "0.8": 35.90936678133122}, "ISI_CV": {"0.1": 0.2312923069604053, "0.2": 0.3275357328603409, "0.4": 0.3260602884244806, "0.8": 0.19498862634672037}, "time_to_first_spike": {"0.1": 40.400000000099794, "0.2": 9.600000000092791, "0.4": 3.4000000000913815, "0.8": 1.6000000000909722}, "time_to_second_spike": {"0.1": 104.50000000011437, "0.2": 30.200000000097475, "0.4": 14.600000000093928, "0.8": 7.800000000092382}, "AP_height": {"0.1": 29.331317402541288, "0.2": 36.65733706260043, "0.4": 41.98849429175532, "0.8": 43.87455221422673}, "AP_width": {"0.1": 1.1000000000002501, "0.2": 1.2000000000002728, "0.4": 1.2000000000002728, "0.8": 1.3000000000002956}, "AP_amplitude": {"0.1": 81.1028989569179, "0.2": 89.85950055416205, "0.4": 112.34709532775864, "0.8": 116.226002199921}, "voltage_base": {"0.1": -72.35127473809861, "0.2": -72.35127473809861, "0.4": -72.35127473809861, "0.8": -72.35127473809861}}}}