{"BBP": {"L23_NGC_cACint209_1": {"mean_frequency": {"0.1": 25.06778533792043, "0.2": 38.42847752442306, "0.4": 72.47106190241455, "0.8": 171.1626044743669}, "ISI_CV": {"0.1": 0.2544468178902149, "0.2": 0.22287263077733785, "0.4": 0.14250674999154678, "0.8": 0.05290720634233148}, "time_to_first_spike": {"0.1": 13.800000000093746, "0.2": 6.600000000092109, "0.4": 3.3000000000913587, "0.8": 1.8000000000910177}, "time_to_second_spike": {"0.1": 30.500000000097543, "0.2": 17.500000000094587, "0.4": 11.4000000000932, "0.8": 8.10000000009245}, "AP_height": {"0.1": 19.131428110989916, "0.2": 24.51090232252151, "0.4": 27.818528411332316, "0.8": 28.985942740915437}, "AP_width": {"0.1": 0.9000000000002046, "0.2": 0.9000000000002046, "0.4": 0.9000000000002046, "0.8": 1.0000000000002274}, "AP_amplitude": {"0.1": 74.48351333505704, "0.2": 80.23369417750233, "0.4": 83.57342239620479, "0.8": 99.67510256646852}, "voltage_base": {"0.1": -70.68843409239466, "0.2": -70.68843409239466, "0.4": -70.68843409239466, "0.8": -70.68843409239466}}}, "NetPyNE": {"L23_NGC_cACint209_1": {"mean_frequency": {"0.1": 25.033207315844017, "0.2": 38.43819542790385, "0.4": 72.63073532363181, "0.8": 169.64419756804807}, "ISI_CV": {"0.1": 0.2544281837625755, "0.2": 0.22285444587500747, "0.4": 0.14109190254302517, "0.8": 0.05154394010003591}, "time_to_first_spike": {"0.1": 14.000000000093792, "0.2": 6.700000000092132, "0.4": 3.4000000000913815, "0.8": 1.8000000000910177}, "time_to_second_spike": {"0.1": 30.600000000097566, "0.2": 17.700000000094633, "0.4": 11.500000000093223, "0.8": 8.200000000092473}, "AP_height": {"0.1": 19.296193645558965, "0.2": 24.40829371296168, "0.4": 26.55493757567851, "0.8": 29.65317594159306}, "AP_width": {"0.1": 0.9000000000002046, "0.2": 0.9000000000002046, "0.4": 1.0000000000002274, "0.8": 1.0000000000002274}, "AP_amplitude": {"0.1": 73.96723529218342, "0.2": 79.26389060058092, "0.4": 81.33850222922986, "0.8": 100.34233440747663}, "voltage_base": {"0.1": -70.68843270823685, "0.2": -70.68843270823685, "0.4": -70.68843270823685, "0.8": -70.68843270823685}}}}