{"BBP": {"L4_NGC_cSTUT189_4": {"mean_frequency": {"0.1": 0, "0.2": 9.191645815254125, "0.4": 71.91350264022985, "0.8": 137.6169744283576}, "ISI_CV": {"0.1": 0, "0.2": 0.5235266321977143, "0.4": 0.03432250514371628, "0.8": 0.08764069410259122}, "time_to_first_spike": {"0.1": 0, "0.2": 14.600000000093928, "0.4": 5.000000000091745, "0.8": 2.500000000091177}, "time_to_second_spike": {"0.1": 0, "0.2": 102.10000000011382, "0.4": 17.400000000094565, "0.8": 10.100000000092905}, "AP_height": {"0.1": 0, "0.2": 3.885636736240735, "0.4": 13.05805754474165, "0.8": 17.610632119947915}, "AP_width": {"0.1": 0, "0.2": 0.8000000000001819, "0.4": 0.8000000000001819, "0.8": 0.8000000000001819}, "AP_amplitude": {"0.1": 0, "0.2": 59.98805376242988, "0.4": 69.20405798816655, "0.8": 93.88655718274333}, "voltage_base": {"0.1": -76.23911654426152, "0.2": -76.23911654426152, "0.4": -76.23911654426152, "0.8": -76.23911654426152}}}, "NetPyNE": {"L4_NGC_cSTUT189_4": {"mean_frequency": {"0.1": 0, "0.2": 65.35947712378108, "0.4": 72.25651061272407, "0.8": 142.12791512370788}, "ISI_CV": {"0.1": 0, "0.2": 0, "0.4": 0.023069258469891565, "0.8": 0.10917837005555546}, "time_to_first_spike": {"0.1": 0, "0.2": 15.300000000094087, "0.4": 5.200000000091791, "0.8": 2.500000000091177}, "time_to_second_spike": {"0.1": 0, "0.2": 0, "0.4": 18.100000000094724, "0.8": 10.30000000009295}, "AP_height": {"0.1": 0, "0.2": 3.8517935832301173, "0.4": 12.869638561524093, "0.8": 14.90855084584933}, "AP_width": {"0.1": 0, "0.2": 0.8000000000001819, "0.4": 0.8000000000001819, "0.8": 0.8000000000001819}, "AP_amplitude": {"0.1": 0, "0.2": 59.476272080826305, "0.4": 68.45321517755615, "0.8": 91.14657857874671}, "voltage_base": {"0.1": -76.23755529183514, "0.2": -76.23755529183514, "0.4": -76.23755529183514, "0.8": -76.23755529183514}}}}