{"BBP": {"L6_TPC_L4_cADpyr231_5": {"mean_frequency": {"0.1": 0, "0.2": 5.842052153596752, "0.4": 9.571922361080553, "0.8": 24.219183611702178}, "ISI_CV": {"0.1": 0, "0.2": 0.28139916491814576, "0.4": 0.31102689105543346, "0.8": 0.17377768059472878}, "time_to_first_spike": {"0.1": 0, "0.2": 23.50000000009595, "0.4": 6.500000000092086, "0.8": 2.6000000000911996}, "time_to_second_spike": {"0.1": 0, "0.2": 60.40000000010434, "0.4": 22.00000000009561, "0.8": 10.700000000093041}, "AP_height": {"0.1": 0, "0.2": 19.96390450558718, "0.4": 32.70764603166133, "0.8": 38.736214682767724}, "AP_width": {"0.1": 0, "0.2": 1.3000000000002956, "0.4": 1.2000000000002728, "0.8": 1.3000000000002956}, "AP_amplitude": {"0.1": 0, "0.2": 68.38783063501467, "0.4": 84.69062306070384, "0.8": 110.36336131979773}, "voltage_base": {"0.1": -71.62700199174343, "0.2": -71.62700199174343, "0.4": -71.62700199174343, "0.8": -71.62700199174343}}}, "NetPyNE": {"L6_TPC_L4_cADpyr231_5": {"mean_frequency": {"0.1": 0, "0.2": 5.790387955996919, "0.4": 9.490667510287892, "0.8": 23.98081534773802}, "ISI_CV": {"0.1": 0, "0.2": 0.27788536862013546, "0.4": 0.3087483337539547, "0.8": 0.18201946371096184}, "time_to_first_spike": {"0.1": 0, "0.2": 23.600000000095974, "0.4": 6.600000000092109, "0.8": 2.7000000000912223}, "time_to_second_spike": {"0.1": 0, "0.2": 60.60000000010439, "0.4": 22.00000000009561, "0.8": 11.00000000009311}, "AP_height": {"0.1": 0, "0.2": 19.253911784377287, "0.4": 32.542085216654826, "0.8": 38.140021514310426}, "AP_width": {"0.1": 0, "0.2": 1.3000000000002956, "0.4": 1.3000000000002956, "0.8": 1.3000000000002956}, "AP_amplitude": {"0.1": 0, "0.2": 67.06235160383298, "0.4": 83.98559817419196, "0.8": 109.76716780354403}, "voltage_base": {"0.1": -71.62700163934458, "0.2": -71.62700163934458, "0.4": -71.62700163934458, "0.8": -71.62700163934458}}}}