{"BBP": {"L23_BTC_bNAC219_1": {"mean_frequency": {"0.1": 21.05579786435481, "0.2": 65.98166616303459, "0.4": 117.7118813865757, "0.8": 169.21151439310626}, "ISI_CV": {"0.1": 0.1885103463323364, "0.2": 0.040558507913390815, "0.4": 0.01771494011293171, "0.8": 0.011571271876740978}, "time_to_first_spike": {"0.1": 16.600000000094383, "0.2": 6.300000000092041, "0.4": 2.500000000091177, "0.8": 1.300000000090904}, "time_to_second_spike": {"0.1": 35.700000000098726, "0.2": 16.90000000009445, "0.4": 10.200000000092928, "0.8": 7.400000000092291}, "AP_height": {"0.1": 11.656052108438432, "0.2": 14.144953740889173, "0.4": 20.55710946455575, "0.8": 23.260130973060477}, "AP_width": {"0.1": 0.6000000000001364, "0.2": 0.6000000000001364, "0.4": 0.6000000000001364, "0.8": 0.6000000000001364}, "AP_amplitude": {"0.1": 66.141060911045, "0.2": 69.92323135842042, "0.4": 76.13980380479822, "0.8": 92.69965326603187}, "voltage_base": {"0.1": -69.43941607366905, "0.2": -69.43941607366905, "0.4": -69.43941607366905, "0.8": -69.43941607366905}}}, "NetPyNE": {"L23_BTC_bNAC219_1": {"mean_frequency": {"0.1": 21.032112444869004, "0.2": 65.80599789023407, "0.4": 116.9267827571427, "0.8": 167.72643068153394}, "ISI_CV": {"0.1": 0.19082909774576914, "0.2": 0.04008266853584075, "0.4": 0.017221297550071478, "0.8": 0.010544751114212816}, "time_to_first_spike": {"0.1": 16.700000000094406, "0.2": 6.400000000092064, "0.4": 2.6000000000911996, "0.8": 1.4000000000909267}, "time_to_second_spike": {"0.1": 35.80000000009875, "0.2": 17.000000000094474, "0.4": 10.30000000009295, "0.8": 7.500000000092314}, "AP_height": {"0.1": 9.501917601888914, "0.2": 13.137143396387703, "0.4": 19.31312907152957, "0.8": 19.22100943161863}, "AP_width": {"0.1": 0.6000000000001364, "0.2": 0.6000000000001364, "0.4": 0.6000000000001364, "0.8": 0.7000000000001592}, "AP_amplitude": {"0.1": 63.372465646924226, "0.2": 68.29827726627384, "0.4": 75.05005993627451, "0.8": 88.66053160388817}, "voltage_base": {"0.1": -69.43941595229306, "0.2": -69.43941595229306, "0.4": -69.43941595229306, "0.8": -69.43941595229306}}}}