{"BBP": {"L4_NGC_bNAC219_4": {"mean_frequency": {"0.1": 32.049676999370774, "0.2": 94.50085452906787, "0.4": 154.12329863901593, "0.8": 241.9354838691449}, "ISI_CV": {"0.1": 0.15506128469545677, "0.2": 0.027110237153185623, "0.4": 1.2746069280351593, "0.8": 0}, "time_to_first_spike": {"0.1": 14.500000000093905, "0.2": 6.700000000092132, "0.4": 3.3000000000913587, "0.8": 1.8000000000910177}, "time_to_second_spike": {"0.1": 26.800000000096702, "0.2": 15.700000000094178, "0.4": 10.500000000092996, "0.8": 7.6000000000923364}, "AP_height": {"0.1": -1.071385443421615, "0.2": 3.5385990569265187, "0.4": 8.136997085286135, "0.8": 12.077340585219666}, "AP_width": {"0.1": 0.7000000000001592, "0.2": 0.8000000000001819, "0.4": 0.7000000000001592, "0.8": 0.7000000000001592}, "AP_amplitude": {"0.1": 54.64832319205359, "0.2": 59.537376546825904, "0.4": 63.97756391137929, "0.8": 81.56949881036641}, "voltage_base": {"0.1": -69.49204017295719, "0.2": -69.49204017295719, "0.4": -69.49204017295719, "0.8": -69.49204017295719}}}, "NetPyNE": {"L4_NGC_bNAC219_4": {"mean_frequency": {"0.1": 32.13012701443017, "0.2": 94.70361276751437, "0.4": 146.8671679198993, "0.8": 238.09523809347178}, "ISI_CV": {"0.1": 0.15509186076928283, "0.2": 0.026679879729558178, "0.4": 1.6669068268328286, "0.8": 0}, "time_to_first_spike": {"0.1": 14.600000000093928, "0.2": 6.8000000000921546, "0.4": 3.4000000000913815, "0.8": 1.9000000000910404}, "time_to_second_spike": {"0.1": 26.900000000096725, "0.2": 15.800000000094201, "0.4": 10.600000000093019, "0.8": 7.700000000092359}, "AP_height": {"0.1": -1.4449589947951123, "0.2": 3.2135355881728995, "0.4": 7.92342870489366, "0.8": 10.220490820563771}, "AP_width": {"0.1": 0.7000000000001592, "0.2": 0.8000000000001819, "0.4": 0.8000000000001819, "0.8": 0.8000000000001819}, "AP_amplitude": {"0.1": 53.852293030384175, "0.2": 58.53095962280321, "0.4": 62.76573464900266, "0.8": 79.71264888003402}, "voltage_base": {"0.1": -69.49204000650083, "0.2": -69.49204000650083, "0.4": -69.49204000650083, "0.8": -69.49204000650083}}}}