{"BBP": {"L1_NGC-DA_bNAC219_4": {"mean_frequency": {"0.1": 50.593598156624076, "0.2": 93.19571099314881, "0.4": 136.22477087203129, "0.8": 183.45864661666602}, "ISI_CV": {"0.1": 0.08011954853065585, "0.2": 0.05657648361611724, "0.4": 0.023566165654834402, "0.8": 0.011533548819749993}, "time_to_first_spike": {"0.1": 5.3000000000918135, "0.2": 2.800000000091245, "0.4": 1.700000000090995, "0.8": 1.0000000000908358}, "time_to_second_spike": {"0.1": 17.500000000094587, "0.2": 11.500000000093223, "0.4": 8.400000000092518, "0.8": 6.400000000092064}, "AP_height": {"0.1": 19.711873024989327, "0.2": 22.03960232271252, "0.4": 21.570732871692137, "0.8": 23.608261569727986}, "AP_width": {"0.1": 0.6000000000001364, "0.2": 0.6000000000001364, "0.4": 0.7000000000001592, "0.8": 0.7000000000001592}, "AP_amplitude": {"0.1": 75.31265111031489, "0.2": 77.53366813996632, "0.4": 93.36452689976488, "0.8": 95.4020555958661}, "voltage_base": {"0.1": -71.79365565107562, "0.2": -71.79365565107562, "0.4": -71.79365565107562, "0.8": -71.79365565107562}}}, "NetPyNE": {"L1_NGC-DA_bNAC219_4": {"mean_frequency": {"0.1": 50.35246727093043, "0.2": 92.62040652854999, "0.4": 135.08780707469035, "0.8": 181.61805173375035}, "ISI_CV": {"0.1": 0.0796553980081729, "0.2": 0.055828875887609826, "0.4": 0.023594689049191094, "0.8": 0.012690403890519937}, "time_to_first_spike": {"0.1": 5.400000000091836, "0.2": 2.900000000091268, "0.4": 1.700000000090995, "0.8": 1.1000000000908585}, "time_to_second_spike": {"0.1": 17.60000000009461, "0.2": 11.600000000093246, "0.4": 8.500000000092541, "0.8": 6.500000000092086}, "AP_height": {"0.1": 19.856709124202556, "0.2": 22.17341916297074, "0.4": 24.691163791610748, "0.8": 25.339420129919453}, "AP_width": {"0.1": 0.6000000000001364, "0.2": 0.6000000000001364, "0.4": 0.6000000000001364, "0.8": 0.6000000000001364}, "AP_amplitude": {"0.1": 74.6594863707725, "0.2": 76.58704889021979, "0.4": 96.48495756045867, "0.8": 97.13321393260648}, "voltage_base": {"0.1": -71.79365542671458, "0.2": -71.79365542671458, "0.4": -71.79365542671458, "0.8": -71.79365542671458}}}}