{"BBP": {"L4_LBC_cNAC187_2": {"mean_frequency": {"0.1": 44.636140227724795, "0.2": 71.22435672372798, "0.4": 112.66900350533447, "0.8": 207.61245674714067}, "ISI_CV": {"0.1": 0.007545851813678244, "0.2": 0.012785075201787933, "0.4": 0.03380366006083231, "0.8": 0.10724454793818078}, "time_to_first_spike": {"0.1": 8.500000000092541, "0.2": 4.100000000091541, "0.4": 2.100000000091086, "0.8": 1.2000000000908813}, "time_to_second_spike": {"0.1": 29.400000000097293, "0.2": 16.400000000094337, "0.4": 10.100000000092905, "0.8": 7.100000000092223}, "AP_height": {"0.1": 12.083704508266768, "0.2": 15.832847544777724, "0.4": 18.020652414384582, "0.8": 20.885638660669763}, "AP_width": {"0.1": 0.8000000000001819, "0.2": 0.8000000000001819, "0.4": 0.8000000000001819, "0.8": 0.8000000000001819}, "AP_amplitude": {"0.1": 67.38969292361138, "0.2": 70.30613325744076, "0.4": 86.26508554824822, "0.8": 89.13007179270369}, "voltage_base": {"0.1": -68.2420293703442, "0.2": -68.2420293703442, "0.4": -68.2420293703442, "0.8": -68.2420293703442}}}, "NetPyNE": {"L4_LBC_cNAC187_2": {"mean_frequency": {"0.1": 44.537857178632095, "0.2": 71.07107107111939, "0.4": 112.56190905005403, "0.8": 205.92020591991897}, "ISI_CV": {"0.1": 0.00741025383475089, "0.2": 0.013412749065672034, "0.4": 0.035366991255554855, "0.8": 0.09809426360555981}, "time_to_first_spike": {"0.1": 8.600000000092564, "0.2": 4.200000000091563, "0.4": 2.2000000000911086, "0.8": 1.300000000090904}, "time_to_second_spike": {"0.1": 29.60000000009734, "0.2": 16.600000000094383, "0.4": 10.30000000009295, "0.8": 7.2000000000922455}, "AP_height": {"0.1": 11.874162714550847, "0.2": 15.252823236186074, "0.4": 18.747109038409793, "0.8": 20.99167765063184}, "AP_width": {"0.1": 0.8000000000001819, "0.2": 0.8000000000001819, "0.4": 0.8000000000001819, "0.8": 0.9000000000002046}, "AP_amplitude": {"0.1": 66.42241924934, "0.2": 70.3339484975605, "0.4": 73.7064650844015, "0.8": 89.23610666586963}, "voltage_base": {"0.1": -68.24202524950795, "0.2": -68.24202524950795, "0.4": -68.24202524950795, "0.8": -68.24202524950795}}}}