{"BBP": {"L4_BP_cNAC187_5": {"mean_frequency": {"0.1": 76.64946645964831, "0.2": 108.48274822969549, "0.4": 158.42775493844115, "0.8": 291.71878909201723}, "ISI_CV": {"0.1": 0.08342974232936862, "0.2": 0.056002030519953436, "0.4": 0.014024409291832012, "0.8": 0.03213717190407993}, "time_to_first_spike": {"0.1": 1.4000000000909267, "0.2": 0.900000000090813, "0.4": 0.6000000000907448, "0.8": 0.40000000009069936}, "time_to_second_spike": {"0.1": 10.600000000093019, "0.2": 7.900000000092405, "0.4": 6.200000000092018, "0.8": 4.8000000000917}, "AP_height": {"0.1": 28.920237585107472, "0.2": 35.327413683983394, "0.4": 37.07816826363931, "0.8": 38.97278358158138}, "AP_width": {"0.1": 0.6000000000001364, "0.2": 0.7000000000001592, "0.4": 0.7000000000001592, "0.8": 0.8000000000001819}, "AP_amplitude": {"0.1": 95.62941556771554, "0.2": 102.03659166462062, "0.4": 103.78734624033495, "0.8": 105.68196155039408}, "voltage_base": {"0.1": -66.70656180923753, "0.2": -66.70656180923753, "0.4": -66.70656180923753, "0.8": -66.70656180923753}}}, "NetPyNE": {"L4_BP_cNAC187_5": {"mean_frequency": {"0.1": 76.33204439316187, "0.2": 107.98051328418764, "0.4": 157.39348370938012, "0.8": 286.57164291092255}, "ISI_CV": {"0.1": 0.08284648725946898, "0.2": 0.05495445381260341, "0.4": 0.013952345271340313, "0.8": 0.032537258453667395}, "time_to_first_spike": {"0.1": 1.4000000000909267, "0.2": 0.900000000090813, "0.4": 0.6000000000907448, "0.8": 0.40000000009069936}, "time_to_second_spike": {"0.1": 10.700000000093041, "0.2": 8.000000000092427, "0.4": 6.300000000092041, "0.8": 4.9000000000917225}, "AP_height": {"0.1": 33.57520982688899, "0.2": 28.796548302124204, "0.4": 34.14477202489913, "0.8": 38.28375744216856}, "AP_width": {"0.1": 0.7000000000001592, "0.2": 0.6000000000001364, "0.4": 0.7000000000001592, "0.8": 0.8000000000001819}, "AP_amplitude": {"0.1": 100.28438321561353, "0.2": 95.50572186019089, "0.4": 100.8539454853146, "0.8": 104.99293075458874}, "voltage_base": {"0.1": -66.70655714744733, "0.2": -66.70655714744733, "0.4": -66.70655714744733, "0.8": -66.70655714744733}}}}