{"BBP": {"L23_NBC_cIR216_5": {"mean_frequency": {"0.1": 17.390414812553292, "0.2": 31.50157507877536, "0.4": 64.28607302500473, "0.8": 220.994475136965}, "ISI_CV": {"0.1": 0.3556568219199979, "0.2": 0.24782610673119437, "0.4": 0.14162730484553313, "0.8": 0.128564869306645}, "time_to_first_spike": {"0.1": 17.300000000094542, "0.2": 7.500000000092314, "0.4": 3.8000000000914724, "0.8": 2.100000000091086}, "time_to_second_spike": {"0.1": 42.00000000010016, "0.2": 19.200000000094974, "0.4": 12.000000000093337, "0.8": 8.200000000092473}, "AP_height": {"0.1": 19.081550915727746, "0.2": 23.1495926539928, "0.4": 25.880049893542125, "0.8": 30.121938944497355}, "AP_width": {"0.1": 0.9000000000002046, "0.2": 1.0000000000002274, "0.4": 1.0000000000002274, "0.8": 1.0000000000002274}, "AP_amplitude": {"0.1": 74.70633291637122, "0.2": 79.27025772586883, "0.4": 81.68772730515755, "0.8": 106.94016680111359}, "voltage_base": {"0.1": -76.79248950397346, "0.2": -76.79248950397346, "0.4": -76.79248950397346, "0.8": -76.79248950397346}}}, "NetPyNE": {"L23_NBC_cIR216_5": {"mean_frequency": {"0.1": 25.44529262080069, "0.2": 25.611409631916153, "0.4": 52.59467040676786, "0.8": 207.4688796672226}, "ISI_CV": {"0.1": 0, "0.2": 0.21519855828631435, "0.4": 0.1490506718357003, "0.8": 0.11538461538461539}, "time_to_first_spike": {"0.1": 39.300000000099544, "0.2": 8.600000000092564, "0.4": 4.200000000091563, "0.8": 2.3000000000911314}, "time_to_second_spike": {"0.1": 0, "0.2": 21.900000000095588, "0.4": 12.800000000093519, "0.8": 8.500000000092541}, "AP_height": {"0.1": 15.498318641680346, "0.2": 22.761656775000155, "0.4": 26.65338703853906, "0.8": 27.106261080452224}, "AP_width": {"0.1": 0.9000000000002046, "0.2": 1.0000000000002274, "0.4": 0.9000000000002046, "0.8": 1.1000000000002501}, "AP_amplitude": {"0.1": 70.56869993881585, "0.2": 78.2581413904098, "0.4": 81.13352701306228, "0.8": 105.02389009935219}, "voltage_base": {"0.1": -77.91750109030356, "0.2": -77.91750109030356, "0.4": -77.91750109030356, "0.8": -77.91750109030356}}}}