{"BBP": {"L4_DBC_cACint209_1": {"mean_frequency": {"0.1": 30.56571629004432, "0.2": 50.24368185704059, "0.4": 91.68336673352924, "0.8": 168.1092710262813}, "ISI_CV": {"0.1": 0.24047853904844524, "0.2": 0.20115326823478796, "0.4": 0.15292891159651323, "0.8": 0.09142716624421576}, "time_to_first_spike": {"0.1": 7.500000000092314, "0.2": 2.900000000091268, "0.4": 1.5000000000909495, "0.8": 0.900000000090813}, "time_to_second_spike": {"0.1": 19.80000000009511, "0.2": 11.900000000093314, "0.4": 8.400000000092518, "0.8": 6.400000000092064}, "AP_height": {"0.1": 34.38236569877834, "0.2": 33.56944815688984, "0.4": 38.81488117856982, "0.8": 39.68325798477736}, "AP_width": {"0.1": 0.8000000000001819, "0.2": 0.8000000000001819, "0.4": 0.9000000000002046, "0.8": 0.9000000000002046}, "AP_amplitude": {"0.1": 91.18108689872139, "0.2": 89.95723129039769, "0.4": 107.74147877895611, "0.8": 108.60985558249382}, "voltage_base": {"0.1": -68.92607906215493, "0.2": -68.92607906215493, "0.4": -68.92607906215493, "0.8": -68.92607906215493}}}, "NetPyNE": {"L4_DBC_cACint209_1": {"mean_frequency": {"0.1": 30.517267687320363, "0.2": 50.10271055667516, "0.4": 91.5778411650525, "0.8": 167.08354177099906}, "ISI_CV": {"0.1": 0.24260209890119513, "0.2": 0.20113268165355908, "0.4": 0.1515535889512711, "0.8": 0.08890345049901952}, "time_to_first_spike": {"0.1": 7.6000000000923364, "0.2": 3.0000000000912905, "0.4": 1.6000000000909722, "0.8": 0.900000000090813}, "time_to_second_spike": {"0.1": 20.000000000095156, "0.2": 12.10000000009336, "0.4": 8.600000000092564, "0.8": 6.500000000092086}, "AP_height": {"0.1": 33.21792894436541, "0.2": 35.16727790054587, "0.4": 36.130228992157505, "0.8": 37.157719610630444}, "AP_width": {"0.1": 0.8000000000001819, "0.2": 0.9000000000002046, "0.4": 0.8000000000001819, "0.8": 0.9000000000002046}, "AP_amplitude": {"0.1": 89.49718029668286, "0.2": 90.43364336006424, "0.4": 105.05682595712503, "0.8": 106.08431643650661}, "voltage_base": {"0.1": -68.9260782915123, "0.2": -68.9260782915123, "0.4": -68.9260782915123, "0.8": -68.9260782915123}}}}