{"BBP": {"L6_NBC_cACint209_3": {"mean_frequency": {"0.1": 22.505626406616955, "0.2": 35.287593890229104, "0.4": 60.603025142783856, "0.8": 108.40652446682394}, "ISI_CV": {"0.1": 0.2699800080779999, "0.2": 0.23200155461744904, "0.4": 0.18701536452585565, "0.8": 0.14453486266514243}, "time_to_first_spike": {"0.1": 12.700000000093496, "0.2": 5.3000000000918135, "0.4": 2.500000000091177, "0.8": 1.4000000000909267}, "time_to_second_spike": {"0.1": 29.60000000009734, "0.2": 16.300000000094315, "0.4": 10.700000000093041, "0.8": 7.700000000092359}, "AP_height": {"0.1": 31.191261499910542, "0.2": 30.5664091299089, "0.4": 34.63277586017134, "0.8": 37.767627792768835}, "AP_width": {"0.1": 0.8000000000001819, "0.2": 0.9000000000002046, "0.4": 0.9000000000002046, "0.8": 0.9000000000002046}, "AP_amplitude": {"0.1": 87.08068517392549, "0.2": 86.23269559720913, "0.4": 90.1079156268139, "0.8": 108.60079782669382}, "voltage_base": {"0.1": -70.83258080843133, "0.2": -70.83258080843133, "0.4": -70.83258080843133, "0.8": -70.83258080843133}}}, "NetPyNE": {"L6_NBC_cACint209_3": {"mean_frequency": {"0.1": 22.51099969304701, "0.2": 35.17057729992842, "0.4": 60.524209683914705, "0.8": 108.2869604452533}, "ISI_CV": {"0.1": 0.2730831619988959, "0.2": 0.23210568108095647, "0.4": 0.18648230472316424, "0.8": 0.14245592767822024}, "time_to_first_spike": {"0.1": 12.800000000093519, "0.2": 5.400000000091836, "0.4": 2.6000000000911996, "0.8": 1.4000000000909267}, "time_to_second_spike": {"0.1": 29.800000000097384, "0.2": 16.400000000094337, "0.4": 10.800000000093064, "0.8": 7.800000000092382}, "AP_height": {"0.1": 28.860753416702124, "0.2": 31.033777607646172, "0.4": 36.14402397524975, "0.8": 34.03372331765766}, "AP_width": {"0.1": 0.8000000000001819, "0.2": 0.9000000000002046, "0.4": 0.9000000000002046, "0.8": 0.9000000000002046}, "AP_amplitude": {"0.1": 84.26785398152501, "0.2": 87.1141514137529, "0.4": 91.70465703961241, "0.8": 104.86689237908293}, "voltage_base": {"0.1": -70.83257983602871, "0.2": -70.83257983602871, "0.4": -70.83257983602871, "0.8": -70.83257983602871}}}}