{"BBP": {"L23_LBC_cNAC187_3": {"mean_frequency": {"0.1": 46.31027886844983, "0.2": 71.0959795724711, "0.4": 106.35629358357698, "0.8": 174.3350107836956}, "ISI_CV": {"0.1": 0.026667611608160075, "0.2": 0.020134955166315416, "0.4": 0.011809200744357928, "0.8": 0.1105917918419064}, "time_to_first_spike": {"0.1": 6.200000000092018, "0.2": 3.200000000091336, "0.4": 1.8000000000910177, "0.8": 1.1000000000908585}, "time_to_second_spike": {"0.1": 25.60000000009643, "0.2": 15.000000000094019, "0.4": 9.800000000092837, "0.8": 6.900000000092177}, "AP_height": {"0.1": 18.68465428992306, "0.2": 18.88047966041899, "0.4": 21.1332730250158, "0.8": 22.347344786468287}, "AP_width": {"0.1": 0.7000000000001592, "0.2": 0.8000000000001819, "0.4": 0.8000000000001819, "0.8": 0.9000000000002046}, "AP_amplitude": {"0.1": 73.73497226403256, "0.2": 74.74507590400157, "0.4": 89.79371890590095, "0.8": 91.00779066513462}, "voltage_base": {"0.1": -68.65765347562547, "0.2": -68.65765347562547, "0.4": -68.65765347562547, "0.8": -68.65765347562547}}}, "NetPyNE": {"L23_LBC_cNAC187_3": {"mean_frequency": {"0.1": 46.159249410497466, "0.2": 70.87207841170934, "0.4": 105.93964954568625, "0.8": 172.44796828550955}, "ISI_CV": {"0.1": 0.02605911333471022, "0.2": 0.019148586776151614, "0.4": 0.011800944720440897, "0.8": 0.10984917535639213}, "time_to_first_spike": {"0.1": 6.300000000092041, "0.2": 3.200000000091336, "0.4": 1.8000000000910177, "0.8": 1.1000000000908585}, "time_to_second_spike": {"0.1": 25.800000000096475, "0.2": 15.200000000094064, "0.4": 9.90000000009286, "0.8": 7.0000000000922}, "AP_height": {"0.1": 18.202354782873996, "0.2": 19.29079929605085, "0.4": 23.340635229013547, "0.8": 26.186404651515975}, "AP_width": {"0.1": 0.7000000000001592, "0.2": 0.8000000000001819, "0.4": 0.8000000000001819, "0.8": 0.8000000000001819}, "AP_amplitude": {"0.1": 74.11282141498349, "0.2": 74.16854162655967, "0.4": 92.00107642319041, "0.8": 94.84684581902448}, "voltage_base": {"0.1": -68.65764875903308, "0.2": -68.65764875903308, "0.4": -68.65764875903308, "0.8": -68.65764875903308}}}}