{"BBP": {"L23_BTC_cNAC187_5": {"mean_frequency": {"0.1": 43.172690763081526, "0.2": 69.0448791715084, "0.4": 105.31066646614647, "0.8": 179.27982911209298}, "ISI_CV": {"0.1": 0.014172348047444326, "0.2": 0.010532147869691273, "0.4": 0.014419645275268105, "0.8": 0.14153796054737847}, "time_to_first_spike": {"0.1": 7.500000000092314, "0.2": 3.4000000000913815, "0.4": 1.8000000000910177, "0.8": 1.1000000000908585}, "time_to_second_spike": {"0.1": 28.700000000097134, "0.2": 15.600000000094155, "0.4": 9.90000000009286, "0.8": 7.100000000092223}, "AP_height": {"0.1": 17.295410717677402, "0.2": 20.885398889802847, "0.4": 22.7615175769784, "0.8": 26.214883507171653}, "AP_width": {"0.1": 0.7000000000001592, "0.2": 0.7000000000001592, "0.4": 0.7000000000001592, "0.8": 0.8000000000001819}, "AP_amplitude": {"0.1": 73.85913866761445, "0.2": 76.43037593079792, "0.4": 90.75100581932722, "0.8": 94.2043717474732}, "voltage_base": {"0.1": -67.98693860855954, "0.2": -67.98693860855954, "0.4": -67.98693860855954, "0.8": -67.98693860855954}}}, "NetPyNE": {"L23_BTC_cNAC187_5": {"mean_frequency": {"0.1": 43.00096119798532, "0.2": 68.75439124766288, "0.4": 104.83547351532002, "0.8": 177.20639332879102}, "ISI_CV": {"0.1": 0.014029948313098934, "0.2": 0.010304491379407563, "0.4": 0.014896092651586864, "0.8": 0.1433455776694838}, "time_to_first_spike": {"0.1": 7.6000000000923364, "0.2": 3.500000000091404, "0.4": 1.9000000000910404, "0.8": 1.2000000000908813}, "time_to_second_spike": {"0.1": 28.90000000009718, "0.2": 15.800000000094201, "0.4": 10.000000000092882, "0.8": 7.2000000000922455}, "AP_height": {"0.1": 16.561546509618722, "0.2": 19.949613576931775, "0.4": 23.422108649232875, "0.8": 23.426691407367453}, "AP_width": {"0.1": 0.7000000000001592, "0.2": 0.7000000000001592, "0.4": 0.7000000000001592, "0.8": 0.8000000000001819}, "AP_amplitude": {"0.1": 72.62206843762047, "0.2": 75.96484246422295, "0.4": 91.41159290798421, "0.8": 91.41617567148094}, "voltage_base": {"0.1": -67.9869346281317, "0.2": -67.9869346281317, "0.4": -67.9869346281317, "0.8": -67.9869346281317}}}}