{"BBP": {"L6_DBC_bAC217_4": {"mean_frequency": {"0.1": 6.392499467295963, "0.2": 12.02803054074647, "0.4": 18.0496365003883, "0.8": 23.193667120471535}, "ISI_CV": {"0.1": 0.28524392322723063, "0.2": 0.3076469922332191, "0.4": 0.3029874275822052, "0.8": 0.40092170069792815}, "time_to_first_spike": {"0.1": 20.600000000095292, "0.2": 6.600000000092109, "0.4": 2.800000000091245, "0.8": 1.5000000000909495}, "time_to_second_spike": {"0.1": 71.00000000010675, "0.2": 32.000000000097884, "0.4": 18.400000000094792, "0.8": 11.4000000000932}, "AP_height": {"0.1": 15.3356944441632, "0.2": 17.195251941524912, "0.4": 23.81018512788681, "0.8": 28.543256777664137}, "AP_width": {"0.1": 0.5000000000001137, "0.2": 0.6000000000001364, "0.4": 0.5000000000001137, "0.8": 0.6000000000001364}, "AP_amplitude": {"0.1": 71.8710101634844, "0.2": 74.26685904717924, "0.4": 80.19536214354511, "0.8": 98.41039581126147}, "voltage_base": {"0.1": -69.86446579040557, "0.2": -69.86446579040557, "0.4": -69.86446579040557, "0.8": -69.86446579040557}}}, "NetPyNE": {"L6_DBC_bAC217_4": {"mean_frequency": {"0.1": 6.278120749193279, "0.2": 11.799107371885038, "0.4": 17.607405171558383, "0.8": 24.174053182933402}, "ISI_CV": {"0.1": 0.2782127006653983, "0.2": 0.3058218749260972, "0.4": 0.2996801250155954, "0.8": 0.3455670635480804}, "time_to_first_spike": {"0.1": 20.800000000095338, "0.2": 6.700000000092132, "0.4": 2.900000000091268, "0.8": 1.5000000000909495}, "time_to_second_spike": {"0.1": 71.50000000010687, "0.2": 32.30000000009795, "0.4": 18.600000000094838, "0.8": 11.600000000093246}, "AP_height": {"0.1": 12.997073939996854, "0.2": 17.179757450637776, "0.4": 20.517523585078518, "0.8": 24.056181811524468}, "AP_width": {"0.1": 0.6000000000001364, "0.2": 0.6000000000001364, "0.4": 0.6000000000001364, "0.8": 0.6000000000001364}, "AP_amplitude": {"0.1": 69.5473021462703, "0.2": 73.76687725341434, "0.4": 76.10422017916146, "0.8": 93.92331679491302}, "voltage_base": {"0.1": -69.86446172544176, "0.2": -69.86446172544176, "0.4": -69.86446172544176, "0.8": -69.86446172544176}}}}