{"BBP": {"L1_DAC_bNAC219_3": {"mean_frequency": {"0.1": 49.20419741932347, "0.2": 96.15384615391152, "0.4": 154.80961923858217, "0.8": 237.52375237539906}, "ISI_CV": {"0.1": 0.06226659910507038, "0.2": 0.020288960951011934, "0.4": 0.015323322283477454, "0.8": 0.017639461021248578}, "time_to_first_spike": {"0.1": 7.800000000092382, "0.2": 3.900000000091495, "0.4": 2.2000000000911086, "0.8": 1.300000000090904}, "time_to_second_spike": {"0.1": 20.50000000009527, "0.2": 12.800000000093519, "0.4": 8.900000000092632, "0.8": 6.600000000092109}, "AP_height": {"0.1": 6.208253767772233, "0.2": 9.484780921773664, "0.4": 11.51074138483331, "0.8": 15.490121565337951}, "AP_width": {"0.1": 0.7000000000001592, "0.2": 0.7000000000001592, "0.4": 0.8000000000001819, "0.8": 0.8000000000001819}, "AP_amplitude": {"0.1": 62.07478804260106, "0.2": 65.36473577305826, "0.4": 81.74246955563328, "0.8": 85.72184973406743}, "voltage_base": {"0.1": -70.23159007105068, "0.2": -70.23159007105068, "0.4": -70.23159007105068, "0.8": -70.23159007105068}}}, "NetPyNE": {"L1_DAC_bNAC219_3": {"mean_frequency": {"0.1": 49.11788291903899, "0.2": 95.81619343841163, "0.4": 153.8847117795532, "0.8": 233.7922403005344}, "ISI_CV": {"0.1": 0.06210590842776493, "0.2": 0.019997495976368188, "0.4": 0.015025123989968744, "0.8": 0.015131238922186574}, "time_to_first_spike": {"0.1": 7.900000000092405, "0.2": 4.000000000091518, "0.4": 2.2000000000911086, "0.8": 1.300000000090904}, "time_to_second_spike": {"0.1": 20.600000000095292, "0.2": 12.900000000093542, "0.4": 9.000000000092655, "0.8": 6.700000000092132}, "AP_height": {"0.1": 5.53226475920552, "0.2": 10.218598709818442, "0.4": 13.612557974270379, "0.8": 16.65123614335654}, "AP_width": {"0.1": 0.7000000000001592, "0.2": 0.8000000000001819, "0.4": 0.7000000000001592, "0.8": 0.7000000000001592}, "AP_amplitude": {"0.1": 60.49425009786468, "0.2": 64.99091749114459, "0.4": 83.84428575373359, "0.8": 86.88296417099423}, "voltage_base": {"0.1": -70.23158992895213, "0.2": -70.23158992895213, "0.4": -70.23158992895213, "0.8": -70.23158992895213}}}}