{"BBP": {"L6_NBC_bIR215_3": {"mean_frequency": {"0.1": 0, "0.2": 63.291139240128985, "0.4": 10.540739959952226, "0.8": 16.7478684531173}, "ISI_CV": {"0.1": 0, "0.2": 0, "0.4": 0.2977526595733793, "0.8": 0.28383693875119737}, "time_to_first_spike": {"0.1": 0, "0.2": 15.800000000094201, "0.4": 4.000000000091518, "0.8": 1.9000000000910404}, "time_to_second_spike": {"0.1": 0, "0.2": 0, "0.4": 26.500000000096634, "0.8": 15.600000000094155}, "AP_height": {"0.1": 0, "0.2": 22.260964874681424, "0.4": 25.178878375232287, "0.8": 31.828596845733156}, "AP_width": {"0.1": 0, "0.2": 0.5000000000001137, "0.4": 0.5000000000001137, "0.8": 0.6000000000001364}, "AP_amplitude": {"0.1": 0, "0.2": 77.12720458250676, "0.4": 80.8833898523391, "0.8": 107.15153140177691}, "voltage_base": {"0.1": -75.41007766098319, "0.2": -75.41007766098319, "0.4": -75.41007766098319, "0.8": -75.41007766098319}}}, "NetPyNE": {"L6_NBC_bIR215_3": {"mean_frequency": {"0.1": 0, "0.2": 0, "0.4": 9.66724330925656, "0.8": 16.274220617414247}, "ISI_CV": {"0.1": 0, "0.2": 0, "0.4": 0.2419484829871194, "0.8": 0.26298927436098235}, "time_to_first_spike": {"0.1": 0, "0.2": 0, "0.4": 4.200000000091563, "0.8": 2.100000000091086}, "time_to_second_spike": {"0.1": 0, "0.2": 0, "0.4": 28.400000000097066, "0.8": 16.200000000094292}, "AP_height": {"0.1": 0, "0.2": 0, "0.4": 28.600867903253427, "0.8": 32.520522350500364}, "AP_width": {"0.1": 0, "0.2": 0, "0.4": 0.6000000000001364, "0.8": 0.6000000000001364}, "AP_amplitude": {"0.1": 0, "0.2": 0, "0.4": 83.02182122252023, "0.8": 109.23624513086378}, "voltage_base": {"0.1": -76.71387789448718, "0.2": -76.71387789448718, "0.4": -76.71387789448718, "0.8": -76.71387789448718}}}}