{"BBP": {"L5_NBC_cNAC187_1": {"mean_frequency": {"0.1": 39.64868255962542, "0.2": 61.36203601251524, "0.4": 89.82787173188215, "0.8": 129.67506133288742}, "ISI_CV": {"0.1": 0.02430163570530344, "0.2": 0.02676027881633431, "0.4": 0.027979405975228716, "0.8": 0.018139731265391108}, "time_to_first_spike": {"0.1": 7.100000000092223, "0.2": 3.0000000000912905, "0.4": 1.5000000000909495, "0.8": 0.8000000000907903}, "time_to_second_spike": {"0.1": 30.500000000097543, "0.2": 17.000000000094474, "0.4": 10.500000000092996, "0.8": 7.300000000092268}, "AP_height": {"0.1": 27.172135166900794, "0.2": 28.288008958204095, "0.4": 29.025201319918313, "0.8": 33.10922221433908}, "AP_width": {"0.1": 0.7000000000001592, "0.2": 0.7000000000001592, "0.4": 0.7000000000001592, "0.8": 0.8000000000001819}, "AP_amplitude": {"0.1": 80.79326282793446, "0.2": 81.85302036173613, "0.4": 96.26098227790028, "0.8": 100.34500317024438}, "voltage_base": {"0.1": -67.23364593684394, "0.2": -67.23364593684394, "0.4": -67.23364593684394, "0.8": -67.23364593684394}}}, "NetPyNE": {"L5_NBC_cNAC187_1": {"mean_frequency": {"0.1": 39.56330128207817, "0.2": 61.214249874602544, "0.4": 89.5626938857809, "0.8": 129.13559237207838}, "ISI_CV": {"0.1": 0.02392911611028224, "0.2": 0.026121878256071436, "0.4": 0.026897475116787264, "0.8": 0.0170373606804463}, "time_to_first_spike": {"0.1": 7.2000000000922455, "0.2": 3.0000000000912905, "0.4": 1.5000000000909495, "0.8": 0.900000000090813}, "time_to_second_spike": {"0.1": 30.600000000097566, "0.2": 17.20000000009452, "0.4": 10.600000000093019, "0.8": 7.400000000092291}, "AP_height": {"0.1": 27.48497856653284, "0.2": 27.805039000465218, "0.4": 32.47487256362683, "0.8": 32.465287088360824}, "AP_width": {"0.1": 0.7000000000001592, "0.2": 0.8000000000001819, "0.4": 0.8000000000001819, "0.8": 0.8000000000001819}, "AP_amplitude": {"0.1": 80.3590790478138, "0.2": 81.62190058280231, "0.4": 99.71064977615664, "0.8": 99.70106431486631}, "voltage_base": {"0.1": -67.23364220329331, "0.2": -67.23364220329331, "0.4": -67.23364220329331, "0.8": -67.23364220329331}}}}