{"BBP": {"L5_LBC_dNAC222_4": {"mean_frequency": {"0.1": 0, "0.2": 37.02777082814627, "0.4": 67.20497517432722, "0.8": 102.22489476856015}, "ISI_CV": {"0.1": 0, "0.2": 0.0211097552814137, "0.4": 0.033932093225687854, "0.8": 0.023543048588249748}, "time_to_first_spike": {"0.1": 0, "0.2": 8.400000000092518, "0.4": 3.4000000000913815, "0.8": 1.9000000000910404}, "time_to_second_spike": {"0.1": 0, "0.2": 33.800000000098294, "0.4": 15.700000000094178, "0.8": 9.90000000009286}, "AP_height": {"0.1": 0, "0.2": 18.38514651960026, "0.4": 21.59108915641879, "0.8": 26.230560246931244}, "AP_width": {"0.1": 0, "0.2": 0.6000000000001364, "0.4": 0.7000000000001592, "0.8": 0.7000000000001592}, "AP_amplitude": {"0.1": 0, "0.2": 74.46623185397804, "0.4": 77.46434275648345, "0.8": 99.10468649963173}, "voltage_base": {"0.1": -72.8698846261403, "0.2": -72.8698846261403, "0.4": -72.8698846261403, "0.8": -72.8698846261403}}}, "NetPyNE": {"L5_LBC_dNAC222_4": {"mean_frequency": {"0.1": 0, "0.2": 36.8240516545851, "0.4": 66.83752952414207, "0.8": 101.66266025647936}, "ISI_CV": {"0.1": 0, "0.2": 0.020620036904118733, "0.4": 0.033147943193051845, "0.8": 0.022488137461818377}, "time_to_first_spike": {"0.1": 0, "0.2": 8.500000000092541, "0.4": 3.500000000091404, "0.8": 1.9000000000910404}, "time_to_second_spike": {"0.1": 0, "0.2": 34.10000000009836, "0.4": 15.800000000094201, "0.8": 10.000000000092882}, "AP_height": {"0.1": 0, "0.2": 17.718845681192974, "0.4": 23.625829655744564, "0.8": 23.93206324740377}, "AP_width": {"0.1": 0, "0.2": 0.6000000000001364, "0.4": 0.7000000000001592, "0.8": 0.7000000000001592}, "AP_amplitude": {"0.1": 0, "0.2": 73.34754077143486, "0.4": 78.4688885297833, "0.8": 96.80618106658993}, "voltage_base": {"0.1": -72.8698761674682, "0.2": -72.8698761674682, "0.4": -72.8698761674682, "0.8": -72.8698761674682}}}}