{"BBP": {"L4_DBC_bNAC219_4": {"mean_frequency": {"0.1": 27.974162046710333, "0.2": 96.00480024007729, "0.4": 139.29949391200526, "0.8": 189.9844603740827}, "ISI_CV": {"0.1": 0.15152301036773172, "0.2": 0.040894512005734296, "0.4": 0.02764826041655684, "0.8": 0.013897662983945415}, "time_to_first_spike": {"0.1": 8.200000000092473, "0.2": 2.900000000091268, "0.4": 1.5000000000909495, "0.8": 0.900000000090813}, "time_to_second_spike": {"0.1": 20.90000000009536, "0.2": 11.600000000093246, "0.4": 8.300000000092496, "0.8": 6.300000000092041}, "AP_height": {"0.1": 20.212179833106255, "0.2": 19.120523798934503, "0.4": 25.59219780592852, "0.8": 29.052058600285452}, "AP_width": {"0.1": 0.5000000000001137, "0.2": 0.5000000000001137, "0.4": 0.6000000000001364, "0.8": 0.6000000000001364}, "AP_amplitude": {"0.1": 76.7204938133749, "0.2": 75.3852727538398, "0.4": 95.89724316406065, "0.8": 99.3571039558906}, "voltage_base": {"0.1": -70.30494819580994, "0.2": -70.30494819580994, "0.4": -70.30494819580994, "0.8": -70.30494819580994}}}, "NetPyNE": {"L4_DBC_bNAC219_4": {"mean_frequency": {"0.1": 27.822743828428397, "0.2": 95.36237703278913, "0.4": 138.0621279576748, "0.8": 187.83810859559952}, "ISI_CV": {"0.1": 0.1512861460988584, "0.2": 0.04025220514357103, "0.4": 0.027356978182521814, "0.8": 0.013490796820021566}, "time_to_first_spike": {"0.1": 8.300000000092496, "0.2": 2.900000000091268, "0.4": 1.6000000000909722, "0.8": 1.0000000000908358}, "time_to_second_spike": {"0.1": 21.100000000095406, "0.2": 11.700000000093269, "0.4": 8.500000000092541, "0.8": 6.500000000092086}, "AP_height": {"0.1": 17.72221734786151, "0.2": 20.255451932672315, "0.4": 25.28064351342049, "0.8": 22.822574761456124}, "AP_width": {"0.1": 0.5000000000001137, "0.2": 0.6000000000001364, "0.4": 0.5000000000001137, "0.8": 0.5000000000001137}, "AP_amplitude": {"0.1": 73.93344195858978, "0.2": 75.5254793627968, "0.4": 95.58568875247269, "0.8": 93.12761992040963}, "voltage_base": {"0.1": -70.30494799854552, "0.2": -70.30494799854552, "0.4": -70.30494799854552, "0.8": -70.30494799854552}}}}