{"BBP": {"L6_BP_bIR215_5": {"mean_frequency": {"0.1": 11.806375442747036, "0.2": 17.00680272109988, "0.4": 23.2112221213196, "0.8": 33.53185526252217}, "ISI_CV": {"0.1": 0.3273034008396549, "0.2": 0.32765947355189706, "0.4": 0.3323431013012401, "0.8": 0.3191467467736675}, "time_to_first_spike": {"0.1": 8.10000000009245, "0.2": 2.800000000091245, "0.4": 1.4000000000909267, "0.8": 0.7000000000907676}, "time_to_second_spike": {"0.1": 34.200000000098385, "0.2": 17.90000000009468, "0.4": 10.500000000092996, "0.8": 7.2000000000922455}, "AP_height": {"0.1": 22.902930923886238, "0.2": 23.123214310698142, "0.4": 24.231451868700876, "0.8": 29.45319191738497}, "AP_width": {"0.1": 0.6000000000001364, "0.2": 0.6000000000001364, "0.4": 0.6000000000001364, "0.8": 0.6000000000001364}, "AP_amplitude": {"0.1": 79.23889545686069, "0.2": 93.63864387605226, "0.4": 95.43797845138099, "0.8": 100.17877202552556}, "voltage_base": {"0.1": -70.77002319002945, "0.2": -70.77002319002945, "0.4": -70.77002319002945, "0.8": -70.77002319002945}}}, "NetPyNE": {"L6_BP_bIR215_5": {"mean_frequency": {"0.1": 5.902237484577612, "0.2": 14.66349800274038, "0.4": 21.49657078515116, "0.8": 31.376518218644733}, "ISI_CV": {"0.1": 0.22171819907082346, "0.2": 0.29829345570467986, "0.4": 0.30735883294521243, "0.8": 0.2971175481246543}, "time_to_first_spike": {"0.1": 14.100000000093814, "0.2": 4.300000000091586, "0.4": 1.700000000090995, "0.8": 0.900000000090813}, "time_to_second_spike": {"0.1": 58.700000000103955, "0.2": 22.100000000095633, "0.4": 12.200000000093382, "0.8": 7.900000000092405}, "AP_height": {"0.1": 18.002924443702952, "0.2": 23.106247394525973, "0.4": 29.617027954239518, "0.8": 32.03592037799483}, "AP_width": {"0.1": 0.6000000000001364, "0.2": 0.5000000000001137, "0.4": 0.6000000000001364, "0.8": 0.6000000000001364}, "AP_amplitude": {"0.1": 73.27691956678888, "0.2": 97.68496991134998, "0.4": 104.19575035387214, "0.8": 106.6146428929588}, "voltage_base": {"0.1": -74.57786110935385, "0.2": -74.57786110935385, "0.4": -74.57786110935385, "0.8": -74.57786110935385}}}}