{"BBP": {"L5_DBC_bIR215_1": {"mean_frequency": {"0.1": 0, "0.2": 0, "0.4": 8.991854437750627, "0.8": 14.731281113491626}, "ISI_CV": {"0.1": 0, "0.2": 0, "0.4": 0.2993725468928119, "0.8": 0.30957271983439744}, "time_to_first_spike": {"0.1": 0, "0.2": 0, "0.4": 7.6000000000923364, "0.8": 3.0000000000912905}, "time_to_second_spike": {"0.1": 0, "0.2": 0, "0.4": 34.600000000098476, "0.8": 17.400000000094565}, "AP_height": {"0.1": 0, "0.2": 0, "0.4": 17.69013290035424, "0.8": 23.17397603371642}, "AP_width": {"0.1": 0, "0.2": 0, "0.4": 0.6000000000001364, "0.8": 0.6000000000001364}, "AP_amplitude": {"0.1": 0, "0.2": 0, "0.4": 71.37368971159115, "0.8": 95.80572888738794}, "voltage_base": {"0.1": -72.59900583455497, "0.2": -72.59900583455497, "0.4": -72.59900583455497, "0.8": -72.59900583455497}}}, "NetPyNE": {"L5_DBC_bIR215_1": {"mean_frequency": {"0.1": 0, "0.2": 0, "0.4": 7.541071909512132, "0.8": 14.05957092273386}, "ISI_CV": {"0.1": 0, "0.2": 0, "0.4": 0.23997419128154565, "0.8": 0.2986095946296975}, "time_to_first_spike": {"0.1": 0, "0.2": 0, "0.4": 9.000000000092655, "0.8": 3.4000000000913815}, "time_to_second_spike": {"0.1": 0, "0.2": 0, "0.4": 41.3000000001, "0.8": 19.10000000009495}, "AP_height": {"0.1": 0, "0.2": 0, "0.4": 17.263109730144052, "0.8": 24.276446821347303}, "AP_width": {"0.1": 0, "0.2": 0, "0.4": 0.6000000000001364, "0.8": 0.6000000000001364}, "AP_amplitude": {"0.1": 0, "0.2": 0, "0.4": 70.5523290627784, "0.8": 98.59459080443082}, "voltage_base": {"0.1": -74.31720181975625, "0.2": -74.31720181975625, "0.4": -74.31720181975625, "0.8": -74.31720181975625}}}}