{"BBP": {"L1_HAC_cIR216_3": {"mean_frequency": {"0.1": 22.20427937022095, "0.2": 39.5375606826754, "0.4": 88.32680919407785, "0.8": 206.65499124357308}, "ISI_CV": {"0.1": 0.32132939081903233, "0.2": 0.22816192652068928, "0.4": 0.09072420370236818, "0.8": 0.027760499720065345}, "time_to_first_spike": {"0.1": 10.600000000093019, "0.2": 5.000000000091745, "0.4": 2.800000000091245, "0.8": 1.5000000000909495}, "time_to_second_spike": {"0.1": 24.700000000096225, "0.2": 14.900000000093996, "0.4": 10.200000000092928, "0.8": 7.300000000092268}, "AP_height": {"0.1": 24.472820815861184, "0.2": 27.617717240203614, "0.4": 31.420111062928616, "0.8": 36.036132540923546}, "AP_width": {"0.1": 0.8000000000001819, "0.2": 0.9000000000002046, "0.4": 0.9000000000002046, "0.8": 1.0000000000002274}, "AP_amplitude": {"0.1": 80.63631221201811, "0.2": 84.3262393859393, "0.4": 107.78841569211878, "0.8": 111.98549853718036}, "voltage_base": {"0.1": -75.95528914501969, "0.2": -75.95528914501969, "0.4": -75.95528914501969, "0.8": -75.95528914501969}}}, "NetPyNE": {"L1_HAC_cIR216_3": {"mean_frequency": {"0.1": 14.246463824167563, "0.2": 29.602127339340765, "0.4": 70.03151418142924, "0.8": 158.11067747433947}, "ISI_CV": {"0.1": 0.2401411291038174, "0.2": 0.18798158385093558, "0.4": 0.09400194470095481, "0.8": 0.03911958620553255}, "time_to_first_spike": {"0.1": 13.800000000093746, "0.2": 5.90000000009195, "0.4": 3.0000000000912905, "0.8": 1.700000000090995}, "time_to_second_spike": {"0.1": 33.20000000009816, "0.2": 16.400000000094337, "0.4": 10.700000000093041, "0.8": 7.6000000000923364}, "AP_height": {"0.1": 21.708499439739867, "0.2": 28.538342797866438, "0.4": 30.573465503030132, "0.8": 34.396784295339984}, "AP_width": {"0.1": 0.9000000000002046, "0.2": 0.8000000000001819, "0.4": 1.0000000000002274, "0.8": 1.0000000000002274}, "AP_amplitude": {"0.1": 78.49269903155025, "0.2": 85.0356371020243, "0.4": 108.64428215532978, "0.8": 112.46760091256962}, "voltage_base": {"0.1": -78.07066490051727, "0.2": -78.07066490051727, "0.4": -78.07066490051727, "0.8": -78.07066490051727}}}}