{"BBP": {"L5_MC_bSTUT213_5": {"mean_frequency": {"0.1": 9.698798426645789, "0.2": 76.30139049249698, "0.4": 143.0357589398322, "0.8": 246.91358024593677}, "ISI_CV": {"0.1": 0.547575149820587, "0.2": 0.07375502553046145, "0.4": 0.013566997744961043, "0.8": 0.08}, "time_to_first_spike": {"0.1": 22.00000000009561, "0.2": 5.800000000091927, "0.4": 2.6000000000911996, "0.8": 1.4000000000909267}, "time_to_second_spike": {"0.1": 58.60000000010393, "0.2": 14.900000000093996, "0.4": 9.600000000092791, "0.8": 6.8000000000921546}, "AP_height": {"0.1": 3.894976435817041, "0.2": 10.079689898593779, "0.4": 17.245666196164287, "0.8": 18.79098088528269}, "AP_width": {"0.1": 0.6000000000001364, "0.2": 0.6000000000001364, "0.4": 0.6000000000001364, "0.8": 0.6000000000001364}, "AP_amplitude": {"0.1": 60.7348112749813, "0.2": 67.04064421721326, "0.4": 91.51257187241862, "0.8": 93.23934275611484}, "voltage_base": {"0.1": -74.46500361939952, "0.2": -74.46500361939952, "0.4": -74.46500361939952, "0.8": -74.46500361939952}}}, "NetPyNE": {"L5_MC_bSTUT213_5": {"mean_frequency": {"0.1": 0, "0.2": 55.519431801168146, "0.4": 134.68182045770934, "0.8": 187.0374074816235}, "ISI_CV": {"0.1": 0, "0.2": 0.05360547482626469, "0.4": 0.009662713499606861, "0.8": 3.578070433800088}, "time_to_first_spike": {"0.1": 0, "0.2": 6.400000000092064, "0.4": 2.800000000091245, "0.8": 1.5000000000909495}, "time_to_second_spike": {"0.1": 0, "0.2": 16.200000000094292, "0.4": 9.90000000009286, "0.8": 7.0000000000922}, "AP_height": {"0.1": 0, "0.2": 11.525792930270022, "0.4": 17.107521805099523, "0.8": 18.26006190530921}, "AP_width": {"0.1": 0, "0.2": 0.6000000000001364, "0.4": 0.6000000000001364, "0.8": 0.7000000000001592}, "AP_amplitude": {"0.1": 0, "0.2": 68.42612011758018, "0.4": 92.44286344315269, "0.8": 93.59540351830805}, "voltage_base": {"0.1": -75.33531467134398, "0.2": -75.33531467134398, "0.4": -75.33531467134398, "0.8": -75.33531467134398}}}}