{"BBP": {"L5_ChC_dNAC222_5": {"mean_frequency": {"0.1": 4.0084176771246804, "0.2": 49.84894259822113, "0.4": 86.53894252419471, "0.8": 137.8999097383346}, "ISI_CV": {"0.1": 0.04019557080284911, "0.2": 0.018427328522023074, "0.4": 0.019774392319911314, "0.8": 0.05012426532515635}, "time_to_first_spike": {"0.1": 1519.1999999990771, "0.2": 8.500000000092541, "0.4": 3.600000000091427, "0.8": 1.9000000000910404}, "time_to_second_spike": {"0.1": 1595.5999999990077, "0.2": 27.80000000009693, "0.4": 13.700000000093723, "0.8": 8.80000000009261}, "AP_height": {"0.1": 9.785586784225853, "0.2": 13.256471199215206, "0.4": 16.782349229974262, "0.8": 21.176112861743526}, "AP_width": {"0.1": 0.6999999999993634, "0.2": 0.7000000000001592, "0.4": 0.8000000000001819, "0.8": 0.7000000000001592}, "AP_amplitude": {"0.1": 63.578919868804874, "0.2": 68.62636307569485, "0.4": 72.55658775444665, "0.8": 94.8443055742357}, "voltage_base": {"0.1": -73.66389444869357, "0.2": -73.66389444869357, "0.4": -73.66389444869357, "0.8": -73.66389444869357}}}, "NetPyNE": {"L5_ChC_dNAC222_5": {"mean_frequency": {"0.1": 4.004805766923027, "0.2": 49.60416875441792, "0.4": 86.12919379074458, "0.8": 137.65830705320465}, "ISI_CV": {"0.1": 0.040797883042821496, "0.2": 0.019355529857751408, "0.4": 0.020920541450887644, "0.8": 0.05298084788705858}, "time_to_first_spike": {"0.1": 1519.8999999990765, "0.2": 8.600000000092564, "0.4": 3.7000000000914497, "0.8": 1.9000000000910404}, "time_to_second_spike": {"0.1": 1596.5999999990067, "0.2": 28.100000000096998, "0.4": 13.900000000093769, "0.8": 9.000000000092655}, "AP_height": {"0.1": 9.136785323121556, "0.2": 13.718680959638755, "0.4": 17.67658413182522, "0.8": 20.65648318196995}, "AP_width": {"0.1": 0.6999999999993634, "0.2": 0.8000000000001819, "0.4": 0.7000000000001592, "0.8": 0.8000000000001819}, "AP_amplitude": {"0.1": 62.968537075685184, "0.2": 68.7505589333616, "0.4": 72.53113344610605, "0.8": 94.32466774950048}, "voltage_base": {"0.1": -73.66388627658101, "0.2": -73.66388627658101, "0.4": -73.66388627658101, "0.8": -73.66388627658101}}}}