{"BBP": {"L4_SBC_bNAC219_3": {"mean_frequency": {"0.1": 33.686962642689664, "0.2": 81.00405020256521, "0.4": 125.47051442919438, "0.8": 179.25992689411814}, "ISI_CV": {"0.1": 0.12070587303597799, "0.2": 0.029800374381732875, "0.4": 0.019967238146300196, "0.8": 0.012271971660015889}, "time_to_first_spike": {"0.1": 9.2000000000927, "0.2": 3.900000000091495, "0.4": 1.9000000000910404, "0.8": 1.1000000000908585}, "time_to_second_spike": {"0.1": 24.300000000096134, "0.2": 13.900000000093769, "0.4": 9.300000000092723, "0.8": 6.700000000092132}, "AP_height": {"0.1": 13.130647114782397, "0.2": 17.50677074672246, "0.4": 18.87925701744199, "0.8": 21.427838230720976}, "AP_width": {"0.1": 0.6000000000001364, "0.2": 0.7000000000001592, "0.4": 0.7000000000001592, "0.8": 0.7000000000001592}, "AP_amplitude": {"0.1": 64.51601512598948, "0.2": 71.57168216077494, "0.4": 88.29701491706324, "0.8": 90.84559612829358}, "voltage_base": {"0.1": -69.41764332235454, "0.2": -69.41764332235454, "0.4": -69.41764332235454, "0.8": -69.41764332235454}}}, "NetPyNE": {"L4_SBC_bNAC219_3": {"mean_frequency": {"0.1": 33.617661816380085, "0.2": 80.62093139715044, "0.4": 124.59967974387975, "0.8": 177.48809225381825}, "ISI_CV": {"0.1": 0.12025517031506372, "0.2": 0.029597750080394156, "0.4": 0.019646060104872524, "0.8": 0.011861832654962498}, "time_to_first_spike": {"0.1": 9.300000000092723, "0.2": 4.000000000091518, "0.4": 2.000000000091063, "0.8": 1.1000000000908585}, "time_to_second_spike": {"0.1": 24.400000000096156, "0.2": 14.100000000093814, "0.4": 9.500000000092768, "0.8": 6.8000000000921546}, "AP_height": {"0.1": 13.514183693157282, "0.2": 19.396453609652102, "0.4": 23.08620976718844, "0.8": 25.508349207239277}, "AP_width": {"0.1": 0.6000000000001364, "0.2": 0.6000000000001364, "0.4": 0.7000000000001592, "0.8": 0.7000000000001592}, "AP_amplitude": {"0.1": 64.30232950722443, "0.2": 73.78010970018883, "0.4": 92.50396753309484, "0.8": 94.92610702593835}, "voltage_base": {"0.1": -69.41764324272386, "0.2": -69.41764324272386, "0.4": -69.41764324272386, "0.8": -69.41764324272386}}}}