{"BBP": {"L1_SLAC_cNAC187_4": {"mean_frequency": {"0.1": 35.35532097583082, "0.2": 61.58005407033324, "0.4": 116.21499774590878, "0.8": 198.67549668810048}, "ISI_CV": {"0.1": 0.01489741263699678, "0.2": 0.0363805619349456, "0.4": 0.11971386642422935, "0.8": 0.08277781438318095}, "time_to_first_spike": {"0.1": 15.100000000094042, "0.2": 6.900000000092177, "0.4": 3.3000000000913587, "0.8": 1.700000000090995}, "time_to_second_spike": {"0.1": 42.90000000010036, "0.2": 21.900000000095588, "0.4": 12.200000000093382, "0.8": 8.10000000009245}, "AP_height": {"0.1": 7.487129492404228, "0.2": 10.821009501498528, "0.4": 13.835355503919848, "0.8": 18.310293117183992}, "AP_width": {"0.1": 0.7000000000001592, "0.2": 0.8000000000001819, "0.4": 0.8000000000001819, "0.8": 0.8000000000001819}, "AP_amplitude": {"0.1": 62.98312136897427, "0.2": 66.13209031035922, "0.4": 69.53717913423888, "0.8": 86.22346399047753}, "voltage_base": {"0.1": -67.91087495294968, "0.2": -67.91087495294968, "0.4": -67.91087495294968, "0.8": -67.91087495294968}}}, "NetPyNE": {"L1_SLAC_cNAC187_4": {"mean_frequency": {"0.1": 35.301830652099184, "0.2": 61.61707243767338, "0.4": 118.50447354395185, "0.8": 198.01980197956084}, "ISI_CV": {"0.1": 0.015602296161312734, "0.2": 0.03821877265719294, "0.4": 0.15562898143597034, "0.8": 0.0915474564433998}, "time_to_first_spike": {"0.1": 15.200000000094064, "0.2": 7.0000000000922, "0.4": 3.3000000000913587, "0.8": 1.700000000090995}, "time_to_second_spike": {"0.1": 43.10000000010041, "0.2": 22.00000000009561, "0.4": 12.300000000093405, "0.8": 8.200000000092473}, "AP_height": {"0.1": 7.418545245449299, "0.2": 10.536484275871116, "0.4": 13.20030319079728, "0.8": 16.585498601896735}, "AP_width": {"0.1": 0.8000000000001819, "0.2": 0.8000000000001819, "0.4": 0.8000000000001819, "0.8": 0.8000000000001819}, "AP_amplitude": {"0.1": 62.62578618086595, "0.2": 64.8406554153634, "0.4": 68.08017594161629, "0.8": 84.4986659495175}, "voltage_base": {"0.1": -67.91087142390295, "0.2": -67.91087142390295, "0.4": -67.91087142390295, "0.8": -67.91087142390295}}}}