{"BBP": {"L4_SP_cADpyr230_4": {"mean_frequency": {"0.1": 4.655222577832493, "0.2": 7.489835223630053, "0.4": 15.500775038762479, "0.8": 30.43213633599138}, "ISI_CV": {"0.1": 0.1739356441987344, "0.2": 0.23709617696343133, "0.4": 0.16078575794924682, "0.8": 0.12937337242156002}, "time_to_first_spike": {"0.1": 42.10000000010018, "0.2": 15.200000000094064, "0.4": 6.200000000092018, "0.8": 2.6000000000911996}, "time_to_second_spike": {"0.1": 110.70000000011578, "0.2": 44.90000000010082, "0.4": 25.100000000096315, "0.8": 14.30000000009386}, "AP_height": {"0.1": 22.675496219475338, "0.2": 26.97454765829038, "0.4": 30.452695751478554, "0.8": 34.384175051735696}, "AP_width": {"0.1": 1.0000000000002274, "0.2": 1.0000000000002274, "0.4": 1.0000000000002274, "0.8": 1.1000000000002501}, "AP_amplitude": {"0.1": 78.34296175687489, "0.2": 83.1156533204224, "0.4": 86.90384899541333, "0.8": 107.35736114095295}, "voltage_base": {"0.1": -72.9726411172777, "0.2": -72.9726411172777, "0.4": -72.9726411172777, "0.8": -72.9726411172777}}}, "NetPyNE": {"L4_SP_cADpyr230_4": {"mean_frequency": {"0.1": 4.630969609264921, "0.2": 7.444432627889672, "0.4": 15.409903431282213, "0.8": 30.3168106715379}, "ISI_CV": {"0.1": 0.1712993255574881, "0.2": 0.23502109009464545, "0.4": 0.16325382867919383, "0.8": 0.12924662050840044}, "time_to_first_spike": {"0.1": 42.300000000100226, "0.2": 15.300000000094087, "0.4": 6.300000000092041, "0.8": 2.7000000000912223}, "time_to_second_spike": {"0.1": 111.40000000011594, "0.2": 45.10000000010086, "0.4": 25.30000000009636, "0.8": 14.400000000093883}, "AP_height": {"0.1": 23.597436313690977, "0.2": 26.2320935686285, "0.4": 29.893445713104022, "0.8": 34.36867175138861}, "AP_width": {"0.1": 1.0000000000002274, "0.2": 1.0000000000002274, "0.4": 1.0000000000002274, "0.8": 1.0000000000002274}, "AP_amplitude": {"0.1": 79.60015767556261, "0.2": 81.76266854563227, "0.4": 85.35839720915449, "0.8": 107.34185656273621}, "voltage_base": {"0.1": -72.97263980857106, "0.2": -72.97263980857106, "0.4": -72.97263980857106, "0.8": -72.97263980857106}}}}