{"BBP": {"L1_NGC-DA_cACint209_2": {"mean_frequency": {"0.1": 19.892884468261332, "0.2": 31.556980709544412, "0.4": 55.085382342668524, "0.8": 110.08807045643994}, "ISI_CV": {"0.1": 0.28779181163420225, "0.2": 0.24899619516043803, "0.4": 0.20467879941620046, "0.8": 0.12803410269593432}, "time_to_first_spike": {"0.1": 8.300000000092496, "0.2": 4.200000000091563, "0.4": 2.3000000000911314, "0.8": 1.300000000090904}, "time_to_second_spike": {"0.1": 23.10000000009586, "0.2": 14.500000000093905, "0.4": 10.000000000092882, "0.8": 7.300000000092268}, "AP_height": {"0.1": 31.929701216642393, "0.2": 33.68290790783474, "0.4": 36.67599173541906, "0.8": 37.055168262014995}, "AP_width": {"0.1": 0.9000000000002046, "0.2": 0.9000000000002046, "0.4": 0.9000000000002046, "0.8": 1.0000000000002274}, "AP_amplitude": {"0.1": 87.26582654470349, "0.2": 89.4460808474303, "0.4": 109.52237687289752, "0.8": 109.90155339767958}, "voltage_base": {"0.1": -72.84566050215818, "0.2": -72.84566050215818, "0.4": -72.84566050215818, "0.8": -72.84566050215818}}}, "NetPyNE": {"L1_NGC-DA_cACint209_2": {"mean_frequency": {"0.1": 19.88679822549913, "0.2": 31.55858698973934, "0.4": 55.14060855184457, "0.8": 109.86254640320496}, "ISI_CV": {"0.1": 0.28805331965315634, "0.2": 0.2471164012880078, "0.4": 0.20428384570298258, "0.8": 0.12726770950255292}, "time_to_first_spike": {"0.1": 8.400000000092518, "0.2": 4.300000000091586, "0.4": 2.400000000091154, "0.8": 1.4000000000909267}, "time_to_second_spike": {"0.1": 23.300000000095906, "0.2": 14.600000000093928, "0.4": 10.100000000092905, "0.8": 7.400000000092291}, "AP_height": {"0.1": 30.813707200380666, "0.2": 34.27905201915677, "0.4": 35.1881859805443, "0.8": 36.97287783466441}, "AP_width": {"0.1": 0.9000000000002046, "0.2": 0.9000000000002046, "0.4": 0.9000000000002046, "0.8": 0.9000000000002046}, "AP_amplitude": {"0.1": 86.75353080032609, "0.2": 88.89898171848702, "0.4": 106.08667650617852, "0.8": 109.81926207522969}, "voltage_base": {"0.1": -72.84565960869124, "0.2": -72.84565960869124, "0.4": -72.84565960869124, "0.8": -72.84565960869124}}}}