{"BBP": {"L23_BTC_cNAC187_2": {"mean_frequency": {"0.1": 38.196713072348395, "0.2": 59.6132652039279, "0.4": 89.48320933044482, "0.8": 134.4773947514587}, "ISI_CV": {"0.1": 0.027940246331973517, "0.2": 0.02200622376131455, "0.4": 0.013351062603265679, "0.8": 0.023333876968612662}, "time_to_first_spike": {"0.1": 8.400000000092518, "0.2": 4.000000000091518, "0.4": 2.100000000091086, "0.8": 1.300000000090904}, "time_to_second_spike": {"0.1": 32.500000000098, "0.2": 18.600000000094838, "0.4": 11.4000000000932, "0.8": 7.900000000092405}, "AP_height": {"0.1": 17.796042946782652, "0.2": 18.200866014022516, "0.4": 22.761819998748337, "0.8": 22.464227535538857}, "AP_width": {"0.1": 0.7000000000001592, "0.2": 0.8000000000001819, "0.4": 0.8000000000001819, "0.8": 0.8000000000001819}, "AP_amplitude": {"0.1": 73.38833705454547, "0.2": 73.77386699066625, "0.4": 77.87198978137302, "0.8": 91.20828229840387}, "voltage_base": {"0.1": -68.74119750316149, "0.2": -68.74119750316149, "0.4": -68.74119750316149, "0.8": -68.74119750316149}}}, "NetPyNE": {"L23_BTC_cNAC187_2": {"mean_frequency": {"0.1": 38.0513693486465, "0.2": 59.391987114999026, "0.4": 89.09354822569749, "0.8": 133.84129530311364}, "ISI_CV": {"0.1": 0.027765093445681475, "0.2": 0.02148696382078399, "0.4": 0.012698936699086732, "0.8": 0.023929997642492856}, "time_to_first_spike": {"0.1": 8.500000000092541, "0.2": 4.100000000091541, "0.4": 2.2000000000911086, "0.8": 1.300000000090904}, "time_to_second_spike": {"0.1": 32.70000000009804, "0.2": 18.800000000094883, "0.4": 11.600000000093246, "0.8": 8.000000000092427}, "AP_height": {"0.1": 17.267477764008586, "0.2": 20.647405188821562, "0.4": 23.914901764917396, "0.8": 26.302052023167942}, "AP_width": {"0.1": 0.7000000000001592, "0.2": 0.7000000000001592, "0.4": 0.7000000000001592, "0.8": 0.8000000000001819}, "AP_amplitude": {"0.1": 72.07995883362828, "0.2": 76.39172762140946, "0.4": 79.10997298877598, "0.8": 95.04610192974533}, "voltage_base": {"0.1": -68.74119264105309, "0.2": -68.74119264105309, "0.4": -68.74119264105309, "0.8": -68.74119264105309}}}}