{"BBP": {"L6_TPC_L4_cADpyr231_2": {"mean_frequency": {"0.1": 0, "0.2": 5.703914959817157, "0.4": 9.580475998392943, "0.8": 25.683638011801683}, "ISI_CV": {"0.1": 0, "0.2": 0.2862973534856548, "0.4": 0.30267094347351264, "0.8": 0.15759527869844148}, "time_to_first_spike": {"0.1": 0, "0.2": 22.70000000009577, "0.4": 6.900000000092177, "0.8": 2.7000000000912223}, "time_to_second_spike": {"0.1": 0, "0.2": 62.90000000010491, "0.4": 25.20000000009634, "0.8": 12.400000000093428}, "AP_height": {"0.1": 0, "0.2": 25.175416755528765, "0.4": 32.68992463109212, "0.8": 38.26107586943916}, "AP_width": {"0.1": 0, "0.2": 1.2000000000002728, "0.4": 1.2000000000002728, "0.8": 1.4000000000003183}, "AP_amplitude": {"0.1": 0, "0.2": 77.487108442607, "0.4": 86.03347590932161, "0.8": 110.26097421238282}, "voltage_base": {"0.1": -71.9997499303246, "0.2": -71.9997499303246, "0.4": -71.9997499303246, "0.8": -71.9997499303246}}}, "NetPyNE": {"L6_TPC_L4_cADpyr231_2": {"mean_frequency": {"0.1": 0, "0.2": 5.670395381209032, "0.4": 9.523332163807785, "0.8": 25.675879776486234}, "ISI_CV": {"0.1": 0, "0.2": 0.28457455674825344, "0.4": 0.3014983017938604, "0.8": 0.15646912086772383}, "time_to_first_spike": {"0.1": 0, "0.2": 22.800000000095793, "0.4": 7.0000000000922, "0.8": 2.800000000091245}, "time_to_second_spike": {"0.1": 0, "0.2": 63.00000000010493, "0.4": 25.20000000009634, "0.8": 12.200000000093382}, "AP_height": {"0.1": 0, "0.2": 24.304185787860593, "0.4": 32.045568812233775, "0.8": 37.54800164776406}, "AP_width": {"0.1": 0, "0.2": 1.3000000000002956, "0.4": 1.3000000000002956, "0.8": 1.3000000000002956}, "AP_amplitude": {"0.1": 0, "0.2": 76.60631721857224, "0.4": 84.36079350138077, "0.8": 109.54789963092296}, "voltage_base": {"0.1": -71.99974956496247, "0.2": -71.99974956496247, "0.4": -71.99974956496247, "0.8": -71.99974956496247}}}}