{"BBP": {"L5_DBC_bAC217_5": {"mean_frequency": {"0.1": 8.6169754416257, "0.2": 13.112769820464813, "0.4": 20.358020358032316, "0.8": 87.56567425560239}, "ISI_CV": {"0.1": 0.31848054192120917, "0.2": 0.3304984600620131, "0.4": 0.47387048736070675, "0.8": 2.963987335667254}, "time_to_first_spike": {"0.1": 15.900000000094224, "0.2": 5.90000000009195, "0.4": 2.500000000091177, "0.8": 1.300000000090904}, "time_to_second_spike": {"0.1": 54.90000000010309, "0.2": 27.40000000009684, "0.4": 15.500000000094133, "0.8": 9.800000000092837}, "AP_height": {"0.1": 13.718146836356631, "0.2": 17.01119969875321, "0.4": 21.44184325118888, "0.8": 22.050105197172883}, "AP_width": {"0.1": 0.5000000000001137, "0.2": 0.5000000000001137, "0.4": 0.6000000000001364, "0.8": 0.6000000000001364}, "AP_amplitude": {"0.1": 69.87680230570024, "0.2": 73.52383249221839, "0.4": 89.6927243174751, "0.8": 90.30098626139488}, "voltage_base": {"0.1": -68.24865960339956, "0.2": -68.24865960339956, "0.4": -68.24865960339956, "0.8": -68.24865960339956}}}, "NetPyNE": {"L5_DBC_bAC217_5": {"mean_frequency": {"0.1": 8.481314603769235, "0.2": 13.030334619001751, "0.4": 22.59887005650308, "0.8": 86.95652173904215}, "ISI_CV": {"0.1": 0.31645579878287694, "0.2": 0.3364593828494783, "0.4": 0.7005156696288032, "0.8": 0.28337797228496275}, "time_to_first_spike": {"0.1": 16.10000000009427, "0.2": 6.000000000091973, "0.4": 2.6000000000911996, "0.8": 1.4000000000909267}, "time_to_second_spike": {"0.1": 55.30000000010318, "0.2": 27.700000000096907, "0.4": 15.700000000094178, "0.8": 9.90000000009286}, "AP_height": {"0.1": 11.620963124595907, "0.2": 17.769698796184922, "0.4": 21.794916835022892, "0.8": 26.11608155824831}, "AP_width": {"0.1": 0.6000000000001364, "0.2": 0.6000000000001364, "0.4": 0.6000000000001364, "0.8": 0.6000000000001364}, "AP_amplitude": {"0.1": 67.84842551362844, "0.2": 73.91209571416302, "0.4": 90.04579451500149, "0.8": 94.36695946243293}, "voltage_base": {"0.1": -68.24865643252419, "0.2": -68.24865643252419, "0.4": -68.24865643252419, "0.8": -68.24865643252419}}}}