{"BBP": {"L1_SLAC_cNAC187_2": {"mean_frequency": {"0.1": 43.29222250191712, "0.2": 61.43001007053513, "0.4": 86.15076383677281, "0.8": 122.88709434727714}, "ISI_CV": {"0.1": 0.08909676727479698, "0.2": 0.0881965878364654, "0.4": 0.07825433756188734, "0.8": 0.05160336563683959}, "time_to_first_spike": {"0.1": 4.700000000091677, "0.2": 2.500000000091177, "0.4": 1.5000000000909495, "0.8": 0.900000000090813}, "time_to_second_spike": {"0.1": 23.40000000009593, "0.2": 14.900000000093996, "0.4": 10.000000000092882, "0.8": 7.300000000092268}, "AP_height": {"0.1": 29.044526665055145, "0.2": 29.21531461443494, "0.4": 30.737913058754543, "0.8": 34.19381606180425}, "AP_width": {"0.1": 0.7000000000001592, "0.2": 0.8000000000001819, "0.4": 0.8000000000001819, "0.8": 0.8000000000001819}, "AP_amplitude": {"0.1": 82.31704154058545, "0.2": 84.69366808899717, "0.4": 97.64602956262678, "0.8": 103.06012050852394}, "voltage_base": {"0.1": -68.86341128747881, "0.2": -68.86341128747881, "0.4": -68.86341128747881, "0.8": -68.86341128747881}}}, "NetPyNE": {"L1_SLAC_cNAC187_2": {"mean_frequency": {"0.1": 43.2182521735054, "0.2": 61.32810536373741, "0.4": 86.037735849115, "0.8": 122.51225122520583}, "ISI_CV": {"0.1": 0.088122403423403, "0.2": 0.08685187795716329, "0.4": 0.07645189043163428, "0.8": 0.049286686401578524}, "time_to_first_spike": {"0.1": 4.8000000000917, "0.2": 2.6000000000911996, "0.4": 1.5000000000909495, "0.8": 0.900000000090813}, "time_to_second_spike": {"0.1": 23.50000000009595, "0.2": 15.000000000094019, "0.4": 10.200000000092928, "0.8": 7.400000000092291}, "AP_height": {"0.1": 25.92277143719439, "0.2": 31.067774964069176, "0.4": 32.48495403853751, "0.8": 30.293318980165047}, "AP_width": {"0.1": 0.8000000000001819, "0.2": 0.7000000000001592, "0.4": 0.8000000000001819, "0.8": 0.8000000000001819}, "AP_amplitude": {"0.1": 79.3846812625796, "0.2": 86.58751831003022, "0.4": 99.42775670000663, "0.8": 99.15961786213495}, "voltage_base": {"0.1": -68.86340571481789, "0.2": -68.86340571481789, "0.4": -68.86340571481789, "0.8": -68.86340571481789}}}}