{"BBP": {"L23_ChC_cACint209_5": {"mean_frequency": {"0.1": 18.62853690465467, "0.2": 28.796605031847342, "0.4": 46.45526156335203, "0.8": 87.05223133886247}, "ISI_CV": {"0.1": 0.285747937717424, "0.2": 0.2565493595126351, "0.4": 0.22542638621782507, "0.8": 0.16756168736557783}, "time_to_first_spike": {"0.1": 11.300000000093178, "0.2": 5.600000000091882, "0.4": 2.900000000091268, "0.8": 1.6000000000909722}, "time_to_second_spike": {"0.1": 29.500000000097316, "0.2": 17.400000000094565, "0.4": 11.500000000093223, "0.8": 8.10000000009245}, "AP_height": {"0.1": 27.66865678073068, "0.2": 31.51340744448199, "0.4": 34.53815624612089, "0.8": 36.36158555452623}, "AP_width": {"0.1": 0.9000000000002046, "0.2": 0.8000000000001819, "0.4": 0.9000000000002046, "0.8": 1.0000000000002274}, "AP_amplitude": {"0.1": 81.37739622702348, "0.2": 86.51739934189521, "0.4": 89.46433957899882, "0.8": 108.70737807401177}, "voltage_base": {"0.1": -72.34508851903888, "0.2": -72.34508851903888, "0.4": -72.34508851903888, "0.8": -72.34508851903888}}}, "NetPyNE": {"L23_ChC_cACint209_5": {"mean_frequency": {"0.1": 18.652954224654714, "0.2": 28.800970137961006, "0.4": 46.48812531584757, "0.8": 87.0304606612906}, "ISI_CV": {"0.1": 0.2854191756753463, "0.2": 0.25684821862344004, "0.4": 0.225259009033543, "0.8": 0.16636219370295244}, "time_to_first_spike": {"0.1": 11.500000000093223, "0.2": 5.700000000091904, "0.4": 3.0000000000912905, "0.8": 1.700000000090995}, "time_to_second_spike": {"0.1": 29.70000000009736, "0.2": 17.500000000094587, "0.4": 11.600000000093246, "0.8": 8.200000000092473}, "AP_height": {"0.1": 27.985192013777475, "0.2": 31.06204173343098, "0.4": 34.947204311673836, "0.8": 36.04005177669}, "AP_width": {"0.1": 0.9000000000002046, "0.2": 0.8000000000001819, "0.4": 0.9000000000002046, "0.8": 0.9000000000002046}, "AP_amplitude": {"0.1": 81.26387210572035, "0.2": 85.33730406754704, "0.4": 90.01608105766088, "0.8": 108.38584347240246}, "voltage_base": {"0.1": -72.34508769702786, "0.2": -72.34508769702786, "0.4": -72.34508769702786, "0.8": -72.34508769702786}}}}