{"BBP": {"L6_MC_cACint209_5": {"mean_frequency": {"0.1": 21.842934064832413, "0.2": 32.086633911583014, "0.4": 49.31065714001535, "0.8": 85.29426521504966}, "ISI_CV": {"0.1": 0.2474823132854182, "0.2": 0.2499054110891244, "0.4": 0.22425098712476557, "0.8": 0.17544793644248322}, "time_to_first_spike": {"0.1": 22.100000000095633, "0.2": 8.400000000092518, "0.4": 3.600000000091427, "0.8": 1.9000000000910404}, "time_to_second_spike": {"0.1": 43.5000000001005, "0.2": 21.000000000095383, "0.4": 12.900000000093542, "0.8": 8.80000000009261}, "AP_height": {"0.1": 18.313702856036002, "0.2": 24.25723722812531, "0.4": 31.51066428583603, "0.8": 33.66482972105793}, "AP_width": {"0.1": 0.8000000000001819, "0.2": 0.8000000000001819, "0.4": 0.9000000000002046, "0.8": 0.9000000000002046}, "AP_amplitude": {"0.1": 67.70036812967227, "0.2": 74.7935549009558, "0.4": 84.62473121701225, "0.8": 103.3694125070908}, "voltage_base": {"0.1": -69.70400770570232, "0.2": -69.70400770570232, "0.4": -69.70400770570232, "0.8": -69.70400770570232}}}, "NetPyNE": {"L6_MC_cACint209_5": {"mean_frequency": {"0.1": 21.86070157601885, "0.2": 32.11722788179027, "0.4": 49.41757853868512, "0.8": 85.47438282473497}, "ISI_CV": {"0.1": 0.24705031980913966, "0.2": 0.24995614478027534, "0.4": 0.2238879742777761, "0.8": 0.17381148733072777}, "time_to_first_spike": {"0.1": 22.100000000095633, "0.2": 8.500000000092541, "0.4": 3.7000000000914497, "0.8": 1.9000000000910404}, "time_to_second_spike": {"0.1": 43.400000000100476, "0.2": 21.100000000095406, "0.4": 13.000000000093564, "0.8": 8.900000000092632}, "AP_height": {"0.1": 16.9923984983907, "0.2": 23.61555804118098, "0.4": 31.580210630007915, "0.8": 31.6127351369013}, "AP_width": {"0.1": 0.8000000000001819, "0.2": 0.8000000000001819, "0.4": 0.9000000000002046, "0.8": 0.9000000000002046}, "AP_amplitude": {"0.1": 65.41925921043996, "0.2": 73.97733645154246, "0.4": 84.93761855808326, "0.8": 101.31731737637813}, "voltage_base": {"0.1": -69.7040071581591, "0.2": -69.7040071581591, "0.4": -69.7040071581591, "0.8": -69.7040071581591}}}}