{"BBP": {"L6_LBC_bSTUT213_5": {"mean_frequency": {"0.1": 0, "0.2": 21.973529562077278, "0.4": 97.5070365903356, "0.8": 146.8156536554588}, "ISI_CV": {"0.1": 0, "0.2": 0.45638204512922104, "0.4": 0.033862596849393, "0.8": 0.016244812012622505}, "time_to_first_spike": {"0.1": 0, "0.2": 7.6000000000923364, "0.4": 3.3000000000913587, "0.8": 1.8000000000910177}, "time_to_second_spike": {"0.1": 0, "0.2": 21.800000000095565, "0.4": 11.800000000093291, "0.8": 8.200000000092473}, "AP_height": {"0.1": 0, "0.2": 16.067778864259, "0.4": 20.54088628616019, "0.8": 21.534876342751108}, "AP_width": {"0.1": 0, "0.2": 0.6000000000001364, "0.4": 0.6000000000001364, "0.8": 0.6000000000001364}, "AP_amplitude": {"0.1": 0, "0.2": 69.97314471009967, "0.4": 75.7074296270681, "0.8": 97.13656958846195}, "voltage_base": {"0.1": -75.6134516494703, "0.2": -75.6134516494703, "0.4": -75.6134516494703, "0.8": -75.6134516494703}}}, "NetPyNE": {"L6_LBC_bSTUT213_5": {"mean_frequency": {"0.1": 0, "0.2": 19.202587295985523, "0.4": 95.95579000257709, "0.8": 144.80408858612907}, "ISI_CV": {"0.1": 0, "0.2": 0.5347649516999757, "0.4": 0.030808945063395005, "0.8": 0.015462764422845268}, "time_to_first_spike": {"0.1": 0, "0.2": 8.10000000009245, "0.4": 3.4000000000913815, "0.8": 1.8000000000910177}, "time_to_second_spike": {"0.1": 0, "0.2": 22.30000000009568, "0.4": 12.10000000009336, "0.8": 8.300000000092496}, "AP_height": {"0.1": 0, "0.2": 12.991007542294946, "0.4": 17.556598772327025, "0.8": 22.52671754950716}, "AP_width": {"0.1": 0, "0.2": 0.6000000000001364, "0.4": 0.7000000000001592, "0.8": 0.6000000000001364}, "AP_amplitude": {"0.1": 0, "0.2": 67.84996766577453, "0.4": 72.79039037122976, "0.8": 97.57505888056824}, "voltage_base": {"0.1": -75.04829120141986, "0.2": -75.04829120141986, "0.4": -75.04829120141986, "0.8": -75.04829120141986}}}}