{"BBP": {"L5_NBC_cSTUT189_3": {"mean_frequency": {"0.1": 0, "0.2": 34.62464873547113, "0.4": 67.13426853711978, "0.8": 102.43020686891873}, "ISI_CV": {"0.1": 0, "0.2": 0.10368526447465945, "0.4": 0.02951453144594065, "0.8": 0.019726956715492162}, "time_to_first_spike": {"0.1": 0, "0.2": 9.700000000092814, "0.4": 3.500000000091404, "0.8": 1.6000000000909722}, "time_to_second_spike": {"0.1": 0, "0.2": 37.900000000099226, "0.4": 16.80000000009443, "0.8": 9.90000000009286}, "AP_height": {"0.1": 0, "0.2": 25.859611812335864, "0.4": 31.67129655748098, "0.8": 34.40243447536708}, "AP_width": {"0.1": 0, "0.2": 0.7000000000001592, "0.4": 0.8000000000001819, "0.8": 0.9000000000002046}, "AP_amplitude": {"0.1": 0, "0.2": 80.35795285937905, "0.4": 86.9725902477406, "0.8": 109.65173577043217}, "voltage_base": {"0.1": -75.28365837112403, "0.2": -75.28365837112403, "0.4": -75.28365837112403, "0.8": -75.28365837112403}}}, "NetPyNE": {"L5_NBC_cSTUT189_3": {"mean_frequency": {"0.1": 0, "0.2": 34.80278422276142, "0.4": 66.75031367633142, "0.8": 101.83605899475162}, "ISI_CV": {"0.1": 0, "0.2": 0.028410962449129714, "0.4": 0.02087741225825512, "0.8": 0.016496831248022346}, "time_to_first_spike": {"0.1": 0, "0.2": 9.600000000092791, "0.4": 3.500000000091404, "0.8": 1.6000000000909722}, "time_to_second_spike": {"0.1": 0, "0.2": 36.50000000009891, "0.4": 16.700000000094406, "0.8": 10.000000000092882}, "AP_height": {"0.1": 0, "0.2": 26.907174185458125, "0.4": 30.29194140931601, "0.8": 32.444743647175976}, "AP_width": {"0.1": 0, "0.2": 0.7000000000001592, "0.4": 0.8000000000001819, "0.8": 0.9000000000002046}, "AP_amplitude": {"0.1": 0, "0.2": 80.85227182383628, "0.4": 85.47577478390076, "0.8": 107.38550005907902}, "voltage_base": {"0.1": -74.94014855977385, "0.2": -74.94014855977385, "0.4": -74.94014855977385, "0.8": -74.94014855977385}}}}