{"BBP": {"L4_DBC_bSTUT213_2": {"mean_frequency": {"0.1": 0, "0.2": 17.752079529328306, "0.4": 104.22408177588883, "0.8": 162.3246492987075}, "ISI_CV": {"0.1": 0, "0.2": 0.5039913190381121, "0.4": 0.02101556764926897, "0.8": 0.011650772951387542}, "time_to_first_spike": {"0.1": 0, "0.2": 8.900000000092632, "0.4": 3.600000000091427, "0.8": 1.8000000000910177}, "time_to_second_spike": {"0.1": 0, "0.2": 23.200000000095883, "0.4": 11.800000000093291, "0.8": 8.000000000092427}, "AP_height": {"0.1": 0, "0.2": 12.378976264134607, "0.4": 18.028553948284276, "0.8": 22.01446083763851}, "AP_width": {"0.1": 0, "0.2": 0.6000000000001364, "0.4": 0.6000000000001364, "0.8": 0.6000000000001364}, "AP_amplitude": {"0.1": 0, "0.2": 68.02246244187631, "0.4": 73.11765310803955, "0.8": 97.70951817054942}, "voltage_base": {"0.1": -75.7017876022029, "0.2": -75.7017876022029, "0.4": -75.7017876022029, "0.8": -75.7017876022029}}}, "NetPyNE": {"L4_DBC_bSTUT213_2": {"mean_frequency": {"0.1": 0, "0.2": 17.993933473869507, "0.4": 104.48061080979568, "0.8": 161.92099458603343}, "ISI_CV": {"0.1": 0, "0.2": 0.1867019302078703, "0.4": 0.014860969540953712, "0.8": 0.01010582603381069}, "time_to_first_spike": {"0.1": 0, "0.2": 8.600000000092564, "0.4": 3.600000000091427, "0.8": 1.8000000000910177}, "time_to_second_spike": {"0.1": 0, "0.2": 22.200000000095656, "0.4": 11.900000000093314, "0.8": 8.10000000009245}, "AP_height": {"0.1": 0, "0.2": 11.674016738556595, "0.4": 17.603722401544132, "0.8": 21.71419534241807}, "AP_width": {"0.1": 0, "0.2": 0.6000000000001364, "0.4": 0.6000000000001364, "0.8": 0.6000000000001364}, "AP_amplitude": {"0.1": 0, "0.2": 67.76316927096394, "0.4": 73.46920855259685, "0.8": 96.7596229972399}, "voltage_base": {"0.1": -75.04539132108222, "0.2": -75.04539132108222, "0.4": -75.04539132108222, "0.8": -75.04539132108222}}}}