{"BBP": {"L6_MC_bAC217_5": {"mean_frequency": {"0.1": 6.407860308649529, "0.2": 11.099339084816567, "0.4": 15.649452269181188, "0.8": 21.18109839125951}, "ISI_CV": {"0.1": 0.290881679482798, "0.2": 0.30853796060327016, "0.4": 0.3198702510722508, "0.8": 0.32981660579546634}, "time_to_first_spike": {"0.1": 22.30000000009568, "0.2": 7.100000000092223, "0.4": 2.6000000000911996, "0.8": 1.300000000090904}, "time_to_second_spike": {"0.1": 74.40000000010753, "0.2": 33.30000000009818, "0.4": 18.30000000009477, "0.8": 10.800000000093064}, "AP_height": {"0.1": 19.460785966992546, "0.2": 19.904649667810407, "0.4": 27.205141757274966, "0.8": 29.895818719392402}, "AP_width": {"0.1": 0.6000000000001364, "0.2": 0.5000000000001137, "0.4": 0.6000000000001364, "0.8": 0.6000000000001364}, "AP_amplitude": {"0.1": 74.16576905619134, "0.2": 75.36408989482797, "0.4": 82.59254083977093, "0.8": 99.41682582102985}, "voltage_base": {"0.1": -69.5185424816079, "0.2": -69.5185424816079, "0.4": -69.5185424816079, "0.8": -69.5185424816079}}}, "NetPyNE": {"L6_MC_bAC217_5": {"mean_frequency": {"0.1": 6.360985952826925, "0.2": 11.019835704275172, "0.4": 15.53573218403381, "0.8": 21.007352573414977}, "ISI_CV": {"0.1": 0.28858373591482656, "0.2": 0.3075219170958493, "0.4": 0.3191253202613523, "0.8": 0.32914797980302896}, "time_to_first_spike": {"0.1": 22.500000000095724, "0.2": 7.2000000000922455, "0.4": 2.7000000000912223, "0.8": 1.4000000000909267}, "time_to_second_spike": {"0.1": 74.80000000010762, "0.2": 33.500000000098225, "0.4": 18.500000000094815, "0.8": 11.00000000009311}, "AP_height": {"0.1": 17.536607583369893, "0.2": 22.182835900612282, "0.4": 26.622763329000293, "0.8": 26.480573145762524}, "AP_width": {"0.1": 0.6000000000001364, "0.2": 0.6000000000001364, "0.4": 0.6000000000001364, "0.8": 0.6000000000001364}, "AP_amplitude": {"0.1": 72.44390140898359, "0.2": 77.05060936870746, "0.4": 80.89584914697448, "0.8": 96.00157696774197}, "voltage_base": {"0.1": -69.51853918882311, "0.2": -69.51853918882311, "0.4": -69.51853918882311, "0.8": -69.51853918882311}}}}