{"BBP": {"L23_NBC_bAC217_3": {"mean_frequency": {"0.1": 7.489434547696622, "0.2": 11.580484366353962, "0.4": 10.293890575950108, "0.8": 115.60693641595685}, "ISI_CV": {"0.1": 0.3208365957213765, "0.2": 0.29600221066373056, "0.4": 0.7046168056580825, "0.8": 0.10653848530860896}, "time_to_first_spike": {"0.1": 12.300000000093405, "0.2": 5.700000000091904, "0.4": 2.900000000091268, "0.8": 1.6000000000909722}, "time_to_second_spike": {"0.1": 45.40000000010093, "0.2": 25.60000000009643, "0.4": 15.100000000094042, "0.8": 9.700000000092814}, "AP_height": {"0.1": 8.960969410815746, "0.2": 14.415525356479007, "0.4": 18.183888336110815, "0.8": 21.489487177447618}, "AP_width": {"0.1": 0.6000000000001364, "0.2": 0.6000000000001364, "0.4": 0.6000000000001364, "0.8": 0.7000000000001592}, "AP_amplitude": {"0.1": 64.2717201886265, "0.2": 70.99641786243929, "0.4": 72.94285043640255, "0.8": 91.69607977957378}, "voltage_base": {"0.1": -70.20398038377402, "0.2": -70.20398038377402, "0.4": -70.20398038377402, "0.8": -70.20398038377402}}}, "NetPyNE": {"L23_NBC_bAC217_3": {"mean_frequency": {"0.1": 7.634420329375739, "0.2": 11.622618626517554, "0.4": 9.876799916833574, "0.8": 114.72275334585547}, "ISI_CV": {"0.1": 0.31490264390902206, "0.2": 0.2956866147386732, "0.4": 0.7857842016204684, "0.8": 0.09792306845498736}, "time_to_first_spike": {"0.1": 12.400000000093428, "0.2": 5.800000000091927, "0.4": 3.0000000000912905, "0.8": 1.6000000000909722}, "time_to_second_spike": {"0.1": 45.700000000101, "0.2": 25.800000000096475, "0.4": 15.300000000094087, "0.8": 9.800000000092837}, "AP_height": {"0.1": 8.892826929239412, "0.2": 14.00827666848329, "0.4": 15.974241466552142, "0.8": 21.165068475194623}, "AP_width": {"0.1": 0.7000000000001592, "0.2": 0.6000000000001364, "0.4": 0.7000000000001592, "0.8": 0.7000000000001592}, "AP_amplitude": {"0.1": 65.25295825343326, "0.2": 69.94210152070407, "0.4": 71.15959671592726, "0.8": 91.37165696879327}, "voltage_base": {"0.1": -70.20397626051944, "0.2": -70.20397626051944, "0.4": -70.20397626051944, "0.8": -70.20397626051944}}}}