{"BBP": {"L6_ChC_cACint209_2": {"mean_frequency": {"0.1": 23.744569061347807, "0.2": 36.41144937799574, "0.4": 64.84693108132889, "0.8": 123.59887910336666}, "ISI_CV": {"0.1": 0.26077477871650334, "0.2": 0.22768751059492062, "0.4": 0.1693326626745848, "0.8": 0.10039779661546247}, "time_to_first_spike": {"0.1": 12.400000000093428, "0.2": 5.600000000091882, "0.4": 2.7000000000912223, "0.8": 1.5000000000909495}, "time_to_second_spike": {"0.1": 29.100000000097225, "0.2": 16.400000000094337, "0.4": 10.800000000093064, "0.8": 7.800000000092382}, "AP_height": {"0.1": 25.910416715426535, "0.2": 29.98748834871903, "0.4": 32.169970216922685, "0.8": 35.168744312810276}, "AP_width": {"0.1": 0.8000000000001819, "0.2": 0.8000000000001819, "0.4": 0.9000000000002046, "0.8": 0.9000000000002046}, "AP_amplitude": {"0.1": 80.97080902706573, "0.2": 85.8435413028986, "0.4": 87.40597690940454, "0.8": 105.9124104261916}, "voltage_base": {"0.1": -70.74301272592585, "0.2": -70.74301272592585, "0.4": -70.74301272592585, "0.8": -70.74301272592585}}}, "NetPyNE": {"L6_ChC_cACint209_2": {"mean_frequency": {"0.1": 23.684740979657267, "0.2": 36.37649674129682, "0.4": 64.92526045603077, "0.8": 123.70411178452841}, "ISI_CV": {"0.1": 0.26087598669308926, "0.2": 0.22772113854739875, "0.4": 0.16840165741278854, "0.8": 0.09777082197010557}, "time_to_first_spike": {"0.1": 12.50000000009345, "0.2": 5.700000000091904, "0.4": 2.800000000091245, "0.8": 1.6000000000909722}, "time_to_second_spike": {"0.1": 29.30000000009727, "0.2": 16.600000000094383, "0.4": 10.900000000093087, "0.8": 7.900000000092405}, "AP_height": {"0.1": 26.034089725998665, "0.2": 29.253861749836812, "0.4": 32.69468234157753, "0.8": 32.75704259861774}, "AP_width": {"0.1": 0.9000000000002046, "0.2": 0.8000000000001819, "0.4": 0.9000000000002046, "0.8": 1.0000000000002274}, "AP_amplitude": {"0.1": 80.26023776639639, "0.2": 84.46508339077897, "0.4": 88.03050700830582, "0.8": 103.50070778758044}, "voltage_base": {"0.1": -70.74301180042863, "0.2": -70.74301180042863, "0.4": -70.74301180042863, "0.8": -70.74301180042863}}}}