{"BBP": {"L4_LBC_cNAC187_4": {"mean_frequency": {"0.1": 37.05743903052246, "0.2": 60.060060060100895, "0.4": 92.05062784537752, "0.8": 140.16820184230593}, "ISI_CV": {"0.1": 0.0176263044719494, "0.2": 0.011997911658783752, "0.4": 0.01109019671972037, "0.8": 0.03412484104952467}, "time_to_first_spike": {"0.1": 9.800000000092837, "0.2": 4.400000000091609, "0.4": 2.3000000000911314, "0.8": 1.4000000000909267}, "time_to_second_spike": {"0.1": 34.900000000098544, "0.2": 18.900000000094906, "0.4": 11.4000000000932, "0.8": 8.000000000092427}, "AP_height": {"0.1": 14.308611430106346, "0.2": 19.175495998569236, "0.4": 22.092468504303653, "0.8": 22.737892954354987}, "AP_width": {"0.1": 0.7000000000001592, "0.2": 0.7000000000001592, "0.4": 0.7000000000001592, "0.8": 0.7000000000001592}, "AP_amplitude": {"0.1": 70.3054178682562, "0.2": 75.18192040611079, "0.4": 77.85677367223127, "0.8": 91.22730286153254}, "voltage_base": {"0.1": -68.48667648759658, "0.2": -68.48667648759658, "0.4": -68.48667648759658, "0.8": -68.48667648759658}}}, "NetPyNE": {"L4_LBC_cNAC187_4": {"mean_frequency": {"0.1": 36.90596562186525, "0.2": 59.78697749200201, "0.4": 91.60534614813255, "0.8": 139.59073397718}, "ISI_CV": {"0.1": 0.01741744189265876, "0.2": 0.011627411346010742, "0.4": 0.011482138586721662, "0.8": 0.035524755604849904}, "time_to_first_spike": {"0.1": 9.90000000009286, "0.2": 4.500000000091632, "0.4": 2.400000000091154, "0.8": 1.4000000000909267}, "time_to_second_spike": {"0.1": 35.10000000009859, "0.2": 19.00000000009493, "0.4": 11.600000000093246, "0.8": 8.10000000009245}, "AP_height": {"0.1": 14.298197053673443, "0.2": 17.897395300204206, "0.4": 18.917438354593973, "0.8": 24.8947357107071}, "AP_width": {"0.1": 0.7000000000001592, "0.2": 0.7000000000001592, "0.4": 0.7000000000001592, "0.8": 0.7000000000001592}, "AP_amplitude": {"0.1": 69.4436914530269, "0.2": 74.1920431677527, "0.4": 73.73505301779072, "0.8": 93.38414113547994}, "voltage_base": {"0.1": -68.4866720003227, "0.2": -68.4866720003227, "0.4": -68.4866720003227, "0.8": -68.4866720003227}}}}