{"BBP": {"L6_ChC_cNAC187_5": {"mean_frequency": {"0.1": 36.33060853771764, "0.2": 59.42189545779034, "0.4": 92.39730842629555, "0.8": 145.55094283008947}, "ISI_CV": {"0.1": 0.013125496092730404, "0.2": 0.008887950576758123, "0.4": 0.013889786077213567, "0.8": 0.045968492508523195}, "time_to_first_spike": {"0.1": 10.700000000093041, "0.2": 4.8000000000917, "0.4": 2.400000000091154, "0.8": 1.4000000000909267}, "time_to_second_spike": {"0.1": 36.70000000009895, "0.2": 19.600000000095065, "0.4": 11.600000000093246, "0.8": 8.000000000092427}, "AP_height": {"0.1": 11.623860662740274, "0.2": 15.273014148836134, "0.4": 18.1121537326817, "0.8": 23.16036312613931}, "AP_width": {"0.1": 0.7000000000001592, "0.2": 0.7000000000001592, "0.4": 0.8000000000001819, "0.8": 0.8000000000001819}, "AP_amplitude": {"0.1": 66.29507148474526, "0.2": 70.9666716759776, "0.4": 72.52419504501142, "0.8": 91.46479628992915}, "voltage_base": {"0.1": -68.30184173871874, "0.2": -68.30184173871874, "0.4": -68.30184173871874, "0.8": -68.30184173871874}}}, "NetPyNE": {"L6_ChC_cNAC187_5": {"mean_frequency": {"0.1": 36.1899974868303, "0.2": 59.180500526646355, "0.4": 92.01840368079873, "0.8": 145.51455145524446}, "ISI_CV": {"0.1": 0.01297446663261666, "0.2": 0.008821774956430134, "0.4": 0.01449614282913095, "0.8": 0.04908759253377365}, "time_to_first_spike": {"0.1": 10.900000000093087, "0.2": 4.9000000000917225, "0.4": 2.500000000091177, "0.8": 1.5000000000909495}, "time_to_second_spike": {"0.1": 36.900000000099, "0.2": 19.80000000009511, "0.4": 11.700000000093269, "0.8": 8.10000000009245}, "AP_height": {"0.1": 11.304760385993944, "0.2": 16.026008842037793, "0.4": 20.18539258636938, "0.8": 21.7219894645967}, "AP_width": {"0.1": 0.7000000000001592, "0.2": 0.7000000000001592, "0.4": 0.7000000000001592, "0.8": 0.8000000000001819}, "AP_amplitude": {"0.1": 66.82115961044667, "0.2": 70.7629563047397, "0.4": 74.91762581245695, "0.8": 90.02641842036564}, "voltage_base": {"0.1": -68.30183752624653, "0.2": -68.30183752624653, "0.4": -68.30183752624653, "0.8": -68.30183752624653}}}}