{"BBP": {"L23_BP_dSTUT214_4": {"mean_frequency": {"0.1": 57.50575057509661, "0.2": 88.13219829750608, "0.4": 130.14967212302986, "0.8": 201.0301545233152}, "ISI_CV": {"0.1": 0.10327876877043217, "0.2": 0.05886123913030894, "0.4": 0.019635823115649008, "0.8": 0.056978536074253704}, "time_to_first_spike": {"0.1": 3.8000000000914724, "0.2": 2.000000000091063, "0.4": 1.2000000000908813, "0.8": 0.7000000000907676}, "time_to_second_spike": {"0.1": 16.90000000009445, "0.2": 10.700000000093041, "0.4": 7.700000000092359, "0.8": 5.90000000009195}, "AP_height": {"0.1": 24.253442346970896, "0.2": 28.081481658772688, "0.4": 27.41853517552953, "0.8": 33.94718429455628}, "AP_width": {"0.1": 0.7000000000001592, "0.2": 0.7000000000001592, "0.4": 0.7000000000001592, "0.8": 0.8000000000001819}, "AP_amplitude": {"0.1": 80.50633351082092, "0.2": 103.15155355730639, "0.4": 102.42740855741216, "0.8": 108.90136973534464}, "voltage_base": {"0.1": -75.04019191083269, "0.2": -75.04019191083269, "0.4": -75.04019191083269, "0.8": -75.04019191083269}}}, "NetPyNE": {"L23_BP_dSTUT214_4": {"mean_frequency": {"0.1": 57.125676488313026, "0.2": 87.51194487759297, "0.4": 129.19379068611687, "0.8": 198.78824295241594}, "ISI_CV": {"0.1": 0.07039187356309827, "0.2": 0.055175136485257105, "0.4": 0.01798283185608813, "0.8": 0.057512234373997655}, "time_to_first_spike": {"0.1": 3.7000000000914497, "0.2": 2.000000000091063, "0.4": 1.2000000000908813, "0.8": 0.7000000000907676}, "time_to_second_spike": {"0.1": 17.500000000094587, "0.2": 10.900000000093087, "0.4": 7.900000000092405, "0.8": 6.000000000091973}, "AP_height": {"0.1": 24.648078485983923, "0.2": 29.84903390680943, "0.4": 31.42759736241651, "0.8": 29.426907286560294}, "AP_width": {"0.1": 0.7000000000001592, "0.2": 0.7000000000001592, "0.4": 0.8000000000001819, "0.8": 0.8000000000001819}, "AP_amplitude": {"0.1": 80.18387280207197, "0.2": 104.72712248940823, "0.4": 106.3056859678081, "0.8": 104.30499586268489}, "voltage_base": {"0.1": -74.87569333558376, "0.2": -74.87569333558376, "0.4": -74.87569333558376, "0.8": -74.87569333558376}}}}