{"BBP": {"L23_MC_dNAC222_5": {"mean_frequency": {"0.1": 14.626519392757181, "0.2": 52.35338535115558, "0.4": 85.33708147187163, "0.8": 129.8050418484318}, "ISI_CV": {"0.1": 0.06784455296585881, "0.2": 0.01129357787991308, "0.4": 0.01145064937212158, "0.8": 0.025800281589164437}, "time_to_first_spike": {"0.1": 522.099999999984, "0.2": 6.300000000092041, "0.4": 2.900000000091268, "0.8": 1.6000000000909722}, "time_to_second_spike": {"0.1": 590.7999999999215, "0.2": 23.700000000095997, "0.4": 12.900000000093542, "0.8": 8.600000000092564}, "AP_height": {"0.1": 10.403927057931124, "0.2": 16.866311412098103, "0.4": 23.168933180427235, "0.8": 26.225309018589257}, "AP_width": {"0.1": 0.6999999999993634, "0.2": 0.6000000000001364, "0.4": 0.7000000000001592, "0.8": 0.7000000000001592}, "AP_amplitude": {"0.1": 66.00047748676681, "0.2": 72.20318854859408, "0.4": 78.62792953642044, "0.8": 99.3188561167136}, "voltage_base": {"0.1": -73.08927034581401, "0.2": -73.08927034581401, "0.4": -73.08927034581401, "0.8": -73.08927034581401}}}, "NetPyNE": {"L23_MC_dNAC222_5": {"mean_frequency": {"0.1": 14.584590625638546, "0.2": 52.0755094887941, "0.4": 84.90755627015412, "0.8": 129.10328262618864}, "ISI_CV": {"0.1": 0.06828260169271846, "0.2": 0.010950643304922176, "0.4": 0.011434758375656391, "0.8": 0.026835424145199526}, "time_to_first_spike": {"0.1": 522.5999999999835, "0.2": 6.400000000092064, "0.4": 3.0000000000912905, "0.8": 1.6000000000909722}, "time_to_second_spike": {"0.1": 591.5999999999208, "0.2": 23.900000000096043, "0.4": 13.000000000093564, "0.8": 8.700000000092587}, "AP_height": {"0.1": 10.72923620191343, "0.2": 16.016594291011838, "0.4": 21.952835609478647, "0.8": 21.53547530856427}, "AP_width": {"0.1": 0.6999999999993634, "0.2": 0.7000000000001592, "0.4": 0.7000000000001592, "0.8": 0.8000000000001819}, "AP_amplitude": {"0.1": 65.65880385811205, "0.2": 72.30907078182119, "0.4": 77.56161415728641, "0.8": 94.62901384783567}, "voltage_base": {"0.1": -73.0892617604195, "0.2": -73.0892617604195, "0.4": -73.0892617604195, "0.8": -73.0892617604195}}}}