{"BBP": {"L4_DBC_cACint209_5": {"mean_frequency": {"0.1": 24.909765644874756, "0.2": 39.632769778785764, "0.4": 70.13325318109165, "0.8": 128.5140562249869}, "ISI_CV": {"0.1": 0.2496627386568417, "0.2": 0.21341222855684805, "0.4": 0.1640641084579629, "0.8": 0.11363561535116322}, "time_to_first_spike": {"0.1": 11.900000000093314, "0.2": 5.500000000091859, "0.4": 2.6000000000911996, "0.8": 1.4000000000909267}, "time_to_second_spike": {"0.1": 28.20000000009702, "0.2": 16.000000000094246, "0.4": 10.500000000092996, "0.8": 7.500000000092314}, "AP_height": {"0.1": 26.853731916658592, "0.2": 33.3525204367968, "0.4": 34.68676784807877, "0.8": 38.03795407274964}, "AP_width": {"0.1": 0.8000000000001819, "0.2": 0.8000000000001819, "0.4": 0.9000000000002046, "0.8": 0.9000000000002046}, "AP_amplitude": {"0.1": 83.12350026160564, "0.2": 89.55758657203418, "0.4": 90.15932593390254, "0.8": 109.56250826492526}, "voltage_base": {"0.1": -71.52393044903076, "0.2": -71.52393044903076, "0.4": -71.52393044903076, "0.8": -71.52393044903076}}}, "NetPyNE": {"L4_DBC_cACint209_5": {"mean_frequency": {"0.1": 24.785027819945974, "0.2": 39.500000000026866, "0.4": 70.035017508802, "0.8": 128.33366753567975}, "ISI_CV": {"0.1": 0.24971417012290587, "0.2": 0.21339272205531337, "0.4": 0.16313336056079522, "0.8": 0.11105135254689881}, "time_to_first_spike": {"0.1": 12.10000000009336, "0.2": 5.600000000091882, "0.4": 2.7000000000912223, "0.8": 1.5000000000909495}, "time_to_second_spike": {"0.1": 28.400000000097066, "0.2": 16.200000000094292, "0.4": 10.600000000093019, "0.8": 7.6000000000923364}, "AP_height": {"0.1": 28.226198395544163, "0.2": 32.524883191033844, "0.4": 35.788810283882974, "0.8": 34.715413944939236}, "AP_width": {"0.1": 0.8000000000001819, "0.2": 0.8000000000001819, "0.4": 0.9000000000002046, "0.8": 0.9000000000002046}, "AP_amplitude": {"0.1": 83.99137703350937, "0.2": 87.75667855058319, "0.4": 91.37124453740222, "0.8": 106.23996749476962}, "voltage_base": {"0.1": -71.5239298079716, "0.2": -71.5239298079716, "0.4": -71.5239298079716, "0.8": -71.5239298079716}}}}