{"BBP": {"L4_BTC_dNAC222_2": {"mean_frequency": {"0.1": 12.698735205982075, "0.2": 68.53769573269956, "0.4": 108.00000000007344, "0.8": 191.04776194061503}, "ISI_CV": {"0.1": 0.011360408840686141, "0.2": 0.030908981149600032, "0.4": 0.03471683769990721, "0.8": 0.14178987618352}, "time_to_first_spike": {"0.1": 1031.8999999995203, "0.2": 5.90000000009195, "0.4": 2.7000000000912223, "0.8": 1.5000000000909495}, "time_to_second_spike": {"0.1": 1071.0999999994847, "0.2": 20.000000000095156, "0.4": 11.4000000000932, "0.8": 8.000000000092427}, "AP_height": {"0.1": -11.800197137146712, "0.2": 14.654301828987306, "0.4": 21.357806168682632, "0.8": 22.662954074137158}, "AP_width": {"0.1": 0.6999999999993634, "0.2": 0.6000000000001364, "0.4": 0.7000000000001592, "0.8": 0.7000000000001592}, "AP_amplitude": {"0.1": 45.664878234681105, "0.2": 71.44145586828718, "0.4": 94.97933142865936, "0.8": 96.28447933183952}, "voltage_base": {"0.1": -73.61719728883821, "0.2": -73.61719728883821, "0.4": -73.61719728883821, "0.8": -73.61719728883821}}}, "NetPyNE": {"L4_BTC_dNAC222_2": {"mean_frequency": {"0.1": 12.696800406306203, "0.2": 68.31767719902162, "0.4": 107.47827833867979, "0.8": 190.33308289519573}, "ISI_CV": {"0.1": 0.01207360444626594, "0.2": 0.031383241274757695, "0.4": 0.03550293866336975, "0.8": 0.1389962642321684}, "time_to_first_spike": {"0.1": 1033.8999999995185, "0.2": 6.000000000091973, "0.4": 2.800000000091245, "0.8": 1.5000000000909495}, "time_to_second_spike": {"0.1": 1071.3999999994844, "0.2": 20.2000000000952, "0.4": 11.500000000093223, "0.8": 8.10000000009245}, "AP_height": {"0.1": -19.706421701603496, "0.2": 14.552049197214698, "0.4": 19.70420667958095, "0.8": 25.285920316074073}, "AP_width": {"0.1": 0.09999999999990905, "0.2": 0.6000000000001364, "0.4": 0.7000000000001592, "0.8": 0.7000000000001592}, "AP_amplitude": {"0.1": 36.30751498594455, "0.2": 71.85913110169771, "0.4": 93.3257236590689, "0.8": 98.90743495707875}, "voltage_base": {"0.1": -73.61718662760194, "0.2": -73.61718662760194, "0.4": -73.61718662760194, "0.8": -73.61718662760194}}}}