{"BBP": {"L4_SS_cADpyr230_4": {"mean_frequency": {"0.1": 4.401166309074796, "0.2": 6.750090866612351, "0.4": 10.400956888040676, "0.8": 21.51088348272898}, "ISI_CV": {"0.1": 0.16973866094633996, "0.2": 0.2489064785305998, "0.4": 0.258725965861863, "0.8": 0.16509770620838202}, "time_to_first_spike": {"0.1": 41.500000000100044, "0.2": 15.200000000094064, "0.4": 6.400000000092064, "0.8": 2.800000000091245}, "time_to_second_spike": {"0.1": 114.20000000011657, "0.2": 46.10000000010109, "0.4": 25.60000000009643, "0.8": 14.900000000093996}, "AP_height": {"0.1": 32.851088195345746, "0.2": 34.06852082613664, "0.4": 37.74589122719575, "0.8": 40.31178357860947}, "AP_width": {"0.1": 0.8000000000001819, "0.2": 1.0000000000002274, "0.4": 0.9000000000002046, "0.8": 1.0000000000002274}, "AP_amplitude": {"0.1": 89.2698837553402, "0.2": 89.65768456761181, "0.4": 93.63120286286804, "0.8": 113.87196301047479}, "voltage_base": {"0.1": -73.55955140295232, "0.2": -73.55955140295232, "0.4": -73.55955140295232, "0.8": -73.55955140295232}}}, "NetPyNE": {"L4_SS_cADpyr230_4": {"mean_frequency": {"0.1": 4.387889425189372, "0.2": 6.729126766400298, "0.4": 10.358400662944602, "0.8": 21.338210638636593}, "ISI_CV": {"0.1": 0.16810849470196346, "0.2": 0.24792321493003272, "0.4": 0.2575781755209516, "0.8": 0.16452898584714185}, "time_to_first_spike": {"0.1": 41.70000000010009, "0.2": 15.300000000094087, "0.4": 6.500000000092086, "0.8": 2.900000000091268}, "time_to_second_spike": {"0.1": 114.70000000011669, "0.2": 46.40000000010116, "0.4": 25.800000000096475, "0.8": 15.000000000094019}, "AP_height": {"0.1": 31.099838144104428, "0.2": 34.64117801403217, "0.4": 37.33169828877433, "0.8": 40.01792261669332}, "AP_width": {"0.1": 0.9000000000002046, "0.2": 0.9000000000002046, "0.4": 0.9000000000002046, "0.8": 0.9000000000002046}, "AP_amplitude": {"0.1": 86.06891729112259, "0.2": 89.52199646034992, "0.4": 93.74643230552326, "0.8": 113.57810067626403}, "voltage_base": {"0.1": -73.55955000033023, "0.2": -73.55955000033023, "0.4": -73.55955000033023, "0.8": -73.55955000033023}}}}