{"BBP": {"L4_ChC_cNAC187_3": {"mean_frequency": {"0.1": 37.9708383961375, "0.2": 61.46715034264548, "0.4": 95.26674689136036, "0.8": 154.42208703796115}, "ISI_CV": {"0.1": 0.0136587092398294, "0.2": 0.008929153805428141, "0.4": 0.016213404093225182, "0.8": 0.1058340307680441}, "time_to_first_spike": {"0.1": 9.90000000009286, "0.2": 4.700000000091677, "0.4": 2.400000000091154, "0.8": 1.4000000000909267}, "time_to_second_spike": {"0.1": 34.50000000009845, "0.2": 18.800000000094883, "0.4": 11.4000000000932, "0.8": 7.900000000092405}, "AP_height": {"0.1": 14.052293595998611, "0.2": 15.101142386330231, "0.4": 17.846970880894986, "0.8": 22.203344475404023}, "AP_width": {"0.1": 0.7000000000001592, "0.2": 0.8000000000001819, "0.4": 0.8000000000001819, "0.8": 0.8000000000001819}, "AP_amplitude": {"0.1": 69.44790834807571, "0.2": 70.5415478845251, "0.4": 73.24175982898927, "0.8": 90.57800148651607}, "voltage_base": {"0.1": -68.37203855692351, "0.2": -68.37203855692351, "0.4": -68.37203855692351, "0.8": -68.37203855692351}}}, "NetPyNE": {"L4_ChC_cNAC187_3": {"mean_frequency": {"0.1": 37.81766841470898, "0.2": 61.214249874602544, "0.4": 94.89380930869527, "0.8": 152.97375708827022}, "ISI_CV": {"0.1": 0.013366082933217359, "0.2": 0.008846284195984575, "0.4": 0.017015493746246512, "0.8": 0.10643552607690564}, "time_to_first_spike": {"0.1": 10.000000000092882, "0.2": 4.8000000000917, "0.4": 2.500000000091177, "0.8": 1.5000000000909495}, "time_to_second_spike": {"0.1": 34.80000000009852, "0.2": 19.00000000009493, "0.4": 11.500000000093223, "0.8": 8.000000000092427}, "AP_height": {"0.1": 11.945105621619028, "0.2": 15.001389114472419, "0.4": 19.434287915940004, "0.8": 22.024494827667183}, "AP_width": {"0.1": 0.7000000000001592, "0.2": 0.7000000000001592, "0.4": 0.7000000000001592, "0.8": 0.8000000000001819}, "AP_amplitude": {"0.1": 67.04545211545778, "0.2": 69.77684616771349, "0.4": 73.78041013032865, "0.8": 90.39914765762325}, "voltage_base": {"0.1": -68.37203437142917, "0.2": -68.37203437142917, "0.4": -68.37203437142917, "0.8": -68.37203437142917}}}}