{"BBP": {"L5_NBC_cNAC187_5": {"mean_frequency": {"0.1": 44.63837897485227, "0.2": 67.00589450354688, "0.4": 97.62202753448439, "0.8": 143.00050175624364}, "ISI_CV": {"0.1": 0.05500202178671774, "0.2": 0.0511575735630863, "0.4": 0.034690072298682886, "0.8": 0.015964399236820696}, "time_to_first_spike": {"0.1": 5.000000000091745, "0.2": 2.7000000000912223, "0.4": 1.6000000000909722, "0.8": 1.0000000000908358}, "time_to_second_spike": {"0.1": 24.000000000096065, "0.2": 14.400000000093883, "0.4": 9.700000000092814, "0.8": 7.100000000092223}, "AP_height": {"0.1": 22.96592490524738, "0.2": 25.778151575652714, "0.4": 29.104857681133957, "0.8": 31.391453308316056}, "AP_width": {"0.1": 0.6000000000001364, "0.2": 0.7000000000001592, "0.4": 0.7000000000001592, "0.8": 0.7000000000001592}, "AP_amplitude": {"0.1": 79.32095542038562, "0.2": 80.5017398933737, "0.4": 98.2249518749401, "0.8": 100.51154749997815}, "voltage_base": {"0.1": -69.1168106279429, "0.2": -69.1168106279429, "0.4": -69.1168106279429, "0.8": -69.1168106279429}}}, "NetPyNE": {"L5_NBC_cNAC187_5": {"mean_frequency": {"0.1": 44.42873731512074, "0.2": 66.63994388219781, "0.4": 97.10681749931518, "0.8": 142.10657993504782}, "ISI_CV": {"0.1": 0.054559474489799795, "0.2": 0.05017489456010087, "0.4": 0.0335142753412703, "0.8": 0.016487201668894624}, "time_to_first_spike": {"0.1": 5.100000000091768, "0.2": 2.800000000091245, "0.4": 1.700000000090995, "0.8": 1.0000000000908358}, "time_to_second_spike": {"0.1": 24.20000000009611, "0.2": 14.600000000093928, "0.4": 9.90000000009286, "0.8": 7.2000000000922455}, "AP_height": {"0.1": 22.45997092284524, "0.2": 22.11735027617978, "0.4": 25.461590912746804, "0.8": 26.77563381017451}, "AP_width": {"0.1": 0.6000000000001364, "0.2": 0.7000000000001592, "0.4": 0.6000000000001364, "0.8": 0.8000000000001819}, "AP_amplitude": {"0.1": 78.11138771875468, "0.2": 77.1494281960735, "0.4": 94.58167957136854, "0.8": 95.89572249184174}, "voltage_base": {"0.1": -69.11680511124824, "0.2": -69.11680511124824, "0.4": -69.11680511124824, "0.8": -69.11680511124824}}}}