{"BBP": {"L5_SBC_dNAC222_4": {"mean_frequency": {"0.1": 0, "0.2": 42.242896655799356, "0.4": 73.6509845183125, "0.8": 112.44415440999555}, "ISI_CV": {"0.1": 0, "0.2": 0.009071483753760799, "0.4": 0.01693398876031114, "0.8": 0.013939867157524669}, "time_to_first_spike": {"0.1": 0, "0.2": 7.900000000092405, "0.4": 3.1000000000913133, "0.8": 1.6000000000909722}, "time_to_second_spike": {"0.1": 0, "0.2": 30.500000000097543, "0.4": 14.500000000093905, "0.8": 9.100000000092678}, "AP_height": {"0.1": 0, "0.2": 19.655270659190816, "0.4": 23.76876736619421, "0.8": 28.70433357181532}, "AP_width": {"0.1": 0, "0.2": 0.6000000000001364, "0.4": 0.7000000000001592, "0.8": 0.7000000000001592}, "AP_amplitude": {"0.1": 0, "0.2": 75.68872798960247, "0.4": 78.32409904361654, "0.8": 101.90625460293973}, "voltage_base": {"0.1": -73.1975705644712, "0.2": -73.1975705644712, "0.4": -73.1975705644712, "0.8": -73.1975705644712}}}, "NetPyNE": {"L5_SBC_dNAC222_4": {"mean_frequency": {"0.1": 0, "0.2": 42.027317756570326, "0.4": 73.32630204414602, "0.8": 111.89723518498242}, "ISI_CV": {"0.1": 0, "0.2": 0.008624331132424138, "0.4": 0.016108615523974953, "0.8": 0.01397734419141442}, "time_to_first_spike": {"0.1": 0, "0.2": 8.000000000092427, "0.4": 3.200000000091336, "0.8": 1.700000000090995}, "time_to_second_spike": {"0.1": 0, "0.2": 30.80000000009761, "0.4": 14.70000000009395, "0.8": 9.2000000000927}, "AP_height": {"0.1": 0, "0.2": 20.85927053472984, "0.4": 25.59230613114096, "0.8": 23.899578982447977}, "AP_width": {"0.1": 0, "0.2": 0.6000000000001364, "0.4": 0.7000000000001592, "0.8": 0.8000000000001819}, "AP_amplitude": {"0.1": 0, "0.2": 76.43324036518284, "0.4": 80.67646482637964, "0.8": 97.10149126235063}, "voltage_base": {"0.1": -73.19756178607035, "0.2": -73.19756178607035, "0.4": -73.19756178607035, "0.8": -73.19756178607035}}}}