{"BBP": {"L5_NBC_cIR216_4": {"mean_frequency": {"0.1": 17.697325175721147, "0.2": 32.91139240508558, "0.4": 58.037724520978074, "0.8": 114.14267834801251}, "ISI_CV": {"0.1": 0.31773527018247577, "0.2": 0.2441712728976159, "0.4": 0.1797096836171607, "0.8": 0.09817160569862989}, "time_to_first_spike": {"0.1": 28.400000000097066, "0.2": 7.900000000092405, "0.4": 3.600000000091427, "0.8": 1.8000000000910177}, "time_to_second_spike": {"0.1": 52.60000000010257, "0.2": 19.80000000009511, "0.4": 11.500000000093223, "0.8": 7.700000000092359}, "AP_height": {"0.1": 19.62241492693291, "0.2": 30.03360974788131, "0.4": 32.40590227347301, "0.8": 34.60276067539543}, "AP_width": {"0.1": 0.8000000000001819, "0.2": 0.9000000000002046, "0.4": 0.9000000000002046, "0.8": 0.9000000000002046}, "AP_amplitude": {"0.1": 69.60275470455603, "0.2": 83.8848015597696, "0.4": 87.97251445146621, "0.8": 110.90838582525694}, "voltage_base": {"0.1": -76.35968147246737, "0.2": -76.35968147246737, "0.4": -76.35968147246737, "0.8": -76.35968147246737}}}, "NetPyNE": {"L5_NBC_cIR216_4": {"mean_frequency": {"0.1": 0, "0.2": 24.812639254624862, "0.4": 48.48729733828227, "0.8": 100.59053147839889}, "ISI_CV": {"0.1": 0, "0.2": 0.20700071160364333, "0.4": 0.16760250589668377, "0.8": 0.09868325003930808}, "time_to_first_spike": {"0.1": 0, "0.2": 9.400000000092746, "0.4": 4.100000000091541, "0.8": 2.000000000091063}, "time_to_second_spike": {"0.1": 0, "0.2": 23.10000000009586, "0.4": 12.600000000093473, "0.8": 8.200000000092473}, "AP_height": {"0.1": 0, "0.2": 28.516152651314684, "0.4": 29.205843018192137, "0.8": 33.1185445867353}, "AP_width": {"0.1": 0, "0.2": 0.8000000000001819, "0.4": 0.9000000000002046, "0.8": 1.0000000000002274}, "AP_amplitude": {"0.1": 0, "0.2": 81.07464895048948, "0.4": 83.71063501168146, "0.8": 110.85814532830534}, "voltage_base": {"0.1": -77.73947233783908, "0.2": -77.73947233783908, "0.4": -77.73947233783908, "0.8": -77.73947233783908}}}}