{"BBP": {"L6_LBC_bNAC219_2": {"mean_frequency": {"0.1": 19.33842239187058, "0.2": 60.98175587142529, "0.4": 107.06959523697678, "0.8": 153.49887133193272}, "ISI_CV": {"0.1": 0.1893941481417601, "0.2": 0.044926716012313274, "0.4": 0.029565276652994844, "0.8": 0.015178346408634906}, "time_to_first_spike": {"0.1": 15.200000000094064, "0.2": 5.800000000091927, "0.4": 2.6000000000911996, "0.8": 1.4000000000909267}, "time_to_second_spike": {"0.1": 35.90000000009877, "0.2": 17.500000000094587, "0.4": 10.800000000093064, "0.8": 7.700000000092359}, "AP_height": {"0.1": 12.113281216974434, "0.2": 16.193734612472838, "0.4": 19.73360850301787, "0.8": 23.56592910095061}, "AP_width": {"0.1": 0.6000000000001364, "0.2": 0.6000000000001364, "0.4": 0.6000000000001364, "0.8": 0.7000000000001592}, "AP_amplitude": {"0.1": 65.5618220235185, "0.2": 70.12243339737998, "0.4": 74.0640387144476, "0.8": 93.95075669450945}, "voltage_base": {"0.1": -70.38470928147531, "0.2": -70.38470928147531, "0.4": -70.38470928147531, "0.8": -70.38470928147531}}}, "NetPyNE": {"L6_LBC_bNAC219_2": {"mean_frequency": {"0.1": 19.279553526141914, "0.2": 60.721633964009726, "0.4": 106.37764062428822, "0.8": 152.12930991352985}, "ISI_CV": {"0.1": 0.1892315790855806, "0.2": 0.04456867454188399, "0.4": 0.028924099622799102, "0.8": 0.015312205131222082}, "time_to_first_spike": {"0.1": 15.300000000094087, "0.2": 5.90000000009195, "0.4": 2.7000000000912223, "0.8": 1.5000000000909495}, "time_to_second_spike": {"0.1": 36.10000000009882, "0.2": 17.60000000009461, "0.4": 10.900000000093087, "0.8": 7.800000000092382}, "AP_height": {"0.1": 12.39942703488735, "0.2": 16.915494783679105, "0.4": 21.38370861332512, "0.8": 22.63346392909374}, "AP_width": {"0.1": 0.6000000000001364, "0.2": 0.6000000000001364, "0.4": 0.6000000000001364, "0.8": 0.7000000000001592}, "AP_amplitude": {"0.1": 65.09865428883899, "0.2": 71.33263764569315, "0.4": 75.90084191107529, "0.8": 93.01829124584452}, "voltage_base": {"0.1": -70.38470900395914, "0.2": -70.38470900395914, "0.4": -70.38470900395914, "0.8": -70.38470900395914}}}}