{"BBP": {"L5_BP_cNAC187_5": {"mean_frequency": {"0.1": 69.02415845550635, "0.2": 110.52210442095934, "0.4": 215.73731104229302, "0.8": 304.818092428371}, "ISI_CV": {"0.1": 0.020806932375432626, "0.2": 0.032013545902853664, "0.4": 0.12602570057610896, "0.8": 0.06209848411798632}, "time_to_first_spike": {"0.1": 4.8000000000917, "0.2": 2.000000000091063, "0.4": 1.1000000000908585, "0.8": 0.7000000000907676}, "time_to_second_spike": {"0.1": 16.80000000009443, "0.2": 10.000000000092882, "0.4": 7.100000000092223, "0.8": 5.3000000000918135}, "AP_height": {"0.1": 19.378106734396678, "0.2": 21.772885575817885, "0.4": 25.472192099998328, "0.8": 27.900539628817782}, "AP_width": {"0.1": 0.7000000000001592, "0.2": 0.7000000000001592, "0.4": 0.8000000000001819, "0.8": 0.8000000000001819}, "AP_amplitude": {"0.1": 75.48964993825626, "0.2": 89.53953970688355, "0.4": 93.23884622892015, "0.8": 95.66719375345191}, "voltage_base": {"0.1": -67.7644940588876, "0.2": -67.7644940588876, "0.4": -67.7644940588876, "0.8": -67.7644940588876}}}, "NetPyNE": {"L5_BP_cNAC187_5": {"mean_frequency": {"0.1": 68.88922411630361, "0.2": 110.31992779066768, "0.4": 215.27986382311622, "0.8": 298.5074626861888}, "ISI_CV": {"0.1": 0.0217596445345856, "0.2": 0.033230647898590905, "0.4": 0.12194178896401196, "0.8": 0.06154550695917941}, "time_to_first_spike": {"0.1": 4.9000000000917225, "0.2": 2.100000000091086, "0.4": 1.2000000000908813, "0.8": 0.7000000000907676}, "time_to_second_spike": {"0.1": 16.90000000009445, "0.2": 10.100000000092905, "0.4": 7.2000000000922455, "0.8": 5.400000000091836}, "AP_height": {"0.1": 18.871855356782063, "0.2": 22.778945600678593, "0.4": 24.3092683969167, "0.8": 26.79464903088391}, "AP_width": {"0.1": 0.7000000000001592, "0.2": 0.7000000000001592, "0.4": 0.7000000000001592, "0.8": 0.8000000000001819}, "AP_amplitude": {"0.1": 75.60384658383512, "0.2": 90.54559643419103, "0.4": 92.07591912388372, "0.8": 94.56129985053877}, "voltage_base": {"0.1": -67.764490750607, "0.2": -67.764490750607, "0.4": -67.764490750607, "0.8": -67.764490750607}}}}