{"BBP": {"L4_NGC_cACint209_3": {"mean_frequency": {"0.1": 26.125401929278187, "0.2": 41.2329662593934, "0.4": 80.8395260092937, "0.8": 249.99999999923529}, "ISI_CV": {"0.1": 0.25164273874243864, "0.2": 0.21857620679120585, "0.4": 0.13658919079359985, "0.8": 0.23505318547086315}, "time_to_first_spike": {"0.1": 14.000000000093792, "0.2": 6.700000000092132, "0.4": 3.3000000000913587, "0.8": 1.8000000000910177}, "time_to_second_spike": {"0.1": 30.100000000097452, "0.2": 17.300000000094542, "0.4": 11.300000000093178, "0.8": 8.000000000092427}, "AP_height": {"0.1": 20.616512449606688, "0.2": 23.35451745586583, "0.4": 27.943856352528176, "0.8": 29.017730637831203}, "AP_width": {"0.1": 0.9000000000002046, "0.2": 0.9000000000002046, "0.4": 1.0000000000002274, "0.8": 1.0000000000002274}, "AP_amplitude": {"0.1": 76.13335621825962, "0.2": 78.32146878520521, "0.4": 82.50297732593862, "0.8": 99.66140068450017}, "voltage_base": {"0.1": -70.64297043897187, "0.2": -70.64297043897187, "0.4": -70.64297043897187, "0.8": -70.64297043897187}}}, "NetPyNE": {"L4_NGC_cACint209_3": {"mean_frequency": {"0.1": 26.09655726188664, "0.2": 41.2786307576419, "0.4": 81.19486768249303, "0.8": 246.15384615310393}, "ISI_CV": {"0.1": 0.25172570937654853, "0.2": 0.21847719274054958, "0.4": 0.13499813509668773, "0.8": 0.2235767491309157}, "time_to_first_spike": {"0.1": 14.100000000093814, "0.2": 6.8000000000921546, "0.4": 3.4000000000913815, "0.8": 1.8000000000910177}, "time_to_second_spike": {"0.1": 30.200000000097475, "0.2": 17.500000000094587, "0.4": 11.4000000000932, "0.8": 8.10000000009245}, "AP_height": {"0.1": 20.936728158725224, "0.2": 22.99823496083501, "0.4": 27.624391467990144, "0.8": 29.40032962860662}, "AP_width": {"0.1": 0.9000000000002046, "0.2": 1.0000000000002274, "0.4": 0.9000000000002046, "0.8": 1.0000000000002274}, "AP_amplitude": {"0.1": 76.01388221445563, "0.2": 78.48687137795953, "0.4": 82.61300168052216, "0.8": 100.04399826653224}, "voltage_base": {"0.1": -70.64296900005486, "0.2": -70.64296900005486, "0.4": -70.64296900005486, "0.8": -70.64296900005486}}}}