{"BBP": {"L23_NGC_bNAC219_2": {"mean_frequency": {"0.1": 20.74059085391935, "0.2": 69.37811070338026, "0.4": 114.48081944173269, "0.8": 198.67549668810048}, "ISI_CV": {"0.1": 0.16538833846220183, "0.2": 0.024017158352583157, "0.4": 0.01307081352836603, "0.8": 0.0710639146093104}, "time_to_first_spike": {"0.1": 22.4000000000957, "0.2": 7.800000000092382, "0.4": 3.7000000000914497, "0.8": 2.000000000091063}, "time_to_second_spike": {"0.1": 45.500000000100954, "0.2": 19.200000000094974, "0.4": 12.000000000093337, "0.8": 8.400000000092518}, "AP_height": {"0.1": -1.4021121031808474, "0.2": 6.324995676840557, "0.4": 10.242672631774475, "0.8": 15.92923531322755}, "AP_width": {"0.1": 0.7000000000001592, "0.2": 0.6000000000001364, "0.4": 0.7000000000001592, "0.8": 0.7000000000001592}, "AP_amplitude": {"0.1": 50.48002669991437, "0.2": 58.89840798760816, "0.4": 64.34764721347997, "0.8": 86.17251033740602}, "voltage_base": {"0.1": -70.24317706157917, "0.2": -70.24317706157917, "0.4": -70.24317706157917, "0.8": -70.24317706157917}}}, "NetPyNE": {"L23_NGC_bNAC219_2": {"mean_frequency": {"0.1": 20.91943466504806, "0.2": 69.28406466517407, "0.4": 114.10269242325843, "0.8": 196.7213114747807}, "ISI_CV": {"0.1": 0.16374052240324366, "0.2": 0.023899383846416534, "0.4": 0.012459952452299293, "0.8": 0.0756969454351321}, "time_to_first_spike": {"0.1": 22.600000000095747, "0.2": 7.900000000092405, "0.4": 3.7000000000914497, "0.8": 2.100000000091086}, "time_to_second_spike": {"0.1": 45.700000000101, "0.2": 19.40000000009502, "0.4": 12.10000000009336, "0.8": 8.500000000092541}, "AP_height": {"0.1": -1.6213140261010075, "0.2": 6.183872765883522, "0.4": 10.375456627377398, "0.8": 13.319992749231373}, "AP_width": {"0.1": 0.7000000000001592, "0.2": 0.6000000000001364, "0.4": 0.7000000000001592, "0.8": 0.7000000000001592}, "AP_amplitude": {"0.1": 51.052539161424804, "0.2": 59.3964757108559, "0.4": 64.83527256936857, "0.8": 83.56326753547066}, "voltage_base": {"0.1": -70.24317682304638, "0.2": -70.24317682304638, "0.4": -70.24317682304638, "0.8": -70.24317682304638}}}}