{"BBP": {"L5_BP_bAC217_4": {"mean_frequency": {"0.1": 12.57136870777647, "0.2": 17.17171717172881, "0.4": 23.321841411494187, "0.8": 33.54169842966135}, "ISI_CV": {"0.1": 0.3212168121193738, "0.2": 0.3298400275293634, "0.4": 0.34085592764679745, "0.8": 0.3280865693349377}, "time_to_first_spike": {"0.1": 6.300000000092041, "0.2": 2.500000000091177, "0.4": 1.2000000000908813, "0.8": 0.7000000000907676}, "time_to_second_spike": {"0.1": 29.60000000009734, "0.2": 16.600000000094383, "0.4": 10.100000000092905, "0.8": 7.0000000000922}, "AP_height": {"0.1": 19.688332366338543, "0.2": 25.118442463527263, "0.4": 28.62197551661893, "0.8": 32.03220995764489}, "AP_width": {"0.1": 0.6000000000001364, "0.2": 0.6000000000001364, "0.4": 0.7000000000001592, "0.8": 0.7000000000001592}, "AP_amplitude": {"0.1": 76.37169213881779, "0.2": 94.82859695089175, "0.4": 98.33213000182383, "0.8": 101.74236443853079}, "voltage_base": {"0.1": -69.70765451529175, "0.2": -69.70765451529175, "0.4": -69.70765451529175, "0.8": -69.70765451529175}}}, "NetPyNE": {"L5_BP_bAC217_4": {"mean_frequency": {"0.1": 12.426219322779396, "0.2": 17.07367549670022, "0.4": 23.10061601644267, "0.8": 33.09929789370353}, "ISI_CV": {"0.1": 0.3197494339756951, "0.2": 0.33439498964803105, "0.4": 0.33964418459774365, "0.8": 0.3261713923176911}, "time_to_first_spike": {"0.1": 6.400000000092064, "0.2": 2.6000000000911996, "0.4": 1.300000000090904, "0.8": 0.8000000000907903}, "time_to_second_spike": {"0.1": 29.900000000097407, "0.2": 16.80000000009443, "0.4": 10.30000000009295, "0.8": 7.100000000092223}, "AP_height": {"0.1": 19.16141570728358, "0.2": 22.898196140400135, "0.4": 29.089543117168365, "0.8": 27.534201992981455}, "AP_width": {"0.1": 0.6000000000001364, "0.2": 0.5000000000001137, "0.4": 0.6000000000001364, "0.8": 0.6000000000001364}, "AP_amplitude": {"0.1": 75.19492056271372, "0.2": 92.60834705006211, "0.4": 98.79969364154078, "0.8": 97.24435276432908}, "voltage_base": {"0.1": -69.70765079184439, "0.2": -69.70765079184439, "0.4": -69.70765079184439, "0.8": -69.70765079184439}}}}