{"BBP": {"L23_BP_bNAC219_3": {"mean_frequency": {"0.1": 82.59911894278743, "0.2": 124.9686323714776, "0.4": 170.00000000011562, "0.8": 239.28714457365086}, "ISI_CV": {"0.1": 0.049140007998755786, "0.2": 0.024452337528643404, "0.4": 0.011600385487559872, "0.8": 0.009663938561332517}, "time_to_first_spike": {"0.1": 3.1000000000913133, "0.2": 1.700000000090995, "0.4": 1.1000000000908585, "0.8": 0.7000000000907676}, "time_to_second_spike": {"0.1": 12.200000000093382, "0.2": 8.900000000092632, "0.4": 6.8000000000921546, "0.8": 5.400000000091836}, "AP_height": {"0.1": 17.82345004835058, "0.2": 20.437895493672432, "0.4": 23.566058746230816, "0.8": 26.94827559187442}, "AP_width": {"0.1": 0.7000000000001592, "0.2": 0.7000000000001592, "0.4": 0.6000000000001364, "0.8": 0.7000000000001592}, "AP_amplitude": {"0.1": 73.33447229303245, "0.2": 92.20470244003562, "0.4": 95.33286569030079, "0.8": 98.71508253135816}, "voltage_base": {"0.1": -71.7666584411753, "0.2": -71.7666584411753, "0.4": -71.7666584411753, "0.8": -71.7666584411753}}}, "NetPyNE": {"L23_BP_bNAC219_3": {"mean_frequency": {"0.1": 82.14786615914218, "0.2": 124.05582512138893, "0.4": 168.43793864057966, "0.8": 236.18895116108934}, "ISI_CV": {"0.1": 0.04856672351034536, "0.2": 0.024346914958049654, "0.4": 0.010633960905113265, "0.8": 0.013731613969128293}, "time_to_first_spike": {"0.1": 3.1000000000913133, "0.2": 1.8000000000910177, "0.4": 1.1000000000908585, "0.8": 0.7000000000907676}, "time_to_second_spike": {"0.1": 12.300000000093405, "0.2": 9.000000000092655, "0.4": 6.900000000092177, "0.8": 5.500000000091859}, "AP_height": {"0.1": 22.85703457312083, "0.2": 24.51066493643573, "0.4": 26.707345665429596, "0.8": 28.92159379173063}, "AP_width": {"0.1": 0.6000000000001364, "0.2": 0.6000000000001364, "0.4": 0.6000000000001364, "0.8": 0.7000000000001592}, "AP_amplitude": {"0.1": 78.50938537873218, "0.2": 96.27747160490279, "0.4": 98.47415233471649, "0.8": 100.68840048926208}, "voltage_base": {"0.1": -71.76665819802574, "0.2": -71.76665819802574, "0.4": -71.76665819802574, "0.8": -71.76665819802574}}}}