{"BBP": {"L23_DBC_bAC217_2": {"mean_frequency": {"0.1": 11.112287014506297, "0.2": 15.103458692050724, "0.4": 20.623742454742366, "0.8": 32.105949633813324}, "ISI_CV": {"0.1": 0.3108785051437974, "0.2": 0.327835500254675, "0.4": 0.33735155458319405, "0.8": 0.29843431178287266}, "time_to_first_spike": {"0.1": 5.800000000091927, "0.2": 2.7000000000912223, "0.4": 1.5000000000909495, "0.8": 0.900000000090813}, "time_to_second_spike": {"0.1": 27.900000000096952, "0.2": 16.90000000009445, "0.4": 10.700000000093041, "0.8": 7.400000000092291}, "AP_height": {"0.1": 19.921311554116308, "0.2": 22.64126731717896, "0.4": 27.522946999274396, "0.8": 29.79033058320513}, "AP_width": {"0.1": 0.6000000000001364, "0.2": 0.7000000000001592, "0.4": 0.6000000000001364, "0.8": 0.7000000000001592}, "AP_amplitude": {"0.1": 76.24348419271615, "0.2": 78.49517249258571, "0.4": 98.66859759175425, "0.8": 100.93598117224437}, "voltage_base": {"0.1": -71.14287610765456, "0.2": -71.14287610765456, "0.4": -71.14287610765456, "0.8": -71.14287610765456}}}, "NetPyNE": {"L23_DBC_bAC217_2": {"mean_frequency": {"0.1": 11.00917431193397, "0.2": 15.0610231108904, "0.4": 20.483408439178092, "0.8": 32.85649294851339}, "ISI_CV": {"0.1": 0.31834628171587565, "0.2": 0.33347420789586113, "0.4": 0.34113899818425336, "0.8": 0.28849076244443134}, "time_to_first_spike": {"0.1": 5.800000000091927, "0.2": 2.800000000091245, "0.4": 1.5000000000909495, "0.8": 0.900000000090813}, "time_to_second_spike": {"0.1": 28.100000000096998, "0.2": 17.000000000094474, "0.4": 10.800000000093064, "0.8": 7.6000000000923364}, "AP_height": {"0.1": 18.650934785056585, "0.2": 25.545281140419103, "0.4": 24.56705504573864, "0.8": 28.418226745074577}, "AP_width": {"0.1": 0.6000000000001364, "0.2": 0.6000000000001364, "0.4": 0.7000000000001592, "0.8": 0.7000000000001592}, "AP_amplitude": {"0.1": 73.79577822467303, "0.2": 81.49548190933996, "0.4": 95.71270112998793, "0.8": 99.56387290326303}, "voltage_base": {"0.1": -71.1428716605198, "0.2": -71.1428716605198, "0.4": -71.1428716605198, "0.8": -71.1428716605198}}}}