{"BBP": {"L6_NBC_cIR216_3": {"mean_frequency": {"0.1": 22.371364653258976, "0.2": 36.370984037203876, "0.4": 71.16724302114794, "0.8": 150.69590467618133}, "ISI_CV": {"0.1": 0.2950671723098195, "0.2": 0.26542968883890683, "0.4": 0.17846752873316216, "0.8": 0.059524523278482025}, "time_to_first_spike": {"0.1": 6.400000000092064, "0.2": 3.200000000091336, "0.4": 1.8000000000910177, "0.8": 1.0000000000908358}, "time_to_second_spike": {"0.1": 18.30000000009477, "0.2": 12.000000000093337, "0.4": 8.400000000092518, "0.8": 6.300000000092041}, "AP_height": {"0.1": 30.415431971447514, "0.2": 34.91613970536357, "0.4": 34.743543089794954, "0.8": 37.842316236292746}, "AP_width": {"0.1": 0.8000000000001819, "0.2": 0.9000000000002046, "0.4": 0.9000000000002046, "0.8": 1.0000000000002274}, "AP_amplitude": {"0.1": 85.64421509634947, "0.2": 90.42948199404572, "0.4": 109.77198802061835, "0.8": 112.74136625150003}, "voltage_base": {"0.1": -74.95725510115264, "0.2": -74.95725510115264, "0.4": -74.95725510115264, "0.8": -74.95725510115264}}}, "NetPyNE": {"L6_NBC_cIR216_3": {"mean_frequency": {"0.1": 17.399314262331988, "0.2": 31.405126127060065, "0.4": 63.069376313988215, "0.8": 140.53513378354143}, "ISI_CV": {"0.1": 0.23944745152378252, "0.2": 0.19888557854930108, "0.4": 0.1494821528010009, "0.8": 0.0500006805147446}, "time_to_first_spike": {"0.1": 7.6000000000923364, "0.2": 3.7000000000914497, "0.4": 2.000000000091063, "0.8": 1.2000000000908813}, "time_to_second_spike": {"0.1": 21.000000000095383, "0.2": 12.800000000093519, "0.4": 8.900000000092632, "0.8": 6.500000000092086}, "AP_height": {"0.1": 32.210392500810215, "0.2": 34.18453091195109, "0.4": 35.591131530400986, "0.8": 36.85643032379502}, "AP_width": {"0.1": 0.8000000000001819, "0.2": 0.9000000000002046, "0.4": 1.0000000000002274, "0.8": 1.0000000000002274}, "AP_amplitude": {"0.1": 88.55425117248143, "0.2": 89.55687380217745, "0.4": 113.49472466391367, "0.8": 114.76002346088362}, "voltage_base": {"0.1": -77.90336880123631, "0.2": -77.90336880123631, "0.4": -77.90336880123631, "0.8": -77.90336880123631}}}}