{"BBP": {"L6_LBC_cSTUT189_1": {"mean_frequency": {"0.1": 0, "0.2": 41.52699254518259, "0.4": 74.35317759361993, "0.8": 112.4159389742809}, "ISI_CV": {"0.1": 0, "0.2": 0.08527834569967956, "0.4": 0.03412059048011614, "0.8": 0.019594656980398268}, "time_to_first_spike": {"0.1": 0, "0.2": 5.800000000091927, "0.4": 2.500000000091177, "0.8": 1.300000000090904}, "time_to_second_spike": {"0.1": 0, "0.2": 26.800000000096702, "0.4": 13.500000000093678, "0.8": 8.600000000092564}, "AP_height": {"0.1": 0, "0.2": 20.93613362978173, "0.4": 29.77855919524307, "0.8": 27.669155863725507}, "AP_width": {"0.1": 0, "0.2": 0.7000000000001592, "0.4": 0.7000000000001592, "0.8": 0.7000000000001592}, "AP_amplitude": {"0.1": 0, "0.2": 76.00407628242203, "0.4": 102.59554428960195, "0.8": 102.4249788772548}, "voltage_base": {"0.1": -74.70619862166625, "0.2": -74.70619862166625, "0.4": -74.70619862166625, "0.8": -74.70619862166625}}}, "NetPyNE": {"L6_LBC_cSTUT189_1": {"mean_frequency": {"0.1": 0, "0.2": 41.38696815225134, "0.4": 73.84708128207566, "0.8": 111.72344689386351}, "ISI_CV": {"0.1": 0, "0.2": 0.03995998167893021, "0.4": 0.029519907234060283, "0.8": 0.017399865568661542}, "time_to_first_spike": {"0.1": 0, "0.2": 5.90000000009195, "0.4": 2.6000000000911996, "0.8": 1.4000000000909267}, "time_to_second_spike": {"0.1": 0, "0.2": 27.600000000096884, "0.4": 13.6000000000937, "0.8": 8.80000000009261}, "AP_height": {"0.1": 0, "0.2": 24.524464033913294, "0.4": 24.253899566810095, "0.8": 30.081410301190157}, "AP_width": {"0.1": 0, "0.2": 0.6000000000001364, "0.4": 0.8000000000001819, "0.8": 0.7000000000001592}, "AP_amplitude": {"0.1": 0, "0.2": 80.64231403184861, "0.4": 96.70615140216381, "0.8": 104.44528296914045}, "voltage_base": {"0.1": -74.36284672915575, "0.2": -74.36284672915575, "0.4": -74.36284672915575, "0.8": -74.36284672915575}}}}