{"BBP": {"L6_BP_dSTUT214_3": {"mean_frequency": {"0.1": 20.72905606958278, "0.2": 80.07607226870967, "0.4": 136.6434756495248, "0.8": 266.02660266044694}, "ISI_CV": {"0.1": 0.2533349132766573, "0.2": 0.04344290193699691, "0.4": 0.051601522084922274, "0.8": 0.10428784536365619}, "time_to_first_spike": {"0.1": 147.00000000012403, "0.2": 4.500000000091632, "0.4": 1.8000000000910177, "0.8": 0.900000000090813}, "time_to_second_spike": {"0.1": 360.30000000013115, "0.2": 16.000000000094246, "0.4": 8.900000000092632, "0.8": 6.100000000091995}, "AP_height": {"0.1": 12.223609474279124, "0.2": 19.283027848046274, "0.4": 25.451208743837395, "0.8": 28.760927181586794}, "AP_width": {"0.1": 0.7000000000001592, "0.2": 0.7000000000001592, "0.4": 0.7000000000001592, "0.8": 0.8000000000001819}, "AP_amplitude": {"0.1": 69.28404659783529, "0.2": 94.48666767693645, "0.4": 101.34004764432211, "0.8": 104.47269792706152}, "voltage_base": {"0.1": -75.66542353763634, "0.2": -75.66542353763634, "0.4": -75.66542353763634, "0.8": -75.66542353763634}}}, "NetPyNE": {"L6_BP_dSTUT214_3": {"mean_frequency": {"0.1": 0, "0.2": 70.55291468606248, "0.4": 127.50000000008671, "0.8": 245.7457457459128}, "ISI_CV": {"0.1": 0, "0.2": 0.03121894095387785, "0.4": 0.043163316363279074, "0.8": 0.09524198850777768}, "time_to_first_spike": {"0.1": 0, "0.2": 5.200000000091791, "0.4": 2.000000000091063, "0.8": 1.0000000000908358}, "time_to_second_spike": {"0.1": 0, "0.2": 17.90000000009468, "0.4": 9.300000000092723, "0.8": 6.400000000092064}, "AP_height": {"0.1": 0, "0.2": 16.80683858099943, "0.4": 20.81458638045737, "0.8": 26.857674840144117}, "AP_width": {"0.1": 0, "0.2": 0.7000000000001592, "0.4": 0.8000000000001819, "0.8": 0.8000000000001819}, "AP_amplitude": {"0.1": 0, "0.2": 93.50655629163829, "0.4": 97.51430415873666, "0.8": 103.55739256991184}, "voltage_base": {"0.1": -76.69758635689304, "0.2": -76.69758635689304, "0.4": -76.69758635689304, "0.8": -76.69758635689304}}}}