{"BBP": {"L1_NGC-SA_cNAC187_4": {"mean_frequency": {"0.1": 57.543788804238694, "0.2": 82.67361459069653, "0.4": 119.39400020074329, "0.8": 179.4126490930356}, "ISI_CV": {"0.1": 0.07356277239078166, "0.2": 0.06040776973796144, "0.4": 0.026952374530918255, "0.8": 0.037703957608930055}, "time_to_first_spike": {"0.1": 3.0000000000912905, "0.2": 1.8000000000910177, "0.4": 1.2000000000908813, "0.8": 0.8000000000907903}, "time_to_second_spike": {"0.1": 16.600000000094383, "0.2": 11.00000000009311, "0.4": 8.000000000092427, "0.8": 6.100000000091995}, "AP_height": {"0.1": 26.20552874550981, "0.2": 27.966706310170846, "0.4": 29.115737794635738, "0.8": 29.90004342943407}, "AP_width": {"0.1": 0.7000000000001592, "0.2": 0.7000000000001592, "0.4": 0.7000000000001592, "0.8": 0.7000000000001592}, "AP_amplitude": {"0.1": 82.68353127949334, "0.2": 95.33660808280764, "0.4": 98.33989737002175, "0.8": 99.12420300145982}, "voltage_base": {"0.1": -69.22083379089322, "0.2": -69.22083379089322, "0.4": -69.22083379089322, "0.8": -69.22083379089322}}}, "NetPyNE": {"L1_NGC-SA_cNAC187_4": {"mean_frequency": {"0.1": 57.240409720866346, "0.2": 82.27975115397923, "0.4": 118.7374749499805, "0.8": 178.3477781675477}, "ISI_CV": {"0.1": 0.07321117120086285, "0.2": 0.05967031316628109, "0.4": 0.025871771281286125, "0.8": 0.03879933242714287}, "time_to_first_spike": {"0.1": 3.1000000000913133, "0.2": 1.9000000000910404, "0.4": 1.2000000000908813, "0.8": 0.8000000000907903}, "time_to_second_spike": {"0.1": 16.80000000009443, "0.2": 11.200000000093155, "0.4": 8.10000000009245, "0.8": 6.200000000092018}, "AP_height": {"0.1": 26.677214036410977, "0.2": 27.397214825515714, "0.4": 30.43208566288219, "0.8": 32.71282582512071}, "AP_width": {"0.1": 0.7000000000001592, "0.2": 0.7000000000001592, "0.4": 0.7000000000001592, "0.8": 0.7000000000001592}, "AP_amplitude": {"0.1": 82.19366540193374, "0.2": 94.80671647913883, "0.4": 99.6562393424506, "0.8": 101.93697946272991}, "voltage_base": {"0.1": -69.22082784865535, "0.2": -69.22082784865535, "0.4": -69.22082784865535, "0.8": -69.22082784865535}}}}