{"BBP": {"L23_SBC_bNAC219_2": {"mean_frequency": {"0.1": 31.398764306716288, "0.2": 78.95398541619642, "0.4": 121.70690173302873, "0.8": 172.22389105849297}, "ISI_CV": {"0.1": 0.11840749840498581, "0.2": 0.032185762179627264, "0.4": 0.01865159442741056, "0.8": 0.011520493400807586}, "time_to_first_spike": {"0.1": 8.300000000092496, "0.2": 4.100000000091541, "0.4": 2.2000000000911086, "0.8": 1.300000000090904}, "time_to_second_spike": {"0.1": 23.700000000095997, "0.2": 14.100000000093814, "0.4": 9.700000000092814, "0.8": 7.2000000000922455}, "AP_height": {"0.1": 10.881951012616842, "0.2": 14.440814277680477, "0.4": 18.640613213784164, "0.8": 20.676999439303124}, "AP_width": {"0.1": 0.7000000000001592, "0.2": 0.7000000000001592, "0.4": 0.7000000000001592, "0.8": 0.7000000000001592}, "AP_amplitude": {"0.1": 65.799463072464, "0.2": 70.02698877557678, "0.4": 74.46208779378276, "0.8": 91.71472901580697}, "voltage_base": {"0.1": -71.03759878501435, "0.2": -71.03759878501435, "0.4": -71.03759878501435, "0.8": -71.03759878501435}}}, "NetPyNE": {"L23_SBC_bNAC219_2": {"mean_frequency": {"0.1": 31.294165152454084, "0.2": 78.54712827701958, "0.4": 120.88683788130203, "0.8": 170.8245666768018}, "ISI_CV": {"0.1": 0.11819841137635256, "0.2": 0.032036157720309856, "0.4": 0.01843051636237316, "0.8": 0.00994195402262059}, "time_to_first_spike": {"0.1": 8.300000000092496, "0.2": 4.100000000091541, "0.4": 2.3000000000911314, "0.8": 1.4000000000909267}, "time_to_second_spike": {"0.1": 23.80000000009602, "0.2": 14.30000000009386, "0.4": 9.800000000092837, "0.8": 7.300000000092268}, "AP_height": {"0.1": 10.268928416429544, "0.2": 14.821465007428852, "0.4": 18.027370504507303, "0.8": 19.96152638001114}, "AP_width": {"0.1": 0.6000000000001364, "0.2": 0.6000000000001364, "0.4": 0.7000000000001592, "0.8": 0.7000000000001592}, "AP_amplitude": {"0.1": 65.80153437945974, "0.2": 70.55391948912522, "0.4": 73.88128444620693, "0.8": 90.99925582377463}, "voltage_base": {"0.1": -71.0375986514344, "0.2": -71.0375986514344, "0.4": -71.0375986514344, "0.8": -71.0375986514344}}}}