{"BBP": {"L6_NGC_bNAC219_5": {"mean_frequency": {"0.1": 54.00494624744992, "0.2": 94.67989179447373, "0.4": 167.52577319574038, "0.8": 260.8695652152766}, "ISI_CV": {"0.1": 0.03583063230444259, "0.2": 0.017144678289799774, "0.4": 0.055397946118550305, "0.8": 0}, "time_to_first_spike": {"0.1": 7.800000000092382, "0.2": 4.100000000091541, "0.4": 2.400000000091154, "0.8": 1.4000000000909267}, "time_to_second_spike": {"0.1": 21.000000000095383, "0.2": 13.300000000093632, "0.4": 9.400000000092746, "0.8": 6.8000000000921546}, "AP_height": {"0.1": 5.393254947539259, "0.2": 10.082453921955407, "0.4": 11.208581777984856, "0.8": 16.40077579795271}, "AP_width": {"0.1": 0.7000000000001592, "0.2": 0.7000000000001592, "0.4": 0.8000000000001819, "0.8": 0.7000000000001592}, "AP_amplitude": {"0.1": 60.30588467042645, "0.2": 65.12353867207919, "0.4": 81.71972451883386, "0.8": 86.91191853691922}, "voltage_base": {"0.1": -70.51102963327962, "0.2": -70.51102963327962, "0.4": -70.51102963327962, "0.8": -70.51102963327962}}}, "NetPyNE": {"L6_NGC_bNAC219_5": {"mean_frequency": {"0.1": 53.9232978884607, "0.2": 94.40120512183162, "0.4": 167.04631738785014, "0.8": 256.4102564082124}, "ISI_CV": {"0.1": 0.0357104055600024, "0.2": 0.016877809752448514, "0.4": 0.05910614573886588, "0.8": 0}, "time_to_first_spike": {"0.1": 7.900000000092405, "0.2": 4.200000000091563, "0.4": 2.400000000091154, "0.8": 1.4000000000909267}, "time_to_second_spike": {"0.1": 21.20000000009543, "0.2": 13.500000000093678, "0.4": 9.500000000092768, "0.8": 6.900000000092177}, "AP_height": {"0.1": 5.637652849243507, "0.2": 9.757212290873161, "0.4": 13.234959007992808, "0.8": 15.441279103671734}, "AP_width": {"0.1": 0.7000000000001592, "0.2": 0.8000000000001819, "0.4": 0.7000000000001592, "0.8": 0.8000000000001819}, "AP_amplitude": {"0.1": 60.05733349917976, "0.2": 63.911803645256654, "0.4": 83.74610162940276, "0.8": 85.95242183442217}, "voltage_base": {"0.1": -70.5110296243347, "0.2": -70.5110296243347, "0.4": -70.5110296243347, "0.8": -70.5110296243347}}}}