{"BBP": {"L4_DBC_bIR215_4": {"mean_frequency": {"0.1": 0, "0.2": 9.243093355249117, "0.4": 15.649452269181188, "0.8": 22.573363431166577}, "ISI_CV": {"0.1": 0, "0.2": 0.3377282908995133, "0.4": 0.2914610287514822, "0.8": 0.29257220596846173}, "time_to_first_spike": {"0.1": 0, "0.2": 4.500000000091632, "0.4": 1.9000000000910404, "0.8": 1.0000000000908358}, "time_to_second_spike": {"0.1": 0, "0.2": 34.00000000009834, "0.4": 18.100000000094724, "0.8": 11.4000000000932}, "AP_height": {"0.1": 0, "0.2": 31.419025533619564, "0.4": 33.29451835158938, "0.8": 34.2740749853591}, "AP_width": {"0.1": 0, "0.2": 0.6000000000001364, "0.4": 0.6000000000001364, "0.8": 0.5000000000001137}, "AP_amplitude": {"0.1": 0, "0.2": 87.61451591488687, "0.4": 107.39959489194939, "0.8": 108.51229583840103}, "voltage_base": {"0.1": -74.15241994398768, "0.2": -74.15241994398768, "0.4": -74.15241994398768, "0.8": -74.15241994398768}}}, "NetPyNE": {"L4_DBC_bIR215_4": {"mean_frequency": {"0.1": 0, "0.2": 6.911952360702176, "0.4": 14.678341853530211, "0.8": 21.73034162119928}, "ISI_CV": {"0.1": 0, "0.2": 0.2106662294080794, "0.4": 0.27004693587352574, "0.8": 0.27341923341690744}, "time_to_first_spike": {"0.1": 0, "0.2": 5.400000000091836, "0.4": 2.2000000000911086, "0.8": 1.1000000000908585}, "time_to_second_spike": {"0.1": 0, "0.2": 41.80000000010011, "0.4": 19.500000000095042, "0.8": 12.000000000093337}, "AP_height": {"0.1": 0, "0.2": 26.967750012826407, "0.4": 29.53698548008497, "0.8": 32.00761894036925}, "AP_width": {"0.1": 0, "0.2": 0.5000000000001137, "0.4": 0.5000000000001137, "0.8": 0.5000000000001137}, "AP_amplitude": {"0.1": 0, "0.2": 83.28899131711995, "0.4": 105.60348838356447, "0.8": 108.0741217963749}, "voltage_base": {"0.1": -76.0649184461815, "0.2": -76.0649184461815, "0.4": -76.0649184461815, "0.8": -76.0649184461815}}}}