{"BBP": {"L23_SBC_dNAC222_5": {"mean_frequency": {"0.1": 47.00235011753784, "0.2": 69.38159879341059, "0.4": 99.00990099016634, "0.8": 144.33919711331413}, "ISI_CV": {"0.1": 0.07975608315400348, "0.2": 0.07456913446771526, "0.4": 0.05984190489323052, "0.8": 0.023743251216099496}, "time_to_first_spike": {"0.1": 4.100000000091541, "0.2": 2.100000000091086, "0.4": 1.1000000000908585, "0.8": 0.7000000000907676}, "time_to_second_spike": {"0.1": 21.20000000009543, "0.2": 12.900000000093542, "0.4": 8.80000000009261, "0.8": 6.400000000092064}, "AP_height": {"0.1": 25.956396829028012, "0.2": 28.191180293654487, "0.4": 32.17734800887046, "0.8": 34.59526108004891}, "AP_width": {"0.1": 0.7000000000001592, "0.2": 0.7000000000001592, "0.4": 0.7000000000001592, "0.8": 0.8000000000001819}, "AP_amplitude": {"0.1": 81.70179119840076, "0.2": 98.12402914765799, "0.4": 103.9717549859802, "0.8": 106.38966805378513}, "voltage_base": {"0.1": -71.7904536169563, "0.2": -71.7904536169563, "0.4": -71.7904536169563, "0.8": -71.7904536169563}}}, "NetPyNE": {"L23_SBC_dNAC222_5": {"mean_frequency": {"0.1": 46.92703602788528, "0.2": 69.20762286865283, "0.4": 98.77657440841047, "0.8": 143.71557336013774}, "ISI_CV": {"0.1": 0.07883701599137481, "0.2": 0.07324436150664027, "0.4": 0.057917543332816596, "0.8": 0.02231592658217629}, "time_to_first_spike": {"0.1": 4.100000000091541, "0.2": 2.100000000091086, "0.4": 1.2000000000908813, "0.8": 0.7000000000907676}, "time_to_second_spike": {"0.1": 21.400000000095474, "0.2": 13.000000000093564, "0.4": 8.900000000092632, "0.8": 6.500000000092086}, "AP_height": {"0.1": 30.657004609672, "0.2": 33.78916819102702, "0.4": 34.072220196000785, "0.8": 36.54245713404477}, "AP_width": {"0.1": 0.7000000000001592, "0.2": 0.8000000000001819, "0.4": 0.8000000000001819, "0.8": 0.8000000000001819}, "AP_amplitude": {"0.1": 85.5020541147984, "0.2": 103.76879581150729, "0.4": 105.86661851030827, "0.8": 108.33685542557211}, "voltage_base": {"0.1": -71.79044491185643, "0.2": -71.79044491185643, "0.4": -71.79044491185643, "0.8": -71.79044491185643}}}}