{"BBP": {"L6_BTC_bAC217_4": {"mean_frequency": {"0.1": 4.038772213249911, "0.2": 10.77696807965419, "0.4": 15.663685513627915, "0.8": 22.78019641593119}, "ISI_CV": {"0.1": 0.02455463185066403, "0.2": 0.2907838042304878, "0.4": 0.30834718210868306, "0.8": 0.26331479709018996}, "time_to_first_spike": {"0.1": 18.0000000000947, "0.2": 5.800000000091927, "0.4": 2.800000000091245, "0.8": 1.5000000000909495}, "time_to_second_spike": {"0.1": 80.20000000010884, "0.2": 30.70000000009759, "0.4": 18.70000000009486, "0.8": 12.10000000009336}, "AP_height": {"0.1": 16.73048595068098, "0.2": 23.056906181630406, "0.4": 26.725853134858202, "0.8": 31.18858663311595}, "AP_width": {"0.1": 0.5000000000001137, "0.2": 0.5000000000001137, "0.4": 0.5000000000001137, "0.8": 0.6000000000001364}, "AP_amplitude": {"0.1": 73.65367536562381, "0.2": 79.47307777637529, "0.4": 97.4074925151522, "0.8": 103.74351172818422}, "voltage_base": {"0.1": -72.55175512905714, "0.2": -72.55175512905714, "0.4": -72.55175512905714, "0.8": -72.55175512905714}}}, "NetPyNE": {"L6_BTC_bAC217_4": {"mean_frequency": {"0.1": 4.153070305549962, "0.2": 10.587879399018979, "0.4": 15.21992795901796, "0.8": 22.86353012906739}, "ISI_CV": {"0.1": 0.021718903370094366, "0.2": 0.2892343899149444, "0.4": 0.30890002664334165, "0.8": 0.2602619461076604}, "time_to_first_spike": {"0.1": 18.100000000094724, "0.2": 5.90000000009195, "0.4": 2.900000000091268, "0.8": 1.6000000000909722}, "time_to_second_spike": {"0.1": 81.50000000010914, "0.2": 31.000000000097657, "0.4": 18.900000000094906, "0.8": 12.300000000093405}, "AP_height": {"0.1": 13.719324220733949, "0.2": 23.176252250835024, "0.4": 22.578300875277865, "0.8": 28.590698624713234}, "AP_width": {"0.1": 0.5000000000001137, "0.2": 0.5000000000001137, "0.4": 0.5000000000001137, "0.8": 0.6000000000001364}, "AP_amplitude": {"0.1": 70.82438466075541, "0.2": 78.82451079379575, "0.4": 93.3046711546395, "0.8": 101.14561884853518}, "voltage_base": {"0.1": -72.5517502391971, "0.2": -72.5517502391971, "0.4": -72.5517502391971, "0.8": -72.5517502391971}}}}