{"BBP": {"L4_MC_cACint209_1": {"mean_frequency": {"0.1": 22.664316293140534, "0.2": 37.09831052291086, "0.4": 67.78129236335376, "0.8": 128.12171562993547}, "ISI_CV": {"0.1": 0.24781376187462278, "0.2": 0.20720589814984536, "0.4": 0.14970901550512597, "0.8": 0.11031025867647774}, "time_to_first_spike": {"0.1": 14.500000000093905, "0.2": 7.0000000000922, "0.4": 3.600000000091427, "0.8": 2.000000000091063}, "time_to_second_spike": {"0.1": 32.30000000009795, "0.2": 18.70000000009486, "0.4": 12.300000000093405, "0.8": 8.700000000092587}, "AP_height": {"0.1": 23.432605429908122, "0.2": 28.34331786194906, "0.4": 32.17908604704065, "0.8": 32.76507683947337}, "AP_width": {"0.1": 0.8000000000001819, "0.2": 0.8000000000001819, "0.4": 0.9000000000002046, "0.8": 0.9000000000002046}, "AP_amplitude": {"0.1": 79.94414827635732, "0.2": 85.03929694514942, "0.4": 88.10455613455949, "0.8": 104.56740182730348}, "voltage_base": {"0.1": -71.80172409386815, "0.2": -71.80172409386815, "0.4": -71.80172409386815, "0.8": -71.80172409386815}}}, "NetPyNE": {"L4_MC_cACint209_1": {"mean_frequency": {"0.1": 22.602842935371218, "0.2": 37.02406564269291, "0.4": 67.77448667106366, "0.8": 128.61575417884833}, "ISI_CV": {"0.1": 0.24780207238613813, "0.2": 0.2069793336857059, "0.4": 0.14866680909464486, "0.8": 0.10910799634687524}, "time_to_first_spike": {"0.1": 14.600000000093928, "0.2": 7.100000000092223, "0.4": 3.7000000000914497, "0.8": 2.000000000091063}, "time_to_second_spike": {"0.1": 32.500000000098, "0.2": 18.900000000094906, "0.4": 12.400000000093428, "0.8": 8.80000000009261}, "AP_height": {"0.1": 23.98503157333389, "0.2": 27.519907773790273, "0.4": 30.345065813319568, "0.8": 33.811808615422386}, "AP_width": {"0.1": 0.8000000000001819, "0.2": 0.8000000000001819, "0.4": 0.8000000000001819, "0.8": 0.9000000000002046}, "AP_amplitude": {"0.1": 80.12073407312516, "0.2": 83.55971626850109, "0.4": 85.14804772987637, "0.8": 105.6141328496237}, "voltage_base": {"0.1": -71.80172334064869, "0.2": -71.80172334064869, "0.4": -71.80172334064869, "0.8": -71.80172334064869}}}}