{"BBP": {"L5_LBC_cNAC187_1": {"mean_frequency": {"0.1": 26.378531933259875, "0.2": 45.57063448348032, "0.4": 71.87374346607211, "0.8": 109.33895074739097}, "ISI_CV": {"0.1": 0.021352897360336527, "0.2": 0.01441357103460071, "0.4": 0.01070855749872681, "0.8": 0.015248233130920207}, "time_to_first_spike": {"0.1": 16.600000000094383, "0.2": 7.0000000000922, "0.4": 3.3000000000913587, "0.8": 1.8000000000910177}, "time_to_second_spike": {"0.1": 52.90000000010264, "0.2": 27.10000000009677, "0.4": 15.100000000094042, "0.8": 9.600000000092791}, "AP_height": {"0.1": 11.322348903096637, "0.2": 16.158882861783884, "0.4": 19.80792984176445, "0.8": 22.06305059364063}, "AP_width": {"0.1": 0.7000000000001592, "0.2": 0.7000000000001592, "0.4": 0.7000000000001592, "0.8": 0.7000000000001592}, "AP_amplitude": {"0.1": 65.75956206432565, "0.2": 70.89874831035816, "0.4": 74.95937064038849, "0.8": 90.25839282514522}, "voltage_base": {"0.1": -68.19271059340718, "0.2": -68.19271059340718, "0.4": -68.19271059340718, "0.8": -68.19271059340718}}}, "NetPyNE": {"L5_LBC_cNAC187_1": {"mean_frequency": {"0.1": 26.282537275731734, "0.2": 45.40409645851126, "0.4": 71.58231966766643, "0.8": 108.88654724278558}, "ISI_CV": {"0.1": 0.021250284822261704, "0.2": 0.013979771289218339, "0.4": 0.0104110283701197, "0.8": 0.01609053783809369}, "time_to_first_spike": {"0.1": 16.80000000009443, "0.2": 7.100000000092223, "0.4": 3.4000000000913815, "0.8": 1.8000000000910177}, "time_to_second_spike": {"0.1": 53.200000000102705, "0.2": 27.300000000096816, "0.4": 15.300000000094087, "0.8": 9.700000000092814}, "AP_height": {"0.1": 11.922060886028419, "0.2": 15.92040136172807, "0.4": 18.556737895874242, "0.8": 20.70296649098492}, "AP_width": {"0.1": 0.7000000000001592, "0.2": 0.8000000000001819, "0.4": 0.8000000000001819, "0.8": 0.8000000000001819}, "AP_amplitude": {"0.1": 66.0665765847518, "0.2": 69.71832229848506, "0.4": 72.79594350338297, "0.8": 88.89830452759267}, "voltage_base": {"0.1": -68.19270639407395, "0.2": -68.19270639407395, "0.4": -68.19270639407395, "0.8": -68.19270639407395}}}}