{"BBP": {"L5_TTPC1_cADpyr232_5": {"mean_frequency": {"0.1": 0, "0.2": 4.509837082138343, "0.4": 8.677011024913986, "0.8": 15.232292460025537}, "ISI_CV": {"0.1": 0, "0.2": 0.013949155087175024, "0.4": 0.06818163840675348, "0.8": 0.11506501250838597}, "time_to_first_spike": {"0.1": 0, "0.2": 73.4000000001073, "0.4": 19.700000000095088, "0.8": 7.6000000000923364}, "time_to_second_spike": {"0.1": 0, "0.2": 239.00000000014495, "0.4": 55.70000000010327, "0.8": 23.40000000009593}, "AP_height": {"0.1": 0, "0.2": 29.516840459801333, "0.4": 32.33686168263628, "0.8": 33.13636009418532}, "AP_width": {"0.1": 0, "0.2": 0.9000000000002046, "0.4": 0.9000000000002046, "0.8": 1.0000000000002274}, "AP_amplitude": {"0.1": 0, "0.2": 83.11527785390682, "0.4": 85.47012501847688, "0.8": 85.7764248452226}, "voltage_base": {"0.1": -71.12419153877559, "0.2": -71.12419153877559, "0.4": -71.12419153877559, "0.8": -71.12419153877559}}}, "NetPyNE": {"L5_TTPC1_cADpyr232_5": {"mean_frequency": {"0.1": 0, "0.2": 4.4717719396339985, "0.4": 8.588895063917304, "0.8": 15.116396251143984}, "ISI_CV": {"0.1": 0, "0.2": 0.01398796602656114, "0.4": 0.06544228819179833, "0.8": 0.11510335252817834}, "time_to_first_spike": {"0.1": 0, "0.2": 73.60000000010734, "0.4": 19.80000000009511, "0.8": 7.800000000092382}, "time_to_second_spike": {"0.1": 0, "0.2": 241.8000000001456, "0.4": 56.7000000001035, "0.8": 24.000000000096065}, "AP_height": {"0.1": 0, "0.2": 29.073051986317097, "0.4": 30.015691236949298, "0.8": 32.57313540629845}, "AP_width": {"0.1": 0, "0.2": 0.9000000000002046, "0.4": 0.9000000000002046, "0.8": 1.0000000000002274}, "AP_amplitude": {"0.1": 0, "0.2": 81.66182401184452, "0.4": 82.67673985103532, "0.8": 85.9829542937825}, "voltage_base": {"0.1": -71.12419073714975, "0.2": -71.12419073714975, "0.4": -71.12419073714975, "0.8": -71.12419073714975}}}}