{"BBP": {"L23_MC_cACint209_2": {"mean_frequency": {"0.1": 26.924053848125908, "0.2": 44.336960902891825, "0.4": 91.32420091330404, "0.8": 204.62277366433764}, "ISI_CV": {"0.1": 0.23778106928686985, "0.2": 0.1890403491602964, "0.4": 0.10220795546274807, "0.8": 0.02639039828950343}, "time_to_first_spike": {"0.1": 9.300000000092723, "0.2": 4.600000000091654, "0.4": 2.400000000091154, "0.8": 1.4000000000909267}, "time_to_second_spike": {"0.1": 23.700000000095997, "0.2": 14.600000000093928, "0.4": 10.000000000092882, "0.8": 7.400000000092291}, "AP_height": {"0.1": 24.34620361864609, "0.2": 28.283295823147792, "0.4": 33.63378900957064, "0.8": 33.104025234790946}, "AP_width": {"0.1": 0.9000000000002046, "0.2": 0.8000000000001819, "0.4": 0.9000000000002046, "0.8": 0.9000000000002046}, "AP_amplitude": {"0.1": 80.78831545862965, "0.2": 84.42039742932594, "0.4": 104.9278935523906, "0.8": 104.39812977555752}, "voltage_base": {"0.1": -71.29343961646595, "0.2": -71.29343961646595, "0.4": -71.29343961646595, "0.8": -71.29343961646595}}}, "NetPyNE": {"L23_MC_cACint209_2": {"mean_frequency": {"0.1": 26.830009112096736, "0.2": 44.281185528133506, "0.4": 91.33336678884108, "0.8": 201.90380761536767}, "ISI_CV": {"0.1": 0.2375023921433833, "0.2": 0.18858450268753216, "0.4": 0.10084337048628374, "0.8": 0.026198423711183277}, "time_to_first_spike": {"0.1": 9.400000000092746, "0.2": 4.600000000091654, "0.4": 2.500000000091177, "0.8": 1.4000000000909267}, "time_to_second_spike": {"0.1": 23.80000000009602, "0.2": 14.70000000009395, "0.4": 10.200000000092928, "0.8": 7.500000000092314}, "AP_height": {"0.1": 25.121474247499822, "0.2": 28.524395717380152, "0.4": 31.15922417624679, "0.8": 35.48448174047944}, "AP_width": {"0.1": 0.9000000000002046, "0.2": 0.9000000000002046, "0.4": 0.9000000000002046, "0.8": 1.0000000000002274}, "AP_amplitude": {"0.1": 80.50964715494668, "0.2": 84.89208120700158, "0.4": 102.4533277284746, "0.8": 106.77858532092007}, "voltage_base": {"0.1": -71.2934386560651, "0.2": -71.2934386560651, "0.4": -71.2934386560651, "0.8": -71.2934386560651}}}}