{"BBP": {"L1_NGC-DA_cNAC187_3": {"mean_frequency": {"0.1": 63.11360448812144, "0.2": 91.98291027902701, "0.4": 133.99578440237948, "0.8": 228.7974366678235}, "ISI_CV": {"0.1": 0.0616541187685407, "0.2": 0.04435034197788078, "0.4": 0.012593380407386815, "0.8": 0.08401248160310605}, "time_to_first_spike": {"0.1": 3.200000000091336, "0.2": 1.9000000000910404, "0.4": 1.2000000000908813, "0.8": 0.8000000000907903}, "time_to_second_spike": {"0.1": 15.900000000094224, "0.2": 10.600000000093019, "0.4": 7.700000000092359, "0.8": 5.90000000009195}, "AP_height": {"0.1": 20.350168857967024, "0.2": 23.27477278531556, "0.4": 26.732924663896572, "0.8": 28.818040387913392}, "AP_width": {"0.1": 0.8000000000001819, "0.2": 0.8000000000001819, "0.4": 0.8000000000001819, "0.8": 0.8000000000001819}, "AP_amplitude": {"0.1": 76.34449262292402, "0.2": 90.40332563793154, "0.4": 95.63644121228108, "0.8": 97.7215569330813}, "voltage_base": {"0.1": -68.90060550405342, "0.2": -68.90060550405342, "0.4": -68.90060550405342, "0.8": -68.90060550405342}}}, "NetPyNE": {"L1_NGC-DA_cNAC187_3": {"mean_frequency": {"0.1": 62.92157454952422, "0.2": 91.60076083698289, "0.4": 133.25985672069575, "0.8": 227.05676419120218}, "ISI_CV": {"0.1": 0.0606454261260349, "0.2": 0.043038765898042786, "0.4": 0.012441166253941928, "0.8": 0.08220520161351975}, "time_to_first_spike": {"0.1": 3.200000000091336, "0.2": 1.9000000000910404, "0.4": 1.2000000000908813, "0.8": 0.8000000000907903}, "time_to_second_spike": {"0.1": 16.10000000009427, "0.2": 10.700000000093041, "0.4": 7.800000000092382, "0.8": 5.90000000009195}, "AP_height": {"0.1": 22.90341562903724, "0.2": 24.894745188689996, "0.4": 25.929233624965004, "0.8": 28.961487607661105}, "AP_width": {"0.1": 0.7000000000001592, "0.2": 0.7000000000001592, "0.4": 0.8000000000001819, "0.8": 0.8000000000001819}, "AP_amplitude": {"0.1": 77.78742514094196, "0.2": 92.06341608814947, "0.4": 94.83274486678273, "0.8": 97.86499881401483}, "voltage_base": {"0.1": -68.90060015815874, "0.2": -68.90060015815874, "0.4": -68.90060015815874, "0.8": -68.90060015815874}}}}