{"BBP": {"L6_DBC_cIR216_1": {"mean_frequency": {"0.1": 13.092300720085422, "0.2": 29.911280101414416, "0.4": 69.77561367405974, "0.8": 150.90745011541387}, "ISI_CV": {"0.1": 0.5113085532209036, "0.2": 0.36919659610868943, "0.4": 0.15557996680675243, "0.8": 0.058566965630636195}, "time_to_first_spike": {"0.1": 30.600000000097566, "0.2": 7.6000000000923364, "0.4": 3.200000000091336, "0.8": 1.700000000090995}, "time_to_second_spike": {"0.1": 58.50000000010391, "0.2": 18.200000000094747, "0.4": 10.800000000093064, "0.8": 7.6000000000923364}, "AP_height": {"0.1": 21.6826388748778, "0.2": 28.344191321596917, "0.4": 30.013142485975667, "0.8": 35.67027287329025}, "AP_width": {"0.1": 0.8000000000001819, "0.2": 0.9000000000002046, "0.4": 0.9000000000002046, "0.8": 1.0000000000002274}, "AP_amplitude": {"0.1": 78.51491861666761, "0.2": 85.44524705273228, "0.4": 106.05398423939023, "0.8": 112.29658231261206}, "voltage_base": {"0.1": -76.65369607415987, "0.2": -76.65369607415987, "0.4": -76.65369607415987, "0.8": -76.65369607415987}}}, "NetPyNE": {"L6_DBC_cIR216_1": {"mean_frequency": {"0.1": 0, "0.2": 25.447882736173554, "0.4": 60.295447693740066, "0.8": 135.98273872255712}, "ISI_CV": {"0.1": 0, "0.2": 0.21105347740656027, "0.4": 0.13572986276456342, "0.8": 0.053425591278572146}, "time_to_first_spike": {"0.1": 0, "0.2": 7.700000000092359, "0.4": 3.500000000091404, "0.8": 1.8000000000910177}, "time_to_second_spike": {"0.1": 0, "0.2": 19.300000000094997, "0.4": 11.300000000093178, "0.8": 7.800000000092382}, "AP_height": {"0.1": 0, "0.2": 28.41923907878339, "0.4": 29.57779277700886, "0.8": 35.09466772488327}, "AP_width": {"0.1": 0, "0.2": 0.8000000000001819, "0.4": 0.9000000000002046, "0.8": 0.9000000000002046}, "AP_amplitude": {"0.1": 0, "0.2": 84.92786045353697, "0.4": 106.87095857308324, "0.8": 112.38783353771763}, "voltage_base": {"0.1": -77.29306421717311, "0.2": -77.29306421717311, "0.4": -77.29306421717311, "0.8": -77.29306421717311}}}}