{"BBP": {"L23_BP_bNAC219_1": {"mean_frequency": {"0.1": 81.7452357071769, "0.2": 124.21115897033386, "0.4": 169.7206368279916, "0.8": 240.33647105964664}, "ISI_CV": {"0.1": 0.04519995789099849, "0.2": 0.023418571492908793, "0.4": 0.011514472822075435, "0.8": 0.012517480472805601}, "time_to_first_spike": {"0.1": 3.1000000000913133, "0.2": 1.8000000000910177, "0.4": 1.1000000000908585, "0.8": 0.7000000000907676}, "time_to_second_spike": {"0.1": 12.400000000093428, "0.2": 8.900000000092632, "0.4": 6.8000000000921546, "0.8": 5.400000000091836}, "AP_height": {"0.1": 22.3987682055571, "0.2": 21.41849108787506, "0.4": 24.032825043858246, "0.8": 26.94006585808515}, "AP_width": {"0.1": 0.6000000000001364, "0.2": 0.6000000000001364, "0.4": 0.6000000000001364, "0.8": 0.7000000000001592}, "AP_amplitude": {"0.1": 78.77568542476226, "0.2": 93.11333344394282, "0.4": 95.72766739762935, "0.8": 98.63490820726308}, "voltage_base": {"0.1": -71.6946948445241, "0.2": -71.6946948445241, "0.4": -71.6946948445241, "0.8": -71.6946948445241}}}, "NetPyNE": {"L23_BP_bNAC219_1": {"mean_frequency": {"0.1": 81.28857443931459, "0.2": 123.3268160626496, "0.4": 168.15133620269665, "0.8": 237.14228537138396}, "ISI_CV": {"0.1": 0.04463894431215854, "0.2": 0.023029704803371305, "0.4": 0.010181854640358621, "0.8": 0.013620158760720445}, "time_to_first_spike": {"0.1": 3.200000000091336, "0.2": 1.8000000000910177, "0.4": 1.1000000000908585, "0.8": 0.7000000000907676}, "time_to_second_spike": {"0.1": 12.50000000009345, "0.2": 9.000000000092655, "0.4": 6.900000000092177, "0.8": 5.500000000091859}, "AP_height": {"0.1": 21.500787945403733, "0.2": 24.559855384963075, "0.4": 26.505119988603063, "0.8": 28.785916685826543}, "AP_width": {"0.1": 0.6000000000001364, "0.2": 0.6000000000001364, "0.4": 0.6000000000001364, "0.8": 0.7000000000001592}, "AP_amplitude": {"0.1": 76.79573905084048, "0.2": 96.25469750335749, "0.4": 98.19996208035224, "0.8": 100.48075883121331}, "voltage_base": {"0.1": -71.69469463954243, "0.2": -71.69469463954243, "0.4": -71.69469463954243, "0.8": -71.69469463954243}}}}