{"BBP": {"L23_LBC_bNAC219_3": {"mean_frequency": {"0.1": 51.292366489022044, "0.2": 91.8167678491417, "0.4": 134.15427741912308, "0.8": 195.5195519553285}, "ISI_CV": {"0.1": 0.045932702576846805, "0.2": 0.030813226400652607, "0.4": 0.01652817912362606, "0.8": 0.01726861370307488}, "time_to_first_spike": {"0.1": 6.8000000000921546, "0.2": 3.600000000091427, "0.4": 2.100000000091086, "0.8": 1.300000000090904}, "time_to_second_spike": {"0.1": 20.300000000095224, "0.2": 12.800000000093519, "0.4": 9.100000000092678, "0.8": 6.8000000000921546}, "AP_height": {"0.1": 11.980453269025304, "0.2": 13.736111186762875, "0.4": 17.86359833822011, "0.8": 20.95072236091843}, "AP_width": {"0.1": 0.7000000000001592, "0.2": 0.7000000000001592, "0.4": 0.6000000000001364, "0.8": 0.6000000000001364}, "AP_amplitude": {"0.1": 68.53252698487657, "0.2": 68.96607971394454, "0.4": 89.08911736151543, "0.8": 92.17624138237386}, "voltage_base": {"0.1": -71.22540351343393, "0.2": -71.22540351343393, "0.4": -71.22540351343393, "0.8": -71.22540351343393}}}, "NetPyNE": {"L23_LBC_bNAC219_3": {"mean_frequency": {"0.1": 51.05105105108576, "0.2": 91.31045554892818, "0.4": 133.19979969963987, "0.8": 194.5194519453268}, "ISI_CV": {"0.1": 0.045558602997257516, "0.2": 0.03019208146533198, "0.4": 0.016357430175690437, "0.8": 0.016561024174044727}, "time_to_first_spike": {"0.1": 6.900000000092177, "0.2": 3.600000000091427, "0.4": 2.100000000091086, "0.8": 1.300000000090904}, "time_to_second_spike": {"0.1": 20.400000000095247, "0.2": 12.900000000093542, "0.4": 9.2000000000927, "0.8": 6.900000000092177}, "AP_height": {"0.1": 11.367456511805644, "0.2": 15.021027663555406, "0.4": 17.499172007895822, "0.8": 20.77448039289867}, "AP_width": {"0.1": 0.7000000000001592, "0.2": 0.6000000000001364, "0.4": 0.7000000000001592, "0.8": 0.7000000000001592}, "AP_amplitude": {"0.1": 67.08896406504816, "0.2": 70.62142312006442, "0.4": 86.73832075668385, "0.8": 91.99999909881443}, "voltage_base": {"0.1": -71.22540319718966, "0.2": -71.22540319718966, "0.4": -71.22540319718966, "0.8": -71.22540319718966}}}}