{"BBP": {"L6_ChC_cNAC187_2": {"mean_frequency": {"0.1": 35.994930291532604, "0.2": 59.33822789906471, "0.4": 92.62040652854999, "0.8": 147.1103327496622}, "ISI_CV": {"0.1": 0.011857322239391725, "0.2": 0.00863788599341006, "0.4": 0.014992544831108505, "0.8": 0.05066260948703578}, "time_to_first_spike": {"0.1": 11.200000000093155, "0.2": 5.000000000091745, "0.4": 2.500000000091177, "0.8": 1.4000000000909267}, "time_to_second_spike": {"0.1": 37.40000000009911, "0.2": 19.80000000009511, "0.4": 11.600000000093246, "0.8": 8.000000000092427}, "AP_height": {"0.1": 11.435481818683193, "0.2": 15.423004551664734, "0.4": 19.86462149783781, "0.8": 19.713037121368163}, "AP_width": {"0.1": 0.7000000000001592, "0.2": 0.8000000000001819, "0.4": 0.7000000000001592, "0.8": 0.8000000000001819}, "AP_amplitude": {"0.1": 66.04812626173685, "0.2": 71.23636334322546, "0.4": 74.89853849265252, "0.8": 87.85681317186312}, "voltage_base": {"0.1": -68.14125687369092, "0.2": -68.14125687369092, "0.4": -68.14125687369092, "0.8": -68.14125687369092}}}, "NetPyNE": {"L6_ChC_cNAC187_2": {"mean_frequency": {"0.1": 35.864019801004254, "0.2": 59.11231339549153, "0.4": 92.2675759703766, "0.8": 147.51475147524783}, "ISI_CV": {"0.1": 0.011473475280254462, "0.2": 0.00866834062947085, "0.4": 0.015664423680734924, "0.8": 0.055505184110127205}, "time_to_first_spike": {"0.1": 11.300000000093178, "0.2": 5.100000000091768, "0.4": 2.6000000000911996, "0.8": 1.5000000000909495}, "time_to_second_spike": {"0.1": 37.60000000009916, "0.2": 20.000000000095156, "0.4": 11.800000000093291, "0.8": 8.10000000009245}, "AP_height": {"0.1": 11.628670390374033, "0.2": 14.449869490794716, "0.4": 18.126969558348698, "0.8": 22.485756057070656}, "AP_width": {"0.1": 0.7000000000001592, "0.2": 0.7000000000001592, "0.4": 0.8000000000001819, "0.8": 0.7000000000001592}, "AP_amplitude": {"0.1": 67.12497187952073, "0.2": 69.50937119886915, "0.4": 73.2970075077467, "0.8": 90.62952804904398}, "voltage_base": {"0.1": -68.14125281099182, "0.2": -68.14125281099182, "0.4": -68.14125281099182, "0.8": -68.14125281099182}}}}