{"BBP": {"L1_HAC_cIR216_2": {"mean_frequency": {"0.1": 16.74956857172994, "0.2": 29.235344523433305, "0.4": 69.7091273821938, "0.8": 139.7305554165321}, "ISI_CV": {"0.1": 0.40480048025812315, "0.2": 0.3668927113833261, "0.4": 0.12487931447439278, "0.8": 0.056900258639420116}, "time_to_first_spike": {"0.1": 10.500000000092996, "0.2": 5.200000000091791, "0.4": 2.7000000000912223, "0.8": 1.5000000000909495}, "time_to_second_spike": {"0.1": 26.100000000096543, "0.2": 15.40000000009411, "0.4": 10.30000000009295, "0.8": 7.500000000092314}, "AP_height": {"0.1": 27.226880722875652, "0.2": 29.974652555632122, "0.4": 31.014081683003074, "0.8": 35.82714531267203}, "AP_width": {"0.1": 0.8000000000001819, "0.2": 0.9000000000002046, "0.4": 0.9000000000002046, "0.8": 1.0000000000002274}, "AP_amplitude": {"0.1": 83.91806275011432, "0.2": 86.41795947607417, "0.4": 107.64072151671196, "0.8": 112.38874047930388}, "voltage_base": {"0.1": -76.61073474374844, "0.2": -76.61073474374844, "0.4": -76.61073474374844, "0.8": -76.61073474374844}}}, "NetPyNE": {"L1_HAC_cIR216_2": {"mean_frequency": {"0.1": 13.90390854318872, "0.2": 26.551775963146145, "0.4": 62.49055082401053, "0.8": 130.57834700829372}, "ISI_CV": {"0.1": 0.2400602560914216, "0.2": 0.19471348146483206, "0.4": 0.11009980072739947, "0.8": 0.0489802998705235}, "time_to_first_spike": {"0.1": 11.300000000093178, "0.2": 5.3000000000918135, "0.4": 2.900000000091268, "0.8": 1.6000000000909722}, "time_to_second_spike": {"0.1": 28.400000000097066, "0.2": 15.700000000094178, "0.4": 10.600000000093019, "0.8": 7.700000000092359}, "AP_height": {"0.1": 26.388596600080273, "0.2": 30.898988225259977, "0.4": 32.24305898701966, "0.8": 32.37391227031123}, "AP_width": {"0.1": 0.8000000000001819, "0.2": 0.9000000000002046, "0.4": 0.9000000000002046, "0.8": 1.0000000000002274}, "AP_amplitude": {"0.1": 83.16117404037631, "0.2": 86.96668419343936, "0.4": 110.34557508739888, "0.8": 110.47642834041508}, "voltage_base": {"0.1": -78.10232218228978, "0.2": -78.10232218228978, "0.4": -78.10232218228978, "0.8": -78.10232218228978}}}}