{"BBP": {"L4_BTC_bIR215_1": {"mean_frequency": {"0.1": 4.1816946317523165, "0.2": 10.951760104309818, "0.4": 16.37247377847101, "0.8": 22.869339838405466}, "ISI_CV": {"0.1": 0.2907384226902717, "0.2": 0.29393383107119875, "0.4": 0.3051274898756713, "0.8": 0.3079834077793762}, "time_to_first_spike": {"0.1": 19.40000000009502, "0.2": 5.90000000009195, "0.4": 2.400000000091154, "0.8": 1.300000000090904}, "time_to_second_spike": {"0.1": 86.80000000011034, "0.2": 29.30000000009727, "0.4": 17.20000000009452, "0.8": 10.800000000093064}, "AP_height": {"0.1": 20.749729789329773, "0.2": 25.648363275861136, "0.4": 29.082297277425564, "0.8": 31.202987806140765}, "AP_width": {"0.1": 0.5000000000001137, "0.2": 0.6000000000001364, "0.4": 0.6000000000001364, "0.8": 0.6000000000001364}, "AP_amplitude": {"0.1": 76.5213448106686, "0.2": 81.43482718654057, "0.4": 101.7511989903759, "0.8": 104.12705517248217}, "voltage_base": {"0.1": -72.83310667170318, "0.2": -72.83310667170318, "0.4": -72.83310667170318, "0.8": -72.83310667170318}}}, "NetPyNE": {"L4_BTC_bIR215_1": {"mean_frequency": {"0.1": 0, "0.2": 8.104548677950984, "0.4": 14.980112609132446, "0.8": 21.6493807270311}, "ISI_CV": {"0.1": 0, "0.2": 0.24021817262547684, "0.4": 0.28291559134888433, "0.8": 0.2856538350437859}, "time_to_first_spike": {"0.1": 0, "0.2": 7.100000000092223, "0.4": 2.900000000091268, "0.8": 1.5000000000909495}, "time_to_second_spike": {"0.1": 0, "0.2": 36.800000000098976, "0.4": 19.00000000009493, "0.8": 11.700000000093269}, "AP_height": {"0.1": 0, "0.2": 25.165023625278476, "0.4": 29.706111974983187, "0.8": 30.194556075053832}, "AP_width": {"0.1": 0, "0.2": 0.5000000000001137, "0.4": 0.6000000000001364, "0.8": 0.6000000000001364}, "AP_amplitude": {"0.1": 0, "0.2": 81.20631582779363, "0.4": 105.06689236898649, "0.8": 105.55533657959188}, "voltage_base": {"0.1": -75.3594210741258, "0.2": -75.3594210741258, "0.4": -75.3594210741258, "0.8": -75.3594210741258}}}}