{"BBP": {"L5_DBC_bNAC219_4": {"mean_frequency": {"0.1": 81.54484966737247, "0.2": 152.3427712353829, "0.4": 202.02020201923162, "0.8": 275.2293577958147}, "ISI_CV": {"0.1": 0.02767656381459029, "0.2": 0.021182413972976925, "0.4": 0.0908210544643272, "0.8": 0}, "time_to_first_spike": {"0.1": 11.600000000093246, "0.2": 4.8000000000917, "0.4": 2.3000000000911314, "0.8": 1.300000000090904}, "time_to_second_spike": {"0.1": 20.700000000095315, "0.2": 12.700000000093496, "0.4": 8.900000000092632, "0.8": 6.600000000092109}, "AP_height": {"0.1": 3.731056623767935, "0.2": 7.611364554687731, "0.4": 12.682304776973735, "0.8": 16.329817677136987}, "AP_width": {"0.1": 0.6000000000001364, "0.2": 0.6000000000001364, "0.4": 0.6000000000001364, "0.8": 0.6000000000001364}, "AP_amplitude": {"0.1": 59.62121503546805, "0.2": 63.79877315163067, "0.4": 80.17600560807338, "0.8": 83.82351850620539}, "voltage_base": {"0.1": -67.49361872063068, "0.2": -67.49361872063068, "0.4": -67.49361872063068, "0.8": -67.49361872063068}}}, "NetPyNE": {"L5_DBC_bNAC219_4": {"mean_frequency": {"0.1": 84.07566810134833, "0.2": 155.84285427952062, "0.4": 199.99999999904844, "0.8": 270.2702702680026}, "ISI_CV": {"0.1": 0.025392247541151533, "0.2": 0.02170111238098442, "0.4": 0.06487218176023372, "0.8": 0}, "time_to_first_spike": {"0.1": 11.800000000093291, "0.2": 5.000000000091745, "0.4": 2.400000000091154, "0.8": 1.4000000000909267}, "time_to_second_spike": {"0.1": 20.800000000095338, "0.2": 12.800000000093519, "0.4": 9.100000000092678, "0.8": 6.700000000092132}, "AP_height": {"0.1": 2.961002388519353, "0.2": 5.811244855839516, "0.4": 12.24542914841041, "0.8": 13.200855840511062}, "AP_width": {"0.1": 0.6000000000001364, "0.2": 0.6000000000001364, "0.4": 0.6000000000001364, "0.8": 0.7000000000001592}, "AP_amplitude": {"0.1": 58.76773522714617, "0.2": 61.54963443805118, "0.4": 79.73912988892616, "0.8": 80.69455669035335}, "voltage_base": {"0.1": -67.49361874085888, "0.2": -67.49361874085888, "0.4": -67.49361874085888, "0.8": -67.49361874085888}}}}