{"BBP": {"L5_NBC_bIR215_1": {"mean_frequency": {"0.1": 5.030687191873824, "0.2": 10.578812150528561, "0.4": 15.530361857441713, "0.8": 21.41873629457309}, "ISI_CV": {"0.1": 0.24478854743797224, "0.2": 0.29635019738359863, "0.4": 0.2919844920046319, "0.8": 0.2923774903113095}, "time_to_first_spike": {"0.1": 21.000000000095383, "0.2": 5.200000000091791, "0.4": 2.100000000091086, "0.8": 1.0000000000908358}, "time_to_second_spike": {"0.1": 90.40000000011116, "0.2": 31.600000000097793, "0.4": 17.700000000094633, "0.8": 10.900000000093087}, "AP_height": {"0.1": 24.870198350417358, "0.2": 27.38325002458106, "0.4": 32.7706711095379, "0.8": 34.873753586816385}, "AP_width": {"0.1": 0.6000000000001364, "0.2": 0.6000000000001364, "0.4": 0.7000000000001592, "0.8": 0.6000000000001364}, "AP_amplitude": {"0.1": 77.20559680200822, "0.2": 80.6471879954272, "0.4": 104.30011285438887, "0.8": 106.17642633386703}, "voltage_base": {"0.1": -71.37590610245324, "0.2": -71.37590610245324, "0.4": -71.37590610245324, "0.8": -71.37590610245324}}}, "NetPyNE": {"L5_NBC_bIR215_1": {"mean_frequency": {"0.1": 0, "0.2": 8.081896551729491, "0.4": 14.205986808736148, "0.8": 20.385281826535024}, "ISI_CV": {"0.1": 0, "0.2": 0.24739051920055016, "0.4": 0.26765399076977797, "0.8": 0.26948260187378187}, "time_to_first_spike": {"0.1": 0, "0.2": 7.300000000092268, "0.4": 2.6000000000911996, "0.8": 1.2000000000908813}, "time_to_second_spike": {"0.1": 0, "0.2": 39.20000000009952, "0.4": 20.000000000095156, "0.8": 12.000000000093337}, "AP_height": {"0.1": 0, "0.2": 29.232400071057633, "0.4": 31.580331136549756, "0.8": 32.27758803760444}, "AP_width": {"0.1": 0, "0.2": 0.6000000000001364, "0.4": 0.7000000000001592, "0.8": 0.6000000000001364}, "AP_amplitude": {"0.1": 0, "0.2": 82.10979412513305, "0.4": 106.01249180045124, "0.8": 106.70974889272804}, "voltage_base": {"0.1": -74.43111890064426, "0.2": -74.43111890064426, "0.4": -74.43111890064426, "0.8": -74.43111890064426}}}}