{"BBP": {"L23_ChC_cACint209_2": {"mean_frequency": {"0.1": 22.64606713302327, "0.2": 34.50375482040086, "0.4": 60.20469596632627, "0.8": 116.25576267797037}, "ISI_CV": {"0.1": 0.26293518792685416, "0.2": 0.2323757578697354, "0.4": 0.179010629849087, "0.8": 0.10963062802745484}, "time_to_first_spike": {"0.1": 10.800000000093064, "0.2": 5.100000000091768, "0.4": 2.6000000000911996, "0.8": 1.4000000000909267}, "time_to_second_spike": {"0.1": 28.000000000096975, "0.2": 16.200000000094292, "0.4": 10.600000000093019, "0.8": 7.6000000000923364}, "AP_height": {"0.1": 29.61962310518245, "0.2": 29.69205338049452, "0.4": 32.068036234379534, "0.8": 36.05087975873831}, "AP_width": {"0.1": 0.8000000000001819, "0.2": 0.9000000000002046, "0.4": 0.9000000000002046, "0.8": 0.9000000000002046}, "AP_amplitude": {"0.1": 84.8170043474667, "0.2": 84.41731890181347, "0.4": 87.01548677061419, "0.8": 107.68990440245199}, "voltage_base": {"0.1": -71.6383032559541, "0.2": -71.6383032559541, "0.4": -71.6383032559541, "0.8": -71.6383032559541}}}, "NetPyNE": {"L23_ChC_cACint209_2": {"mean_frequency": {"0.1": 22.580159566476276, "0.2": 34.437354400914636, "0.4": 60.17450606763691, "0.8": 116.11611611619506}, "ISI_CV": {"0.1": 0.26310617760707833, "0.2": 0.23231125782793588, "0.4": 0.17843999304869798, "0.8": 0.1075011069504216}, "time_to_first_spike": {"0.1": 10.900000000093087, "0.2": 5.200000000091791, "0.4": 2.6000000000911996, "0.8": 1.4000000000909267}, "time_to_second_spike": {"0.1": 28.20000000009702, "0.2": 16.300000000094315, "0.4": 10.800000000093064, "0.8": 7.700000000092359}, "AP_height": {"0.1": 29.16645196828281, "0.2": 31.451404583204265, "0.4": 33.576085493630586, "0.8": 33.74285117292576}, "AP_width": {"0.1": 0.8000000000001819, "0.2": 0.9000000000002046, "0.4": 0.9000000000002046, "0.8": 1.0000000000002274}, "AP_amplitude": {"0.1": 83.64587628518524, "0.2": 86.56612395943682, "0.4": 88.62942776851504, "0.8": 105.3818749530937}, "voltage_base": {"0.1": -71.63830239318611, "0.2": -71.63830239318611, "0.4": -71.63830239318611, "0.8": -71.63830239318611}}}}