{"BBP": {"L4_LBC_dSTUT214_4": {"mean_frequency": {"0.1": 0, "0.2": 0, "0.4": 16.226357689783306, "0.8": 81.14199849742555}, "ISI_CV": {"0.1": 0, "0.2": 0, "0.4": 0.5539761591062798, "0.8": 0.02305644521411881}, "time_to_first_spike": {"0.1": 0, "0.2": 0, "0.4": 11.200000000093155, "0.8": 3.0000000000912905}, "time_to_second_spike": {"0.1": 0, "0.2": 0, "0.4": 397.3000000000975, "0.8": 13.800000000093746}, "AP_height": {"0.1": 0, "0.2": 0, "0.4": 15.776038479216773, "0.8": 25.673910970535676}, "AP_width": {"0.1": 0, "0.2": 0, "0.4": 0.7000000000001592, "0.8": 0.8000000000001819}, "AP_amplitude": {"0.1": 0, "0.2": 0, "0.4": 69.15320738832939, "0.8": 101.6875455391932}, "voltage_base": {"0.1": -76.10853592041218, "0.2": -76.10853592041218, "0.4": -76.10853592041218, "0.8": -76.10853592041218}}}, "NetPyNE": {"L4_LBC_dSTUT214_4": {"mean_frequency": {"0.1": 0, "0.2": 0, "0.4": 18.202042673690155, "0.8": 81.10543706824377}, "ISI_CV": {"0.1": 0, "0.2": 0, "0.4": 0.1609822552722613, "0.8": 0.016407778828079617}, "time_to_first_spike": {"0.1": 0, "0.2": 0, "0.4": 9.700000000092814, "0.8": 3.200000000091336}, "time_to_second_spike": {"0.1": 0, "0.2": 0, "0.4": 694.699999999827, "0.8": 14.000000000093792}, "AP_height": {"0.1": 0, "0.2": 0, "0.4": 17.63372438164734, "0.8": 21.34311639933225}, "AP_width": {"0.1": 0, "0.2": 0, "0.4": 0.6000000000001364, "0.8": 0.8000000000001819}, "AP_amplitude": {"0.1": 0, "0.2": 0, "0.4": 70.99187063114466, "0.8": 97.54478568362342}, "voltage_base": {"0.1": -76.1994076643503, "0.2": -76.1994076643503, "0.4": -76.1994076643503, "0.8": -76.1994076643503}}}}