{"BBP": {"L5_TTPC2_cADpyr232_5": {"mean_frequency": {"0.1": 0, "0.2": 0, "0.4": 7.28597449909414, "0.8": 12.885933714765644}, "ISI_CV": {"0.1": 0, "0.2": 0, "0.4": 0.03864205711486169, "0.8": 0.11753709021400746}, "time_to_first_spike": {"0.1": 0, "0.2": 0, "0.4": 32.400000000097975, "0.8": 11.700000000093269}, "time_to_second_spike": {"0.1": 0, "0.2": 0, "0.4": 85.00000000010994, "0.8": 32.30000000009795}, "AP_height": {"0.1": 0, "0.2": 0, "0.4": 31.51189845434328, "0.8": 32.544457797021586}, "AP_width": {"0.1": 0, "0.2": 0, "0.4": 0.9000000000002046, "0.8": 0.8000000000001819}, "AP_amplitude": {"0.1": 0, "0.2": 0, "0.4": 85.20459918049369, "0.8": 86.268643829703}, "voltage_base": {"0.1": -70.64814077092606, "0.2": -70.64814077092606, "0.4": -70.64814077092606, "0.8": -70.64814077092606}}}, "NetPyNE": {"L5_TTPC2_cADpyr232_5": {"mean_frequency": {"0.1": 0, "0.2": 0, "0.4": 7.202757627210695, "0.8": 12.746647631681482}, "ISI_CV": {"0.1": 0, "0.2": 0, "0.4": 0.035808523147096843, "0.8": 0.11608749187374069}, "time_to_first_spike": {"0.1": 0, "0.2": 0, "0.4": 32.60000000009802, "0.8": 11.800000000093291}, "time_to_second_spike": {"0.1": 0, "0.2": 0, "0.4": 86.00000000011016, "0.8": 32.70000000009804}, "AP_height": {"0.1": 0, "0.2": 0, "0.4": 29.222164488698805, "0.8": 32.92427419674651}, "AP_width": {"0.1": 0, "0.2": 0, "0.4": 0.9000000000002046, "0.8": 0.9000000000002046}, "AP_amplitude": {"0.1": 0, "0.2": 0, "0.4": 82.82078552650735, "0.8": 86.21548301951108}, "voltage_base": {"0.1": -70.64814006029872, "0.2": -70.64814006029872, "0.4": -70.64814006029872, "0.8": -70.64814006029872}}}}