{"BBP": {"L5_NBC_bSTUT213_5": {"mean_frequency": {"0.1": 13.805092545259342, "0.2": 88.24709185726012, "0.4": 133.5400620186964, "0.8": 185.25936310847763}, "ISI_CV": {"0.1": 0.4540344884470063, "0.2": 0.04978974487541335, "0.4": 0.0248787251294093, "0.8": 0.012731456521695963}, "time_to_first_spike": {"0.1": 8.500000000092541, "0.2": 3.8000000000914724, "0.4": 2.100000000091086, "0.8": 1.2000000000908813}, "time_to_second_spike": {"0.1": 23.300000000095906, "0.2": 12.700000000093496, "0.4": 9.000000000092655, "0.8": 6.700000000092132}, "AP_height": {"0.1": 16.01436442612322, "0.2": 16.577049554239384, "0.4": 20.05661154257427, "0.8": 26.233521976608404}, "AP_width": {"0.1": 0.5000000000001137, "0.2": 0.6000000000001364, "0.4": 0.5000000000001137, "0.8": 0.6000000000001364}, "AP_amplitude": {"0.1": 73.07898036287769, "0.2": 72.43119907383903, "0.4": 94.05194551643781, "0.8": 100.36013108123241}, "voltage_base": {"0.1": -73.88019595849636, "0.2": -73.88019595849636, "0.4": -73.88019595849636, "0.8": -73.88019595849636}}}, "NetPyNE": {"L5_NBC_bSTUT213_5": {"mean_frequency": {"0.1": 8.646559178074103, "0.2": 82.9145728643779, "0.4": 129.66856913997, "0.8": 180.76210505244873}, "ISI_CV": {"0.1": 0.02839199001404243, "0.2": 0.04184711991381232, "0.4": 0.02533181373618431, "0.8": 0.01192040566025137}, "time_to_first_spike": {"0.1": 10.000000000092882, "0.2": 4.000000000091518, "0.4": 2.2000000000911086, "0.8": 1.300000000090904}, "time_to_second_spike": {"0.1": 26.100000000096543, "0.2": 13.400000000093655, "0.4": 9.300000000092723, "0.8": 6.900000000092177}, "AP_height": {"0.1": 14.64099046476075, "0.2": 16.4931963198961, "0.4": 22.229207837979448, "0.8": 24.538209220218324}, "AP_width": {"0.1": 0.5000000000001137, "0.2": 0.6000000000001364, "0.4": 0.6000000000001364, "0.8": 0.6000000000001364}, "AP_amplitude": {"0.1": 70.90589253648072, "0.2": 72.75954061290912, "0.4": 97.01966561123828, "0.8": 99.32866692909771}, "voltage_base": {"0.1": -74.7904064167531, "0.2": -74.7904064167531, "0.4": -74.7904064167531, "0.8": -74.7904064167531}}}}