{"BBP": {"L4_ChC_cNAC187_1": {"mean_frequency": {"0.1": 39.894960105066936, "0.2": 67.93136416247754, "0.4": 110.33099297901177, "0.8": 196.26168224277984}, "ISI_CV": {"0.1": 0.014006953499894132, "0.2": 0.026733034775511713, "0.4": 0.045576527885733034, "0.8": 0.11732201722645523}, "time_to_first_spike": {"0.1": 13.000000000093564, "0.2": 5.500000000091859, "0.4": 2.6000000000911996, "0.8": 1.4000000000909267}, "time_to_second_spike": {"0.1": 37.100000000099044, "0.2": 18.600000000094838, "0.4": 11.00000000009311, "0.8": 7.6000000000923364}, "AP_height": {"0.1": 7.791974101730667, "0.2": 13.001799772525153, "0.4": 15.686495582426762, "0.8": 20.294119620339185}, "AP_width": {"0.1": 0.7000000000001592, "0.2": 0.8000000000001819, "0.4": 0.8000000000001819, "0.8": 0.8000000000001819}, "AP_amplitude": {"0.1": 63.391834654017536, "0.2": 68.88543039772745, "0.4": 70.35704762471347, "0.8": 87.8350169449509}, "voltage_base": {"0.1": -67.53877146681181, "0.2": -67.53877146681181, "0.4": -67.53877146681181, "0.8": -67.53877146681181}}}, "NetPyNE": {"L4_ChC_cNAC187_1": {"mean_frequency": {"0.1": 39.846665994176114, "0.2": 67.88695564723506, "0.4": 110.52763190805216, "0.8": 196.0784313723211}, "ISI_CV": {"0.1": 0.014627091553518688, "0.2": 0.027829878886898154, "0.4": 0.047995370727954755, "0.8": 0.11409165971274564}, "time_to_first_spike": {"0.1": 13.20000000009361, "0.2": 5.600000000091882, "0.4": 2.6000000000911996, "0.8": 1.5000000000909495}, "time_to_second_spike": {"0.1": 37.30000000009909, "0.2": 18.800000000094883, "0.4": 11.100000000093132, "0.8": 7.800000000092382}, "AP_height": {"0.1": 8.214078125412685, "0.2": 12.606887301443185, "0.4": 15.12496583618214, "0.8": 19.60746020806724}, "AP_width": {"0.1": 0.7000000000001592, "0.2": 0.8000000000001819, "0.4": 0.8000000000001819, "0.8": 0.8000000000001819}, "AP_amplitude": {"0.1": 63.48704913026409, "0.2": 67.87459204438015, "0.4": 70.19007324056746, "0.8": 87.14835428214779}, "voltage_base": {"0.1": -67.5387682134698, "0.2": -67.5387682134698, "0.4": -67.5387682134698, "0.8": -67.5387682134698}}}}