{"BBP": {"L4_DBC_cACint209_4": {"mean_frequency": {"0.1": 23.128362411398875, "0.2": 35.06662659054582, "0.4": 60.529634300167146, "0.8": 113.34570439849217}, "ISI_CV": {"0.1": 0.27727835017784136, "0.2": 0.2443850881429747, "0.4": 0.20443900164827797, "0.8": 0.15429464299292792}, "time_to_first_spike": {"0.1": 7.700000000092359, "0.2": 3.1000000000913133, "0.4": 1.6000000000909722, "0.8": 0.900000000090813}, "time_to_second_spike": {"0.1": 20.10000000009518, "0.2": 12.10000000009336, "0.4": 8.600000000092564, "0.8": 6.500000000092086}, "AP_height": {"0.1": 36.79554717345938, "0.2": 38.733587798216014, "0.4": 40.215489985378234, "0.8": 42.40375316524594}, "AP_width": {"0.1": 0.8000000000001819, "0.2": 0.8000000000001819, "0.4": 0.9000000000002046, "0.8": 0.9000000000002046}, "AP_amplitude": {"0.1": 93.00019026900408, "0.2": 94.588354745754, "0.4": 111.9101355196363, "0.8": 114.09839869695449}, "voltage_base": {"0.1": -71.6940392316737, "0.2": -71.6940392316737, "0.4": -71.6940392316737, "0.8": -71.6940392316737}}}, "NetPyNE": {"L4_DBC_cACint209_4": {"mean_frequency": {"0.1": 23.00575143787511, "0.2": 34.97921524893375, "0.4": 60.322726587282695, "0.8": 112.94613724218303}, "ISI_CV": {"0.1": 0.2776007028825042, "0.2": 0.24664167373295004, "0.4": 0.20445308718864677, "0.8": 0.15293069188752034}, "time_to_first_spike": {"0.1": 7.800000000092382, "0.2": 3.200000000091336, "0.4": 1.6000000000909722, "0.8": 1.0000000000908358}, "time_to_second_spike": {"0.1": 20.300000000095224, "0.2": 12.300000000093405, "0.4": 8.700000000092587, "0.8": 6.600000000092109}, "AP_height": {"0.1": 33.780261748611416, "0.2": 37.12312869404243, "0.4": 36.2028502390234, "0.8": 38.691398826380315}, "AP_width": {"0.1": 0.8000000000001819, "0.2": 0.8000000000001819, "0.4": 0.8000000000001819, "0.8": 0.9000000000002046}, "AP_amplitude": {"0.1": 89.41758156126257, "0.2": 93.30615368095076, "0.4": 107.89749484636849, "0.8": 110.38604336745979}, "voltage_base": {"0.1": -71.69403823831465, "0.2": -71.69403823831465, "0.4": -71.69403823831465, "0.8": -71.69403823831465}}}}