{"BBP": {"L23_LBC_cACint209_3": {"mean_frequency": {"0.1": 25.23468254771066, "0.2": 40.11030333419622, "0.4": 73.09502353063945, "0.8": 146.6980423572819}, "ISI_CV": {"0.1": 0.2588894849958556, "0.2": 0.22541272108021232, "0.4": 0.1748910146911756, "0.8": 0.08135213954532795}, "time_to_first_spike": {"0.1": 7.500000000092314, "0.2": 3.8000000000914724, "0.4": 2.000000000091063, "0.8": 1.1000000000908585}, "time_to_second_spike": {"0.1": 21.700000000095542, "0.2": 13.500000000093678, "0.4": 9.300000000092723, "0.8": 6.8000000000921546}, "AP_height": {"0.1": 30.977363580830403, "0.2": 31.281255999970526, "0.4": 35.181788088190196, "0.8": 33.13655958982517}, "AP_width": {"0.1": 0.9000000000002046, "0.2": 0.9000000000002046, "0.4": 1.0000000000002274, "0.8": 0.9000000000002046}, "AP_amplitude": {"0.1": 86.81831216304028, "0.2": 86.66855729195682, "0.4": 107.07757094673809, "0.8": 105.03234244612776}, "voltage_base": {"0.1": -71.89504867077908, "0.2": -71.89504867077908, "0.4": -71.89504867077908, "0.8": -71.89504867077908}}}, "NetPyNE": {"L23_LBC_cACint209_3": {"mean_frequency": {"0.1": 25.255076270347452, "0.2": 40.150564617342205, "0.4": 73.21598716217802, "0.8": 146.358578517467}, "ISI_CV": {"0.1": 0.2588131109527505, "0.2": 0.22537103757377805, "0.4": 0.17363105138617033, "0.8": 0.07984275275623835}, "time_to_first_spike": {"0.1": 7.6000000000923364, "0.2": 3.900000000091495, "0.4": 2.100000000091086, "0.8": 1.2000000000908813}, "time_to_second_spike": {"0.1": 21.800000000095565, "0.2": 13.700000000093723, "0.4": 9.400000000092746, "0.8": 6.900000000092177}, "AP_height": {"0.1": 30.50732641028904, "0.2": 29.57053864763123, "0.4": 34.48566444553264, "0.8": 36.72473424129975}, "AP_width": {"0.1": 0.9000000000002046, "0.2": 0.9000000000002046, "0.4": 0.9000000000002046, "0.8": 1.0000000000002274}, "AP_amplitude": {"0.1": 85.32576599169963, "0.2": 85.14841565081807, "0.4": 106.38144621319722, "0.8": 108.620515971169}, "voltage_base": {"0.1": -71.89504754476013, "0.2": -71.89504754476013, "0.4": -71.89504754476013, "0.8": -71.89504754476013}}}}