{"BBP": {"L5_MC_bIR215_5": {"mean_frequency": {"0.1": 2.745141100254358, "0.2": 10.930099411863885, "0.4": 16.722408026767173, "0.8": 23.855446147615368}, "ISI_CV": {"0.1": 0.20758680108035418, "0.2": 0.3212233811599715, "0.4": 0.3026010917459371, "0.8": 0.32101748948946596}, "time_to_first_spike": {"0.1": 27.200000000096793, "0.2": 6.400000000092064, "0.4": 2.7000000000912223, "0.8": 1.4000000000909267}, "time_to_second_spike": {"0.1": 290.00000000015655, "0.2": 31.80000000009784, "0.4": 17.800000000094656, "0.8": 11.200000000093155}, "AP_height": {"0.1": 16.467571249714872, "0.2": 22.391117770852908, "0.4": 24.622674598385085, "0.8": 30.54938209573216}, "AP_width": {"0.1": 0.5000000000001137, "0.2": 0.5000000000001137, "0.4": 0.5000000000001137, "0.8": 0.6000000000001364}, "AP_amplitude": {"0.1": 71.90431780657886, "0.2": 79.01725262504502, "0.4": 97.58656098284686, "0.8": 103.65177505817189}, "voltage_base": {"0.1": -73.10805057214297, "0.2": -73.10805057214297, "0.4": -73.10805057214297, "0.8": -73.10805057214297}}}, "NetPyNE": {"L5_MC_bIR215_5": {"mean_frequency": {"0.1": 0, "0.2": 8.055421298539255, "0.4": 15.342914130834268, "0.8": 23.049736208590048}, "ISI_CV": {"0.1": 0, "0.2": 0.2515537554906875, "0.4": 0.28364412730247945, "0.8": 0.271694604592249}, "time_to_first_spike": {"0.1": 0, "0.2": 8.000000000092427, "0.4": 3.200000000091336, "0.8": 1.6000000000909722}, "time_to_second_spike": {"0.1": 0, "0.2": 38.90000000009945, "0.4": 19.700000000095088, "0.8": 12.000000000093337}, "AP_height": {"0.1": 0, "0.2": 18.688363562963517, "0.4": 28.08869449966319, "0.8": 30.798245738302743}, "AP_width": {"0.1": 0, "0.2": 0.6000000000001364, "0.4": 0.6000000000001364, "0.8": 0.6000000000001364}, "AP_amplitude": {"0.1": 0, "0.2": 75.32183804759342, "0.4": 103.41663965022504, "0.8": 106.12619086407263}, "voltage_base": {"0.1": -75.32664288977121, "0.2": -75.32664288977121, "0.4": -75.32664288977121, "0.8": -75.32664288977121}}}}