{"BBP": {"L5_NBC_dSTUT214_5": {"mean_frequency": {"0.1": 0, "0.2": 0.7158708568978317, "0.4": 62.500000000042505, "0.8": 100.29084344606152}, "ISI_CV": {"0.1": 0, "0.2": 0, "0.4": 0.033491948130883624, "0.8": 0.020539237603451325}, "time_to_first_spike": {"0.1": 0, "0.2": 1396.8999999991884, "0.4": 3.8000000000914724, "0.8": 1.700000000090995}, "time_to_second_spike": {"0.1": 0, "0.2": 0, "0.4": 17.800000000094656, "0.8": 10.100000000092905}, "AP_height": {"0.1": 0, "0.2": 26.28674778521647, "0.4": 31.555487845847704, "0.8": 33.72073632672878}, "AP_width": {"0.1": 0, "0.2": 0.6999999999993634, "0.4": 0.8000000000001819, "0.8": 0.8000000000001819}, "AP_amplitude": {"0.1": 0, "0.2": 81.16091783634216, "0.4": 87.21270827088715, "0.8": 109.70537281880844}, "voltage_base": {"0.1": -76.1297967306805, "0.2": -76.1297967306805, "0.4": -76.1297967306805, "0.8": -76.1297967306805}}}, "NetPyNE": {"L5_NBC_dSTUT214_5": {"mean_frequency": {"0.1": 0, "0.2": 1.5421785842810984, "0.4": 63.509526429007536, "0.8": 100.5025125628823}, "ISI_CV": {"0.1": 0, "0.2": 0, "0.4": 0.016699102780991047, "0.8": 0.01704031450946283}, "time_to_first_spike": {"0.1": 0, "0.2": 1778.5999999988412, "0.4": 3.900000000091495, "0.8": 1.700000000090995}, "time_to_second_spike": {"0.1": 0, "0.2": 1863.7999999987637, "0.4": 18.0000000000947, "0.8": 10.200000000092928}, "AP_height": {"0.1": 0, "0.2": 24.676510013125483, "0.4": 31.6560155917013, "0.8": 33.78359429571541}, "AP_width": {"0.1": 0, "0.2": 0.5999999999994543, "0.4": 0.8000000000001819, "0.8": 0.9000000000002046}, "AP_amplitude": {"0.1": 0, "0.2": 79.05843827928193, "0.4": 86.64955128294645, "0.8": 109.55719108451035}, "voltage_base": {"0.1": -75.77145496182476, "0.2": -75.77145496182476, "0.4": -75.77145496182476, "0.8": -75.77145496182476}}}}