{"BBP": {"L23_BP_bNAC219_5": {"mean_frequency": {"0.1": 83.68410503112521, "0.2": 126.03781134348873, "0.4": 170.875927039603, "0.8": 239.1913530826286}, "ISI_CV": {"0.1": 0.051980267989313066, "0.2": 0.025327207328280657, "0.4": 0.011253840200425956, "0.8": 0.009548682366850575}, "time_to_first_spike": {"0.1": 3.0000000000912905, "0.2": 1.700000000090995, "0.4": 1.1000000000908585, "0.8": 0.7000000000907676}, "time_to_second_spike": {"0.1": 12.000000000093337, "0.2": 8.80000000009261, "0.4": 6.8000000000921546, "0.8": 5.400000000091836}, "AP_height": {"0.1": 19.862859439712963, "0.2": 25.35992511232421, "0.4": 21.724704412527945, "0.8": 26.603127437846616}, "AP_width": {"0.1": 0.6000000000001364, "0.2": 0.6000000000001364, "0.4": 0.6000000000001364, "0.8": 0.7000000000001592}, "AP_amplitude": {"0.1": 75.50248355556556, "0.2": 97.18652928413728, "0.4": 93.55130858205514, "0.8": 98.42973160280224}, "voltage_base": {"0.1": -71.82645483410035, "0.2": -71.82645483410035, "0.4": -71.82645483410035, "0.8": -71.82645483410035}}}, "NetPyNE": {"L23_BP_bNAC219_5": {"mean_frequency": {"0.1": 83.22053441625948, "0.2": 125.11886291985884, "0.4": 169.2793108630389, "0.8": 236.12987142944667}, "ISI_CV": {"0.1": 0.05132834428981832, "0.2": 0.024847384328536653, "0.4": 0.011947500616510641, "0.8": 0.013507323850418237}, "time_to_first_spike": {"0.1": 3.0000000000912905, "0.2": 1.8000000000910177, "0.4": 1.1000000000908585, "0.8": 0.7000000000907676}, "time_to_second_spike": {"0.1": 12.10000000009336, "0.2": 8.900000000092632, "0.4": 6.900000000092177, "0.8": 5.500000000091859}, "AP_height": {"0.1": 22.790075418456677, "0.2": 20.617603275344383, "0.4": 26.512380279677966, "0.8": 29.16309710141526}, "AP_width": {"0.1": 0.6000000000001364, "0.2": 0.7000000000001592, "0.4": 0.6000000000001364, "0.8": 0.7000000000001592}, "AP_amplitude": {"0.1": 78.53793461550706, "0.2": 92.44420719275767, "0.4": 98.33898420804081, "0.8": 100.9897010231761}, "voltage_base": {"0.1": -71.82645458971052, "0.2": -71.82645458971052, "0.4": -71.82645458971052, "0.8": -71.82645458971052}}}}