{"BBP": {"L1_NGC-DA_cNAC187_5": {"mean_frequency": {"0.1": 40.52026013009259, "0.2": 62.14915797919219, "0.4": 92.24444778669726, "0.8": 136.4092276831418}, "ISI_CV": {"0.1": 0.04615046796928394, "0.2": 0.03631464343475804, "0.4": 0.018351667650452003, "0.8": 0.023866921005620538}, "time_to_first_spike": {"0.1": 7.400000000092291, "0.2": 4.000000000091518, "0.4": 2.400000000091154, "0.8": 1.5000000000909495}, "time_to_second_spike": {"0.1": 29.30000000009727, "0.2": 17.60000000009461, "0.4": 11.500000000093223, "0.8": 8.200000000092473}, "AP_height": {"0.1": 12.293580059057685, "0.2": 16.36194171301028, "0.4": 19.188825375821754, "0.8": 23.428414373191565}, "AP_width": {"0.1": 0.7000000000001592, "0.2": 0.8000000000001819, "0.4": 0.8000000000001819, "0.8": 0.7000000000001592}, "AP_amplitude": {"0.1": 69.11431090324348, "0.2": 72.14106278098657, "0.4": 74.02462157039105, "0.8": 92.51376277589037}, "voltage_base": {"0.1": -69.08218970442776, "0.2": -69.08218970442776, "0.4": -69.08218970442776, "0.8": -69.08218970442776}}}, "NetPyNE": {"L1_NGC-DA_cNAC187_5": {"mean_frequency": {"0.1": 40.357160873759895, "0.2": 61.85878092943245, "0.4": 91.76152033301125, "0.8": 135.72394450853116}, "ISI_CV": {"0.1": 0.04577294999375974, "0.2": 0.035665582776206094, "0.4": 0.017598621366406213, "0.8": 0.024739093299182918}, "time_to_first_spike": {"0.1": 7.400000000092291, "0.2": 4.000000000091518, "0.4": 2.400000000091154, "0.8": 1.5000000000909495}, "time_to_second_spike": {"0.1": 29.500000000097316, "0.2": 17.800000000094656, "0.4": 11.600000000093246, "0.8": 8.300000000092496}, "AP_height": {"0.1": 11.55469155448438, "0.2": 15.751349669741288, "0.4": 20.042687007613125, "0.8": 21.760819349533975}, "AP_width": {"0.1": 0.7000000000001592, "0.2": 0.7000000000001592, "0.4": 0.7000000000001592, "0.8": 0.8000000000001819}, "AP_amplitude": {"0.1": 67.73003531275714, "0.2": 71.80145975453783, "0.4": 74.93035710554216, "0.8": 90.84616236372194}, "voltage_base": {"0.1": -69.08218430953089, "0.2": -69.08218430953089, "0.4": -69.08218430953089, "0.8": -69.08218430953089}}}}