{"BBP": {"L23_NBC_cACint209_1": {"mean_frequency": {"0.1": 21.2089077412657, "0.2": 33.71917463515121, "0.4": 56.8582067022626, "0.8": 100.37137408417938}, "ISI_CV": {"0.1": 0.26487408641046084, "0.2": 0.23291364655962213, "0.4": 0.1927534730516977, "0.8": 0.1467895595824738}, "time_to_first_spike": {"0.1": 17.400000000094565, "0.2": 7.6000000000923364, "0.4": 3.600000000091427, "0.8": 1.9000000000910404}, "time_to_second_spike": {"0.1": 37.00000000009902, "0.2": 19.600000000095065, "0.4": 12.400000000093428, "0.8": 8.700000000092587}, "AP_height": {"0.1": 24.745836804700463, "0.2": 25.94410483062811, "0.4": 29.988865877069102, "0.8": 34.45290076530277}, "AP_width": {"0.1": 0.9000000000002046, "0.2": 0.9000000000002046, "0.4": 0.8000000000001819, "0.8": 0.9000000000002046}, "AP_amplitude": {"0.1": 79.42824980041624, "0.2": 81.364250244686, "0.4": 84.7453447624428, "0.8": 105.14282205762281}, "voltage_base": {"0.1": -70.68934863260375, "0.2": -70.68934863260375, "0.4": -70.68934863260375, "0.8": -70.68934863260375}}}, "NetPyNE": {"L23_NBC_cACint209_1": {"mean_frequency": {"0.1": 21.15869017633677, "0.2": 33.70390864733914, "0.4": 56.952774557772614, "0.8": 100.54021608650294}, "ISI_CV": {"0.1": 0.26484422816155817, "0.2": 0.23288125204032767, "0.4": 0.19202841127038323, "0.8": 0.14431891470906633}, "time_to_first_spike": {"0.1": 17.500000000094587, "0.2": 7.700000000092359, "0.4": 3.7000000000914497, "0.8": 2.000000000091063}, "time_to_second_spike": {"0.1": 37.20000000009907, "0.2": 19.700000000095088, "0.4": 12.50000000009345, "0.8": 8.80000000009261}, "AP_height": {"0.1": 26.086835559648488, "0.2": 26.931656062118577, "0.4": 28.750527372770083, "0.8": 33.69989387166405}, "AP_width": {"0.1": 0.8000000000001819, "0.2": 0.9000000000002046, "0.4": 0.9000000000002046, "0.8": 0.9000000000002046}, "AP_amplitude": {"0.1": 80.58767980284695, "0.2": 81.77050051131988, "0.4": 83.98899007548243, "0.8": 104.3898145467156}, "voltage_base": {"0.1": -70.68934801273487, "0.2": -70.68934801273487, "0.4": -70.68934801273487, "0.8": -70.68934801273487}}}}