{"BBP": {"L4_BP_bNAC219_1": {"mean_frequency": {"0.1": 112.51687753170626, "0.2": 154.47113696785658, "0.4": 206.85164780140275, "0.8": 272.40861291956423}, "ISI_CV": {"0.1": 0.050913480845757746, "0.2": 0.02283343180681869, "0.4": 0.011497700259179915, "0.8": 0.011626386648877819}, "time_to_first_spike": {"0.1": 1.6000000000909722, "0.2": 1.0000000000908358, "0.4": 0.7000000000907676, "0.8": 0.40000000009069936}, "time_to_second_spike": {"0.1": 9.000000000092655, "0.2": 7.2000000000922455, "0.4": 5.800000000091927, "0.8": 4.600000000091654}, "AP_height": {"0.1": 28.42102595657012, "0.2": 29.82010481236558, "0.4": 26.549169039276837, "0.8": 34.20280452574509}, "AP_width": {"0.1": 0.6000000000001364, "0.2": 0.6000000000001364, "0.4": 0.6000000000001364, "0.8": 0.7000000000001592}, "AP_amplitude": {"0.1": 98.19558847196518, "0.2": 99.59466732578856, "0.4": 96.32373154875583, "0.8": 103.97736702733712}, "voltage_base": {"0.1": -69.7744495432187, "0.2": -69.7744495432187, "0.4": -69.7744495432187, "0.8": -69.7744495432187}}}, "NetPyNE": {"L4_BP_bNAC219_1": {"mean_frequency": {"0.1": 111.68427906052565, "0.2": 153.00765038262318, "0.4": 204.47028164792886, "0.8": 267.4011016526605}, "ISI_CV": {"0.1": 0.0504051175610742, "0.2": 0.02233435042072853, "0.4": 0.011635047192938288, "0.8": 0.01359457757307591}, "time_to_first_spike": {"0.1": 1.6000000000909722, "0.2": 1.1000000000908585, "0.4": 0.7000000000907676, "0.8": 0.40000000009069936}, "time_to_second_spike": {"0.1": 9.100000000092678, "0.2": 7.300000000092268, "0.4": 5.90000000009195, "0.8": 4.700000000091677}, "AP_height": {"0.1": 25.08283414952728, "0.2": 23.929688556134565, "0.4": 30.991690053817617, "0.8": 30.08828765274349}, "AP_width": {"0.1": 0.6000000000001364, "0.2": 0.5000000000001137, "0.4": 0.6000000000001364, "0.8": 0.6000000000001364}, "AP_amplitude": {"0.1": 94.85739648927205, "0.2": 93.70425087217761, "0.4": 100.76625247282098, "0.8": 99.8628500217633}, "voltage_base": {"0.1": -69.77444940970935, "0.2": -69.77444940970935, "0.4": -69.77444940970935, "0.8": -69.77444940970935}}}}