{"BBP": {"L4_ChC_cACint209_3": {"mean_frequency": {"0.1": 26.09655726188664, "0.2": 41.26201378757895, "0.4": 72.37635705674394, "0.8": 139.8215896563043}, "ISI_CV": {"0.1": 0.24142349698431123, "0.2": 0.2220012636861426, "0.4": 0.172926497459372, "0.8": 0.10287486888222556}, "time_to_first_spike": {"0.1": 11.800000000093291, "0.2": 5.600000000091882, "0.4": 2.800000000091245, "0.8": 1.6000000000909722}, "time_to_second_spike": {"0.1": 28.000000000096975, "0.2": 16.300000000094315, "0.4": 10.800000000093064, "0.8": 7.6000000000923364}, "AP_height": {"0.1": 23.99411427040021, "0.2": 28.415585955606094, "0.4": 31.98603576817219, "0.8": 30.880638567802077}, "AP_width": {"0.1": 0.9000000000002046, "0.2": 0.8000000000001819, "0.4": 0.9000000000002046, "0.8": 1.0000000000002274}, "AP_amplitude": {"0.1": 79.35058255108525, "0.2": 83.60621436104869, "0.4": 86.54748469015776, "0.8": 101.73691733972004}, "voltage_base": {"0.1": -70.8556467964799, "0.2": -70.8556467964799, "0.4": -70.8556467964799, "0.8": -70.8556467964799}}}, "NetPyNE": {"L4_ChC_cACint209_3": {"mean_frequency": {"0.1": 26.07431178861522, "0.2": 41.25371031848652, "0.4": 72.53677211369015, "0.8": 140.4353495838049}, "ISI_CV": {"0.1": 0.2413019174033005, "0.2": 0.22209069277790233, "0.4": 0.17151452303273307, "0.8": 0.10144810513599574}, "time_to_first_spike": {"0.1": 11.900000000093314, "0.2": 5.700000000091904, "0.4": 2.900000000091268, "0.8": 1.6000000000909722}, "time_to_second_spike": {"0.1": 28.20000000009702, "0.2": 16.50000000009436, "0.4": 10.900000000093087, "0.8": 7.700000000092359}, "AP_height": {"0.1": 25.780326262032965, "0.2": 28.342835662762933, "0.4": 31.772177133551338, "0.8": 34.055880811408755}, "AP_width": {"0.1": 0.9000000000002046, "0.2": 0.9000000000002046, "0.4": 0.9000000000002046, "0.8": 0.9000000000002046}, "AP_amplitude": {"0.1": 80.79256857416897, "0.2": 83.96267165340643, "0.4": 86.65146418422123, "0.8": 104.91215865905035}, "voltage_base": {"0.1": -70.8556458656555, "0.2": -70.8556458656555, "0.4": -70.8556458656555, "0.8": -70.8556458656555}}}}