{"BBP": {"L6_NBC_bAC217_2": {"mean_frequency": {"0.1": 4.155628279053228, "0.2": 9.64173348219469, "0.4": 14.387749858701437, "0.8": 23.909145248057268}, "ISI_CV": {"0.1": 0.03083034885864913, "0.2": 0.28617824487953925, "0.4": 0.2808816359931838, "0.8": 0.750981509210471}, "time_to_first_spike": {"0.1": 19.300000000094997, "0.2": 7.100000000092223, "0.4": 3.4000000000913815, "0.8": 1.9000000000910404}, "time_to_second_spike": {"0.1": 74.3000000001075, "0.2": 32.60000000009802, "0.4": 19.700000000095088, "0.8": 12.700000000093496}, "AP_height": {"0.1": 11.018337295329571, "0.2": 20.15711625103641, "0.4": 21.701545593821372, "0.8": 24.868507200007468}, "AP_width": {"0.1": 0.6000000000001364, "0.2": 0.5000000000001137, "0.4": 0.6000000000001364, "0.8": 0.6000000000001364}, "AP_amplitude": {"0.1": 67.95732030313766, "0.2": 76.63422800107982, "0.4": 76.54694856051977, "0.8": 97.19316034024826}, "voltage_base": {"0.1": -72.32155350471136, "0.2": -72.32155350471136, "0.4": -72.32155350471136, "0.8": -72.32155350471136}}}, "NetPyNE": {"L6_NBC_bAC217_2": {"mean_frequency": {"0.1": 4.093327875565595, "0.2": 9.56937799043699, "0.4": 15.005691814146482, "0.8": 28.81844380401967}, "ISI_CV": {"0.1": 0.025298759434926467, "0.2": 0.2946425145784101, "0.4": 0.2855281292532141, "0.8": 1.061702304192765}, "time_to_first_spike": {"0.1": 19.40000000009502, "0.2": 7.2000000000922455, "0.4": 3.500000000091404, "0.8": 1.9000000000910404}, "time_to_second_spike": {"0.1": 75.10000000010768, "0.2": 32.90000000009809, "0.4": 19.900000000095133, "0.8": 12.900000000093542}, "AP_height": {"0.1": 12.813280951902598, "0.2": 20.290511502618983, "0.4": 24.49905322854303, "0.8": 28.223475271072452}, "AP_width": {"0.1": 0.5000000000001137, "0.2": 0.5000000000001137, "0.4": 0.6000000000001364, "0.8": 0.6000000000001364}, "AP_amplitude": {"0.1": 68.9642177604387, "0.2": 76.28188996729855, "0.4": 79.72273587219073, "0.8": 100.54812353559467}, "voltage_base": {"0.1": -72.3215486109628, "0.2": -72.3215486109628, "0.4": -72.3215486109628, "0.8": -72.3215486109628}}}}