{"BBP": {"L4_DBC_bNAC219_1": {"mean_frequency": {"0.1": 46.32660254799457, "0.2": 103.99397136404951, "0.4": 151.47715303215386, "0.8": 233.10489720390018}, "ISI_CV": {"0.1": 0.07823175991311715, "0.2": 0.018198156053074604, "0.4": 0.011857917488214288, "0.8": 0.01916946107628552}, "time_to_first_spike": {"0.1": 7.500000000092314, "0.2": 2.800000000091245, "0.4": 1.5000000000909495, "0.8": 0.900000000090813}, "time_to_second_spike": {"0.1": 19.500000000095042, "0.2": 11.300000000093178, "0.4": 8.10000000009245, "0.8": 6.200000000092018}, "AP_height": {"0.1": 15.29178581197401, "0.2": 16.11867009541076, "0.4": 22.501192586936366, "0.8": 24.47656605875246}, "AP_width": {"0.1": 0.5000000000001137, "0.2": 0.6000000000001364, "0.4": 0.6000000000001364, "0.8": 0.6000000000001364}, "AP_amplitude": {"0.1": 72.12935788160281, "0.2": 72.7856232159595, "0.4": 90.60259278629701, "0.8": 92.57796625545609}, "voltage_base": {"0.1": -68.10131520662426, "0.2": -68.10131520662426, "0.4": -68.10131520662426, "0.8": -68.10131520662426}}}, "NetPyNE": {"L4_DBC_bNAC219_1": {"mean_frequency": {"0.1": 46.29862613862535, "0.2": 103.38251530670476, "0.4": 150.21029441227915, "0.8": 230.61530765398373}, "ISI_CV": {"0.1": 0.07757960500035906, "0.2": 0.018289580278905218, "0.4": 0.011570158532168088, "0.8": 0.018991662881364745}, "time_to_first_spike": {"0.1": 7.6000000000923364, "0.2": 2.900000000091268, "0.4": 1.6000000000909722, "0.8": 1.0000000000908358}, "time_to_second_spike": {"0.1": 19.600000000095065, "0.2": 11.500000000093223, "0.4": 8.300000000092496, "0.8": 6.300000000092041}, "AP_height": {"0.1": 14.281763405023955, "0.2": 17.999542698392887, "0.4": 20.403669903505975, "0.8": 21.82822463160065}, "AP_width": {"0.1": 0.5000000000001137, "0.2": 0.6000000000001364, "0.4": 0.5000000000001137, "0.8": 0.6000000000001364}, "AP_amplitude": {"0.1": 70.54217117539496, "0.2": 73.68368668873573, "0.4": 88.50507015264458, "0.8": 89.92962462733323}, "voltage_base": {"0.1": -68.10131500514161, "0.2": -68.10131500514161, "0.4": -68.10131500514161, "0.8": -68.10131500514161}}}}