{"BBP": {"L5_SBC_bNAC219_3": {"mean_frequency": {"0.1": 20.910899168678377, "0.2": 66.50544135433773, "0.4": 110.93820591343311, "0.8": 159.0318063613804}, "ISI_CV": {"0.1": 0.1755601802505151, "0.2": 0.033297345425293334, "0.4": 0.023537298774078484, "0.8": 0.013922748161213081}, "time_to_first_spike": {"0.1": 14.900000000093996, "0.2": 5.800000000091927, "0.4": 2.7000000000912223, "0.8": 1.4000000000909267}, "time_to_second_spike": {"0.1": 35.700000000098726, "0.2": 17.300000000094542, "0.4": 10.700000000093041, "0.8": 7.700000000092359}, "AP_height": {"0.1": 12.433726548235233, "0.2": 17.407998421435266, "0.4": 19.9294895479854, "0.8": 19.558636502038834}, "AP_width": {"0.1": 0.6000000000001364, "0.2": 0.6000000000001364, "0.4": 0.6000000000001364, "0.8": 0.7000000000001592}, "AP_amplitude": {"0.1": 67.49988556075549, "0.2": 72.20856010270066, "0.4": 74.81246788606283, "0.8": 90.181686225914}, "voltage_base": {"0.1": -70.62294178108458, "0.2": -70.62294178108458, "0.4": -70.62294178108458, "0.8": -70.62294178108458}}}, "NetPyNE": {"L5_SBC_bNAC219_3": {"mean_frequency": {"0.1": 20.814295867614852, "0.2": 66.15878107462395, "0.4": 110.14870074608199, "0.8": 157.61821366035235}, "ISI_CV": {"0.1": 0.1754622467705628, "0.2": 0.033169660321199584, "0.4": 0.023021767212029264, "0.8": 0.013472701576362517}, "time_to_first_spike": {"0.1": 15.000000000094019, "0.2": 5.90000000009195, "0.4": 2.800000000091245, "0.8": 1.5000000000909495}, "time_to_second_spike": {"0.1": 36.000000000098794, "0.2": 17.500000000094587, "0.4": 10.900000000093087, "0.8": 7.800000000092382}, "AP_height": {"0.1": 12.790787177708776, "0.2": 17.082114012295296, "0.4": 17.524538879031148, "0.8": 23.56125147088992}, "AP_width": {"0.1": 0.6000000000001364, "0.2": 0.6000000000001364, "0.4": 0.6000000000001364, "0.8": 0.6000000000001364}, "AP_amplitude": {"0.1": 67.55582500875043, "0.2": 72.67628689016665, "0.4": 72.61901130230446, "0.8": 94.18430104988249}, "voltage_base": {"0.1": -70.62294163556908, "0.2": -70.62294163556908, "0.4": -70.62294163556908, "0.8": -70.62294163556908}}}}