{"BBP": {"L5_BTC_cNAC187_2": {"mean_frequency": {"0.1": 31.910044066272935, "0.2": 57.29219016990521, "0.4": 95.21900370859433, "0.8": 203.20320320334136}, "ISI_CV": {"0.1": 0.010566282079784472, "0.2": 0.02398032551053283, "0.4": 0.035832796017635074, "0.8": 0.22167915296400953}, "time_to_first_spike": {"0.1": 17.60000000009461, "0.2": 7.100000000092223, "0.4": 2.800000000091245, "0.8": 1.4000000000909267}, "time_to_second_spike": {"0.1": 48.30000000010159, "0.2": 22.500000000095724, "0.4": 11.800000000093291, "0.8": 7.800000000092382}, "AP_height": {"0.1": 14.131021395015006, "0.2": 16.359414335618798, "0.4": 21.139328445218606, "0.8": 21.441417962391043}, "AP_width": {"0.1": 0.6000000000001364, "0.2": 0.7000000000001592, "0.4": 0.7000000000001592, "0.8": 0.7000000000001592}, "AP_amplitude": {"0.1": 68.92600278040604, "0.2": 72.15210351125522, "0.4": 77.16715091829732, "0.8": 89.14867165031718}, "voltage_base": {"0.1": -67.70501137136117, "0.2": -67.70501137136117, "0.4": -67.70501137136117, "0.8": -67.70501137136117}}}, "NetPyNE": {"L5_BTC_cNAC187_2": {"mean_frequency": {"0.1": 31.839086268783895, "0.2": 57.20020070249746, "0.4": 95.14747859188199, "0.8": 208.02080208034948}, "ISI_CV": {"0.1": 0.011075452799419032, "0.2": 0.02492582526803361, "0.4": 0.03725620861781421, "0.8": 0.22535605669439246}, "time_to_first_spike": {"0.1": 17.800000000094656, "0.2": 7.2000000000922455, "0.4": 2.900000000091268, "0.8": 1.4000000000909267}, "time_to_second_spike": {"0.1": 48.500000000101636, "0.2": 22.70000000009577, "0.4": 11.900000000093314, "0.8": 8.000000000092427}, "AP_height": {"0.1": 10.964885147014314, "0.2": 14.904477247638551, "0.4": 20.161131388963046, "0.8": 23.545729997269635}, "AP_width": {"0.1": 0.7000000000001592, "0.2": 0.7000000000001592, "0.4": 0.7000000000001592, "0.8": 0.7000000000001592}, "AP_amplitude": {"0.1": 65.45461616046555, "0.2": 70.14432873291183, "0.4": 75.43761269835515, "0.8": 91.2529803514254}, "voltage_base": {"0.1": -67.70500803451387, "0.2": -67.70500803451387, "0.4": -67.70500803451387, "0.8": -67.70500803451387}}}}