{"BBP": {"L4_MC_cNAC187_1": {"mean_frequency": {"0.1": 49.004748913845475, "0.2": 72.61982270751668, "0.4": 105.85461295346578, "0.8": 157.102116375751}, "ISI_CV": {"0.1": 0.0409902842749944, "0.2": 0.0369064151765236, "0.4": 0.02351004786575843, "0.8": 0.02151994339053841}, "time_to_first_spike": {"0.1": 4.600000000091654, "0.2": 2.3000000000911314, "0.4": 1.300000000090904, "0.8": 0.8000000000907903}, "time_to_second_spike": {"0.1": 22.30000000009568, "0.2": 13.400000000093655, "0.4": 8.900000000092632, "0.8": 6.500000000092086}, "AP_height": {"0.1": 23.797321792970077, "0.2": 27.16325559765489, "0.4": 29.618880131603728, "0.8": 32.15424559546936}, "AP_width": {"0.1": 0.7000000000001592, "0.2": 0.7000000000001592, "0.4": 0.7000000000001592, "0.8": 0.8000000000001819}, "AP_amplitude": {"0.1": 79.43441243004419, "0.2": 82.68293380083384, "0.4": 98.42890302413426, "0.8": 100.96426848522086}, "voltage_base": {"0.1": -68.80705826841623, "0.2": -68.80705826841623, "0.4": -68.80705826841623, "0.8": -68.80705826841623}}}, "NetPyNE": {"L4_MC_cNAC187_1": {"mean_frequency": {"0.1": 48.82959979867396, "0.2": 72.3799949736606, "0.4": 105.42168674705955, "0.8": 156.20306398328432}, "ISI_CV": {"0.1": 0.04057552180991971, "0.2": 0.03600882731043302, "0.4": 0.022404907997195297, "0.8": 0.022498984356378114}, "time_to_first_spike": {"0.1": 4.700000000091677, "0.2": 2.3000000000911314, "0.4": 1.300000000090904, "0.8": 0.8000000000907903}, "time_to_second_spike": {"0.1": 22.500000000095724, "0.2": 13.6000000000937, "0.4": 9.000000000092655, "0.8": 6.600000000092109}, "AP_height": {"0.1": 21.31211026789515, "0.2": 23.98004146116267, "0.4": 26.992489660848396, "0.8": 27.131564428039038}, "AP_width": {"0.1": 0.7000000000001592, "0.2": 0.8000000000001819, "0.4": 0.8000000000001819, "0.8": 0.8000000000001819}, "AP_amplitude": {"0.1": 76.0501788843666, "0.2": 78.41326094806024, "0.4": 95.80250740554786, "0.8": 95.94158200993007}, "voltage_base": {"0.1": -68.80705295403891, "0.2": -68.80705295403891, "0.4": -68.80705295403891, "0.8": -68.80705295403891}}}}