{"BBP": {"L6_MC_cNAC187_2": {"mean_frequency": {"0.1": 42.7221552071058, "0.2": 67.40781729467828, "0.4": 102.09188269449439, "0.8": 159.29469518620255}, "ISI_CV": {"0.1": 0.015102689960705667, "0.2": 0.011297051714091046, "0.4": 0.011892257643774934, "0.8": 0.04313100320703}, "time_to_first_spike": {"0.1": 7.6000000000923364, "0.2": 3.4000000000913815, "0.4": 1.700000000090995, "0.8": 1.0000000000908358}, "time_to_second_spike": {"0.1": 29.100000000097225, "0.2": 16.10000000009427, "0.4": 10.000000000092882, "0.8": 7.0000000000922}, "AP_height": {"0.1": 18.022151430258848, "0.2": 21.128164403267878, "0.4": 23.838159371984954, "0.8": 27.382047579560226}, "AP_width": {"0.1": 0.8000000000001819, "0.2": 0.7000000000001592, "0.4": 0.8000000000001819, "0.8": 0.8000000000001819}, "AP_amplitude": {"0.1": 72.86681369074755, "0.2": 75.75345751807731, "0.4": 91.95633579821502, "0.8": 95.50022400366764}, "voltage_base": {"0.1": -68.11565121345964, "0.2": -68.11565121345964, "0.4": -68.11565121345964, "0.8": -68.11565121345964}}}, "NetPyNE": {"L6_MC_cNAC187_2": {"mean_frequency": {"0.1": 42.57877072587175, "0.2": 67.16791979954439, "0.4": 101.68812302767017, "0.8": 158.86539039802315}, "ISI_CV": {"0.1": 0.01478696154588289, "0.2": 0.010805889936711903, "0.4": 0.012147777347937152, "0.8": 0.044929363916457674}, "time_to_first_spike": {"0.1": 7.700000000092359, "0.2": 3.500000000091404, "0.4": 1.8000000000910177, "0.8": 1.1000000000908585}, "time_to_second_spike": {"0.1": 29.30000000009727, "0.2": 16.300000000094315, "0.4": 10.100000000092905, "0.8": 7.100000000092223}, "AP_height": {"0.1": 17.83535516397083, "0.2": 22.11788250465869, "0.4": 25.058858040772698, "0.8": 24.846203009730072}, "AP_width": {"0.1": 0.7000000000001592, "0.2": 0.7000000000001592, "0.4": 0.7000000000001592, "0.8": 0.8000000000001819}, "AP_amplitude": {"0.1": 73.12329725003373, "0.2": 77.15437766319391, "0.4": 93.17703030899384, "0.8": 92.96437533441042}, "voltage_base": {"0.1": -68.11564710938217, "0.2": -68.11564710938217, "0.4": -68.11564710938217, "0.8": -68.11564710938217}}}}