{"BBP": {"L5_DBC_bNAC219_2": {"mean_frequency": {"0.1": 17.766497461940954, "0.2": 54.538176723743675, "0.4": 97.42868621943137, "0.8": 148.88710647694094}, "ISI_CV": {"0.1": 0.1920524222593508, "0.2": 0.04148323484966948, "0.4": 0.018600981655333974, "0.8": 0.013589404184755157}, "time_to_first_spike": {"0.1": 17.500000000094587, "0.2": 7.700000000092359, "0.4": 3.8000000000914724, "0.8": 2.100000000091086}, "time_to_second_spike": {"0.1": 40.60000000009984, "0.2": 20.800000000095338, "0.4": 12.800000000093519, "0.8": 8.900000000092632}, "AP_height": {"0.1": 3.416820139273517, "0.2": 7.5311416739034565, "0.4": 12.335938653219662, "0.8": 15.614181857430925}, "AP_width": {"0.1": 0.7000000000001592, "0.2": 0.7000000000001592, "0.4": 0.7000000000001592, "0.8": 0.7000000000001592}, "AP_amplitude": {"0.1": 58.1793538664926, "0.2": 62.18591212312655, "0.4": 67.1768170507512, "0.8": 85.97509482123446}, "voltage_base": {"0.1": -70.36079771621044, "0.2": -70.36079771621044, "0.4": -70.36079771621044, "0.8": -70.36079771621044}}}, "NetPyNE": {"L5_DBC_bNAC219_2": {"mean_frequency": {"0.1": 17.72959829797057, "0.2": 54.40531963128974, "0.4": 96.98005125377169, "0.8": 148.14814814824888}, "ISI_CV": {"0.1": 0.19183473204389745, "0.2": 0.04163090341057393, "0.4": 0.018141842426541464, "0.8": 0.013779021574334789}, "time_to_first_spike": {"0.1": 17.60000000009461, "0.2": 7.800000000092382, "0.4": 3.900000000091495, "0.8": 2.100000000091086}, "time_to_second_spike": {"0.1": 40.800000000099885, "0.2": 21.000000000095383, "0.4": 12.900000000093542, "0.8": 9.000000000092655}, "AP_height": {"0.1": 3.4665551014615956, "0.2": 6.910288241814553, "0.4": 11.939925142886738, "0.8": 13.249273148994465}, "AP_width": {"0.1": 0.7000000000001592, "0.2": 0.7000000000001592, "0.4": 0.7000000000001592, "0.8": 0.7000000000001592}, "AP_amplitude": {"0.1": 57.74366133125204, "0.2": 62.216311741249655, "0.4": 67.08137853816625, "0.8": 83.61018602553318}, "voltage_base": {"0.1": -70.36079762825412, "0.2": -70.36079762825412, "0.4": -70.36079762825412, "0.8": -70.36079762825412}}}}