{"BBP": {"L5_BTC_cNAC187_4": {"mean_frequency": {"0.1": 39.71645467802203, "0.2": 67.92794606022522, "0.4": 107.70463881381932, "0.8": 169.270833333195}, "ISI_CV": {"0.1": 0.01759338187616251, "0.2": 0.03342355035764299, "0.4": 0.04543375914676886, "0.8": 0.09909997523083715}, "time_to_first_spike": {"0.1": 12.900000000093542, "0.2": 5.400000000091836, "0.4": 2.6000000000911996, "0.8": 1.5000000000909495}, "time_to_second_spike": {"0.1": 37.70000000009918, "0.2": 19.00000000009493, "0.4": 11.4000000000932, "0.8": 8.000000000092427}, "AP_height": {"0.1": 8.009790376260002, "0.2": 15.108989239372155, "0.4": 20.098427186702178, "0.8": 21.159347879303024}, "AP_width": {"0.1": 0.6000000000001364, "0.2": 0.6000000000001364, "0.4": 0.7000000000001592, "0.8": 0.7000000000001592}, "AP_amplitude": {"0.1": 63.99308948454622, "0.2": 71.47968652701962, "0.4": 75.55486984047855, "0.8": 89.37587095989264}, "voltage_base": {"0.1": -68.21398100038357, "0.2": -68.21398100038357, "0.4": -68.21398100038357, "0.8": -68.21398100038357}}}, "NetPyNE": {"L5_BTC_cNAC187_4": {"mean_frequency": {"0.1": 39.64868255962542, "0.2": 67.83919597994556, "0.4": 107.63454317904689, "0.8": 169.49152542357197}, "ISI_CV": {"0.1": 0.018615051704143976, "0.2": 0.03520223885121902, "0.4": 0.04736454207162693, "0.8": 0.09977467689541515}, "time_to_first_spike": {"0.1": 13.100000000093587, "0.2": 5.500000000091859, "0.4": 2.7000000000912223, "0.8": 1.5000000000909495}, "time_to_second_spike": {"0.1": 38.00000000009925, "0.2": 19.200000000094974, "0.4": 11.600000000093246, "0.8": 8.200000000092473}, "AP_height": {"0.1": 8.218636467938676, "0.2": 14.554841160018153, "0.4": 18.723982240066277, "0.8": 23.36045825695783}, "AP_width": {"0.1": 0.7000000000001592, "0.2": 0.6000000000001364, "0.4": 0.7000000000001592, "0.8": 0.7000000000001592}, "AP_amplitude": {"0.1": 64.0197671437243, "0.2": 70.2123258980826, "0.4": 74.50809480761599, "0.8": 91.5769775480033}, "voltage_base": {"0.1": -68.21397720702235, "0.2": -68.21397720702235, "0.4": -68.21397720702235, "0.8": -68.21397720702235}}}}