{"BBP": {"L4_BTC_bIR215_4": {"mean_frequency": {"0.1": 4.476526215659573, "0.2": 10.852152343555433, "0.4": 16.260162601637013, "0.8": 23.01554828152126}, "ISI_CV": {"0.1": 0.41150111432391556, "0.2": 0.32273590181022527, "0.4": 0.3006825771984663, "0.8": 0.3053601724370434}, "time_to_first_spike": {"0.1": 9.90000000009286, "0.2": 4.400000000091609, "0.4": 2.2000000000911086, "0.8": 1.2000000000908813}, "time_to_second_spike": {"0.1": 193.9000000001347, "0.2": 25.20000000009634, "0.4": 15.700000000094178, "0.8": 10.100000000092905}, "AP_height": {"0.1": 21.163090245135084, "0.2": 28.07947381280782, "0.4": 28.77389522657039, "0.8": 31.577023822421157}, "AP_width": {"0.1": 0.6000000000001364, "0.2": 0.6000000000001364, "0.4": 0.6000000000001364, "0.8": 0.6000000000001364}, "AP_amplitude": {"0.1": 76.45990562919974, "0.2": 84.29139886280291, "0.4": 103.92816138379567, "0.8": 106.42689194940901}, "voltage_base": {"0.1": -74.92104966995974, "0.2": -74.92104966995974, "0.4": -74.92104966995974, "0.8": -74.92104966995974}}}, "NetPyNE": {"L4_BTC_bIR215_4": {"mean_frequency": {"0.1": 79.3650793644906, "0.2": 10.037641154335551, "0.4": 15.73524186590578, "0.8": 22.359995934561315}, "ISI_CV": {"0.1": 0, "0.2": 0.2603051516054501, "0.4": 0.2796652960052183, "0.8": 0.2887518373091538}, "time_to_first_spike": {"0.1": 12.600000000093473, "0.2": 4.700000000091677, "0.4": 2.3000000000911314, "0.8": 1.300000000090904}, "time_to_second_spike": {"0.1": 0, "0.2": 26.70000000009668, "0.4": 16.300000000094315, "0.8": 10.600000000093019}, "AP_height": {"0.1": 20.87434984149399, "0.2": 28.08761046684403, "0.4": 26.9252316090765, "0.8": 32.03205284582217}, "AP_width": {"0.1": 0.6000000000001364, "0.2": 0.6000000000001364, "0.4": 0.6000000000001364, "0.8": 0.6000000000001364}, "AP_amplitude": {"0.1": 76.35392505919205, "0.2": 83.67504607373918, "0.4": 103.2151545926712, "0.8": 108.32197588504519}, "voltage_base": {"0.1": -76.28821973036827, "0.2": -76.28821973036827, "0.4": -76.28821973036827, "0.8": -76.28821973036827}}}}