{"BBP": {"L1_SLAC_bNAC219_4": {"mean_frequency": {"0.1": 45.06308832368374, "0.2": 93.02091713602452, "0.4": 137.10968775029338, "0.8": 183.53670734159311}, "ISI_CV": {"0.1": 0.09781742687234621, "0.2": 0.05581902953330757, "0.4": 0.020705112045258604, "0.8": 0.01112157138739993}, "time_to_first_spike": {"0.1": 4.400000000091609, "0.2": 2.3000000000911314, "0.4": 1.300000000090904, "0.8": 0.8000000000907903}, "time_to_second_spike": {"0.1": 15.800000000094201, "0.2": 10.700000000093041, "0.4": 7.900000000092405, "0.8": 6.100000000091995}, "AP_height": {"0.1": 27.821222202598783, "0.2": 27.49334859471161, "0.4": 31.062048927964216, "0.8": 31.526563623595294}, "AP_width": {"0.1": 0.7000000000001592, "0.2": 0.6000000000001364, "0.4": 0.7000000000001592, "0.8": 0.7000000000001592}, "AP_amplitude": {"0.1": 82.7182864067087, "0.2": 83.75184065704968, "0.4": 103.02956371132547, "0.8": 103.49407840432055}, "voltage_base": {"0.1": -71.9673407962798, "0.2": -71.9673407962798, "0.4": -71.9673407962798, "0.8": -71.9673407962798}}}, "NetPyNE": {"L1_SLAC_bNAC219_4": {"mean_frequency": {"0.1": 44.90866888690097, "0.2": 92.50879839121413, "0.4": 136.03400850221803, "0.8": 181.70896531023016}, "ISI_CV": {"0.1": 0.09756198378014191, "0.2": 0.05550185983936143, "0.4": 0.02093415762732217, "0.8": 0.012161027637771347}, "time_to_first_spike": {"0.1": 4.500000000091632, "0.2": 2.400000000091154, "0.4": 1.4000000000909267, "0.8": 0.8000000000907903}, "time_to_second_spike": {"0.1": 15.900000000094224, "0.2": 10.900000000093087, "0.4": 8.000000000092427, "0.8": 6.200000000092018}, "AP_height": {"0.1": 27.700673057537536, "0.2": 29.60620351823605, "0.4": 28.20409651356017, "0.8": 32.47212663074914}, "AP_width": {"0.1": 0.6000000000001364, "0.2": 0.7000000000001592, "0.4": 0.7000000000001592, "0.8": 0.8000000000001819}, "AP_amplitude": {"0.1": 82.74250343672021, "0.2": 85.89941874723314, "0.4": 100.17161103608754, "0.8": 104.43964111806326}, "voltage_base": {"0.1": -71.96734050157166, "0.2": -71.96734050157166, "0.4": -71.96734050157166, "0.8": -71.96734050157166}}}}