{"BBP": {"L4_LBC_cACint209_5": {"mean_frequency": {"0.1": 22.71121429293959, "0.2": 35.401810549763525, "0.4": 66.1256387136007, "0.8": 124.46675031376083}, "ISI_CV": {"0.1": 0.2619896620357054, "0.2": 0.21942711262227074, "0.4": 0.15459555168236672, "0.8": 0.09819811479873032}, "time_to_first_spike": {"0.1": 11.300000000093178, "0.2": 5.200000000091791, "0.4": 2.6000000000911996, "0.8": 1.5000000000909495}, "time_to_second_spike": {"0.1": 27.300000000096816, "0.2": 15.700000000094178, "0.4": 10.600000000093019, "0.8": 7.700000000092359}, "AP_height": {"0.1": 28.92660568972931, "0.2": 28.323645036640123, "0.4": 33.226059818402625, "0.8": 32.955860044457225}, "AP_width": {"0.1": 0.8000000000001819, "0.2": 0.9000000000002046, "0.4": 0.9000000000002046, "0.8": 0.9000000000002046}, "AP_amplitude": {"0.1": 84.56451056816559, "0.2": 83.3150601552563, "0.4": 88.79017624837172, "0.8": 104.44254999794047}, "voltage_base": {"0.1": -71.4860193836055, "0.2": -71.4860193836055, "0.4": -71.4860193836055, "0.8": -71.4860193836055}}}, "NetPyNE": {"L4_LBC_cACint209_5": {"mean_frequency": {"0.1": 22.615338224962585, "0.2": 35.310734463300776, "0.4": 66.13889167255722, "0.8": 124.2796291657071}, "ISI_CV": {"0.1": 0.2619619974733731, "0.2": 0.21948759891826622, "0.4": 0.1537052824666204, "0.8": 0.09590185615160249}, "time_to_first_spike": {"0.1": 11.4000000000932, "0.2": 5.200000000091791, "0.4": 2.6000000000911996, "0.8": 1.5000000000909495}, "time_to_second_spike": {"0.1": 27.40000000009684, "0.2": 15.900000000094224, "0.4": 10.700000000093041, "0.8": 7.900000000092405}, "AP_height": {"0.1": 28.55495413496454, "0.2": 30.651360771307747, "0.4": 32.27443590069366, "0.8": 36.59744269342273}, "AP_width": {"0.1": 0.8000000000001819, "0.2": 0.9000000000002046, "0.4": 0.9000000000002046, "0.8": 0.9000000000002046}, "AP_amplitude": {"0.1": 84.68175258959727, "0.2": 86.43691170795844, "0.4": 87.91636972863502, "0.8": 108.08413159524031}, "voltage_base": {"0.1": -71.486018332303, "0.2": -71.486018332303, "0.4": -71.486018332303, "0.8": -71.486018332303}}}}