{"BBP": {"L4_LBC_cSTUT189_1": {"mean_frequency": {"0.1": 0, "0.2": 31.46090221750746, "0.4": 73.81000200848555, "0.8": 117.49347258493619}, "ISI_CV": {"0.1": 0, "0.2": 0.2113315256317016, "0.4": 0.02594470610779735, "0.8": 0.023998217220056225}, "time_to_first_spike": {"0.1": 0, "0.2": 9.2000000000927, "0.4": 3.900000000091495, "0.8": 1.8000000000910177}, "time_to_second_spike": {"0.1": 0, "0.2": 40.20000000009975, "0.4": 15.900000000094224, "0.8": 9.500000000092768}, "AP_height": {"0.1": 0, "0.2": 16.44014454211637, "0.4": 20.39445272016073, "0.8": 23.319891561881295}, "AP_width": {"0.1": 0, "0.2": 0.8000000000001819, "0.4": 0.8000000000001819, "0.8": 0.9000000000002046}, "AP_amplitude": {"0.1": 0, "0.2": 71.04855338361362, "0.4": 75.1754866740818, "0.8": 98.64076182670557}, "voltage_base": {"0.1": -75.44794452243511, "0.2": -75.44794452243511, "0.4": -75.44794452243511, "0.8": -75.44794452243511}}}, "NetPyNE": {"L4_LBC_cSTUT189_1": {"mean_frequency": {"0.1": 0, "0.2": 37.43234356823822, "0.4": 74.15944280207475, "0.8": 117.45219093517991}, "ISI_CV": {"0.1": 0, "0.2": 0.016795550816397095, "0.4": 0.010232792047295446, "0.8": 0.023849628429766963}, "time_to_first_spike": {"0.1": 0, "0.2": 9.800000000092837, "0.4": 3.900000000091495, "0.8": 1.9000000000910404}, "time_to_second_spike": {"0.1": 0, "0.2": 35.40000000009866, "0.4": 16.000000000094246, "0.8": 9.600000000092791}, "AP_height": {"0.1": 0, "0.2": 16.718162312821175, "0.4": 19.377961643125715, "0.8": 24.217782327364993}, "AP_width": {"0.1": 0, "0.2": 0.7000000000001592, "0.4": 0.8000000000001819, "0.8": 0.8000000000001819}, "AP_amplitude": {"0.1": 0, "0.2": 70.87398465632722, "0.4": 73.4514504220702, "0.8": 99.8812173782986}, "voltage_base": {"0.1": -75.6628107650312, "0.2": -75.6628107650312, "0.4": -75.6628107650312, "0.8": -75.6628107650312}}}}