{"BBP": {"L4_MC_bAC217_3": {"mean_frequency": {"0.1": 7.215007215012071, "0.2": 12.209391056629306, "0.4": 17.42874718065559, "0.8": 25.046002862417232}, "ISI_CV": {"0.1": 0.3002768196957334, "0.2": 0.30415529759591525, "0.4": 0.31053749262143526, "0.8": 0.2977543317121552}, "time_to_first_spike": {"0.1": 14.200000000093837, "0.2": 5.3000000000918135, "0.4": 2.400000000091154, "0.8": 1.300000000090904}, "time_to_second_spike": {"0.1": 53.600000000102796, "0.2": 27.700000000096907, "0.4": 16.600000000094383, "0.8": 10.600000000093019}, "AP_height": {"0.1": 18.9943825502562, "0.2": 22.623644671108202, "0.4": 29.019152475035643, "0.8": 31.234260996623593}, "AP_width": {"0.1": 0.5000000000001137, "0.2": 0.6000000000001364, "0.4": 0.6000000000001364, "0.8": 0.6000000000001364}, "AP_amplitude": {"0.1": 75.74005632545082, "0.2": 78.80257843155724, "0.4": 100.64251693290521, "0.8": 102.85762545231489}, "voltage_base": {"0.1": -71.62043978602601, "0.2": -71.62043978602601, "0.4": -71.62043978602601, "0.8": -71.62043978602601}}}, "NetPyNE": {"L4_MC_bAC217_3": {"mean_frequency": {"0.1": 7.116352361108864, "0.2": 12.036711971521292, "0.4": 17.163048965180742, "0.8": 24.15337392443646}, "ISI_CV": {"0.1": 0.29793787890754964, "0.2": 0.3026580374161916, "0.4": 0.30905259720546724, "0.8": 0.3253282955158615}, "time_to_first_spike": {"0.1": 14.30000000009386, "0.2": 5.400000000091836, "0.4": 2.500000000091177, "0.8": 1.4000000000909267}, "time_to_second_spike": {"0.1": 54.00000000010289, "0.2": 28.000000000096975, "0.4": 16.80000000009443, "0.8": 10.800000000093064}, "AP_height": {"0.1": 20.664197982465453, "0.2": 24.222449519086453, "0.4": 27.17206630090498, "0.8": 25.621703682733685}, "AP_width": {"0.1": 0.5000000000001137, "0.2": 0.6000000000001364, "0.4": 0.6000000000001364, "0.8": 0.5000000000001137}, "AP_amplitude": {"0.1": 77.11805091173599, "0.2": 80.8092100397781, "0.4": 98.7954263330023, "0.8": 97.24506366029789}, "voltage_base": {"0.1": -71.62043529110998, "0.2": -71.62043529110998, "0.4": -71.62043529110998, "0.8": -71.62043529110998}}}}