{"BBP": {"L6_UTPC_cADpyr231_4": {"mean_frequency": {"0.1": 4.092609915811792, "0.2": 7.380851961202734, "0.4": 11.034627712686689, "0.8": 28.529956454296386}, "ISI_CV": {"0.1": 0.24495156450784397, "0.2": 0.3292307397609703, "0.4": 0.3085358667684416, "0.8": 0.17267872191054173}, "time_to_first_spike": {"0.1": 57.600000000103705, "0.2": 13.000000000093564, "0.4": 4.200000000091563, "0.8": 1.9000000000910404}, "time_to_second_spike": {"0.1": 134.5000000001212, "0.2": 34.40000000009843, "0.4": 16.300000000094315, "0.8": 8.80000000009261}, "AP_height": {"0.1": 29.750973427101215, "0.2": 34.39473585328518, "0.4": 40.624413672529684, "0.8": 43.27232436485371}, "AP_width": {"0.1": 1.1000000000002501, "0.2": 1.2000000000002728, "0.4": 1.2000000000002728, "0.8": 1.3000000000002956}, "AP_amplitude": {"0.1": 82.10806987667426, "0.2": 87.51649768960564, "0.4": 94.77316697370108, "0.8": 116.075802590025}, "voltage_base": {"0.1": -72.80328977839623, "0.2": -72.80328977839623, "0.4": -72.80328977839623, "0.8": -72.80328977839623}}}, "NetPyNE": {"L6_UTPC_cADpyr231_4": {"mean_frequency": {"0.1": 4.077353215286869, "0.2": 7.34753857458243, "0.4": 10.948334289147633, "0.8": 29.08434459935784}, "ISI_CV": {"0.1": 0.2435979129585004, "0.2": 0.32806988264574144, "0.4": 0.30635930672311545, "0.8": 0.22242425892685572}, "time_to_first_spike": {"0.1": 57.90000000010377, "0.2": 13.100000000093587, "0.4": 4.300000000091586, "0.8": 2.000000000091063}, "time_to_second_spike": {"0.1": 134.80000000012126, "0.2": 34.30000000009841, "0.4": 16.300000000094315, "0.8": 8.900000000092632}, "AP_height": {"0.1": 28.458258155816573, "0.2": 34.44788370248205, "0.4": 40.24925608759192, "0.8": 42.62799559709852}, "AP_width": {"0.1": 1.1000000000002501, "0.2": 1.2000000000002728, "0.4": 1.3000000000002956, "0.8": 1.3000000000002956}, "AP_amplitude": {"0.1": 80.56776612873045, "0.2": 87.26335514892426, "0.4": 93.35482756870675, "0.8": 0}, "voltage_base": {"0.1": -72.8032893287974, "0.2": -72.8032893287974, "0.4": -72.8032893287974, "0.8": -72.8032893287974}}}}