{"BBP": {"L5_BP_cNAC187_4": {"mean_frequency": {"0.1": 69.2388741157462, "0.2": 111.04997248769494, "0.4": 219.50000000014927, "0.8": 305.26315789437626}, "ISI_CV": {"0.1": 0.021933196253159776, "0.2": 0.03353548765673605, "0.4": 0.12434680503007092, "0.8": 0.062100208973166274}, "time_to_first_spike": {"0.1": 4.9000000000917225, "0.2": 2.100000000091086, "0.4": 1.1000000000908585, "0.8": 0.7000000000907676}, "time_to_second_spike": {"0.1": 16.80000000009443, "0.2": 10.000000000092882, "0.4": 7.100000000092223, "0.8": 5.3000000000918135}, "AP_height": {"0.1": 19.56527482348559, "0.2": 19.630951730430887, "0.4": 24.469239159271172, "0.8": 28.046774443852744}, "AP_width": {"0.1": 0.7000000000001592, "0.2": 0.8000000000001819, "0.4": 0.8000000000001819, "0.8": 0.8000000000001819}, "AP_amplitude": {"0.1": 75.2529500163458, "0.2": 87.35839885807636, "0.4": 92.19668628479442, "0.8": 95.7742215651316}, "voltage_base": {"0.1": -67.72530820301853, "0.2": -67.72530820301853, "0.4": -67.72530820301853, "0.8": -67.72530820301853}}}, "NetPyNE": {"L5_BP_cNAC187_4": {"mean_frequency": {"0.1": 69.11403816301588, "0.2": 110.87698173798421, "0.4": 218.7953737547174, "0.8": 299.760191846129}, "ISI_CV": {"0.1": 0.02269517960474739, "0.2": 0.03481089008330177, "0.4": 0.11979438449725191, "0.8": 0.06405825974784347}, "time_to_first_spike": {"0.1": 5.000000000091745, "0.2": 2.100000000091086, "0.4": 1.2000000000908813, "0.8": 0.7000000000907676}, "time_to_second_spike": {"0.1": 17.000000000094474, "0.2": 10.100000000092905, "0.4": 7.2000000000922455, "0.8": 5.400000000091836}, "AP_height": {"0.1": 19.02428251692913, "0.2": 20.52238430811548, "0.4": 24.804255536717122, "0.8": 25.8979233621461}, "AP_width": {"0.1": 0.7000000000001592, "0.2": 0.7000000000001592, "0.4": 0.7000000000001592, "0.8": 0.8000000000001819}, "AP_amplitude": {"0.1": 75.61763616615646, "0.2": 88.24982818022573, "0.4": 92.53169929882388, "0.8": 93.62536724896125}, "voltage_base": {"0.1": -67.7253049653279, "0.2": -67.7253049653279, "0.4": -67.7253049653279, "0.8": -67.7253049653279}}}}