{"BBP": {"L5_NGC_bNAC219_5": {"mean_frequency": {"0.1": 53.89885150114476, "0.2": 94.24976186901677, "0.4": 149.9949834454716, "0.8": 258.6206896530935}, "ISI_CV": {"0.1": 0.035708439464594864, "0.2": 0.01776403354984515, "0.4": 0.024852828828787938, "0.8": 0}, "time_to_first_spike": {"0.1": 7.700000000092359, "0.2": 4.100000000091541, "0.4": 2.400000000091154, "0.8": 1.4000000000909267}, "time_to_second_spike": {"0.1": 21.000000000095383, "0.2": 13.400000000093655, "0.4": 9.400000000092746, "0.8": 6.8000000000921546}, "AP_height": {"0.1": 6.411259662796406, "0.2": 9.949313348678155, "0.4": 11.398109141124223, "0.8": 16.449965675209224}, "AP_width": {"0.1": 0.8000000000001819, "0.2": 0.8000000000001819, "0.4": 0.8000000000001819, "0.8": 0.7000000000001592}, "AP_amplitude": {"0.1": 60.698649160941606, "0.2": 64.83357849051573, "0.4": 81.93362346773944, "0.8": 86.98547999997308}, "voltage_base": {"0.1": -70.53540096332385, "0.2": -70.53540096332385, "0.4": -70.53540096332385, "0.8": -70.53540096332385}}}, "NetPyNE": {"L5_NGC_bNAC219_5": {"mean_frequency": {"0.1": 53.81752338802566, "0.2": 93.97457158657569, "0.4": 150.4890895411105, "0.8": 256.4102564082124}, "ISI_CV": {"0.1": 0.03542169980680952, "0.2": 0.017305594735292005, "0.4": 0.030695533001028126, "0.8": 0}, "time_to_first_spike": {"0.1": 7.800000000092382, "0.2": 4.200000000091563, "0.4": 2.400000000091154, "0.8": 1.4000000000909267}, "time_to_second_spike": {"0.1": 21.20000000009543, "0.2": 13.500000000093678, "0.4": 9.500000000092768, "0.8": 6.900000000092177}, "AP_height": {"0.1": 5.995756385943981, "0.2": 9.501133920507423, "0.4": 13.105547906328203, "0.8": 14.682243043372537}, "AP_width": {"0.1": 0.8000000000001819, "0.2": 0.8000000000001819, "0.4": 0.7000000000001592, "0.8": 0.8000000000001819}, "AP_amplitude": {"0.1": 60.993280402395385, "0.2": 64.6602922464565, "0.4": 67.46488434329237, "0.8": 85.21775728276715}, "voltage_base": {"0.1": -70.53540087723115, "0.2": -70.53540087723115, "0.4": -70.53540087723115, "0.8": -70.53540087723115}}}}