{"BBP": {"L6_MC_cNAC187_1": {"mean_frequency": {"0.1": 44.130184042956614, "0.2": 67.08385481856875, "0.4": 98.59859859866563, "0.8": 145.93049496023153}, "ISI_CV": {"0.1": 0.03280624270441347, "0.2": 0.03100305780403715, "0.4": 0.023434931474720536, "0.8": 0.016922731732864665}, "time_to_first_spike": {"0.1": 5.800000000091927, "0.2": 2.7000000000912223, "0.4": 1.5000000000909495, "0.8": 0.900000000090813}, "time_to_second_spike": {"0.1": 26.00000000009652, "0.2": 15.000000000094019, "0.4": 9.600000000092791, "0.8": 6.8000000000921546}, "AP_height": {"0.1": 23.79965743174521, "0.2": 27.75550877244478, "0.4": 25.96552426364666, "0.8": 29.39548713205596}, "AP_width": {"0.1": 0.7000000000001592, "0.2": 0.7000000000001592, "0.4": 0.7000000000001592, "0.8": 0.7000000000001592}, "AP_amplitude": {"0.1": 79.35170674006943, "0.2": 82.21942714608441, "0.4": 94.53073453634953, "0.8": 97.96069740240469}, "voltage_base": {"0.1": -68.56239370164398, "0.2": -68.56239370164398, "0.4": -68.56239370164398, "0.8": -68.56239370164398}}}, "NetPyNE": {"L6_MC_cNAC187_1": {"mean_frequency": {"0.1": 44.014975209986304, "0.2": 66.8946786038076, "0.4": 98.27024316878074, "0.8": 145.23964541503335}, "ISI_CV": {"0.1": 0.03235812385032512, "0.2": 0.03001789019218307, "0.4": 0.022108659323980446, "0.8": 0.01766801509024137}, "time_to_first_spike": {"0.1": 5.90000000009195, "0.2": 2.800000000091245, "0.4": 1.5000000000909495, "0.8": 0.900000000090813}, "time_to_second_spike": {"0.1": 26.200000000096566, "0.2": 15.200000000094064, "0.4": 9.700000000092814, "0.8": 6.900000000092177}, "AP_height": {"0.1": 23.651096695353523, "0.2": 26.66323224991185, "0.4": 28.996664235227723, "0.8": 30.824845774693507}, "AP_width": {"0.1": 0.7000000000001592, "0.2": 0.7000000000001592, "0.4": 0.8000000000001819, "0.8": 0.8000000000001819}, "AP_amplitude": {"0.1": 78.12045796346078, "0.2": 81.58315928646206, "0.4": 97.56186973384507, "0.8": 99.39005123988474}, "voltage_base": {"0.1": -68.56238889071486, "0.2": -68.56238889071486, "0.4": -68.56238889071486, "0.8": -68.56238889071486}}}}