{"BBP": {"L6_UTPC_cADpyr231_1": {"mean_frequency": {"0.1": 0, "0.2": 4.956220056173749, "0.4": 8.082767539610913, "0.8": 14.549989607160045}, "ISI_CV": {"0.1": 0, "0.2": 0.2655004024112936, "0.4": 0.29640536688671815, "0.8": 0.30436757963381667}, "time_to_first_spike": {"0.1": 0, "0.2": 34.900000000098544, "0.4": 9.90000000009286, "0.8": 3.600000000091427}, "time_to_second_spike": {"0.1": 0, "0.2": 83.70000000010964, "0.4": 26.200000000096566, "0.8": 13.300000000093632}, "AP_height": {"0.1": 0, "0.2": 19.505177128791512, "0.4": 29.926061166069132, "0.8": 37.79584685704736}, "AP_width": {"0.1": 0, "0.2": 1.2000000000002728, "0.4": 1.3000000000002956, "0.8": 1.3000000000002956}, "AP_amplitude": {"0.1": 0, "0.2": 67.29225266811521, "0.4": 80.30543488270943, "0.8": 109.9261855053233}, "voltage_base": {"0.1": -72.13018148978473, "0.2": -72.13018148978473, "0.4": -72.13018148978473, "0.8": -72.13018148978473}}}, "NetPyNE": {"L6_UTPC_cADpyr231_1": {"mean_frequency": {"0.1": 0, "0.2": 4.898758981061364, "0.4": 8.004696088377164, "0.8": 14.45534331441344}, "ISI_CV": {"0.1": 0, "0.2": 0.26340272682273586, "0.4": 0.29127697041769246, "0.8": 0.3059251951900409}, "time_to_first_spike": {"0.1": 0, "0.2": 35.00000000009857, "0.4": 10.000000000092882, "0.8": 3.7000000000914497}, "time_to_second_spike": {"0.1": 0, "0.2": 84.20000000010975, "0.4": 25.60000000009643, "0.8": 13.300000000093632}, "AP_height": {"0.1": 0, "0.2": 19.332435033850647, "0.4": 29.644156833163258, "0.8": 37.31221144910592}, "AP_width": {"0.1": 0, "0.2": 1.3000000000002956, "0.4": 1.3000000000002956, "0.8": 1.3000000000002956}, "AP_amplitude": {"0.1": 0, "0.2": 66.988337317247, "0.4": 79.43659027125759, "0.8": 109.44254974891219}, "voltage_base": {"0.1": -72.13018113670132, "0.2": -72.13018113670132, "0.4": -72.13018113670132, "0.8": -72.13018113670132}}}}