{"BBP": {"L6_UTPC_cADpyr231_2": {"mean_frequency": {"0.1": 0, "0.2": 4.645221228664002, "0.4": 7.896814951308249, "0.8": 14.502512042274207}, "ISI_CV": {"0.1": 0, "0.2": 0.2574869394281105, "0.4": 0.31189221122327015, "0.8": 0.3357124589759206}, "time_to_first_spike": {"0.1": 0, "0.2": 34.50000000009845, "0.4": 10.100000000092905, "0.8": 3.7000000000914497}, "time_to_second_spike": {"0.1": 0, "0.2": 91.20000000011134, "0.4": 32.70000000009804, "0.8": 16.000000000094246}, "AP_height": {"0.1": 0, "0.2": 23.663302018302463, "0.4": 31.31083153470056, "0.8": 37.839332392960536}, "AP_width": {"0.1": 0, "0.2": 1.3000000000002956, "0.4": 1.3000000000002956, "0.8": 1.4000000000003183}, "AP_amplitude": {"0.1": 0, "0.2": 76.33540162134469, "0.4": 84.98787233831905, "0.8": 110.5927480488117}, "voltage_base": {"0.1": -72.75323389355992, "0.2": -72.75323389355992, "0.4": -72.75323389355992, "0.8": -72.75323389355992}}}, "NetPyNE": {"L6_UTPC_cADpyr231_2": {"mean_frequency": {"0.1": 0, "0.2": 4.620538292714079, "0.4": 7.843547375031397, "0.8": 14.142128390332328}, "ISI_CV": {"0.1": 0, "0.2": 0.2558942002312384, "0.4": 0.3094016647865498, "0.8": 0.24656251547455776}, "time_to_first_spike": {"0.1": 0, "0.2": 34.7000000000985, "0.4": 10.200000000092928, "0.8": 3.8000000000914724}, "time_to_second_spike": {"0.1": 0, "0.2": 91.60000000011144, "0.4": 32.500000000098, "0.8": 16.000000000094246}, "AP_height": {"0.1": 0, "0.2": 22.598810090181434, "0.4": 30.959229338293255, "0.8": 37.17802134657149}, "AP_width": {"0.1": 0, "0.2": 1.2000000000002728, "0.4": 1.3000000000002956, "0.8": 1.3000000000002956}, "AP_amplitude": {"0.1": 0, "0.2": 75.36435338291477, "0.4": 83.92983916922236, "0.8": 109.93143655951141}, "voltage_base": {"0.1": -72.75323344298856, "0.2": -72.75323344298856, "0.4": -72.75323344298856, "0.8": -72.75323344298856}}}}