{"BBP": {"L4_MC_dNAC222_2": {"mean_frequency": {"0.1": 0, "0.2": 25.54726243552305, "0.4": 70.1859928811827, "0.8": 122.12212212220514}, "ISI_CV": {"0.1": 0, "0.2": 0.13438214748291377, "0.4": 0.04287636296414961, "0.8": 0.06664053136445976}, "time_to_first_spike": {"0.1": 0, "0.2": 276.5000000001535, "0.4": 6.000000000091973, "0.8": 2.7000000000912223}, "time_to_second_spike": {"0.1": 0, "0.2": 333.60000000015543, "0.4": 19.500000000095042, "0.8": 10.600000000093019}, "AP_height": {"0.1": 0, "0.2": 5.626900525700663, "0.4": 12.482046713791252, "0.8": 17.267477591072264}, "AP_width": {"0.1": 0, "0.2": 0.6000000000001364, "0.4": 0.7000000000001592, "0.8": 0.8000000000001819}, "AP_amplitude": {"0.1": 0, "0.2": 60.12383105592695, "0.4": 67.53238251508492, "0.8": 91.17075530291287}, "voltage_base": {"0.1": -73.89896108898952, "0.2": -73.89896108898952, "0.4": -73.89896108898952, "0.8": -73.89896108898952}}}, "NetPyNE": {"L4_MC_dNAC222_2": {"mean_frequency": {"0.1": 0, "0.2": 25.339549969609696, "0.4": 69.90896745968634, "0.8": 122.12212212220514}, "ISI_CV": {"0.1": 0, "0.2": 0.13510320892269811, "0.4": 0.04419639645212532, "0.8": 0.07042907899836619}, "time_to_first_spike": {"0.1": 0, "0.2": 277.1000000001536, "0.4": 6.200000000092018, "0.8": 2.7000000000912223}, "time_to_second_spike": {"0.1": 0, "0.2": 334.5000000001546, "0.4": 19.700000000095088, "0.8": 10.700000000093041}, "AP_height": {"0.1": 0, "0.2": 5.341318508842284, "0.4": 11.978120339526475, "0.8": 17.806525404645832}, "AP_width": {"0.1": 0, "0.2": 0.7000000000001592, "0.4": 0.7000000000001592, "0.8": 0.8000000000001819}, "AP_amplitude": {"0.1": 0, "0.2": 60.35997269183744, "0.4": 67.87271919739769, "0.8": 91.70979511360574}, "voltage_base": {"0.1": -73.89895305896235, "0.2": -73.89895305896235, "0.4": -73.89895305896235, "0.8": -73.89895305896235}}}}