{"BBP": {"L5_NBC_bIR215_5": {"mean_frequency": {"0.1": 2.706946023498081, "0.2": 9.885021590974842, "0.4": 14.938443311193284, "0.8": 20.952575633701798}, "ISI_CV": {"0.1": 0.10119636857839046, "0.2": 0.3144360880923242, "0.4": 0.3078884396476598, "0.8": 0.31320797128500877}, "time_to_first_spike": {"0.1": 20.10000000009518, "0.2": 5.700000000091904, "0.4": 2.7000000000912223, "0.8": 1.5000000000909495}, "time_to_second_spike": {"0.1": 233.20000000014363, "0.2": 30.600000000097566, "0.4": 17.20000000009452, "0.8": 10.900000000093087}, "AP_height": {"0.1": 16.290599813890026, "0.2": 21.43430211108749, "0.4": 27.143752521318042, "0.8": 30.088100378195776}, "AP_width": {"0.1": 0.5000000000001137, "0.2": 0.6000000000001364, "0.4": 0.6000000000001364, "0.8": 0.6000000000001364}, "AP_amplitude": {"0.1": 72.55089803263377, "0.2": 77.52648926708858, "0.4": 98.68982138442317, "0.8": 103.50719324799049}, "voltage_base": {"0.1": -73.3927758386924, "0.2": -73.3927758386924, "0.4": -73.3927758386924, "0.8": -73.3927758386924}}}, "NetPyNE": {"L5_NBC_bIR215_5": {"mean_frequency": {"0.1": 0, "0.2": 7.416825598648723, "0.4": 13.739758790910514, "0.8": 19.989748846758737}, "ISI_CV": {"0.1": 0, "0.2": 0.23040518872958696, "0.4": 0.2789197289072494, "0.8": 0.29133706031602263}, "time_to_first_spike": {"0.1": 0, "0.2": 6.8000000000921546, "0.4": 3.1000000000913133, "0.8": 1.700000000090995}, "time_to_second_spike": {"0.1": 0, "0.2": 36.50000000009891, "0.4": 18.900000000094906, "0.8": 11.700000000093269}, "AP_height": {"0.1": 0, "0.2": 19.211857732739926, "0.4": 27.016775009514554, "0.8": 29.34017601612362}, "AP_width": {"0.1": 0, "0.2": 0.6000000000001364, "0.4": 0.6000000000001364, "0.8": 0.6000000000001364}, "AP_amplitude": {"0.1": 0, "0.2": 74.65844337493924, "0.4": 100.73434713951107, "0.8": 104.87543138439867}, "voltage_base": {"0.1": -75.53384083126923, "0.2": -75.53384083126923, "0.4": -75.53384083126923, "0.8": -75.53384083126923}}}}