{"BBP": {"L23_LBC_bNAC219_1": {"mean_frequency": {"0.1": 23.814349412257712, "0.2": 74.06665999404495, "0.4": 118.4679483962453, "0.8": 167.46891295639136}, "ISI_CV": {"0.1": 0.16610261556361408, "0.2": 0.03059588847889528, "0.4": 0.0208836099943913, "0.8": 0.011806603889530323}, "time_to_first_spike": {"0.1": 12.200000000093382, "0.2": 5.000000000091745, "0.4": 2.500000000091177, "0.8": 1.4000000000909267}, "time_to_second_spike": {"0.1": 29.900000000097407, "0.2": 15.500000000094133, "0.4": 10.100000000092905, "0.8": 7.400000000092291}, "AP_height": {"0.1": 11.106350639814641, "0.2": 15.92746564135389, "0.4": 16.278296218523398, "0.8": 22.270350479092404}, "AP_width": {"0.1": 0.6000000000001364, "0.2": 0.6000000000001364, "0.4": 0.7000000000001592, "0.8": 0.6000000000001364}, "AP_amplitude": {"0.1": 66.01679625360924, "0.2": 71.75752769261314, "0.4": 71.34726585130686, "0.8": 92.59261621791303}, "voltage_base": {"0.1": -70.32215730450596, "0.2": -70.32215730450596, "0.4": -70.32215730450596, "0.8": -70.32215730450596}}}, "NetPyNE": {"L23_LBC_bNAC219_1": {"mean_frequency": {"0.1": 23.737373737389827, "0.2": 73.7100737101238, "0.4": 117.61761761769758, "0.8": 166.01660166027892}, "ISI_CV": {"0.1": 0.16577681581763762, "0.2": 0.030436935912170348, "0.4": 0.020274925186433538, "0.8": 0.01152048543574358}, "time_to_first_spike": {"0.1": 12.300000000093405, "0.2": 5.100000000091768, "0.4": 2.500000000091177, "0.8": 1.5000000000909495}, "time_to_second_spike": {"0.1": 30.00000000009743, "0.2": 15.700000000094178, "0.4": 10.200000000092928, "0.8": 7.500000000092314}, "AP_height": {"0.1": 10.078113016756753, "0.2": 15.534301680955933, "0.4": 18.857303344404112, "0.8": 19.198973250651527}, "AP_width": {"0.1": 0.6000000000001364, "0.2": 0.6000000000001364, "0.4": 0.6000000000001364, "0.8": 0.7000000000001592}, "AP_amplitude": {"0.1": 64.22999787956425, "0.2": 70.41656492832588, "0.4": 74.04060949605471, "0.8": 89.5212389019915}, "voltage_base": {"0.1": -70.32215721639422, "0.2": -70.32215721639422, "0.4": -70.32215721639422, "0.8": -70.32215721639422}}}}