{"BBP": {"L5_DBC_cACint209_4": {"mean_frequency": {"0.1": 41.023043808586905, "0.2": 79.14642087867925, "0.4": 170.9444555846359, "0.8": 288.8086642589174}, "ISI_CV": {"0.1": 0.24452741512830956, "0.2": 0.15982153050605566, "0.4": 0.12414361769489152, "0.8": 0.2036403392137767}, "time_to_first_spike": {"0.1": 12.200000000093382, "0.2": 5.100000000091768, "0.4": 2.3000000000911314, "0.8": 1.300000000090904}, "time_to_second_spike": {"0.1": 22.500000000095724, "0.2": 13.500000000093678, "0.4": 9.100000000092678, "0.8": 6.700000000092132}, "AP_height": {"0.1": 24.055670117080503, "0.2": 24.477229477176113, "0.4": 31.05701535570393, "0.8": 30.864262702677127}, "AP_width": {"0.1": 0.8000000000001819, "0.2": 0.9000000000002046, "0.4": 0.9000000000002046, "0.8": 0.9000000000002046}, "AP_amplitude": {"0.1": 80.63904844999632, "0.2": 80.40405562947308, "0.4": 98.81835513460948, "0.8": 98.62560247951214}, "voltage_base": {"0.1": -67.76084979279216, "0.2": -67.76084979279216, "0.4": -67.76084979279216, "0.8": -67.76084979279216}}}, "NetPyNE": {"L5_DBC_cACint209_4": {"mean_frequency": {"0.1": 41.08628119052797, "0.2": 79.85535633574807, "0.4": 173.1905095606343, "0.8": 278.8844621503243}, "ISI_CV": {"0.1": 0.24467528104822203, "0.2": 0.1586793009000408, "0.4": 0.1155848853648578, "0.8": 0.19676928109307676}, "time_to_first_spike": {"0.1": 12.400000000093428, "0.2": 5.200000000091791, "0.4": 2.400000000091154, "0.8": 1.300000000090904}, "time_to_second_spike": {"0.1": 22.70000000009577, "0.2": 13.700000000093723, "0.4": 9.300000000092723, "0.8": 6.900000000092177}, "AP_height": {"0.1": 22.475208400793747, "0.2": 25.862991747091975, "0.4": 30.5605250719781, "0.8": 33.083249683330145}, "AP_width": {"0.1": 0.8000000000001819, "0.2": 0.8000000000001819, "0.4": 0.8000000000001819, "0.8": 0.9000000000002046}, "AP_amplitude": {"0.1": 77.66217861384563, "0.2": 81.19048141753433, "0.4": 98.32186383267344, "0.8": 100.8445886248656}, "voltage_base": {"0.1": -67.76084893556894, "0.2": -67.76084893556894, "0.4": -67.76084893556894, "0.8": -67.76084893556894}}}}