{"BBP": {"L1_DLAC_cNAC187_2": {"mean_frequency": {"0.1": 41.583166332693594, "0.2": 63.509526429007536, "0.4": 94.3159584609079, "0.8": 141.77646410510113}, "ISI_CV": {"0.1": 0.04222041865513867, "0.2": 0.034068592490025494, "0.4": 0.017715254509702436, "0.8": 0.02890058386524955}, "time_to_first_spike": {"0.1": 7.0000000000922, "0.2": 3.7000000000914497, "0.4": 2.2000000000911086, "0.8": 1.300000000090904}, "time_to_second_spike": {"0.1": 28.300000000097043, "0.2": 16.90000000009445, "0.4": 11.00000000009311, "0.8": 7.700000000092359}, "AP_height": {"0.1": 14.538809694060442, "0.2": 19.60833238802616, "0.4": 21.089693791497997, "0.8": 23.62509629108663}, "AP_width": {"0.1": 0.7000000000001592, "0.2": 0.7000000000001592, "0.4": 0.7000000000001592, "0.8": 0.8000000000001819}, "AP_amplitude": {"0.1": 69.21191126324749, "0.2": 75.35693343718722, "0.4": 75.99735397937553, "0.8": 92.67864566256806}, "voltage_base": {"0.1": -69.05043318411602, "0.2": -69.05043318411602, "0.4": -69.05043318411602, "0.8": -69.05043318411602}}}, "NetPyNE": {"L1_DLAC_cNAC187_2": {"mean_frequency": {"0.1": 41.42250959792664, "0.2": 63.240313190165416, "0.4": 93.86607770310562, "0.8": 141.24010818400865}, "ISI_CV": {"0.1": 0.041487488794227485, "0.2": 0.032975349317568695, "0.4": 0.016645308466211674, "0.8": 0.030307947536889535}, "time_to_first_spike": {"0.1": 7.100000000092223, "0.2": 3.8000000000914724, "0.4": 2.2000000000911086, "0.8": 1.4000000000909267}, "time_to_second_spike": {"0.1": 28.50000000009709, "0.2": 17.100000000094496, "0.4": 11.100000000093132, "0.8": 7.900000000092405}, "AP_height": {"0.1": 15.33712823453942, "0.2": 19.54278194653715, "0.4": 20.259017529522076, "0.8": 23.672192276778066}, "AP_width": {"0.1": 0.7000000000001592, "0.2": 0.7000000000001592, "0.4": 0.8000000000001819, "0.8": 0.8000000000001819}, "AP_amplitude": {"0.1": 70.81121467680097, "0.2": 74.53932970959887, "0.4": 75.19907358193717, "0.8": 92.7257364002527}, "voltage_base": {"0.1": -69.05042793001215, "0.2": -69.05042793001215, "0.4": -69.05042793001215, "0.8": -69.05042793001215}}}}