{"BBP": {"L23_LBC_bAC217_4": {"mean_frequency": {"0.1": 5.231767290994399, "0.2": 10.116849613037356, "0.4": 14.62356915940682, "0.8": 21.649484536097045}, "ISI_CV": {"0.1": 0.2710015682621162, "0.2": 0.3071744793998673, "0.4": 0.320939171050806, "0.8": 0.38503748645459124}, "time_to_first_spike": {"0.1": 21.000000000095383, "0.2": 7.800000000092382, "0.4": 3.600000000091427, "0.8": 1.8000000000910177}, "time_to_second_spike": {"0.1": 72.100000000107, "0.2": 33.60000000009825, "0.4": 19.500000000095042, "0.8": 12.10000000009336}, "AP_height": {"0.1": 13.415602602828569, "0.2": 18.79077256339507, "0.4": 21.293503953038428, "0.8": 22.805774114067095}, "AP_width": {"0.1": 0.5000000000001137, "0.2": 0.6000000000001364, "0.4": 0.6000000000001364, "0.8": 0.6000000000001364}, "AP_amplitude": {"0.1": 69.40809259336103, "0.2": 74.6068523079987, "0.4": 76.38518950560747, "0.8": 94.21539638227682}, "voltage_base": {"0.1": -71.40671384425336, "0.2": -71.40671384425336, "0.4": -71.40671384425336, "0.8": -71.40671384425336}}}, "NetPyNE": {"L23_LBC_bAC217_4": {"mean_frequency": {"0.1": 5.165289256201821, "0.2": 10.090281465752868, "0.4": 14.5243282498282, "0.8": 20.226537216842182}, "ISI_CV": {"0.1": 0.26602838505084736, "0.2": 0.3161661998470258, "0.4": 0.3263216165299746, "0.8": 0.4755732980073997}, "time_to_first_spike": {"0.1": 21.20000000009543, "0.2": 7.900000000092405, "0.4": 3.7000000000914497, "0.8": 1.9000000000910404}, "time_to_second_spike": {"0.1": 72.60000000010712, "0.2": 33.900000000098316, "0.4": 19.80000000009511, "0.8": 12.300000000093405}, "AP_height": {"0.1": 10.481482250317393, "0.2": 17.908432486522482, "0.4": 19.451574717849876, "0.8": 26.77197847788515}, "AP_width": {"0.1": 0.6000000000001364, "0.2": 0.6000000000001364, "0.4": 0.6000000000001364, "0.8": 0.6000000000001364}, "AP_amplitude": {"0.1": 66.53871151226161, "0.2": 73.0661539595722, "0.4": 75.02257873096238, "0.8": 98.18159631983198}, "voltage_base": {"0.1": -71.40670940131297, "0.2": -71.40670940131297, "0.4": -71.40670940131297, "0.8": -71.40670940131297}}}}