{"BBP": {"L23_LBC_bNAC219_4": {"mean_frequency": {"0.1": 34.500253678359215, "0.2": 87.20493158929396, "0.4": 135.20280420640137, "0.8": 196.7754856800857}, "ISI_CV": {"0.1": 0.12018435627905431, "0.2": 0.02519248371200835, "0.4": 0.013756102205852388, "0.8": 0.012608705781835159}, "time_to_first_spike": {"0.1": 9.300000000092723, "0.2": 4.000000000091518, "0.4": 2.000000000091063, "0.8": 1.1000000000908585}, "time_to_second_spike": {"0.1": 23.200000000095883, "0.2": 13.20000000009361, "0.4": 8.900000000092632, "0.8": 6.700000000092132}, "AP_height": {"0.1": 10.840264051668996, "0.2": 16.303828226345857, "0.4": 16.926663310888333, "0.8": 20.75237457115334}, "AP_width": {"0.1": 0.7000000000001592, "0.2": 0.6000000000001364, "0.4": 0.7000000000001592, "0.8": 0.7000000000001592}, "AP_amplitude": {"0.1": 66.37922049490501, "0.2": 71.71095916704736, "0.4": 86.76035224555095, "0.8": 90.58606350373226}, "voltage_base": {"0.1": -69.8335686684348, "0.2": -69.8335686684348, "0.4": -69.8335686684348, "0.8": -69.8335686684348}}}, "NetPyNE": {"L23_LBC_bNAC219_4": {"mean_frequency": {"0.1": 34.42863652475624, "0.2": 86.7951033514537, "0.4": 134.21474358983482, "0.8": 194.9386118768551}, "ISI_CV": {"0.1": 0.1201380238437713, "0.2": 0.02525609180085098, "0.4": 0.01381668665405617, "0.8": 0.014099689264820432}, "time_to_first_spike": {"0.1": 9.400000000092746, "0.2": 4.100000000091541, "0.4": 2.000000000091063, "0.8": 1.2000000000908813}, "time_to_second_spike": {"0.1": 23.40000000009593, "0.2": 13.400000000093655, "0.4": 9.000000000092655, "0.8": 6.8000000000921546}, "AP_height": {"0.1": 10.451099418831907, "0.2": 15.35615512669712, "0.4": 18.848294149367415, "0.8": 21.073199894256256}, "AP_width": {"0.1": 0.6000000000001364, "0.2": 0.7000000000001592, "0.4": 0.6000000000001364, "0.8": 0.6000000000001364}, "AP_amplitude": {"0.1": 65.27812156036761, "0.2": 71.03047556651359, "0.4": 88.68198280310673, "0.8": 90.90688837940857}, "voltage_base": {"0.1": -69.8335682201948, "0.2": -69.8335682201948, "0.4": -69.8335682201948, "0.8": -69.8335682201948}}}}