{"BBP": {"L5_LBC_cNAC187_3": {"mean_frequency": {"0.1": 26.80558365366979, "0.2": 48.24605487992018, "0.4": 79.2019650108313, "0.8": 135.04051215373792}, "ISI_CV": {"0.1": 0.008102309885992098, "0.2": 0.01273581344506289, "0.4": 0.026541589222617967, "0.8": 0.08197349046369866}, "time_to_first_spike": {"0.1": 19.600000000095065, "0.2": 8.200000000092473, "0.4": 3.7000000000914497, "0.8": 1.9000000000910404}, "time_to_second_spike": {"0.1": 56.30000000010341, "0.2": 27.50000000009686, "0.4": 14.70000000009395, "0.8": 9.300000000092723}, "AP_height": {"0.1": 8.380918437339547, "0.2": 12.534977414211836, "0.4": 17.25371368368052, "0.8": 20.96951061406492}, "AP_width": {"0.1": 0.7000000000001592, "0.2": 0.7000000000001592, "0.4": 0.7000000000001592, "0.8": 0.7000000000001592}, "AP_amplitude": {"0.1": 62.899792750131866, "0.2": 68.3294552717987, "0.4": 72.79279477185484, "0.8": 89.2103847450329}, "voltage_base": {"0.1": -68.23832914890573, "0.2": -68.23832914890573, "0.4": -68.23832914890573, "0.8": -68.23832914890573}}}, "NetPyNE": {"L5_LBC_cNAC187_3": {"mean_frequency": {"0.1": 26.70967091671418, "0.2": 48.079330896011044, "0.4": 78.98178891241903, "0.8": 138.28589805444133}, "ISI_CV": {"0.1": 0.008102575179082477, "0.2": 0.013296275742365995, "0.4": 0.027776031492234735, "0.8": 0.11319603335209762}, "time_to_first_spike": {"0.1": 19.80000000009511, "0.2": 8.300000000092496, "0.4": 3.8000000000914724, "0.8": 2.000000000091063}, "time_to_second_spike": {"0.1": 56.60000000010348, "0.2": 27.700000000096907, "0.4": 14.800000000093974, "0.8": 9.500000000092768}, "AP_height": {"0.1": 8.60228872231297, "0.2": 11.557768975176542, "0.4": 16.697580909207, "0.8": 19.95494607191932}, "AP_width": {"0.1": 0.7000000000001592, "0.2": 0.7000000000001592, "0.4": 0.7000000000001592, "0.8": 0.8000000000001819}, "AP_amplitude": {"0.1": 63.10020161967406, "0.2": 66.78713652976519, "0.4": 71.0189275626297, "0.8": 88.19581635214182}, "voltage_base": {"0.1": -68.23832529422401, "0.2": -68.23832529422401, "0.4": -68.23832529422401, "0.8": -68.23832529422401}}}}