{"BBP": {"L1_SLAC_cACint209_1": {"mean_frequency": {"0.1": 20.710208617481328, "0.2": 33.62609786702409, "0.4": 66.03821142314304, "0.8": 127.02716272539631}, "ISI_CV": {"0.1": 0.27418959365202966, "0.2": 0.22402896389632623, "0.4": 0.15927056442318518, "0.8": 0.09359920162619985}, "time_to_first_spike": {"0.1": 8.000000000092427, "0.2": 4.100000000091541, "0.4": 2.3000000000911314, "0.8": 1.4000000000909267}, "time_to_second_spike": {"0.1": 22.600000000095747, "0.2": 14.400000000093883, "0.4": 10.100000000092905, "0.8": 7.500000000092314}, "AP_height": {"0.1": 28.176459686830892, "0.2": 30.847630500673752, "0.4": 32.07730710597538, "0.8": 36.29201001928604}, "AP_width": {"0.1": 0.8000000000001819, "0.2": 0.9000000000002046, "0.4": 0.9000000000002046, "0.8": 1.0000000000002274}, "AP_amplitude": {"0.1": 84.0412031013212, "0.2": 86.71875783144532, "0.4": 102.55025373310869, "0.8": 108.5445286482067}, "voltage_base": {"0.1": -72.25178565959976, "0.2": -72.25178565959976, "0.4": -72.25178565959976, "0.8": -72.25178565959976}}}, "NetPyNE": {"L1_SLAC_cACint209_1": {"mean_frequency": {"0.1": 20.65283094903678, "0.2": 33.60248758716361, "0.4": 66.09583896654635, "0.8": 126.71541620763897}, "ISI_CV": {"0.1": 0.2741219499297155, "0.2": 0.22381408587589774, "0.4": 0.15822394115500654, "0.8": 0.09163523023293933}, "time_to_first_spike": {"0.1": 8.10000000009245, "0.2": 4.200000000091563, "0.4": 2.400000000091154, "0.8": 1.5000000000909495}, "time_to_second_spike": {"0.1": 22.70000000009577, "0.2": 14.500000000093905, "0.4": 10.200000000092928, "0.8": 7.6000000000923364}, "AP_height": {"0.1": 26.59306423943542, "0.2": 32.05557986189328, "0.4": 34.106137108344065, "0.8": 33.57231135372794}, "AP_width": {"0.1": 0.9000000000002046, "0.2": 0.9000000000002046, "0.4": 0.9000000000002046, "0.8": 1.0000000000002274}, "AP_amplitude": {"0.1": 82.8879797788365, "0.2": 88.05661429611385, "0.4": 104.61806630079204, "0.8": 105.82482897241407}, "voltage_base": {"0.1": -72.25178465055525, "0.2": -72.25178465055525, "0.4": -72.25178465055525, "0.8": -72.25178465055525}}}}