{"BBP": {"L5_DBC_bNAC219_3": {"mean_frequency": {"0.1": 68.25938566544313, "0.2": 94.61353624355651, "0.4": 142.61409127311538, "0.8": 225.22522522425476}, "ISI_CV": {"0.1": 0.17772487833998263, "0.2": 0.012738440897773354, "0.4": 0.010193365834908572, "0.8": 0.07070908558961571}, "time_to_first_spike": {"0.1": 12.50000000009345, "0.2": 5.100000000091768, "0.4": 2.6000000000911996, "0.8": 1.5000000000909495}, "time_to_second_spike": {"0.1": 23.700000000095997, "0.2": 14.400000000093883, "0.4": 10.000000000092882, "0.8": 7.300000000092268}, "AP_height": {"0.1": -1.7629469373637594, "0.2": 9.310725901523538, "0.4": 13.431774479206416, "0.8": 15.381017849874306}, "AP_width": {"0.1": 0.6000000000001364, "0.2": 0.6000000000001364, "0.4": 0.6000000000001364, "0.8": 0.6000000000001364}, "AP_amplitude": {"0.1": 55.2095592590214, "0.2": 66.21306064698373, "0.4": 69.12297847887181, "0.8": 84.11572322603716}, "voltage_base": {"0.1": -68.7346203308269, "0.2": -68.7346203308269, "0.4": -68.7346203308269, "0.8": -68.7346203308269}}}, "NetPyNE": {"L5_DBC_bNAC219_3": {"mean_frequency": {"0.1": 68.7285223366828, "0.2": 94.68463503838909, "0.4": 142.47729895158426, "0.8": 222.2222222212768}, "ISI_CV": {"0.1": 0.173155973558946, "0.2": 0.012119224367967299, "0.4": 0.010257725938219631, "0.8": 0.06977254140962079}, "time_to_first_spike": {"0.1": 12.700000000093496, "0.2": 5.200000000091791, "0.4": 2.6000000000911996, "0.8": 1.5000000000909495}, "time_to_second_spike": {"0.1": 23.700000000095997, "0.2": 14.600000000093928, "0.4": 10.100000000092905, "0.8": 7.400000000092291}, "AP_height": {"0.1": -1.702430512412538, "0.2": 8.60836997222193, "0.4": 12.48028374684597, "0.8": 19.27289148918628}, "AP_width": {"0.1": 0.6000000000001364, "0.2": 0.6000000000001364, "0.4": 0.6000000000001364, "0.8": 0.6000000000001364}, "AP_amplitude": {"0.1": 55.14391829515396, "0.2": 65.01821759009802, "0.4": 67.26203193789915, "0.8": 88.00759675799361}, "voltage_base": {"0.1": -68.73462022298014, "0.2": -68.73462022298014, "0.4": -68.73462022298014, "0.8": -68.73462022298014}}}}