{"BBP": {"L23_DBC_cACint209_4": {"mean_frequency": {"0.1": 30.358227079559118, "0.2": 46.24277456650538, "0.4": 79.60747008466835, "0.8": 155.3495364571339}, "ISI_CV": {"0.1": 0.24951419181060597, "0.2": 0.2242670676813604, "0.4": 0.1813155611558926, "0.8": 0.08108744549309821}, "time_to_first_spike": {"0.1": 7.300000000092268, "0.2": 3.3000000000913587, "0.4": 1.700000000090995, "0.8": 0.900000000090813}, "time_to_second_spike": {"0.1": 20.10000000009518, "0.2": 12.400000000093428, "0.4": 8.400000000092518, "0.8": 6.200000000092018}, "AP_height": {"0.1": 29.46562761838875, "0.2": 33.167884003670565, "0.4": 35.41340662301453, "0.8": 39.01901487347595}, "AP_width": {"0.1": 0.9000000000002046, "0.2": 0.9000000000002046, "0.4": 0.9000000000002046, "0.8": 1.0000000000002274}, "AP_amplitude": {"0.1": 82.56961251490998, "0.2": 88.38208771609845, "0.4": 106.37545292313723, "0.8": 109.98106117096624}, "voltage_base": {"0.1": -70.96136976066275, "0.2": -70.96136976066275, "0.4": -70.96136976066275, "0.8": -70.96136976066275}}}, "NetPyNE": {"L23_DBC_cACint209_4": {"mean_frequency": {"0.1": 30.307622367045848, "0.2": 46.198654213147776, "0.4": 79.57957957963369, "0.8": 154.56955630044024}, "ISI_CV": {"0.1": 0.249763505956838, "0.2": 0.2241587888427667, "0.4": 0.18033155160182424, "0.8": 0.08019734146292888}, "time_to_first_spike": {"0.1": 7.500000000092314, "0.2": 3.4000000000913815, "0.4": 1.700000000090995, "0.8": 1.0000000000908358}, "time_to_second_spike": {"0.1": 20.300000000095224, "0.2": 12.600000000093473, "0.4": 8.600000000092564, "0.8": 6.300000000092041}, "AP_height": {"0.1": 28.305267951708142, "0.2": 34.447136202757314, "0.4": 35.5660551712659, "0.8": 36.353242432887185}, "AP_width": {"0.1": 0.9000000000002046, "0.2": 0.9000000000002046, "0.4": 0.9000000000002046, "0.8": 0.9000000000002046}, "AP_amplitude": {"0.1": 81.93579414917096, "0.2": 89.90083035699642, "0.4": 106.5281003633976, "0.8": 107.31528750234496}, "voltage_base": {"0.1": -70.9613685273234, "0.2": -70.9613685273234, "0.4": -70.9613685273234, "0.8": -70.9613685273234}}}}