{"BBP": {"L6_ChC_cNAC187_4": {"mean_frequency": {"0.1": 33.172496984340974, "0.2": 52.06247496999935, "0.4": 76.84966598026215, "0.8": 111.07219692807872}, "ISI_CV": {"0.1": 0.033295191205223666, "0.2": 0.03421145430162347, "0.4": 0.033316521186510344, "0.8": 0.023440272522721902}, "time_to_first_spike": {"0.1": 10.000000000092882, "0.2": 4.500000000091632, "0.4": 2.2000000000911086, "0.8": 1.2000000000908813}, "time_to_second_spike": {"0.1": 37.900000000099226, "0.2": 21.400000000095474, "0.4": 12.900000000093542, "0.8": 8.600000000092564}, "AP_height": {"0.1": 23.103252932191438, "0.2": 24.68592630765646, "0.4": 29.064934165252705, "0.8": 30.92652875081068}, "AP_width": {"0.1": 0.7000000000001592, "0.2": 0.7000000000001592, "0.4": 0.8000000000001819, "0.8": 0.8000000000001819}, "AP_amplitude": {"0.1": 75.666870011567, "0.2": 77.59918822324018, "0.4": 83.90871001214107, "0.8": 99.16903566805033}, "voltage_base": {"0.1": -68.23994463388209, "0.2": -68.23994463388209, "0.4": -68.23994463388209, "0.8": -68.23994463388209}}}, "NetPyNE": {"L6_ChC_cNAC187_4": {"mean_frequency": {"0.1": 33.107599699044314, "0.2": 51.98344604828395, "0.4": 76.66482938322592, "0.8": 110.72699033025211}, "ISI_CV": {"0.1": 0.03295751190032955, "0.2": 0.03328086986625207, "0.4": 0.032215471748530074, "0.8": 0.022043140220177098}, "time_to_first_spike": {"0.1": 10.100000000092905, "0.2": 4.600000000091654, "0.4": 2.3000000000911314, "0.8": 1.300000000090904}, "time_to_second_spike": {"0.1": 38.10000000009927, "0.2": 21.500000000095497, "0.4": 13.000000000093564, "0.8": 8.700000000092587}, "AP_height": {"0.1": 22.900725668531305, "0.2": 22.46718779019129, "0.4": 27.02064212442601, "0.8": 27.913903585913964}, "AP_width": {"0.1": 0.7000000000001592, "0.2": 0.8000000000001819, "0.4": 0.7000000000001592, "0.8": 0.8000000000001819}, "AP_amplitude": {"0.1": 75.81114081549055, "0.2": 75.66975777672415, "0.4": 81.93119157310781, "0.8": 96.15640609063666}, "voltage_base": {"0.1": -68.23994021587174, "0.2": -68.23994021587174, "0.4": -68.23994021587174, "0.8": -68.23994021587174}}}}