{"BBP": {"L6_NGC_cNAC187_3": {"mean_frequency": {"0.1": 47.4867390755563, "0.2": 72.85699929660258, "0.4": 110.51105110518566, "0.8": 196.07843137211736}, "ISI_CV": {"0.1": 0.022071947139549387, "0.2": 0.01286001870502611, "0.4": 0.021217780380778827, "0.8": 0.06152910025731606}, "time_to_first_spike": {"0.1": 6.600000000092109, "0.2": 3.600000000091427, "0.4": 2.100000000091086, "0.8": 1.300000000090904}, "time_to_second_spike": {"0.1": 25.700000000096452, "0.2": 15.500000000094133, "0.4": 10.200000000092928, "0.8": 7.2000000000922455}, "AP_height": {"0.1": 12.100325510979374, "0.2": 14.783435452014672, "0.4": 17.282044697009578, "0.8": 21.03783140647226}, "AP_width": {"0.1": 0.8000000000001819, "0.2": 0.8000000000001819, "0.4": 0.8000000000001819, "0.8": 0.8000000000001819}, "AP_amplitude": {"0.1": 67.18073598913976, "0.2": 69.1560697001606, "0.4": 86.12722505814133, "0.8": 89.88301176575027}, "voltage_base": {"0.1": -68.84233875813969, "0.2": -68.84233875813969, "0.4": -68.84233875813969, "0.8": -68.84233875813969}}}, "NetPyNE": {"L6_NGC_cNAC187_3": {"mean_frequency": {"0.1": 47.33608621213806, "0.2": 72.60164229926826, "0.4": 110.20939785600116, "0.8": 195.59902200441218}, "ISI_CV": {"0.1": 0.0212615048081289, "0.2": 0.01209625411648159, "0.4": 0.022532192239838145, "0.8": 0.054163396028939645}, "time_to_first_spike": {"0.1": 6.700000000092132, "0.2": 3.7000000000914497, "0.4": 2.2000000000911086, "0.8": 1.300000000090904}, "time_to_second_spike": {"0.1": 25.900000000096497, "0.2": 15.600000000094155, "0.4": 10.400000000092973, "0.8": 7.300000000092268}, "AP_height": {"0.1": 11.394438208467824, "0.2": 15.301314567407095, "0.4": 18.226800101903752, "0.8": 20.04047640865874}, "AP_width": {"0.1": 0.8000000000001819, "0.2": 0.8000000000001819, "0.4": 0.9000000000002046, "0.8": 0.8000000000001819}, "AP_amplitude": {"0.1": 65.97891430475676, "0.2": 70.02144153239121, "0.4": 72.47633251214914, "0.8": 88.88565208885609}, "voltage_base": {"0.1": -68.84233407376101, "0.2": -68.84233407376101, "0.4": -68.84233407376101, "0.8": -68.84233407376101}}}}