{"BBP": {"L6_NGC_cNAC187_1": {"mean_frequency": {"0.1": 47.60473040692752, "0.2": 73.19396400466195, "0.4": 111.26146444151298, "0.8": 195.31249999960994}, "ISI_CV": {"0.1": 0.020643639042813827, "0.2": 0.012163404331481071, "0.4": 0.02192570455884398, "0.8": 0.06089365798514639}, "time_to_first_spike": {"0.1": 6.600000000092109, "0.2": 3.600000000091427, "0.4": 2.100000000091086, "0.8": 1.300000000090904}, "time_to_second_spike": {"0.1": 25.60000000009643, "0.2": 15.300000000094087, "0.4": 10.200000000092928, "0.8": 7.100000000092223}, "AP_height": {"0.1": 11.83010540866249, "0.2": 15.688041624513716, "0.4": 18.4010958560127, "0.8": 20.476924510873395}, "AP_width": {"0.1": 0.8000000000001819, "0.2": 0.8000000000001819, "0.4": 0.8000000000001819, "0.8": 0.9000000000002046}, "AP_amplitude": {"0.1": 67.00073982182988, "0.2": 70.98049011157477, "0.4": 87.22687191292677, "0.8": 89.3027005659072}, "voltage_base": {"0.1": -68.82294814131177, "0.2": -68.82294814131177, "0.4": -68.82294814131177, "0.8": -68.82294814131177}}}, "NetPyNE": {"L6_NGC_cNAC187_1": {"mean_frequency": {"0.1": 47.4723498813513, "0.2": 72.9559748428168, "0.4": 110.96605744132862, "0.8": 195.65217391261362}, "ISI_CV": {"0.1": 0.019803962942270097, "0.2": 0.011264119492452016, "0.4": 0.02343917374837291, "0.8": 0.06060812379538581}, "time_to_first_spike": {"0.1": 6.700000000092132, "0.2": 3.7000000000914497, "0.4": 2.2000000000911086, "0.8": 1.300000000090904}, "time_to_second_spike": {"0.1": 25.900000000096497, "0.2": 15.500000000094133, "0.4": 10.30000000009295, "0.8": 7.2000000000922455}, "AP_height": {"0.1": 10.98644282082724, "0.2": 15.43741111999227, "0.4": 17.624343632790666, "0.8": 21.076498697469457}, "AP_width": {"0.1": 0.8000000000001819, "0.2": 0.8000000000001819, "0.4": 0.8000000000001819, "0.8": 0.8000000000001819}, "AP_amplitude": {"0.1": 65.68403234100548, "0.2": 69.95568856245721, "0.4": 86.45011500522106, "0.8": 89.90227011115364}, "voltage_base": {"0.1": -68.82294349471141, "0.2": -68.82294349471141, "0.4": -68.82294349471141, "0.8": -68.82294349471141}}}}