{"BBP": {"L23_NGC_bNAC219_4": {"mean_frequency": {"0.1": 30.53358694566096, "0.2": 82.67775717798874, "0.4": 144.608456342355, "0.8": 234.37499999828762}, "ISI_CV": {"0.1": 0.14355409864114357, "0.2": 0.02626346607335559, "0.4": 0.018147353305884423, "0.8": 0}, "time_to_first_spike": {"0.1": 13.100000000093587, "0.2": 6.200000000092018, "0.4": 3.1000000000913133, "0.8": 1.700000000090995}, "time_to_second_spike": {"0.1": 27.50000000009686, "0.2": 15.900000000094224, "0.4": 10.600000000093019, "0.8": 7.700000000092359}, "AP_height": {"0.1": 0.7196020206868414, "0.2": 4.281541726342677, "0.4": 8.567915049112589, "0.8": 11.015344911894694}, "AP_width": {"0.1": 0.8000000000001819, "0.2": 0.7000000000001592, "0.4": 0.7000000000001592, "0.8": 0.8000000000001819}, "AP_amplitude": {"0.1": 55.83891522215367, "0.2": 60.14993792551233, "0.4": 63.59393304011597, "0.8": 80.89284919729326}, "voltage_base": {"0.1": -69.87738234989459, "0.2": -69.87738234989459, "0.4": -69.87738234989459, "0.8": -69.87738234989459}}}, "NetPyNE": {"L23_NGC_bNAC219_4": {"mean_frequency": {"0.1": 30.53358694566096, "0.2": 82.60738960654459, "0.4": 144.10087060952458, "0.8": 230.76923076756987}, "ISI_CV": {"0.1": 0.1434066874404125, "0.2": 0.02582266677273552, "0.4": 0.01757890074282668, "0.8": 0}, "time_to_first_spike": {"0.1": 13.20000000009361, "0.2": 6.200000000092018, "0.4": 3.200000000091336, "0.8": 1.8000000000910177}, "time_to_second_spike": {"0.1": 27.600000000096884, "0.2": 16.000000000094246, "0.4": 10.700000000093041, "0.8": 7.800000000092382}, "AP_height": {"0.1": 0.3750775613042889, "0.2": 3.9805089245363887, "0.4": 9.413160158676455, "0.8": 13.19737557863864}, "AP_width": {"0.1": 0.8000000000001819, "0.2": 0.7000000000001592, "0.4": 0.8000000000001819, "0.8": 0.7000000000001592}, "AP_amplitude": {"0.1": 56.10943699197868, "0.2": 58.9351946274069, "0.4": 64.69009491528102, "0.8": 83.0748796853291}, "voltage_base": {"0.1": -69.87738217034281, "0.2": -69.87738217034281, "0.4": -69.87738217034281, "0.8": -69.87738217034281}}}}