{"BBP": {"L4_SBC_dNAC222_1": {"mean_frequency": {"0.1": 47.03292304616427, "0.2": 67.52670832498029, "0.4": 94.75109038959664, "0.8": 136.54096228877947}, "ISI_CV": {"0.1": 0.10216449019117277, "0.2": 0.09525144640017347, "0.4": 0.08127089800562312, "0.8": 0.04538013074831453}, "time_to_first_spike": {"0.1": 3.200000000091336, "0.2": 1.8000000000910177, "0.4": 1.1000000000908585, "0.8": 0.7000000000907676}, "time_to_second_spike": {"0.1": 19.300000000094997, "0.2": 12.200000000093382, "0.4": 8.500000000092541, "0.8": 6.400000000092064}, "AP_height": {"0.1": 29.233004605410155, "0.2": 30.99259933606859, "0.4": 34.72615963570108, "0.8": 37.26894943963877}, "AP_width": {"0.1": 0.7000000000001592, "0.2": 0.7000000000001592, "0.4": 0.7000000000001592, "0.8": 0.8000000000001819}, "AP_amplitude": {"0.1": 84.91479300882519, "0.2": 100.5217212777416, "0.4": 105.82113690299772, "0.8": 108.36392670409779}, "voltage_base": {"0.1": -71.09118543579875, "0.2": -71.09118543579875, "0.4": -71.09118543579875, "0.8": -71.09118543579875}}}, "NetPyNE": {"L4_SBC_dNAC222_1": {"mean_frequency": {"0.1": 46.95546804001971, "0.2": 67.34006734011305, "0.4": 94.50560498674288, "0.8": 136.0068003401095}, "ISI_CV": {"0.1": 0.10154079098704782, "0.2": 0.09415657599670714, "0.4": 0.07992635778052991, "0.8": 0.04332416919876784}, "time_to_first_spike": {"0.1": 3.200000000091336, "0.2": 1.8000000000910177, "0.4": 1.1000000000908585, "0.8": 0.7000000000907676}, "time_to_second_spike": {"0.1": 19.40000000009502, "0.2": 12.300000000093405, "0.4": 8.700000000092587, "0.8": 6.500000000092086}, "AP_height": {"0.1": 31.889680195774634, "0.2": 34.28472779904358, "0.4": 34.677234478210835, "0.8": 33.01921673614306}, "AP_width": {"0.1": 0.7000000000001592, "0.2": 0.7000000000001592, "0.4": 0.8000000000001819, "0.8": 0.8000000000001819}, "AP_amplitude": {"0.1": 86.49930968735795, "0.2": 103.83514251477754, "0.4": 105.77220353914957, "0.8": 104.1141858099227}, "voltage_base": {"0.1": -71.09117722589986, "0.2": -71.09117722589986, "0.4": -71.09117722589986, "0.8": -71.09117722589986}}}}