{"BBP": {"L5_MC_dNAC222_5": {"mean_frequency": {"0.1": 0, "0.2": 47.30035726868807, "0.4": 86.50865086514534, "0.8": 145.92933947780216}, "ISI_CV": {"0.1": 0, "0.2": 0.03804916551955186, "0.4": 0.037181349275570104, "0.8": 0.11955639946449977}, "time_to_first_spike": {"0.1": 0, "0.2": 10.500000000092996, "0.4": 4.300000000091586, "0.8": 2.100000000091086}, "time_to_second_spike": {"0.1": 0, "0.2": 32.000000000097884, "0.4": 14.800000000093974, "0.8": 9.300000000092723}, "AP_height": {"0.1": 0, "0.2": 10.172443867587281, "0.4": 16.132275906435623, "0.8": 19.621308827883947}, "AP_width": {"0.1": 0, "0.2": 0.6000000000001364, "0.4": 0.7000000000001592, "0.8": 0.8000000000001819}, "AP_amplitude": {"0.1": 0, "0.2": 65.97784143707155, "0.4": 71.15979914087202, "0.8": 93.40794873723286}, "voltage_base": {"0.1": -73.78233437895399, "0.2": -73.78233437895399, "0.4": -73.78233437895399, "0.8": -73.78233437895399}}}, "NetPyNE": {"L5_MC_dNAC222_5": {"mean_frequency": {"0.1": 0, "0.2": 47.09182906671203, "0.4": 86.15939488058754, "0.8": 144.61852229542552}, "ISI_CV": {"0.1": 0, "0.2": 0.039329045792178594, "0.4": 0.03853124069139413, "0.8": 0.11886225373446853}, "time_to_first_spike": {"0.1": 0, "0.2": 10.700000000093041, "0.4": 4.400000000091609, "0.8": 2.2000000000911086}, "time_to_second_spike": {"0.1": 0, "0.2": 32.400000000097975, "0.4": 15.000000000094019, "0.8": 9.500000000092768}, "AP_height": {"0.1": 0, "0.2": 8.244396563556737, "0.4": 15.650522823963334, "0.8": 20.37210612599351}, "AP_width": {"0.1": 0, "0.2": 0.7000000000001592, "0.4": 0.7000000000001592, "0.8": 0.7000000000001592}, "AP_amplitude": {"0.1": 0, "0.2": 63.96995495248976, "0.4": 71.17591040746626, "0.8": 94.15873809957532}, "voltage_base": {"0.1": -73.78232641636038, "0.2": -73.78232641636038, "0.4": -73.78232641636038, "0.8": -73.78232641636038}}}}