{"BBP": {"L4_BP_dSTUT214_2": {"mean_frequency": {"0.1": 67.09039548027148, "0.2": 100.66105769237612, "0.4": 149.11183387550793, "0.8": 278.41762643984873}, "ISI_CV": {"0.1": 0.07475155849653428, "0.2": 0.04787835705598173, "0.4": 0.02052358636824719, "0.8": 0.07003411841056388}, "time_to_first_spike": {"0.1": 2.100000000091086, "0.2": 1.2000000000908813, "0.4": 0.7000000000907676, "0.8": 0.5000000000907221}, "time_to_second_spike": {"0.1": 14.500000000093905, "0.2": 9.100000000092678, "0.4": 6.8000000000921546, "0.8": 5.3000000000918135}, "AP_height": {"0.1": 29.767772563698845, "0.2": 35.920168865458486, "0.4": 35.2385030743637, "0.8": 32.67657398199326}, "AP_width": {"0.1": 0.7000000000001592, "0.2": 0.7000000000001592, "0.4": 0.7000000000001592, "0.8": 0.8000000000001819}, "AP_amplitude": {"0.1": 104.04027630374503, "0.2": 110.64021329787263, "0.4": 109.35836625997976, "0.8": 106.88975236688955}, "voltage_base": {"0.1": -73.81542899749829, "0.2": -73.81542899749829, "0.4": -73.81542899749829, "0.8": -73.81542899749829}}}, "NetPyNE": {"L4_BP_dSTUT214_2": {"mean_frequency": {"0.1": 67.49949627246167, "0.2": 100.74178027272282, "0.4": 148.6486486487497, "0.8": 274.7885279545389}, "ISI_CV": {"0.1": 0.06262728699108984, "0.2": 0.04324484315329124, "0.4": 0.019962784541386176, "0.8": 0.06570480701523539}, "time_to_first_spike": {"0.1": 2.100000000091086, "0.2": 1.2000000000908813, "0.4": 0.8000000000907903, "0.8": 0.5000000000907221}, "time_to_second_spike": {"0.1": 13.400000000093655, "0.2": 9.2000000000927, "0.4": 6.900000000092177, "0.8": 5.3000000000918135}, "AP_height": {"0.1": 30.165383240158462, "0.2": 33.38801953332286, "0.4": 32.16981805683227, "0.8": 36.591332998022274}, "AP_width": {"0.1": 0.7000000000001592, "0.2": 0.7000000000001592, "0.4": 0.7000000000001592, "0.8": 0.8000000000001819}, "AP_amplitude": {"0.1": 104.3083337113909, "0.2": 107.53096998062506, "0.4": 106.31276851293019, "0.8": 110.73428341982094}, "voltage_base": {"0.1": -74.14073685699692, "0.2": -74.14073685699692, "0.4": -74.14073685699692, "0.8": -74.14073685699692}}}}