{"BBP": {"L5_DBC_bNAC219_5": {"mean_frequency": {"0.1": 17.833486191798457, "0.2": 54.13262493111793, "0.4": 97.34557679769772, "0.8": 149.00000000010132}, "ISI_CV": {"0.1": 0.19219006859379092, "0.2": 0.042664285086296896, "0.4": 0.01847980095416073, "0.8": 0.013462307762545507}, "time_to_first_spike": {"0.1": 17.60000000009461, "0.2": 7.700000000092359, "0.4": 3.8000000000914724, "0.8": 2.100000000091086}, "time_to_second_spike": {"0.1": 40.90000000009991, "0.2": 20.90000000009536, "0.4": 12.800000000093519, "0.8": 8.900000000092632}, "AP_height": {"0.1": 3.91334280251616, "0.2": 8.379904697103486, "0.4": 12.712164029815973, "0.8": 15.106634931319494}, "AP_width": {"0.1": 0.6000000000001364, "0.2": 0.6000000000001364, "0.4": 0.7000000000001592, "0.8": 0.7000000000001592}, "AP_amplitude": {"0.1": 58.24531244655136, "0.2": 63.89713477761923, "0.4": 67.7654028702996, "0.8": 85.42704765279503}, "voltage_base": {"0.1": -70.32029736191062, "0.2": -70.32029736191062, "0.4": -70.32029736191062, "0.8": -70.32029736191062}}}, "NetPyNE": {"L5_DBC_bNAC219_5": {"mean_frequency": {"0.1": 17.787264318759807, "0.2": 53.99949533185594, "0.4": 96.89241427789099, "0.8": 148.23717948728026}, "ISI_CV": {"0.1": 0.1920175137946375, "0.2": 0.04244509466918877, "0.4": 0.01800610726781942, "0.8": 0.01360153452438155}, "time_to_first_spike": {"0.1": 17.700000000094633, "0.2": 7.800000000092382, "0.4": 3.900000000091495, "0.8": 2.100000000091086}, "time_to_second_spike": {"0.1": 41.10000000009995, "0.2": 21.000000000095383, "0.4": 12.900000000093542, "0.8": 9.000000000092655}, "AP_height": {"0.1": 2.815447592484008, "0.2": 8.18864001405927, "0.4": 12.302686604952315, "0.8": 15.154508504173213}, "AP_width": {"0.1": 0.6000000000001364, "0.2": 0.7000000000001592, "0.4": 0.7000000000001592, "0.8": 0.7000000000001592}, "AP_amplitude": {"0.1": 56.56574264583742, "0.2": 63.02737461127549, "0.4": 67.56586846115329, "0.8": 85.47492111253497}, "voltage_base": {"0.1": -70.32029724810482, "0.2": -70.32029724810482, "0.4": -70.32029724810482, "0.8": -70.32029724810482}}}}