{"BBP": {"L23_NGC_cACint209_2": {"mean_frequency": {"0.1": 23.307661126890526, "0.2": 36.27204030229161, "0.4": 61.278818624784186, "0.8": 111.50557527883977}, "ISI_CV": {"0.1": 0.2434962644001367, "0.2": 0.23250813463948594, "0.4": 0.1905942379152436, "0.8": 0.13642020821772416}, "time_to_first_spike": {"0.1": 20.800000000095338, "0.2": 7.800000000092382, "0.4": 3.8000000000914724, "0.8": 2.000000000091063}, "time_to_second_spike": {"0.1": 38.70000000009941, "0.2": 19.700000000095088, "0.4": 12.600000000093473, "0.8": 8.600000000092564}, "AP_height": {"0.1": 16.93146496046705, "0.2": 24.905018237338115, "0.4": 30.02500322089974, "0.8": 32.747266416681974}, "AP_width": {"0.1": 0.9000000000002046, "0.2": 0.8000000000001819, "0.4": 0.9000000000002046, "0.8": 1.0000000000002274}, "AP_amplitude": {"0.1": 67.63514986109111, "0.2": 77.99250141901732, "0.4": 84.51392413251708, "0.8": 104.08749226931965}, "voltage_base": {"0.1": -71.3396176475607, "0.2": -71.3396176475607, "0.4": -71.3396176475607, "0.8": -71.3396176475607}}}, "NetPyNE": {"L23_NGC_cACint209_2": {"mean_frequency": {"0.1": 23.304118749699146, "0.2": 36.32144478638391, "0.4": 61.5105374609674, "0.8": 112.04341054120053}, "ISI_CV": {"0.1": 0.24339809847018995, "0.2": 0.23234469358324394, "0.4": 0.18934054821242718, "0.8": 0.1337604104724507}, "time_to_first_spike": {"0.1": 20.90000000009536, "0.2": 7.900000000092405, "0.4": 3.900000000091495, "0.8": 2.100000000091086}, "time_to_second_spike": {"0.1": 38.90000000009945, "0.2": 19.900000000095133, "0.4": 12.700000000093496, "0.8": 8.80000000009261}, "AP_height": {"0.1": 16.901514077336387, "0.2": 25.289971766063534, "0.4": 29.33397733119354, "0.8": 33.1789080804098}, "AP_width": {"0.1": 0.9000000000002046, "0.2": 0.9000000000002046, "0.4": 0.9000000000002046, "0.8": 0.9000000000002046}, "AP_amplitude": {"0.1": 66.91573657162286, "0.2": 78.98715700192245, "0.4": 82.95790118347122, "0.8": 104.51913284546232}, "voltage_base": {"0.1": -71.33961654457181, "0.2": -71.33961654457181, "0.4": -71.33961654457181, "0.8": -71.33961654457181}}}}