{"BBP": {"L6_TPC_L1_cADpyr231_5": {"mean_frequency": {"0.1": 0, "0.2": 3.259452411996937, "0.4": 7.54472946756266, "0.8": 11.972930765234475}, "ISI_CV": {"0.1": 0, "0.2": 0.1111272166303608, "0.4": 0.3345869795409453, "0.8": 0.3071859529388049}, "time_to_first_spike": {"0.1": 0, "0.2": 50.50000000010209, "0.4": 11.300000000093178, "0.8": 3.900000000091495}, "time_to_second_spike": {"0.1": 0, "0.2": 200.60000000013622, "0.4": 38.40000000009934, "0.8": 19.300000000094997}, "AP_height": {"0.1": 0, "0.2": 27.67772066483694, "0.4": 34.60346945415561, "0.8": 39.6466953553861}, "AP_width": {"0.1": 0, "0.2": 1.1000000000002501, "0.4": 1.1000000000002501, "0.8": 1.3000000000002956}, "AP_amplitude": {"0.1": 0, "0.2": 79.41001212367917, "0.4": 87.9034653507464, "0.8": 111.5868482283106}, "voltage_base": {"0.1": -71.93998517515948, "0.2": -71.93998517515948, "0.4": -71.93998517515948, "0.8": -71.93998517515948}}}, "NetPyNE": {"L6_TPC_L1_cADpyr231_5": {"mean_frequency": {"0.1": 0, "0.2": 3.2504469364559108, "0.4": 7.521220586660192, "0.8": 11.899834437094091}, "ISI_CV": {"0.1": 0, "0.2": 0.1103259608644603, "0.4": 0.3339084962132425, "0.8": 0.3057001762356125}, "time_to_first_spike": {"0.1": 0, "0.2": 50.80000000010216, "0.4": 11.500000000093223, "0.8": 3.900000000091495}, "time_to_second_spike": {"0.1": 0, "0.2": 201.30000000013638, "0.4": 38.50000000009936, "0.8": 19.500000000095042}, "AP_height": {"0.1": 0, "0.2": 28.015337275631214, "0.4": 33.30866515330717, "0.8": 39.33556894578845}, "AP_width": {"0.1": 0, "0.2": 1.2000000000002728, "0.4": 1.2000000000002728, "0.8": 1.2000000000002728}, "AP_amplitude": {"0.1": 0, "0.2": 79.7991967725272, "0.4": 86.19961892549725, "0.8": 93.63358392707701}, "voltage_base": {"0.1": -71.93998479765172, "0.2": -71.93998479765172, "0.4": -71.93998479765172, "0.8": -71.93998479765172}}}}