{"BBP": {"L6_MC_cACint209_1": {"mean_frequency": {"0.1": 27.911697538714648, "0.2": 45.664391810548885, "0.4": 99.56471706616065, "0.8": 212.05301325345752}, "ISI_CV": {"0.1": 0.23216521509296756, "0.2": 0.18509524688875528, "0.4": 0.09029479884221846, "0.8": 0.0187779593337906}, "time_to_first_spike": {"0.1": 13.500000000093678, "0.2": 6.200000000092018, "0.4": 2.900000000091268, "0.8": 1.6000000000909722}, "time_to_second_spike": {"0.1": 27.10000000009677, "0.2": 16.000000000094246, "0.4": 10.700000000093041, "0.8": 7.800000000092382}, "AP_height": {"0.1": 22.241945535419468, "0.2": 27.44746668437839, "0.4": 29.463297306130407, "0.8": 32.63482566401133}, "AP_width": {"0.1": 0.8000000000001819, "0.2": 0.8000000000001819, "0.4": 0.9000000000002046, "0.8": 0.9000000000002046}, "AP_amplitude": {"0.1": 79.30404068121796, "0.2": 83.29205580112705, "0.4": 85.52462849725484, "0.8": 103.2993511639824}, "voltage_base": {"0.1": -70.66393504792076, "0.2": -70.66393504792076, "0.4": -70.66393504792076, "0.8": -70.66393504792076}}}, "NetPyNE": {"L6_MC_cACint209_1": {"mean_frequency": {"0.1": 27.85938608045651, "0.2": 45.588898351816965, "0.4": 99.614556740319, "0.8": 209.0731756116062}, "ISI_CV": {"0.1": 0.23228664098011537, "0.2": 0.18497883053275213, "0.4": 0.08943193696805084, "0.8": 0.01731114855212077}, "time_to_first_spike": {"0.1": 13.6000000000937, "0.2": 6.300000000092041, "0.4": 3.0000000000912905, "0.8": 1.6000000000909722}, "time_to_second_spike": {"0.1": 27.300000000096816, "0.2": 16.200000000094292, "0.4": 10.900000000093087, "0.8": 7.900000000092405}, "AP_height": {"0.1": 22.704515320046056, "0.2": 26.01473492400317, "0.4": 32.282063582374036, "0.8": 35.00671233215946}, "AP_width": {"0.1": 0.8000000000001819, "0.2": 0.9000000000002046, "0.4": 0.9000000000002046, "0.8": 0.9000000000002046}, "AP_amplitude": {"0.1": 79.3843400583481, "0.2": 82.64041732136855, "0.4": 88.48233400459434, "0.8": 105.67123693031067}, "voltage_base": {"0.1": -70.66393413828645, "0.2": -70.66393413828645, "0.4": -70.66393413828645, "0.8": -70.66393413828645}}}}