{"BBP": {"L5_DBC_bSTUT213_1": {"mean_frequency": {"0.1": 0, "0.2": 10.387991481853957, "0.4": 75.43374402821313, "0.8": 129.50647532385426}, "ISI_CV": {"0.1": 0, "0.2": 0.5302279702382531, "0.4": 0.03703752433866559, "0.8": 0.01367291153874244}, "time_to_first_spike": {"0.1": 0, "0.2": 14.30000000009386, "0.4": 5.400000000091836, "0.8": 2.7000000000912223}, "time_to_second_spike": {"0.1": 0, "0.2": 39.40000000009957, "0.4": 15.500000000094133, "0.8": 10.000000000092882}, "AP_height": {"0.1": 0, "0.2": 3.3819315472127993, "0.4": 10.9313603766187, "0.8": 15.934771804826209}, "AP_width": {"0.1": 0, "0.2": 0.7000000000001592, "0.4": 0.7000000000001592, "0.8": 0.7000000000001592}, "AP_amplitude": {"0.1": 0, "0.2": 58.522567120019566, "0.4": 66.6658207931866, "0.8": 91.23213205543152}, "voltage_base": {"0.1": -75.40284138194689, "0.2": -75.40284138194689, "0.4": -75.40284138194689, "0.8": -75.40284138194689}}}, "NetPyNE": {"L5_DBC_bSTUT213_1": {"mean_frequency": {"0.1": 0, "0.2": 8.817427385898037, "0.4": 74.61939102569174, "0.8": 128.4044740934814}, "ISI_CV": {"0.1": 0, "0.2": 0.11643367740191389, "0.4": 0.022714001538081164, "0.8": 0.011547037590294637}, "time_to_first_spike": {"0.1": 0, "0.2": 15.300000000094087, "0.4": 5.500000000091859, "0.8": 2.800000000091245}, "time_to_second_spike": {"0.1": 0, "0.2": 39.60000000009961, "0.4": 16.000000000094246, "0.8": 10.100000000092905}, "AP_height": {"0.1": 0, "0.2": 2.746471757261748, "0.4": 10.657857362827611, "0.8": 15.573740453115304}, "AP_width": {"0.1": 0, "0.2": 0.7000000000001592, "0.4": 0.7000000000001592, "0.8": 0.7000000000001592}, "AP_amplitude": {"0.1": 0, "0.2": 57.07675316026193, "0.4": 66.27717417310743, "0.8": 90.97898439711672}, "voltage_base": {"0.1": -75.40520525307664, "0.2": -75.40520525307664, "0.4": -75.40520525307664, "0.8": -75.40520525307664}}}}