{"BBP": {"L23_ChC_dNAC222_3": {"mean_frequency": {"0.1": 0, "0.2": 39.87079842538284, "0.4": 75.57935832629394, "0.8": 114.23990379805339}, "ISI_CV": {"0.1": 0, "0.2": 0.028238947073200998, "0.4": 0.013891538406480143, "0.8": 0.01499089941101853}, "time_to_first_spike": {"0.1": 0, "0.2": 9.300000000092723, "0.4": 3.4000000000913815, "0.8": 1.8000000000910177}, "time_to_second_spike": {"0.1": 0, "0.2": 35.6000000000987, "0.4": 14.900000000093996, "0.8": 9.300000000092723}, "AP_height": {"0.1": 0, "0.2": 11.633609441665937, "0.4": 20.203853345593835, "0.8": 25.628818924603127}, "AP_width": {"0.1": 0, "0.2": 0.7000000000001592, "0.4": 0.8000000000001819, "0.8": 0.7000000000001592}, "AP_amplitude": {"0.1": 0, "0.2": 62.37236222291258, "0.4": 74.13211053190119, "0.8": 98.77201864985251}, "voltage_base": {"0.1": -73.13887987393049, "0.2": -73.13887987393049, "0.4": -73.13887987393049, "0.8": -73.13887987393049}}}, "NetPyNE": {"L23_ChC_dNAC222_3": {"mean_frequency": {"0.1": 0, "0.2": 39.66859151396116, "0.4": 75.3163285800873, "0.8": 113.72745490989693}, "ISI_CV": {"0.1": 0, "0.2": 0.029618684039145853, "0.4": 0.013455555347220014, "0.8": 0.015769791899979423}, "time_to_first_spike": {"0.1": 0, "0.2": 9.2000000000927, "0.4": 3.500000000091404, "0.8": 1.8000000000910177}, "time_to_second_spike": {"0.1": 0, "0.2": 35.80000000009875, "0.4": 15.100000000094042, "0.8": 9.500000000092768}, "AP_height": {"0.1": 0, "0.2": 11.931626423992425, "0.4": 22.519924675560315, "0.8": 23.797061918633766}, "AP_width": {"0.1": 0, "0.2": 0.6000000000001364, "0.4": 0.7000000000001592, "0.8": 0.8000000000001819}, "AP_amplitude": {"0.1": 0, "0.2": 61.59868154678559, "0.4": 76.63657656617691, "0.8": 96.9402527999157}, "voltage_base": {"0.1": -73.13887100299331, "0.2": -73.13887100299331, "0.4": -73.13887100299331, "0.8": -73.13887100299331}}}}