{"BBP": {"L4_BP_bNAC219_3": {"mean_frequency": {"0.1": 112.15140439601075, "0.2": 154.20046059888324, "0.4": 206.73774841081283, "0.8": 272.1632979789723}, "ISI_CV": {"0.1": 0.050195442606455386, "0.2": 0.02254088046413576, "0.4": 0.011358222228817334, "0.8": 0.011138044792685292}, "time_to_first_spike": {"0.1": 1.6000000000909722, "0.2": 1.0000000000908358, "0.4": 0.7000000000907676, "0.8": 0.40000000009069936}, "time_to_second_spike": {"0.1": 9.000000000092655, "0.2": 7.2000000000922455, "0.4": 5.800000000091927, "0.8": 4.600000000091654}, "AP_height": {"0.1": 28.859497772794768, "0.2": 28.387664579034332, "0.4": 27.48156821700232, "0.8": 33.50464728673584}, "AP_width": {"0.1": 0.6000000000001364, "0.2": 0.6000000000001364, "0.4": 0.6000000000001364, "0.8": 0.6000000000001364}, "AP_amplitude": {"0.1": 98.5664525772598, "0.2": 98.09461938154965, "0.4": 97.18852301561839, "0.8": 103.21160207755437}, "voltage_base": {"0.1": -69.70684209807605, "0.2": -69.70684209807605, "0.4": -69.70684209807605, "0.8": -69.70684209807605}}}, "NetPyNE": {"L4_BP_bNAC219_3": {"mean_frequency": {"0.1": 111.32283622512828, "0.2": 152.7596914756122, "0.4": 204.36786215201226, "0.8": 267.2137710169951}, "ISI_CV": {"0.1": 0.0497162649623137, "0.2": 0.022079724557176442, "0.4": 0.01158717076886019, "0.8": 0.01353819455471246}, "time_to_first_spike": {"0.1": 1.700000000090995, "0.2": 1.1000000000908585, "0.4": 0.7000000000907676, "0.8": 0.40000000009069936}, "time_to_second_spike": {"0.1": 9.100000000092678, "0.2": 7.300000000092268, "0.4": 5.90000000009195, "0.8": 4.700000000091677}, "AP_height": {"0.1": 21.56747794494061, "0.2": 25.38939270020659, "0.4": 31.326394400170766, "0.8": 28.726650304984382}, "AP_width": {"0.1": 0.5000000000001137, "0.2": 0.5000000000001137, "0.4": 0.6000000000001364, "0.8": 0.6000000000001364}, "AP_amplitude": {"0.1": 91.27443257366237, "0.2": 95.0963472884416, "0.4": 101.03334907096472, "0.8": 98.43360503546589}, "voltage_base": {"0.1": -69.7068420368074, "0.2": -69.7068420368074, "0.4": -69.7068420368074, "0.8": -69.7068420368074}}}}