{"BBP": {"L23_MC_bAC217_2": {"mean_frequency": {"0.1": 8.177450679756108, "0.2": 11.534025374863662, "0.4": 15.62421248930045, "0.8": 21.541775657808028}, "ISI_CV": {"0.1": 0.3018341603945979, "0.2": 0.32845115069356845, "0.4": 0.34432389443361366, "0.8": 0.35307112226263554}, "time_to_first_spike": {"0.1": 11.200000000093155, "0.2": 5.000000000091745, "0.4": 2.400000000091154, "0.8": 1.300000000090904}, "time_to_second_spike": {"0.1": 43.10000000010041, "0.2": 24.20000000009611, "0.4": 14.30000000009386, "0.8": 9.100000000092678}, "AP_height": {"0.1": 15.465891820995695, "0.2": 17.270816831917376, "0.4": 23.676918928242838, "0.8": 24.23820688552669}, "AP_width": {"0.1": 0.6000000000001364, "0.2": 0.7000000000001592, "0.4": 0.7000000000001592, "0.8": 0.7000000000001592}, "AP_amplitude": {"0.1": 70.64478685150603, "0.2": 73.03728857142198, "0.4": 93.87778472630741, "0.8": 94.43907268139603}, "voltage_base": {"0.1": -70.19825989065457, "0.2": -70.19825989065457, "0.4": -70.19825989065457, "0.8": -70.19825989065457}}}, "NetPyNE": {"L23_MC_bAC217_2": {"mean_frequency": {"0.1": 8.133387555922539, "0.2": 11.588706278979505, "0.4": 15.51862234682673, "0.8": 21.351227695606934}, "ISI_CV": {"0.1": 0.301064849281473, "0.2": 0.3372294666540844, "0.4": 0.3439688863327768, "0.8": 0.3524296776103587}, "time_to_first_spike": {"0.1": 11.300000000093178, "0.2": 5.100000000091768, "0.4": 2.500000000091177, "0.8": 1.300000000090904}, "time_to_second_spike": {"0.1": 43.400000000100476, "0.2": 24.400000000096156, "0.4": 14.500000000093905, "0.8": 9.2000000000927}, "AP_height": {"0.1": 16.567598561492684, "0.2": 17.10362184375015, "0.4": 22.161525093990484, "0.8": 25.698520228389164}, "AP_width": {"0.1": 0.6000000000001364, "0.2": 0.7000000000001592, "0.4": 0.6000000000001364, "0.8": 0.7000000000001592}, "AP_amplitude": {"0.1": 71.19315587812163, "0.2": 71.80270925784862, "0.4": 92.36238665507713, "0.8": 95.89938210517332}, "voltage_base": {"0.1": -70.19825595685067, "0.2": -70.19825595685067, "0.4": -70.19825595685067, "0.8": -70.19825595685067}}}}