{"BBP": {"L4_ChC_cACint209_4": {"mean_frequency": {"0.1": 23.80952380953993, "0.2": 36.52739554668483, "0.4": 65.33976678733829, "0.8": 125.50830865011787}, "ISI_CV": {"0.1": 0.2589595951284926, "0.2": 0.22537133935342488, "0.4": 0.1664296650290442, "0.8": 0.09558027860119025}, "time_to_first_spike": {"0.1": 12.700000000093496, "0.2": 5.800000000091927, "0.4": 2.800000000091245, "0.8": 1.6000000000909722}, "time_to_second_spike": {"0.1": 29.70000000009736, "0.2": 16.700000000094406, "0.4": 10.900000000093087, "0.8": 7.800000000092382}, "AP_height": {"0.1": 24.751791040843493, "0.2": 29.706386161816265, "0.4": 31.14855084314518, "0.8": 31.34088154168971}, "AP_width": {"0.1": 0.9000000000002046, "0.2": 0.9000000000002046, "0.4": 0.9000000000002046, "0.8": 1.0000000000002274}, "AP_amplitude": {"0.1": 79.4951220069112, "0.2": 84.10258858211007, "0.4": 86.4346700657923, "0.8": 102.21919131394}, "voltage_base": {"0.1": -70.87764890793369, "0.2": -70.87764890793369, "0.4": -70.87764890793369, "0.8": -70.87764890793369}}}, "NetPyNE": {"L4_ChC_cACint209_4": {"mean_frequency": {"0.1": 23.750568497666304, "0.2": 36.570499796855295, "0.4": 65.41867954915872, "0.8": 125.58791153816205}, "ISI_CV": {"0.1": 0.2588667902713025, "0.2": 0.2253888701131341, "0.4": 0.16544195970511336, "0.8": 0.09314509911595184}, "time_to_first_spike": {"0.1": 12.800000000093519, "0.2": 5.90000000009195, "0.4": 2.900000000091268, "0.8": 1.6000000000909722}, "time_to_second_spike": {"0.1": 29.800000000097384, "0.2": 16.90000000009445, "0.4": 11.00000000009311, "0.8": 8.000000000092427}, "AP_height": {"0.1": 25.050961435803362, "0.2": 29.154072760020473, "0.4": 32.32645659490889, "0.8": 34.55386070655645}, "AP_width": {"0.1": 0.9000000000002046, "0.2": 0.8000000000001819, "0.4": 0.9000000000002046, "0.8": 0.9000000000002046}, "AP_amplitude": {"0.1": 80.41130338269792, "0.2": 84.38443004850164, "0.4": 87.710976219761, "0.8": 105.4321694646961}, "voltage_base": {"0.1": -70.87764789150471, "0.2": -70.87764789150471, "0.4": -70.87764789150471, "0.8": -70.87764789150471}}}}