{"BBP": {"L6_DBC_cIR216_2": {"mean_frequency": {"0.1": 0, "0.2": 13.978049285575763, "0.4": 30.09177992880323, "0.8": 63.55720148137641}, "ISI_CV": {"0.1": 0, "0.2": 0.5054798359580753, "0.4": 0.30927514225771574, "0.8": 0.13841088149117667}, "time_to_first_spike": {"0.1": 0, "0.2": 17.60000000009461, "0.4": 6.000000000091973, "0.8": 2.900000000091268}, "time_to_second_spike": {"0.1": 0, "0.2": 39.80000000009966, "0.4": 17.100000000094496, "0.8": 10.700000000093041}, "AP_height": {"0.1": 0, "0.2": 22.866832759393045, "0.4": 27.90868641140527, "0.8": 28.816777510661094}, "AP_width": {"0.1": 0, "0.2": 0.8000000000001819, "0.4": 0.9000000000002046, "0.8": 1.0000000000002274}, "AP_amplitude": {"0.1": 0, "0.2": 76.63460206556708, "0.4": 83.49658586005174, "0.8": 106.40128668321073}, "voltage_base": {"0.1": -77.51695953026156, "0.2": -77.51695953026156, "0.4": -77.51695953026156, "0.8": -77.51695953026156}}}, "NetPyNE": {"L6_DBC_cIR216_2": {"mean_frequency": {"0.1": 0, "0.2": 15.247001423063777, "0.4": 31.25315051922676, "0.8": 64.85671191557947}, "ISI_CV": {"0.1": 0, "0.2": 0.24968422827094736, "0.4": 0.19956362350749157, "0.8": 0.1195443729363232}, "time_to_first_spike": {"0.1": 0, "0.2": 15.200000000094064, "0.4": 6.100000000091995, "0.8": 3.0000000000912905}, "time_to_second_spike": {"0.1": 0, "0.2": 37.70000000009918, "0.4": 16.90000000009445, "0.8": 10.700000000093041}, "AP_height": {"0.1": 0, "0.2": 23.92279167180891, "0.4": 27.697233027285012, "0.8": 32.41966252712904}, "AP_width": {"0.1": 0, "0.2": 0.8000000000001819, "0.4": 1.0000000000002274, "0.8": 1.0000000000002274}, "AP_amplitude": {"0.1": 0, "0.2": 79.140516154525, "0.4": 82.57895899667143, "0.8": 110.13604553645581}, "voltage_base": {"0.1": -77.71623186914216, "0.2": -77.71623186914216, "0.4": -77.71623186914216, "0.8": -77.71623186914216}}}}