{"BBP": {"L4_NGC_cACint209_4": {"mean_frequency": {"0.1": 23.694293204291125, "0.2": 36.86310155029515, "0.4": 62.04343040132308, "0.8": 112.35955056187409}, "ISI_CV": {"0.1": 0.2395614127143033, "0.2": 0.23117566559027622, "0.4": 0.1893895085517741, "0.8": 0.13631694351961782}, "time_to_first_spike": {"0.1": 20.800000000095338, "0.2": 7.700000000092359, "0.4": 3.7000000000914497, "0.8": 2.000000000091063}, "time_to_second_spike": {"0.1": 38.70000000009941, "0.2": 19.500000000095042, "0.4": 12.400000000093428, "0.8": 8.500000000092541}, "AP_height": {"0.1": 18.262440781181287, "0.2": 26.870009897895436, "0.4": 29.736813780488227, "0.8": 33.25586746619376}, "AP_width": {"0.1": 0.8000000000001819, "0.2": 0.9000000000002046, "0.4": 0.9000000000002046, "0.8": 0.9000000000002046}, "AP_amplitude": {"0.1": 69.24251474544384, "0.2": 80.8159033734896, "0.4": 83.70216017708793, "0.8": 104.57099566925812}, "voltage_base": {"0.1": -71.31452163733178, "0.2": -71.31452163733178, "0.4": -71.31452163733178, "0.8": -71.31452163733178}}}, "NetPyNE": {"L4_NGC_cACint209_4": {"mean_frequency": {"0.1": 23.681160880753705, "0.2": 36.891045077849945, "0.4": 62.24274671221976, "0.8": 112.74804570061781}, "ISI_CV": {"0.1": 0.23955902829415593, "0.2": 0.23107711251095833, "0.4": 0.18831875457616165, "0.8": 0.13354794104028278}, "time_to_first_spike": {"0.1": 20.90000000009536, "0.2": 7.800000000092382, "0.4": 3.8000000000914724, "0.8": 2.100000000091086}, "time_to_second_spike": {"0.1": 38.80000000009943, "0.2": 19.700000000095088, "0.4": 12.600000000093473, "0.8": 8.700000000092587}, "AP_height": {"0.1": 18.15952799665473, "0.2": 25.496918393076772, "0.4": 30.195328713342896, "0.8": 30.62579950120777}, "AP_width": {"0.1": 0.9000000000002046, "0.2": 0.9000000000002046, "0.4": 0.9000000000002046, "0.8": 1.0000000000002274}, "AP_amplitude": {"0.1": 68.59839589335553, "0.2": 78.9293598479914, "0.4": 84.50776307515635, "0.8": 101.9409266014437}, "voltage_base": {"0.1": -71.31452051936175, "0.2": -71.31452051936175, "0.4": -71.31452051936175, "0.8": -71.31452051936175}}}}