{"BBP": {"L4_SS_cADpyr230_5": {"mean_frequency": {"0.1": 4.334868599298448, "0.2": 6.819493259197762, "0.4": 10.49152809107348, "0.8": 21.81523007459241}, "ISI_CV": {"0.1": 0.1703495343552761, "0.2": 0.25512136551656717, "0.4": 0.26374976632785807, "0.8": 0.16964019946067857}, "time_to_first_spike": {"0.1": 43.5000000001005, "0.2": 15.300000000094087, "0.4": 6.300000000092041, "0.8": 2.800000000091245}, "time_to_second_spike": {"0.1": 116.100000000117, "0.2": 45.60000000010098, "0.4": 25.000000000096293, "0.8": 14.30000000009386}, "AP_height": {"0.1": 32.56007811167544, "0.2": 34.90045114942879, "0.4": 37.334889474275066, "0.8": 39.995359543637}, "AP_width": {"0.1": 0.8000000000001819, "0.2": 0.9000000000002046, "0.4": 0.9000000000002046, "0.8": 0.9000000000002046}, "AP_amplitude": {"0.1": 88.76677773618522, "0.2": 90.88623609398766, "0.4": 93.5378495601083, "0.8": 113.42658400083297}, "voltage_base": {"0.1": -73.43067624739997, "0.2": -73.43067624739997, "0.4": -73.43067624739997, "0.8": -73.43067624739997}}}, "NetPyNE": {"L4_SS_cADpyr230_5": {"mean_frequency": {"0.1": 4.317323259581919, "0.2": 6.793478260874115, "0.4": 10.444409629752675, "0.8": 21.631954925057443}, "ISI_CV": {"0.1": 0.16819447855422504, "0.2": 0.2538791320424335, "0.4": 0.26224958916651214, "0.8": 0.16893684587702185}, "time_to_first_spike": {"0.1": 43.700000000100545, "0.2": 15.40000000009411, "0.4": 6.400000000092064, "0.8": 2.900000000091268}, "time_to_second_spike": {"0.1": 116.70000000011714, "0.2": 45.80000000010102, "0.4": 25.100000000096315, "0.8": 14.400000000093883}, "AP_height": {"0.1": 31.626343663401407, "0.2": 34.192790548421485, "0.4": 36.948696021082284, "0.8": 39.187393350384056}, "AP_width": {"0.1": 0.9000000000002046, "0.2": 0.9000000000002046, "0.4": 0.9000000000002046, "0.8": 1.0000000000002274}, "AP_amplitude": {"0.1": 86.6905473281586, "0.2": 89.72259488562264, "0.4": 92.15702750580792, "0.8": 112.61861661738416}, "voltage_base": {"0.1": -73.43067503172884, "0.2": -73.43067503172884, "0.4": -73.43067503172884, "0.8": -73.43067503172884}}}}