{"BBP": {"L5_DBC_bIR215_4": {"mean_frequency": {"0.1": 0, "0.2": 10.511036588424984, "0.4": 16.374987207052293, "0.8": 51.733057423657726}, "ISI_CV": {"0.1": 0, "0.2": 0.32438809169128247, "0.4": 0.3509803925021638, "0.8": 1.029361096839569}, "time_to_first_spike": {"0.1": 0, "0.2": 9.400000000092746, "0.4": 3.3000000000913587, "0.8": 1.6000000000909722}, "time_to_second_spike": {"0.1": 0, "0.2": 36.800000000098976, "0.4": 18.200000000094747, "0.8": 10.900000000093087}, "AP_height": {"0.1": 0, "0.2": 14.899891884021342, "0.4": 22.487327616943347, "0.8": 26.15436543422134}, "AP_width": {"0.1": 0, "0.2": 0.5000000000001137, "0.4": 0.6000000000001364, "0.8": 0.6000000000001364}, "AP_amplitude": {"0.1": 0, "0.2": 71.58799798234512, "0.4": 93.61932662272334, "0.8": 97.327636834661}, "voltage_base": {"0.1": -71.18216635533179, "0.2": -71.18216635533179, "0.4": -71.18216635533179, "0.8": -71.18216635533179}}}, "NetPyNE": {"L5_DBC_bIR215_4": {"mean_frequency": {"0.1": 0, "0.2": 6.0462815368588085, "0.4": 14.112903225816023, "0.8": 23.2738557020882}, "ISI_CV": {"0.1": 0, "0.2": 0.25163700698218067, "0.4": 0.3631069310706318, "0.8": 1.276167681378531}, "time_to_first_spike": {"0.1": 0, "0.2": 13.6000000000937, "0.4": 4.300000000091586, "0.8": 1.9000000000910404}, "time_to_second_spike": {"0.1": 0, "0.2": 55.800000000103296, "0.4": 21.500000000095497, "0.8": 12.10000000009336}, "AP_height": {"0.1": 0, "0.2": 13.406908328241878, "0.4": 18.205196057326454, "0.8": 26.38316142990893}, "AP_width": {"0.1": 0, "0.2": 0.5000000000001137, "0.4": 0.6000000000001364, "0.8": 0.6000000000001364}, "AP_amplitude": {"0.1": 0, "0.2": 69.92129068419955, "0.4": 92.12217832496987, "0.8": 100.30014373804633}, "voltage_base": {"0.1": -73.91620641263572, "0.2": -73.91620641263572, "0.4": -73.91620641263572, "0.8": -73.91620641263572}}}}