{"BBP": {"L6_ChC_dNAC222_3": {"mean_frequency": {"0.1": 4.505632040053126, "0.2": 49.98232947951083, "0.4": 86.43216080407878, "0.8": 137.83079390546655}, "ISI_CV": {"0.1": 0.042883192347890176, "0.2": 0.017884464061003455, "0.4": 0.019603282715175727, "0.8": 0.050828511091316544}, "time_to_first_spike": {"0.1": 1464.9999999991264, "0.2": 8.500000000092541, "0.4": 3.7000000000914497, "0.8": 1.9000000000910404}, "time_to_second_spike": {"0.1": 1540.4999999990578, "0.2": 27.700000000096907, "0.4": 13.800000000093746, "0.8": 8.900000000092632}, "AP_height": {"0.1": 8.828373188719402, "0.2": 11.8459763832972, "0.4": 16.79212326791143, "0.8": 21.686132428981804}, "AP_width": {"0.1": 0.6999999999993634, "0.2": 0.7000000000001592, "0.4": 0.8000000000001819, "0.8": 0.7000000000001592}, "AP_amplitude": {"0.1": 63.49585948866558, "0.2": 66.95255531374856, "0.4": 72.76744727555635, "0.8": 95.40576445932801}, "voltage_base": {"0.1": -73.71530366351504, "0.2": -73.71530366351504, "0.4": -73.71530366351504, "0.8": -73.71530366351504}}}, "NetPyNE": {"L6_ChC_dNAC222_3": {"mean_frequency": {"0.1": 4.5015755514460665, "0.2": 49.731250313993684, "0.4": 86.02150537640259, "0.8": 137.61008807054992}, "ISI_CV": {"0.1": 0.04352197223823313, "0.2": 0.018858213547371615, "0.4": 0.020797203425464844, "0.8": 0.053811453367325526}, "time_to_first_spike": {"0.1": 1465.6999999991258, "0.2": 8.600000000092564, "0.4": 3.7000000000914497, "0.8": 1.9000000000910404}, "time_to_second_spike": {"0.1": 1541.5999999990568, "0.2": 28.000000000096975, "0.4": 13.900000000093769, "0.8": 9.000000000092655}, "AP_height": {"0.1": 9.69920424085349, "0.2": 13.19710209243687, "0.4": 15.80528319704248, "0.8": 19.714847440544773}, "AP_width": {"0.1": 0.6999999999993634, "0.2": 0.7000000000001592, "0.4": 0.7000000000001592, "0.8": 0.8000000000001819}, "AP_amplitude": {"0.1": 63.02111855700365, "0.2": 67.94759623501487, "0.4": 70.87070108560472, "0.8": 93.43447122911493}, "voltage_base": {"0.1": -73.71529539420955, "0.2": -73.71529539420955, "0.4": -73.71529539420955, "0.8": -73.71529539420955}}}}