{"BBP": {"L6_LBC_bIR215_5": {"mean_frequency": {"0.1": 0, "0.2": 7.112375533432848, "0.4": 13.140604467814423, "0.8": 19.54631963377686}, "ISI_CV": {"0.1": 0, "0.2": 0.1798476393466054, "0.4": 0.2541094790455663, "0.8": 0.2484184481723675}, "time_to_first_spike": {"0.1": 0, "0.2": 4.300000000091586, "0.4": 2.000000000091063, "0.8": 1.2000000000908813}, "time_to_second_spike": {"0.1": 0, "0.2": 43.300000000100454, "0.4": 21.100000000095406, "0.8": 13.000000000093564}, "AP_height": {"0.1": 0, "0.2": 33.63649273083794, "0.4": 35.9776211051764, "0.8": 32.10372921753225}, "AP_width": {"0.1": 0, "0.2": 0.6000000000001364, "0.4": 0.6000000000001364, "0.8": 0.6000000000001364}, "AP_amplitude": {"0.1": 0, "0.2": 88.8630730608694, "0.4": 113.15680238424552, "0.8": 109.5895023787917}, "voltage_base": {"0.1": -77.44737863904697, "0.2": -77.44737863904697, "0.4": -77.44737863904697, "0.8": -77.44737863904697}}}, "NetPyNE": {"L6_LBC_bIR215_5": {"mean_frequency": {"0.1": 0, "0.2": 4.907841640312975, "0.4": 12.592555281326227, "0.8": 19.05334937827207}, "ISI_CV": {"0.1": 0, "0.2": 0.031660898345955264, "0.4": 0.22118971538163726, "0.8": 0.23213089358356362}, "time_to_first_spike": {"0.1": 0, "0.2": 4.400000000091609, "0.4": 2.100000000091086, "0.8": 1.2000000000908813}, "time_to_second_spike": {"0.1": 0, "0.2": 232.6000000001435, "0.4": 21.60000000009552, "0.8": 13.400000000093655}, "AP_height": {"0.1": 0, "0.2": 30.19120222806727, "0.4": 33.193452140679625, "0.8": 37.11587951197323}, "AP_width": {"0.1": 0, "0.2": 0.5000000000001137, "0.4": 0.6000000000001364, "0.8": 0.6000000000001364}, "AP_amplitude": {"0.1": 0, "0.2": 85.32315570247863, "0.4": 111.15577233855407, "0.8": 115.07819962917623}, "voltage_base": {"0.1": -77.95994961697949, "0.2": -77.95994961697949, "0.4": -77.95994961697949, "0.8": -77.95994961697949}}}}