{"BBP": {"L6_MC_bIR215_1": {"mean_frequency": {"0.1": 4.098360655740469, "0.2": 11.38480645829786, "0.4": 17.96530130377969, "0.8": 28.90906324493512}, "ISI_CV": {"0.1": 0.34913169674117106, "0.2": 0.32362903880000476, "0.4": 0.30690384663132914, "0.8": 0.337364963733198}, "time_to_first_spike": {"0.1": 11.600000000093246, "0.2": 4.000000000091518, "0.4": 2.000000000091063, "0.8": 1.2000000000908813}, "time_to_second_spike": {"0.1": 143.10000000012315, "0.2": 24.700000000096225, "0.4": 15.100000000094042, "0.8": 10.100000000092905}, "AP_height": {"0.1": 17.304680292573337, "0.2": 25.099546595128025, "0.4": 30.309009633713682, "0.8": 28.160460006340614}, "AP_width": {"0.1": 0.5000000000001137, "0.2": 0.5000000000001137, "0.4": 0.6000000000001364, "0.8": 0.6000000000001364}, "AP_amplitude": {"0.1": 75.04435496567739, "0.2": 81.75052720493069, "0.4": 103.05318639108236, "0.8": 101.15073425242717}, "voltage_base": {"0.1": -72.89646862313649, "0.2": -72.89646862313649, "0.4": -72.89646862313649, "0.8": -72.89646862313649}}}, "NetPyNE": {"L6_MC_bIR215_1": {"mean_frequency": {"0.1": 0, "0.2": 7.710496555983399, "0.4": 15.600624024971586, "0.8": 23.46819039846491}, "ISI_CV": {"0.1": 0, "0.2": 0.25010884203124056, "0.4": 0.27627526222533777, "0.8": 0.3776941844171987}, "time_to_first_spike": {"0.1": 0, "0.2": 4.9000000000917225, "0.4": 2.400000000091154, "0.8": 1.300000000090904}, "time_to_second_spike": {"0.1": 0, "0.2": 42.300000000100226, "0.4": 16.700000000094406, "0.8": 10.900000000093087}, "AP_height": {"0.1": 0, "0.2": 22.13392484973828, "0.4": 24.00649738040637, "0.8": 32.82260476831805}, "AP_width": {"0.1": 0, "0.2": 0.5000000000001137, "0.4": 0.5000000000001137, "0.8": 0.6000000000001364}, "AP_amplitude": {"0.1": 0, "0.2": 79.017033673224, "0.4": 99.57067448261472, "0.8": 108.3867818641198}, "voltage_base": {"0.1": -75.56278735566806, "0.2": -75.56278735566806, "0.4": -75.56278735566806, "0.8": -75.56278735566806}}}}