{"BBP": {"L5_MC_bIR215_1": {"mean_frequency": {"0.1": 8.249548852802665, "0.2": 13.261922978840888, "0.4": 21.79974651459017, "0.8": 16.5935124719091}, "ISI_CV": {"0.1": 0.40358458631514293, "0.2": 0.3499007583638117, "0.4": 0.2759448132697611, "0.8": 1.0110268322378533}, "time_to_first_spike": {"0.1": 6.100000000091995, "0.2": 2.900000000091268, "0.4": 1.700000000090995, "0.8": 1.0000000000908358}, "time_to_second_spike": {"0.1": 44.20000000010066, "0.2": 18.400000000094792, "0.4": 12.300000000093405, "0.8": 8.600000000092564}, "AP_height": {"0.1": 21.05803792834537, "0.2": 25.907730737072463, "0.4": 28.97450489820866, "0.8": 30.21255229477317}, "AP_width": {"0.1": 0.6000000000001364, "0.2": 0.6000000000001364, "0.4": 0.6000000000001364, "0.8": 0.6000000000001364}, "AP_amplitude": {"0.1": 78.62429297532768, "0.2": 98.17579759131996, "0.4": 103.66989142506893, "0.8": 104.91498498107836}, "voltage_base": {"0.1": -74.70627049672618, "0.2": -74.70627049672618, "0.4": -74.70627049672618, "0.8": -74.70627049672618}}}, "NetPyNE": {"L5_MC_bIR215_1": {"mean_frequency": {"0.1": 4.707605398057342, "0.2": 11.625556004860282, "0.4": 20.618556701044923, "0.8": 24.12181516660766}, "ISI_CV": {"0.1": 0.2741720819360117, "0.2": 0.3134059437996802, "0.4": 0.27149261621353316, "0.8": 0.6878300641547933}, "time_to_first_spike": {"0.1": 6.8000000000921546, "0.2": 3.3000000000913587, "0.4": 1.8000000000910177, "0.8": 1.0000000000908358}, "time_to_second_spike": {"0.1": 53.00000000010266, "0.2": 20.000000000095156, "0.4": 13.000000000093564, "0.8": 9.000000000092655}, "AP_height": {"0.1": 21.735461189786033, "0.2": 26.836679069112346, "0.4": 28.854437659828935, "0.8": 29.445695996707226}, "AP_width": {"0.1": 0.6000000000001364, "0.2": 0.6000000000001364, "0.4": 0.6000000000001364, "0.8": 0.7000000000001592}, "AP_amplitude": {"0.1": 79.44740368471027, "0.2": 101.32846802396604, "0.4": 105.22057110833457, "0.8": 105.81182960791884}, "voltage_base": {"0.1": -76.36443034041903, "0.2": -76.36443034041903, "0.4": -76.36443034041903, "0.8": -76.36443034041903}}}}