{"BBP": {"L1_DLAC_cNAC187_1": {"mean_frequency": {"0.1": 47.18875502011237, "0.2": 72.12983370071021, "0.4": 108.1135191952284, "0.8": 169.439309919816}, "ISI_CV": {"0.1": 0.03136951361346597, "0.2": 0.021473292071213554, "0.4": 0.01223942528251578, "0.8": 0.10086301262196203}, "time_to_first_spike": {"0.1": 6.300000000092041, "0.2": 3.500000000091404, "0.4": 2.000000000091063, "0.8": 1.300000000090904}, "time_to_second_spike": {"0.1": 25.30000000009636, "0.2": 15.300000000094087, "0.4": 10.100000000092905, "0.8": 7.300000000092268}, "AP_height": {"0.1": 11.378246733446758, "0.2": 13.952740910256123, "0.4": 16.675679372399987, "0.8": 21.412571874899122}, "AP_width": {"0.1": 0.8000000000001819, "0.2": 0.8000000000001819, "0.4": 0.8000000000001819, "0.8": 0.8000000000001819}, "AP_amplitude": {"0.1": 67.29976885887294, "0.2": 68.85932482520894, "0.4": 72.38476331329701, "0.8": 90.25363262599711}, "voltage_base": {"0.1": -68.83821987638265, "0.2": -68.83821987638265, "0.4": -68.83821987638265, "0.8": -68.83821987638265}}}, "NetPyNE": {"L1_DLAC_cNAC187_1": {"mean_frequency": {"0.1": 47.02115952181678, "0.2": 71.87735611967685, "0.4": 107.68306120412007, "0.8": 169.99019287339905}, "ISI_CV": {"0.1": 0.030785496729921168, "0.2": 0.020515192906320742, "0.4": 0.01281508688855084, "0.8": 0.10798659219474827}, "time_to_first_spike": {"0.1": 6.400000000092064, "0.2": 3.500000000091404, "0.4": 2.100000000091086, "0.8": 1.300000000090904}, "time_to_second_spike": {"0.1": 25.500000000096406, "0.2": 15.40000000009411, "0.4": 10.200000000092928, "0.8": 7.400000000092291}, "AP_height": {"0.1": 12.200168074738274, "0.2": 15.833098564640672, "0.4": 18.866126172535754, "0.8": 20.558313720635734}, "AP_width": {"0.1": 0.7000000000001592, "0.2": 0.8000000000001819, "0.4": 0.8000000000001819, "0.8": 0.8000000000001819}, "AP_amplitude": {"0.1": 66.91396476384718, "0.2": 71.14548017695884, "0.4": 73.54526106333307, "0.8": 89.39936959952281}, "voltage_base": {"0.1": -68.83821499850823, "0.2": -68.83821499850823, "0.4": -68.83821499850823, "0.8": -68.83821499850823}}}}