{"BBP": {"L6_NGC_bNAC219_1": {"mean_frequency": {"0.1": 54.336888710038885, "0.2": 95.14271407117133, "0.4": 149.45584031305606, "0.8": 260.8695652152766}, "ISI_CV": {"0.1": 0.03591281547056154, "0.2": 0.01754443319067746, "0.4": 0.018775028757614467, "0.8": 0}, "time_to_first_spike": {"0.1": 7.6000000000923364, "0.2": 4.000000000091518, "0.4": 2.3000000000911314, "0.8": 1.4000000000909267}, "time_to_second_spike": {"0.1": 20.800000000095338, "0.2": 13.20000000009361, "0.4": 9.300000000092723, "0.8": 6.700000000092132}, "AP_height": {"0.1": 7.248754190409609, "0.2": 10.660069402927123, "0.4": 13.83130875129321, "0.8": 15.175589898481022}, "AP_width": {"0.1": 0.8000000000001819, "0.2": 0.7000000000001592, "0.4": 0.7000000000001592, "0.8": 0.8000000000001819}, "AP_amplitude": {"0.1": 61.63686091788101, "0.2": 65.94606879814714, "0.4": 84.37280762575794, "0.8": 85.71708877102756}, "voltage_base": {"0.1": -70.54138546097369, "0.2": -70.54138546097369, "0.4": -70.54138546097369, "0.8": -70.54138546097369}}}, "NetPyNE": {"L6_NGC_bNAC219_1": {"mean_frequency": {"0.1": 54.241374114847744, "0.2": 94.83667017920035, "0.4": 149.2462563230343, "0.8": 254.77707006216596}, "ISI_CV": {"0.1": 0.03544050917747524, "0.2": 0.016999837632379538, "0.4": 0.019609389021449944, "0.8": 0.11123028018664792}, "time_to_first_spike": {"0.1": 7.700000000092359, "0.2": 4.100000000091541, "0.4": 2.400000000091154, "0.8": 1.4000000000909267}, "time_to_second_spike": {"0.1": 20.90000000009536, "0.2": 13.300000000093632, "0.4": 9.400000000092746, "0.8": 6.8000000000921546}, "AP_height": {"0.1": 7.073537623517079, "0.2": 10.577061860869334, "0.4": 12.052984917422135, "0.8": 17.260220045602253}, "AP_width": {"0.1": 0.8000000000001819, "0.2": 0.8000000000001819, "0.4": 0.7000000000001592, "0.8": 0.7000000000001592}, "AP_amplitude": {"0.1": 60.83888193147997, "0.2": 65.05311661083702, "0.4": 82.59448366115781, "0.8": 87.80171888803177}, "voltage_base": {"0.1": -70.54138543012768, "0.2": -70.54138543012768, "0.4": -70.54138543012768, "0.8": -70.54138543012768}}}}