{"BBP": {"L6_DBC_bAC217_1": {"mean_frequency": {"0.1": 7.615372899431461, "0.2": 12.322226215544578, "0.4": 17.29751729752899, "0.8": 48.82379050152275}, "ISI_CV": {"0.1": 0.29756449026560733, "0.2": 0.3152943411445555, "0.4": 0.29996911234188317, "0.8": 0.8610683819809144}, "time_to_first_spike": {"0.1": 11.800000000093291, "0.2": 4.700000000091677, "0.4": 2.400000000091154, "0.8": 1.4000000000909267}, "time_to_second_spike": {"0.1": 47.400000000101386, "0.2": 25.100000000096315, "0.4": 15.40000000009411, "0.8": 10.100000000092905}, "AP_height": {"0.1": 13.385369549593657, "0.2": 17.93187143644834, "0.4": 25.48061648827558, "0.8": 26.0783055296541}, "AP_width": {"0.1": 0.6000000000001364, "0.2": 0.5000000000001137, "0.4": 0.6000000000001364, "0.8": 0.6000000000001364}, "AP_amplitude": {"0.1": 69.50473869377603, "0.2": 74.10960712154551, "0.4": 95.8248666726503, "0.8": 96.42255571206684}, "voltage_base": {"0.1": -70.34155751452438, "0.2": -70.34155751452438, "0.4": -70.34155751452438, "0.8": -70.34155751452438}}}, "NetPyNE": {"L6_DBC_bAC217_1": {"mean_frequency": {"0.1": 7.512771711915354, "0.2": 12.109591805851089, "0.4": 17.173451863836267, "0.8": 49.82561036369313}, "ISI_CV": {"0.1": 0.2960540890353629, "0.2": 0.31423010652967476, "0.4": 0.2957159395136412, "0.8": 1.1169157000170813}, "time_to_first_spike": {"0.1": 11.900000000093314, "0.2": 4.8000000000917, "0.4": 2.500000000091177, "0.8": 1.4000000000909267}, "time_to_second_spike": {"0.1": 47.80000000010148, "0.2": 25.400000000096384, "0.4": 15.600000000094155, "0.8": 10.30000000009295}, "AP_height": {"0.1": 15.787138795376185, "0.2": 17.39658526853684, "0.4": 24.199945680656874, "0.8": 28.184097155676387}, "AP_width": {"0.1": 0.5000000000001137, "0.2": 0.6000000000001364, "0.4": 0.6000000000001364, "0.8": 0.6000000000001364}, "AP_amplitude": {"0.1": 71.84279390106903, "0.2": 72.72737708050678, "0.4": 94.54419181363434, "0.8": 98.52834358740083}, "voltage_base": {"0.1": -70.34155374903823, "0.2": -70.34155374903823, "0.4": -70.34155374903823, "0.8": -70.34155374903823}}}}