{"BBP": {"L5_DBC_cACint209_2": {"mean_frequency": {"0.1": 18.021729056188438, "0.2": 26.68143374951468, "0.4": 44.65181617502532, "0.8": 87.09580538598372}, "ISI_CV": {"0.1": 0.2751810129033432, "0.2": 0.2573849944401737, "0.4": 0.20366158061725295, "0.8": 0.1325420902018027}, "time_to_first_spike": {"0.1": 16.10000000009427, "0.2": 7.700000000092359, "0.4": 3.900000000091495, "0.8": 2.100000000091086}, "time_to_second_spike": {"0.1": 39.1000000000995, "0.2": 21.60000000009552, "0.4": 13.6000000000937, "0.8": 9.400000000092746}, "AP_height": {"0.1": 24.20660148857474, "0.2": 26.940387579257557, "0.4": 29.58151622520367, "0.8": 29.73511874392611}, "AP_width": {"0.1": 0.8000000000001819, "0.2": 0.9000000000002046, "0.4": 0.9000000000002046, "0.8": 1.0000000000002274}, "AP_amplitude": {"0.1": 78.59598846937368, "0.2": 82.43745842719515, "0.4": 84.48286820164964, "0.8": 101.39388136156566}, "voltage_base": {"0.1": -71.6580539946327, "0.2": -71.6580539946327, "0.4": -71.6580539946327, "0.8": -71.6580539946327}}}, "NetPyNE": {"L5_DBC_cACint209_2": {"mean_frequency": {"0.1": 18.00041143798785, "0.2": 26.67874760899827, "0.4": 44.73036136103956, "0.8": 87.35378282048204}, "ISI_CV": {"0.1": 0.2751926289764688, "0.2": 0.25727724503746824, "0.4": 0.20321235055443312, "0.8": 0.1304590487345945}, "time_to_first_spike": {"0.1": 16.200000000094292, "0.2": 7.800000000092382, "0.4": 4.000000000091518, "0.8": 2.2000000000911086}, "time_to_second_spike": {"0.1": 39.300000000099544, "0.2": 21.700000000095542, "0.4": 13.700000000093723, "0.8": 9.500000000092768}, "AP_height": {"0.1": 24.064179977250213, "0.2": 26.935295314277393, "0.4": 30.155777859679677, "0.8": 32.64602480411917}, "AP_width": {"0.1": 0.8000000000001819, "0.2": 0.9000000000002046, "0.4": 0.9000000000002046, "0.8": 0.9000000000002046}, "AP_amplitude": {"0.1": 79.11453870865708, "0.2": 81.7433942286823, "0.4": 85.26591169935465, "0.8": 104.30478652851684}, "voltage_base": {"0.1": -71.65805310108188, "0.2": -71.65805310108188, "0.4": -71.65805310108188, "0.8": -71.65805310108188}}}}