{"BBP": {"L6_DBC_cACint209_5": {"mean_frequency": {"0.1": 41.03759246127006, "0.2": 80.05236129297548, "0.4": 171.27403846165487, "0.8": 288.8086642589174}, "ISI_CV": {"0.1": 0.24680524457598296, "0.2": 0.15992655242857887, "0.4": 0.12128160036361485, "0.8": 0.204950074074782}, "time_to_first_spike": {"0.1": 12.400000000093428, "0.2": 5.200000000091791, "0.4": 2.400000000091154, "0.8": 1.300000000090904}, "time_to_second_spike": {"0.1": 22.500000000095724, "0.2": 13.500000000093678, "0.4": 9.100000000092678, "0.8": 6.8000000000921546}, "AP_height": {"0.1": 21.73288034930534, "0.2": 24.569684232461334, "0.4": 27.155382366108572, "0.8": 32.56107709622287}, "AP_width": {"0.1": 0.8000000000001819, "0.2": 0.9000000000002046, "0.4": 0.9000000000002046, "0.8": 0.9000000000002046}, "AP_amplitude": {"0.1": 77.45749428676777, "0.2": 80.35736574396444, "0.4": 95.00926566595757, "0.8": 100.41496039402944}, "voltage_base": {"0.1": -67.85338819367772, "0.2": -67.85338819367772, "0.4": -67.85338819367772, "0.8": -67.85338819367772}}}, "NetPyNE": {"L6_DBC_cACint209_5": {"mean_frequency": {"0.1": 41.119245812885225, "0.2": 80.76247805372931, "0.4": 173.56408327074746, "0.8": 277.7777777767158}, "ISI_CV": {"0.1": 0.2468859244208695, "0.2": 0.1584752561711699, "0.4": 0.11300712702381353, "0.8": 0.1889003936332634}, "time_to_first_spike": {"0.1": 12.50000000009345, "0.2": 5.3000000000918135, "0.4": 2.400000000091154, "0.8": 1.300000000090904}, "time_to_second_spike": {"0.1": 22.70000000009577, "0.2": 13.700000000093723, "0.4": 9.300000000092723, "0.8": 6.900000000092177}, "AP_height": {"0.1": 23.686676315439115, "0.2": 25.814985301959236, "0.4": 27.88206001245277, "0.8": 30.82797854462796}, "AP_width": {"0.1": 0.8000000000001819, "0.2": 0.8000000000001819, "0.4": 0.9000000000002046, "0.8": 0.9000000000002046}, "AP_amplitude": {"0.1": 79.28780409122032, "0.2": 82.2822537641123, "0.4": 95.73594224374877, "0.8": 98.68186096176845}, "voltage_base": {"0.1": -67.85338729015278, "0.2": -67.85338729015278, "0.4": -67.85338729015278, "0.8": -67.85338729015278}}}}