{"BBP": {"L4_PC_cADpyr230_5": {"mean_frequency": {"0.1": 4.064627578500869, "0.2": 7.0987822858125735, "0.4": 11.293054771323252, "0.8": 23.941724823000236}, "ISI_CV": {"0.1": 0.1427657062674163, "0.2": 0.2611640449856312, "0.4": 0.2512448722731724, "0.8": 0.1552652718844601}, "time_to_first_spike": {"0.1": 51.90000000010241, "0.2": 16.10000000009427, "0.4": 6.100000000091995, "0.8": 2.500000000091177}, "time_to_second_spike": {"0.1": 138.9000000001222, "0.2": 45.60000000010098, "0.4": 24.600000000096202, "0.8": 13.6000000000937}, "AP_height": {"0.1": 29.52807161183263, "0.2": 31.260530014460077, "0.4": 36.20133982921403, "0.8": 39.490137300416684}, "AP_width": {"0.1": 0.9000000000002046, "0.2": 0.9000000000002046, "0.4": 0.9000000000002046, "0.8": 1.0000000000002274}, "AP_amplitude": {"0.1": 86.5642469010472, "0.2": 88.1846958208981, "0.4": 93.28655262666605, "0.8": 112.3398847478033}, "voltage_base": {"0.1": -72.84930294220118, "0.2": -72.84930294220118, "0.4": -72.84930294220118, "0.8": -72.84930294220118}}}, "NetPyNE": {"L4_PC_cADpyr230_5": {"mean_frequency": {"0.1": 4.050222762254666, "0.2": 7.072520537516228, "0.4": 11.22678097571691, "0.8": 23.731380964419014}, "ISI_CV": {"0.1": 0.14107220861889366, "0.2": 0.2597173611247338, "0.4": 0.24959919363231098, "0.8": 0.15493546111117473}, "time_to_first_spike": {"0.1": 52.100000000102455, "0.2": 16.200000000094292, "0.4": 6.200000000092018, "0.8": 2.6000000000911996}, "time_to_second_spike": {"0.1": 139.70000000012237, "0.2": 45.80000000010102, "0.4": 24.700000000096225, "0.8": 13.700000000093723}, "AP_height": {"0.1": 28.769194437040763, "0.2": 32.168694672646794, "0.4": 35.83821617552094, "0.8": 39.26159162830415}, "AP_width": {"0.1": 0.9000000000002046, "0.2": 0.9000000000002046, "0.4": 0.9000000000002046, "0.8": 1.0000000000002274}, "AP_amplitude": {"0.1": 85.15299555812356, "0.2": 88.73123330584168, "0.4": 92.23773553066748, "0.8": 112.11133815011198}, "voltage_base": {"0.1": -72.84930199526357, "0.2": -72.84930199526357, "0.4": -72.84930199526357, "0.8": -72.84930199526357}}}}