{"BBP": {"L5_UTPC_cADpyr232_4": {"mean_frequency": {"0.1": 3.9870137267212717, "0.2": 9.861932938862637, "0.4": 21.87404618986116, "0.8": 40.02201210668588}, "ISI_CV": {"0.1": 0.008487967954865804, "0.2": 0.08471461281236144, "0.4": 0.11955627228720932, "0.8": 0.13830869765173567}, "time_to_first_spike": {"0.1": 123.50000000011869, "0.2": 25.60000000009643, "0.4": 8.400000000092518, "0.8": 2.900000000091268}, "time_to_second_spike": {"0.1": 348.7000000001417, "0.2": 53.200000000102705, "0.4": 21.000000000095383, "0.8": 11.600000000093246}, "AP_height": {"0.1": 28.7773355756263, "0.2": 27.858464839835335, "0.4": 34.27493659289883, "0.8": 38.11591077634527}, "AP_width": {"0.1": 0.8000000000001819, "0.2": 0.9000000000002046, "0.4": 0.9000000000002046, "0.8": 0.9000000000002046}, "AP_amplitude": {"0.1": 79.69357697166762, "0.2": 78.49261731809615, "0.4": 85.49037987115912, "0.8": 110.45006120906416}, "voltage_base": {"0.1": -72.33385603049528, "0.2": -72.33385603049528, "0.4": -72.33385603049528, "0.8": -72.33385603049528}}}, "NetPyNE": {"L5_UTPC_cADpyr232_4": {"mean_frequency": {"0.1": 3.951453570423118, "0.2": 9.743090097950263, "0.4": 21.711688967447184, "0.8": 39.67456809966535}, "ISI_CV": {"0.1": 0.007851243173314416, "0.2": 0.08198892040152231, "0.4": 0.11909284892111839, "0.8": 0.1394858842023763}, "time_to_first_spike": {"0.1": 123.30000000011864, "0.2": 25.700000000096452, "0.4": 8.400000000092518, "0.8": 3.0000000000912905}, "time_to_second_spike": {"0.1": 352.9000000001379, "0.2": 54.10000000010291, "0.4": 21.100000000095406, "0.8": 11.800000000093291}, "AP_height": {"0.1": 27.923106699270694, "0.2": 28.634457685240964, "0.4": 33.69764888747161, "0.8": 37.69812855012297}, "AP_width": {"0.1": 0.8000000000001819, "0.2": 0.9000000000002046, "0.4": 0.9000000000002046, "0.8": 1.0000000000002274}, "AP_amplitude": {"0.1": 78.31554387619283, "0.2": 78.70960619629204, "0.4": 84.80609147957433, "0.8": 110.0322783336299}, "voltage_base": {"0.1": -72.33385536735409, "0.2": -72.33385536735409, "0.4": -72.33385536735409, "0.8": -72.33385536735409}}}}