{"BBP": {"L23_PC_cADpyr229_3": {"mean_frequency": {"0.1": 2.962436307621275, "0.2": 4.257130693915135, "0.4": 9.29512006197372, "0.8": 18.595768206274876}, "ISI_CV": {"0.1": 0.0027580955130640026, "0.2": 0.009838642984509174, "0.4": 0.1667261341099915, "0.8": 0.1772899816482852}, "time_to_first_spike": {"0.1": 32.400000000097975, "0.2": 10.900000000093087, "0.4": 4.200000000091563, "0.8": 1.9000000000910404}, "time_to_second_spike": {"0.1": 358.6000000001327, "0.2": 117.30000000011728, "0.4": 30.70000000009759, "0.8": 12.900000000093542}, "AP_height": {"0.1": 37.47851671006897, "0.2": 38.44072378738461, "0.4": 40.590002945549195, "0.8": 42.68486157793207}, "AP_width": {"0.1": 1.1000000000002501, "0.2": 1.1000000000002501, "0.4": 1.1000000000002501, "0.8": 1.2000000000002728}, "AP_amplitude": {"0.1": 95.24262482943875, "0.2": 95.50487305741763, "0.4": 96.08473721408933, "0.8": 115.02819887014682}, "voltage_base": {"0.1": -72.338961523025, "0.2": -72.338961523025, "0.4": -72.338961523025, "0.8": -72.338961523025}}}, "NetPyNE": {"L23_PC_cADpyr229_3": {"mean_frequency": {"0.1": 2.9451611003140696, "0.2": 4.226542688083969, "0.4": 9.19023792505471, "0.8": 18.393623543850552}, "ISI_CV": {"0.1": 0.002896472843562375, "0.2": 0.009795089611698896, "0.4": 0.16578532971613702, "0.8": 0.17901386789415175}, "time_to_first_spike": {"0.1": 32.500000000098, "0.2": 11.00000000009311, "0.4": 4.300000000091586, "0.8": 2.000000000091063}, "time_to_second_spike": {"0.1": 361.9000000001297, "0.2": 120.10000000011792, "0.4": 30.900000000097634, "0.8": 13.100000000093587}, "AP_height": {"0.1": 36.131430185805335, "0.2": 37.174494446770744, "0.4": 40.269594661744954, "0.8": 42.29309902332166}, "AP_width": {"0.1": 1.1000000000002501, "0.2": 1.2000000000002728, "0.4": 1.2000000000002728, "0.8": 1.3000000000002956}, "AP_amplitude": {"0.1": 93.81219591849162, "0.2": 93.67119520250809, "0.4": 96.54023686556363, "0.8": 114.63642736452788}, "voltage_base": {"0.1": -72.33895247040928, "0.2": -72.33895247040928, "0.4": -72.33895247040928, "0.8": -72.33895247040928}}}}