{"BBP": {"L6_LBC_cNAC187_3": {"mean_frequency": {"0.1": 28.62739189394742, "0.2": 47.42444881694351, "0.4": 73.14262812489315, "0.8": 110.21491909230475}, "ISI_CV": {"0.1": 0.026713058068904207, "0.2": 0.020505950295284577, "0.4": 0.014290210187850975, "0.8": 0.013824520623615147}, "time_to_first_spike": {"0.1": 14.100000000093814, "0.2": 6.400000000092064, "0.4": 3.200000000091336, "0.8": 1.8000000000910177}, "time_to_second_spike": {"0.1": 47.20000000010134, "0.2": 25.60000000009643, "0.4": 14.800000000093974, "0.8": 9.500000000092768}, "AP_height": {"0.1": 11.601951314690508, "0.2": 16.464352983385364, "0.4": 20.411107661213073, "0.8": 21.9776531293283}, "AP_width": {"0.1": 0.7000000000001592, "0.2": 0.7000000000001592, "0.4": 0.7000000000001592, "0.8": 0.8000000000001819}, "AP_amplitude": {"0.1": 66.22975371728388, "0.2": 71.57053817189548, "0.4": 74.60116409800946, "0.8": 90.69150187736263}, "voltage_base": {"0.1": -68.71101958046876, "0.2": -68.71101958046876, "0.4": -68.71101958046876, "0.8": -68.71101958046876}}}, "NetPyNE": {"L6_LBC_cNAC187_3": {"mean_frequency": {"0.1": 28.525673105814608, "0.2": 47.23855470127334, "0.4": 72.85699929660258, "0.8": 109.73593225442141}, "ISI_CV": {"0.1": 0.026475011084462454, "0.2": 0.020059970484305686, "0.4": 0.013581581776231998, "0.8": 0.014609501294521295}, "time_to_first_spike": {"0.1": 14.30000000009386, "0.2": 6.500000000092086, "0.4": 3.3000000000913587, "0.8": 1.8000000000910177}, "time_to_second_spike": {"0.1": 47.400000000101386, "0.2": 25.800000000096475, "0.4": 15.000000000094019, "0.8": 9.700000000092814}, "AP_height": {"0.1": 11.706264057982454, "0.2": 16.23374917454808, "0.4": 19.618274411486077, "0.8": 21.404385310340558}, "AP_width": {"0.1": 0.7000000000001592, "0.2": 0.7000000000001592, "0.4": 0.8000000000001819, "0.8": 0.8000000000001819}, "AP_amplitude": {"0.1": 65.96404134704008, "0.2": 70.76712493988255, "0.4": 74.10300790449766, "0.8": 90.11822940262631}, "voltage_base": {"0.1": -68.71101491936868, "0.2": -68.71101491936868, "0.4": -68.71101491936868, "0.8": -68.71101491936868}}}}