{"BBP": {"L5_LBC_cACint209_3": {"mean_frequency": {"0.1": 20.305599269012163, "0.2": 30.065226253587376, "0.4": 49.50742611395076, "0.8": 108.73922629792918}, "ISI_CV": {"0.1": 0.25202151521508437, "0.2": 0.2310619788460812, "0.4": 0.17925315932445676, "0.8": 0.07978473099178157}, "time_to_first_spike": {"0.1": 19.80000000009511, "0.2": 8.900000000092632, "0.4": 4.100000000091541, "0.8": 2.100000000091086}, "time_to_second_spike": {"0.1": 40.800000000099885, "0.2": 21.500000000095497, "0.4": 13.300000000093632, "0.8": 9.300000000092723}, "AP_height": {"0.1": 25.284490196264578, "0.2": 27.003538995006277, "0.4": 30.55629511155107, "0.8": 32.46748852633735}, "AP_width": {"0.1": 0.8000000000001819, "0.2": 0.8000000000001819, "0.4": 0.9000000000002046, "0.8": 0.9000000000002046}, "AP_amplitude": {"0.1": 80.6136325570436, "0.2": 83.54737208607574, "0.4": 86.3631488458716, "0.8": 102.93783304210051}, "voltage_base": {"0.1": -70.4696793655122, "0.2": -70.4696793655122, "0.4": -70.4696793655122, "0.8": -70.4696793655122}}}, "NetPyNE": {"L5_LBC_cACint209_3": {"mean_frequency": {"0.1": 20.2112071143586, "0.2": 29.962927225656347, "0.4": 49.534977759839464, "0.8": 108.58143607713161}, "ISI_CV": {"0.1": 0.252244057351354, "0.2": 0.23304601300166533, "0.4": 0.17886045887788526, "0.8": 0.07859178473198375}, "time_to_first_spike": {"0.1": 19.900000000095133, "0.2": 9.000000000092655, "0.4": 4.200000000091563, "0.8": 2.100000000091086}, "time_to_second_spike": {"0.1": 41.00000000009993, "0.2": 21.700000000095542, "0.4": 13.400000000093655, "0.8": 9.400000000092746}, "AP_height": {"0.1": 24.997738452035858, "0.2": 26.918985569781064, "0.4": 29.342258777508242, "0.8": 29.462097820542056}, "AP_width": {"0.1": 0.8000000000001819, "0.2": 0.8000000000001819, "0.4": 0.8000000000001819, "0.8": 0.9000000000002046}, "AP_amplitude": {"0.1": 81.27816784149461, "0.2": 82.86676711911329, "0.4": 85.49480444940605, "0.8": 99.93244154700146}, "voltage_base": {"0.1": -70.46967856890103, "0.2": -70.46967856890103, "0.4": -70.46967856890103, "0.8": -70.46967856890103}}}}