{"BBP": {"L1_NGC-DA_cNAC187_1": {"mean_frequency": {"0.1": 46.312610118329935, "0.2": 67.5199032551098, "0.4": 97.33580853952726, "0.8": 142.77841791503116}, "ISI_CV": {"0.1": 0.07697376330763037, "0.2": 0.07256189783976096, "0.4": 0.05495710399194139, "0.8": 0.0173259222240664}, "time_to_first_spike": {"0.1": 4.700000000091677, "0.2": 2.6000000000911996, "0.4": 1.5000000000909495, "0.8": 1.0000000000908358}, "time_to_second_spike": {"0.1": 22.4000000000957, "0.2": 14.000000000093792, "0.4": 9.500000000092768, "0.8": 6.900000000092177}, "AP_height": {"0.1": 23.90215405487277, "0.2": 24.99985017696714, "0.4": 25.868989083273465, "0.8": 29.230110460906996}, "AP_width": {"0.1": 0.7000000000001592, "0.2": 0.7000000000001592, "0.4": 0.8000000000001819, "0.8": 0.8000000000001819}, "AP_amplitude": {"0.1": 79.35544498355253, "0.2": 79.7818152565055, "0.4": 94.93929037163056, "0.8": 98.30041174736657}, "voltage_base": {"0.1": -69.06716508293596, "0.2": -69.06716508293596, "0.4": -69.06716508293596, "0.8": -69.06716508293596}}}, "NetPyNE": {"L1_NGC-DA_cNAC187_1": {"mean_frequency": {"0.1": 46.145357877344885, "0.2": 67.28596535279488, "0.4": 97.00442299966376, "0.8": 142.01420142023858}, "ISI_CV": {"0.1": 0.07621462583918238, "0.2": 0.07115201864464853, "0.4": 0.05317962481889153, "0.8": 0.016427095130019675}, "time_to_first_spike": {"0.1": 4.8000000000917, "0.2": 2.6000000000911996, "0.4": 1.6000000000909722, "0.8": 1.0000000000908358}, "time_to_second_spike": {"0.1": 22.600000000095747, "0.2": 14.100000000093814, "0.4": 9.600000000092791, "0.8": 7.0000000000922}, "AP_height": {"0.1": 23.866979218789012, "0.2": 24.073855845354394, "0.4": 27.779195433181453, "0.8": 29.09799916526798}, "AP_width": {"0.1": 0.7000000000001592, "0.2": 0.7000000000001592, "0.4": 0.7000000000001592, "0.8": 0.8000000000001819}, "AP_amplitude": {"0.1": 78.52332678064938, "0.2": 78.9330709249193, "0.4": 96.84949108181084, "0.8": 98.16829483321926}, "voltage_base": {"0.1": -69.06715945709021, "0.2": -69.06715945709021, "0.4": -69.06715945709021, "0.8": -69.06715945709021}}}}