{"BBP": {"L6_LBC_cNAC187_1": {"mean_frequency": {"0.1": 33.912031178845666, "0.2": 54.38340299112406, "0.4": 81.0081008101361, "0.8": 118.40256873377498}, "ISI_CV": {"0.1": 0.0386332216453428, "0.2": 0.038915052959669884, "0.4": 0.03628403131109997, "0.8": 0.019808498661192088}, "time_to_first_spike": {"0.1": 9.500000000092768, "0.2": 4.100000000091541, "0.4": 2.2000000000911086, "0.8": 1.300000000090904}, "time_to_second_spike": {"0.1": 36.400000000098885, "0.2": 19.80000000009511, "0.4": 12.000000000093337, "0.8": 8.300000000092496}, "AP_height": {"0.1": 19.710078219001165, "0.2": 23.607571590376327, "0.4": 22.28022978136487, "0.8": 28.286361074211467}, "AP_width": {"0.1": 0.6000000000001364, "0.2": 0.7000000000001592, "0.4": 0.8000000000001819, "0.8": 0.7000000000001592}, "AP_amplitude": {"0.1": 73.49168791554531, "0.2": 78.48668882254398, "0.4": 77.36213762092518, "0.8": 96.87853897036082}, "voltage_base": {"0.1": -68.58935795512933, "0.2": -68.58935795512933, "0.4": -68.58935795512933, "0.8": -68.58935795512933}}}, "NetPyNE": {"L6_LBC_cNAC187_1": {"mean_frequency": {"0.1": 33.75484911080933, "0.2": 54.121773991517614, "0.4": 80.64516129037739, "0.8": 117.7767754223223}, "ISI_CV": {"0.1": 0.038687053690887346, "0.2": 0.03851045580521818, "0.4": 0.03522609155671798, "0.8": 0.01905288799632971}, "time_to_first_spike": {"0.1": 9.600000000092791, "0.2": 4.200000000091563, "0.4": 2.2000000000911086, "0.8": 1.300000000090904}, "time_to_second_spike": {"0.1": 36.70000000009895, "0.2": 20.000000000095156, "0.4": 12.10000000009336, "0.8": 8.400000000092518}, "AP_height": {"0.1": 19.34711423121078, "0.2": 22.424088068737728, "0.4": 25.895327694433618, "0.8": 24.168327183195522}, "AP_width": {"0.1": 0.6000000000001364, "0.2": 0.7000000000001592, "0.4": 0.7000000000001592, "0.8": 0.8000000000001819}, "AP_amplitude": {"0.1": 74.10573060388244, "0.2": 77.57297104402114, "0.4": 81.04142044226694, "0.8": 92.76050026072005}, "voltage_base": {"0.1": -68.58935313108917, "0.2": -68.58935313108917, "0.4": -68.58935313108917, "0.8": -68.58935313108917}}}}