{"BBP": {"L23_BTC_cACint209_3": {"mean_frequency": {"0.1": 21.579407080115242, "0.2": 32.29876356297925, "0.4": 55.37098560358131, "0.8": 105.98754269647543}, "ISI_CV": {"0.1": 0.2852624008151382, "0.2": 0.24376560065463335, "0.4": 0.20186826756610426, "0.8": 0.1496221500629457}, "time_to_first_spike": {"0.1": 8.300000000092496, "0.2": 3.500000000091404, "0.4": 1.8000000000910177, "0.8": 1.0000000000908358}, "time_to_second_spike": {"0.1": 22.00000000009561, "0.2": 13.100000000093587, "0.4": 9.2000000000927, "0.8": 6.900000000092177}, "AP_height": {"0.1": 35.42454243049518, "0.2": 36.82686555889538, "0.4": 36.9173066950244, "0.8": 40.875433212403955}, "AP_width": {"0.1": 0.8000000000001819, "0.2": 0.9000000000002046, "0.4": 0.9000000000002046, "0.8": 0.9000000000002046}, "AP_amplitude": {"0.1": 89.79484058499784, "0.2": 92.28435769304387, "0.4": 108.54509131522175, "0.8": 112.50321783041707}, "voltage_base": {"0.1": -71.62709849493994, "0.2": -71.62709849493994, "0.4": -71.62709849493994, "0.8": -71.62709849493994}}}, "NetPyNE": {"L23_BTC_cACint209_3": {"mean_frequency": {"0.1": 21.504275254737767, "0.2": 32.20773992252198, "0.4": 55.26249686012293, "0.8": 105.6849486602271}, "ISI_CV": {"0.1": 0.2853978205726062, "0.2": 0.2438154915818829, "0.4": 0.2016502687063086, "0.8": 0.14811165493151257}, "time_to_first_spike": {"0.1": 8.400000000092518, "0.2": 3.600000000091427, "0.4": 1.8000000000910177, "0.8": 1.1000000000908585}, "time_to_second_spike": {"0.1": 22.200000000095656, "0.2": 13.20000000009361, "0.4": 9.300000000092723, "0.8": 7.0000000000922}, "AP_height": {"0.1": 34.83041644454896, "0.2": 37.70942006360175, "0.4": 38.44382309172586, "0.8": 38.23326278612658}, "AP_width": {"0.1": 0.8000000000001819, "0.2": 0.9000000000002046, "0.4": 0.9000000000002046, "0.8": 0.9000000000002046}, "AP_amplitude": {"0.1": 89.98053634155457, "0.2": 93.32643232853846, "0.4": 110.07160665946392, "0.8": 109.86104657238346}, "voltage_base": {"0.1": -71.6270976641198, "0.2": -71.6270976641198, "0.4": -71.6270976641198, "0.8": -71.6270976641198}}}}