{"BBP": {"L4_BP_cNAC187_3": {"mean_frequency": {"0.1": 76.50878340972625, "0.2": 108.36301610402184, "0.4": 158.33249824642488, "0.8": 291.4663461540443}, "ISI_CV": {"0.1": 0.08225689185142472, "0.2": 0.055279087806575304, "0.4": 0.01434549684449516, "0.8": 0.03289513923457428}, "time_to_first_spike": {"0.1": 1.4000000000909267, "0.2": 0.900000000090813, "0.4": 0.6000000000907448, "0.8": 0.40000000009069936}, "time_to_second_spike": {"0.1": 10.700000000093041, "0.2": 8.000000000092427, "0.4": 6.200000000092018, "0.8": 4.8000000000917}, "AP_height": {"0.1": 33.36580874343667, "0.2": 33.832125671426354, "0.4": 36.9478588297715, "0.8": 39.22750636082912}, "AP_width": {"0.1": 0.7000000000001592, "0.2": 0.7000000000001592, "0.4": 0.7000000000001592, "0.8": 0.8000000000001819}, "AP_amplitude": {"0.1": 100.42126410221239, "0.2": 100.88758102824309, "0.4": 104.00331418267038, "0.8": 106.28296170589255}, "voltage_base": {"0.1": -67.05280344958716, "0.2": -67.05280344958716, "0.4": -67.05280344958716, "0.8": -67.05280344958716}}}, "NetPyNE": {"L4_BP_cNAC187_3": {"mean_frequency": {"0.1": 76.14086059214712, "0.2": 107.86133547391063, "0.4": 157.29886784901984, "0.8": 286.3436123349964}, "ISI_CV": {"0.1": 0.08169821161160634, "0.2": 0.05428252949896964, "0.4": 0.014162435481783794, "0.8": 0.03319033044927783}, "time_to_first_spike": {"0.1": 1.4000000000909267, "0.2": 1.0000000000908358, "0.4": 0.6000000000907448, "0.8": 0.40000000009069936}, "time_to_second_spike": {"0.1": 10.800000000093064, "0.2": 8.10000000009245, "0.4": 6.300000000092041, "0.8": 4.9000000000917225}, "AP_height": {"0.1": 30.936002656449737, "0.2": 30.51104250070355, "0.4": 32.28224219847963, "0.8": 37.97737716929675}, "AP_width": {"0.1": 0.7000000000001592, "0.2": 0.6000000000001364, "0.4": 0.8000000000001819, "0.8": 0.8000000000001819}, "AP_amplitude": {"0.1": 97.99145343054587, "0.2": 97.56649323583852, "0.4": 99.33769301529085, "0.8": 105.03282783840461}, "voltage_base": {"0.1": -67.05279876808831, "0.2": -67.05279876808831, "0.4": -67.05279876808831, "0.8": -67.05279876808831}}}}