{"BBP": {"L5_ChC_dNAC222_4": {"mean_frequency": {"0.1": 10.693008809009722, "0.2": 52.27706846288861, "0.4": 87.42839915592309, "0.8": 136.60245183897203}, "ISI_CV": {"0.1": 0.06077174962146604, "0.2": 0.009738229390680666, "0.4": 0.014642032305885316, "0.8": 0.041708725688520396}, "time_to_first_spike": {"0.1": 874.5999999996634, "0.2": 7.400000000092291, "0.4": 3.4000000000913815, "0.8": 1.8000000000910177}, "time_to_second_spike": {"0.1": 942.8999999996013, "0.2": 25.30000000009636, "0.4": 13.300000000093632, "0.8": 8.700000000092587}, "AP_height": {"0.1": 11.022402102551393, "0.2": 15.237885830280678, "0.4": 19.64478437995395, "0.8": 22.582661688348708}, "AP_width": {"0.1": 0.6999999999993634, "0.2": 0.7000000000001592, "0.4": 0.7000000000001592, "0.8": 0.7000000000001592}, "AP_amplitude": {"0.1": 65.23818674386536, "0.2": 70.4665446988026, "0.4": 74.80442298620974, "0.8": 96.26082857520304}, "voltage_base": {"0.1": -73.67378910739332, "0.2": -73.67378910739332, "0.4": -73.67378910739332, "0.8": -73.67378910739332}}}, "NetPyNE": {"L5_ChC_dNAC222_4": {"mean_frequency": {"0.1": 10.674528541663296, "0.2": 52.00520052008737, "0.4": 86.9871279163905, "0.8": 136.13613613622869}, "ISI_CV": {"0.1": 0.061488641198330876, "0.2": 0.0102724365120244, "0.4": 0.01545486534153865, "0.8": 0.04372339456467191}, "time_to_first_spike": {"0.1": 875.2999999996628, "0.2": 7.500000000092314, "0.4": 3.500000000091404, "0.8": 1.8000000000910177}, "time_to_second_spike": {"0.1": 943.9999999996003, "0.2": 25.60000000009643, "0.4": 13.500000000093678, "0.8": 8.80000000009261}, "AP_height": {"0.1": 10.61360332926582, "0.2": 13.154889554070722, "0.4": 18.135791048268576, "0.8": 21.243801786777748}, "AP_width": {"0.1": 0.6999999999993634, "0.2": 0.7000000000001592, "0.4": 0.8000000000001819, "0.8": 0.8000000000001819}, "AP_amplitude": {"0.1": 64.11103543210356, "0.2": 67.89926257019643, "0.4": 73.60992161003135, "0.8": 94.92196011997426}, "voltage_base": {"0.1": -73.67378052554314, "0.2": -73.67378052554314, "0.4": -73.67378052554314, "0.8": -73.67378052554314}}}}