{"BBP": {"L5_DBC_cACint209_1": {"mean_frequency": {"0.1": 21.38710663001751, "0.2": 31.66624780097651, "0.4": 50.12782595622234, "0.8": 94.64670238876683}, "ISI_CV": {"0.1": 0.23994749042587815, "0.2": 0.246510684701964, "0.4": 0.2073918481097805, "0.8": 0.13148816317493245}, "time_to_first_spike": {"0.1": 24.300000000096134, "0.2": 10.800000000093064, "0.4": 4.700000000091677, "0.8": 2.2000000000911086}, "time_to_second_spike": {"0.1": 47.9000000001015, "0.2": 24.400000000096156, "0.4": 14.200000000093837, "0.8": 9.400000000092746}, "AP_height": {"0.1": 21.139212790199114, "0.2": 21.612769940795214, "0.4": 28.374677151854968, "0.8": 31.790493047908377}, "AP_width": {"0.1": 0.8000000000001819, "0.2": 0.9000000000002046, "0.4": 0.9000000000002046, "0.8": 0.9000000000002046}, "AP_amplitude": {"0.1": 74.77402512073739, "0.2": 75.92712675599716, "0.4": 83.04566377062287, "0.8": 100.67233270960455}, "voltage_base": {"0.1": -68.88125719155549, "0.2": -68.88125719155549, "0.4": -68.88125719155549, "0.8": -68.88125719155549}}}, "NetPyNE": {"L5_DBC_cACint209_1": {"mean_frequency": {"0.1": 21.372958119194134, "0.2": 31.664656212325475, "0.4": 50.23610971569773, "0.8": 95.01784726767296}, "ISI_CV": {"0.1": 0.24045902546520223, "0.2": 0.24651654798291708, "0.4": 0.20702721465264404, "0.8": 0.1291669316592784}, "time_to_first_spike": {"0.1": 24.50000000009618, "0.2": 10.900000000093087, "0.4": 4.8000000000917, "0.8": 2.3000000000911314}, "time_to_second_spike": {"0.1": 48.00000000010152, "0.2": 24.50000000009618, "0.4": 14.400000000093883, "0.8": 9.600000000092791}, "AP_height": {"0.1": 20.161588319548688, "0.2": 22.365851908991836, "0.4": 27.888368467479875, "0.8": 30.852607726247665}, "AP_width": {"0.1": 0.9000000000002046, "0.2": 0.9000000000002046, "0.4": 0.9000000000002046, "0.8": 0.9000000000002046}, "AP_amplitude": {"0.1": 73.44778842190023, "0.2": 76.22446756944872, "0.4": 81.7398867825201, "0.8": 99.73444669667639}, "voltage_base": {"0.1": -68.88125649711559, "0.2": -68.88125649711559, "0.4": -68.88125649711559, "0.8": -68.88125649711559}}}}