{"BBP": {"L23_DBC_bNAC219_2": {"mean_frequency": {"0.1": 75.49068948168183, "0.2": 126.56328164090647, "0.4": 187.54688672180797, "0.8": 254.4452792388406}, "ISI_CV": {"0.1": 0.0322974128041544, "0.2": 0.013334387074912022, "0.4": 0.012665923855874743, "0.8": 0.01492653124567964}, "time_to_first_spike": {"0.1": 4.9000000000917225, "0.2": 2.500000000091177, "0.4": 1.4000000000909267, "0.8": 0.900000000090813}, "time_to_second_spike": {"0.1": 14.500000000093905, "0.2": 9.800000000092837, "0.4": 7.300000000092268, "0.8": 5.700000000091904}, "AP_height": {"0.1": 10.8605499370394, "0.2": 14.77203859041014, "0.4": 18.101617172918104, "0.8": 20.622958790274573}, "AP_width": {"0.1": 0.7000000000001592, "0.2": 0.6000000000001364, "0.4": 0.7000000000001592, "0.8": 0.7000000000001592}, "AP_amplitude": {"0.1": 67.407124127388, "0.2": 70.46937603754935, "0.4": 88.13380022560673, "0.8": 90.65514183947292}, "voltage_base": {"0.1": -70.0320481515529, "0.2": -70.0320481515529, "0.4": -70.0320481515529, "0.8": -70.0320481515529}}}, "NetPyNE": {"L23_DBC_bNAC219_2": {"mean_frequency": {"0.1": 75.27475284794595, "0.2": 125.83976737198964, "0.4": 185.66710039047754, "0.8": 250.42572373051178}, "ISI_CV": {"0.1": 0.032014446719708434, "0.2": 0.013416230780672897, "0.4": 0.011956210485606336, "0.8": 0.011701199059376733}, "time_to_first_spike": {"0.1": 5.000000000091745, "0.2": 2.500000000091177, "0.4": 1.5000000000909495, "0.8": 0.900000000090813}, "time_to_second_spike": {"0.1": 14.600000000093928, "0.2": 9.90000000009286, "0.4": 7.400000000092291, "0.8": 5.700000000091904}, "AP_height": {"0.1": 11.740272042809032, "0.2": 13.20578291507153, "0.4": 16.936776986881185, "0.8": 20.969723990842727}, "AP_width": {"0.1": 0.6000000000001364, "0.2": 0.7000000000001592, "0.4": 0.7000000000001592, "0.8": 0.7000000000001592}, "AP_amplitude": {"0.1": 68.46697931267205, "0.2": 69.03469404337174, "0.4": 86.96895974500882, "0.8": 91.00190683384207}, "voltage_base": {"0.1": -70.03204794427849, "0.2": -70.03204794427849, "0.4": -70.03204794427849, "0.8": -70.03204794427849}}}}