{"BBP": {"L6_NGC_cACint209_4": {"mean_frequency": {"0.1": 26.944585663465094, "0.2": 44.13903796963424, "0.4": 83.5472343852799, "0.8": 239.04382470027795}, "ISI_CV": {"0.1": 0.25780411566675526, "0.2": 0.2231287430693842, "0.4": 0.15768494873991618, "0.8": 0.1413616284522688}, "time_to_first_spike": {"0.1": 7.900000000092405, "0.2": 4.200000000091563, "0.4": 2.400000000091154, "0.8": 1.4000000000909267}, "time_to_second_spike": {"0.1": 22.100000000095633, "0.2": 14.100000000093814, "0.4": 9.600000000092791, "0.8": 7.0000000000922}, "AP_height": {"0.1": 25.689754696143666, "0.2": 28.382828260997684, "0.4": 28.89527595935212, "0.8": 31.907530388070747}, "AP_width": {"0.1": 0.9000000000002046, "0.2": 0.9000000000002046, "0.4": 1.0000000000002274, "0.8": 1.0000000000002274}, "AP_amplitude": {"0.1": 80.21532702394356, "0.2": 83.29933914111925, "0.4": 100.72342494436565, "0.8": 103.73567937122914}, "voltage_base": {"0.1": -71.82744739094078, "0.2": -71.82744739094078, "0.4": -71.82744739094078, "0.8": -71.82744739094078}}}, "NetPyNE": {"L6_NGC_cACint209_4": {"mean_frequency": {"0.1": 26.992615227927587, "0.2": 44.28787116258667, "0.4": 83.84375941365268, "0.8": 238.09523809432787}, "ISI_CV": {"0.1": 0.2580292764469104, "0.2": 0.22276956068696074, "0.4": 0.15572278908072537, "0.8": 0.15456453228992476}, "time_to_first_spike": {"0.1": 8.000000000092427, "0.2": 4.300000000091586, "0.4": 2.400000000091154, "0.8": 1.4000000000909267}, "time_to_second_spike": {"0.1": 22.30000000009568, "0.2": 14.30000000009386, "0.4": 9.800000000092837, "0.8": 7.100000000092223}, "AP_height": {"0.1": 25.74969893447578, "0.2": 27.706935708471306, "0.4": 30.348944472855973, "0.8": 32.91469027951106}, "AP_width": {"0.1": 0.9000000000002046, "0.2": 1.0000000000002274, "0.4": 1.0000000000002274, "0.8": 1.0000000000002274}, "AP_amplitude": {"0.1": 79.62340414369456, "0.2": 82.85026789645882, "0.4": 84.65887528819007, "0.8": 104.74283832333383}, "voltage_base": {"0.1": -71.82744644446983, "0.2": -71.82744644446983, "0.4": -71.82744644446983, "0.8": -71.82744644446983}}}}