{"BBP": {"L6_SBC_bNAC219_5": {"mean_frequency": {"0.1": 25.54726243552305, "0.2": 68.04082449474308, "0.4": 110.7991577259351, "0.8": 161.62930344286409}, "ISI_CV": {"0.1": 0.13992099613278844, "0.2": 0.03002516519979407, "0.4": 0.02133060972486877, "0.8": 0.013610246475468851}, "time_to_first_spike": {"0.1": 16.700000000094406, "0.2": 6.100000000091995, "0.4": 2.900000000091268, "0.8": 1.6000000000909722}, "time_to_second_spike": {"0.1": 37.900000000099226, "0.2": 17.60000000009461, "0.4": 11.100000000093132, "0.8": 7.800000000092382}, "AP_height": {"0.1": 2.7378636143551986, "0.2": 10.673447888493977, "0.4": 17.372818412711048, "0.8": 20.339148305018885}, "AP_width": {"0.1": 0.6000000000001364, "0.2": 0.7000000000001592, "0.4": 0.7000000000001592, "0.8": 0.7000000000001592}, "AP_amplitude": {"0.1": 51.740145410452655, "0.2": 63.0922593966666, "0.4": 71.91130466984612, "0.8": 90.72690084073675}, "voltage_base": {"0.1": -70.38764347014083, "0.2": -70.38764347014083, "0.4": -70.38764347014083, "0.8": -70.38764347014083}}}, "NetPyNE": {"L6_SBC_bNAC219_5": {"mean_frequency": {"0.1": 25.538307461209147, "0.2": 67.83578714642061, "0.4": 110.19835704275171, "0.8": 160.3367070849872}, "ISI_CV": {"0.1": 0.1396240751006211, "0.2": 0.02981019704514383, "0.4": 0.020619670523057777, "0.8": 0.012878215719980768}, "time_to_first_spike": {"0.1": 16.80000000009443, "0.2": 6.100000000091995, "0.4": 3.0000000000912905, "0.8": 1.6000000000909722}, "time_to_second_spike": {"0.1": 38.00000000009925, "0.2": 17.800000000094656, "0.4": 11.200000000093155, "0.8": 7.900000000092405}, "AP_height": {"0.1": 2.8866035191576014, "0.2": 11.504630958877192, "0.4": 17.341698003079067, "0.8": 17.456308847511597}, "AP_width": {"0.1": 0.7000000000001592, "0.2": 0.7000000000001592, "0.4": 0.6000000000001364, "0.8": 0.7000000000001592}, "AP_amplitude": {"0.1": 52.36549431326903, "0.2": 63.09869352011366, "0.4": 70.99909538187148, "0.8": 87.84406125803515}, "voltage_base": {"0.1": -70.38764334429118, "0.2": -70.38764334429118, "0.4": -70.38764334429118, "0.8": -70.38764334429118}}}}