{"BBP": {"L1_NGC-DA_cACint209_4": {"mean_frequency": {"0.1": 26.507620941038454, "0.2": 43.276972624828076, "0.4": 78.63761582775192, "0.8": 217.9836512255703}, "ISI_CV": {"0.1": 0.24043037534288902, "0.2": 0.2135541683088295, "0.4": 0.15761447649339563, "0.8": 0.14447709724828744}, "time_to_first_spike": {"0.1": 10.400000000092973, "0.2": 5.3000000000918135, "0.4": 2.800000000091245, "0.8": 1.6000000000909722}, "time_to_second_spike": {"0.1": 25.700000000096452, "0.2": 15.800000000094201, "0.4": 10.600000000093019, "0.8": 7.6000000000923364}, "AP_height": {"0.1": 25.94887438644352, "0.2": 25.941698087236915, "0.4": 29.32498472783046, "0.8": 33.957906630492566}, "AP_width": {"0.1": 0.8000000000001819, "0.2": 0.9000000000002046, "0.4": 1.0000000000002274, "0.8": 1.0000000000002274}, "AP_amplitude": {"0.1": 81.99109553157822, "0.2": 80.96638454103629, "0.4": 84.29724658025073, "0.8": 105.74781609635369}, "voltage_base": {"0.1": -71.78926561261899, "0.2": -71.78926561261899, "0.4": -71.78926561261899, "0.8": -71.78926561261899}}}, "NetPyNE": {"L1_NGC-DA_cACint209_4": {"mean_frequency": {"0.1": 26.488716825447067, "0.2": 43.31184528608901, "0.4": 78.87861736339761, "0.8": 217.3913043472414}, "ISI_CV": {"0.1": 0.24030310123606824, "0.2": 0.21310759950062896, "0.4": 0.15579050650305765, "0.8": 0.1530502561640877}, "time_to_first_spike": {"0.1": 10.500000000092996, "0.2": 5.3000000000918135, "0.4": 2.900000000091268, "0.8": 1.700000000090995}, "time_to_second_spike": {"0.1": 25.800000000096475, "0.2": 15.900000000094224, "0.4": 10.700000000093041, "0.8": 7.700000000092359}, "AP_height": {"0.1": 26.059018436396755, "0.2": 25.493576090921472, "0.4": 31.28740419168859, "0.8": 32.35902727988745}, "AP_width": {"0.1": 0.8000000000001819, "0.2": 0.9000000000002046, "0.4": 0.9000000000002046, "0.8": 0.9000000000002046}, "AP_amplitude": {"0.1": 81.72865511332073, "0.2": 81.04568395483321, "0.4": 86.40576024251662, "0.8": 104.14893556562231}, "voltage_base": {"0.1": -71.78926442253635, "0.2": -71.78926442253635, "0.4": -71.78926442253635, "0.8": -71.78926442253635}}}}