{"BBP": {"L4_LBC_cACint209_4": {"mean_frequency": {"0.1": 30.090270812457756, "0.2": 50.733373518218094, "0.4": 95.07130347767284, "0.8": 220.02200220036966}, "ISI_CV": {"0.1": 0.23429516748094714, "0.2": 0.1899519350221131, "0.4": 0.13223174000151186, "0.8": 0.0543148422593002}, "time_to_first_spike": {"0.1": 7.900000000092405, "0.2": 3.7000000000914497, "0.4": 1.9000000000910404, "0.8": 1.1000000000908585}, "time_to_second_spike": {"0.1": 20.700000000095315, "0.2": 12.900000000093542, "0.4": 9.000000000092655, "0.8": 6.700000000092132}, "AP_height": {"0.1": 27.110698647141785, "0.2": 32.55501912737383, "0.4": 32.760143723608, "0.8": 37.07232321137591}, "AP_width": {"0.1": 0.8000000000001819, "0.2": 0.9000000000002046, "0.4": 0.9000000000002046, "0.8": 1.0000000000002274}, "AP_amplitude": {"0.1": 83.48717076500296, "0.2": 88.466405854732, "0.4": 103.6577824269738, "0.8": 107.96996191238978}, "voltage_base": {"0.1": -70.89702108282344, "0.2": -70.89702108282344, "0.4": -70.89702108282344, "0.8": -70.89702108282344}}}, "NetPyNE": {"L4_LBC_cACint209_4": {"mean_frequency": {"0.1": 30.07288852644878, "0.2": 50.67482815717656, "0.4": 95.1379500276046, "0.8": 218.119965981438}, "ISI_CV": {"0.1": 0.234195372616458, "0.2": 0.18970035447958136, "0.4": 0.1302709642266876, "0.8": 0.05189364920907502}, "time_to_first_spike": {"0.1": 8.000000000092427, "0.2": 3.8000000000914724, "0.4": 2.000000000091063, "0.8": 1.2000000000908813}, "time_to_second_spike": {"0.1": 20.800000000095338, "0.2": 13.100000000093587, "0.4": 9.100000000092678, "0.8": 6.8000000000921546}, "AP_height": {"0.1": 27.29593457701684, "0.2": 31.009289022017995, "0.4": 35.30850184550923, "0.8": 35.49652134667418}, "AP_width": {"0.1": 0.9000000000002046, "0.2": 0.8000000000001819, "0.4": 0.9000000000002046, "0.8": 0.9000000000002046}, "AP_amplitude": {"0.1": 82.83834826548191, "0.2": 87.20054047920084, "0.4": 106.20613988657381, "0.8": 106.39415935687035}, "voltage_base": {"0.1": -70.8970203913477, "0.2": -70.8970203913477, "0.4": -70.8970203913477, "0.8": -70.8970203913477}}}}