{"BBP": {"L1_DAC_cNAC187_5": {"mean_frequency": {"0.1": 33.54360668871811, "0.2": 53.812110239424975, "0.4": 80.66536399624701, "0.8": 118.54741896766764}, "ISI_CV": {"0.1": 0.03926513644227886, "0.2": 0.03477880187313655, "0.4": 0.029640395716525016, "0.8": 0.014620046938726832}, "time_to_first_spike": {"0.1": 8.900000000092632, "0.2": 3.900000000091495, "0.4": 2.100000000091086, "0.8": 1.300000000090904}, "time_to_second_spike": {"0.1": 35.90000000009877, "0.2": 19.700000000095088, "0.4": 11.900000000093314, "0.8": 8.200000000092473}, "AP_height": {"0.1": 18.48735569539662, "0.2": 22.951778543612786, "0.4": 25.622267480366915, "0.8": 24.73239226885612}, "AP_width": {"0.1": 0.7000000000001592, "0.2": 0.6000000000001364, "0.4": 0.7000000000001592, "0.8": 0.7000000000001592}, "AP_amplitude": {"0.1": 74.33155004371189, "0.2": 78.14702553057818, "0.4": 92.65675724505058, "0.8": 93.4245668228252}, "voltage_base": {"0.1": -68.68910857390458, "0.2": -68.68910857390458, "0.4": -68.68910857390458, "0.8": -68.68910857390458}}}, "NetPyNE": {"L1_DAC_cNAC187_5": {"mean_frequency": {"0.1": 33.38391502278437, "0.2": 53.502675133793076, "0.4": 80.23669825992111, "0.8": 117.8535606821262}, "ISI_CV": {"0.1": 0.03903995132532841, "0.2": 0.034445033313463665, "0.4": 0.028742448786840312, "0.8": 0.014160341018537647}, "time_to_first_spike": {"0.1": 9.000000000092655, "0.2": 4.000000000091518, "0.4": 2.100000000091086, "0.8": 1.300000000090904}, "time_to_second_spike": {"0.1": 36.20000000009884, "0.2": 19.900000000095133, "0.4": 12.10000000009336, "0.8": 8.400000000092518}, "AP_height": {"0.1": 20.67802672163699, "0.2": 21.899111195456815, "0.4": 24.58766805839128, "0.8": 29.637640558949776}, "AP_width": {"0.1": 0.6000000000001364, "0.2": 0.7000000000001592, "0.4": 0.7000000000001592, "0.8": 0.7000000000001592}, "AP_amplitude": {"0.1": 76.13738422152804, "0.2": 77.67162536065662, "0.4": 91.65470844059388, "0.8": 98.32981018357674}, "voltage_base": {"0.1": -68.68910363866307, "0.2": -68.68910363866307, "0.4": -68.68910363866307, "0.8": -68.68910363866307}}}}