{"BBP": {"L5_BP_cACint209_3": {"mean_frequency": {"0.1": 42.59584064147219, "0.2": 81.38249773943032, "0.4": 167.18390229263542, "0.8": 287.557511502496}, "ISI_CV": {"0.1": 0.21119034924310376, "0.2": 0.13186425877128014, "0.4": 0.05758691675857281, "0.8": 0.025675019757493416}, "time_to_first_spike": {"0.1": 6.000000000091973, "0.2": 2.500000000091177, "0.4": 1.2000000000908813, "0.8": 0.7000000000907676}, "time_to_second_spike": {"0.1": 15.700000000094178, "0.2": 10.000000000092882, "0.4": 7.100000000092223, "0.8": 5.400000000091836}, "AP_height": {"0.1": 31.704489798513972, "0.2": 33.66178123309684, "0.4": 32.91626012520687, "0.8": 38.15579674823267}, "AP_width": {"0.1": 0.8000000000001819, "0.2": 0.9000000000002046, "0.4": 0.9000000000002046, "0.8": 1.0000000000002274}, "AP_amplitude": {"0.1": 88.21202581620145, "0.2": 103.65373486783241, "0.4": 102.90821375781223, "0.8": 108.14775037657765}, "voltage_base": {"0.1": -69.9912702716255, "0.2": -69.9912702716255, "0.4": -69.9912702716255, "0.8": -69.9912702716255}}}, "NetPyNE": {"L5_BP_cACint209_3": {"mean_frequency": {"0.1": 42.53189892422206, "0.2": 81.46025041489916, "0.4": 166.49114888933633, "0.8": 205.7390362748929}, "ISI_CV": {"0.1": 0.21117418783118483, "0.2": 0.13078777252094817, "0.4": 0.055748933389837205, "0.8": 0.38445398907508227}, "time_to_first_spike": {"0.1": 6.100000000091995, "0.2": 2.6000000000911996, "0.4": 1.300000000090904, "0.8": 0.8000000000907903}, "time_to_second_spike": {"0.1": 15.800000000094201, "0.2": 10.100000000092905, "0.4": 7.2000000000922455, "0.8": 5.500000000091859}, "AP_height": {"0.1": 31.162928370106073, "0.2": 33.97426344404921, "0.4": 36.1126299561153, "0.8": 35.73623302519218}, "AP_width": {"0.1": 0.8000000000001819, "0.2": 0.9000000000002046, "0.4": 0.9000000000002046, "0.8": 0.9000000000002046}, "AP_amplitude": {"0.1": 86.67420168654462, "0.2": 103.96621587156622, "0.4": 106.10458215003821, "0.8": 0}, "voltage_base": {"0.1": -69.99126908027905, "0.2": -69.99126908027905, "0.4": -69.99126908027905, "0.8": -69.99126908027905}}}}