{"BBP": {"L4_BTC_bAC217_4": {"mean_frequency": {"0.1": 7.491839246539999, "0.2": 11.997287569774876, "0.4": 16.958733747891582, "0.8": 23.566781085112467}, "ISI_CV": {"0.1": 0.25359784735925367, "0.2": 0.2942160478906424, "0.4": 0.3005308179190051, "0.8": 0.30833242472463407}, "time_to_first_spike": {"0.1": 7.700000000092359, "0.2": 3.7000000000914497, "0.4": 2.000000000091063, "0.8": 1.1000000000908585}, "time_to_second_spike": {"0.1": 36.60000000009893, "0.2": 22.200000000095656, "0.4": 14.400000000093883, "0.8": 9.700000000092814}, "AP_height": {"0.1": 23.53789927344411, "0.2": 26.653768820805393, "0.4": 26.64417655400629, "0.8": 33.80857810624816}, "AP_width": {"0.1": 0.5000000000001137, "0.2": 0.6000000000001364, "0.4": 0.6000000000001364, "0.8": 0.6000000000001364}, "AP_amplitude": {"0.1": 79.25425319701564, "0.2": 82.4692626964745, "0.4": 100.77919060067255, "0.8": 107.94359215060895}, "voltage_base": {"0.1": -74.13160379922466, "0.2": -74.13160379922466, "0.4": -74.13160379922466, "0.8": -74.13160379922466}}}, "NetPyNE": {"L4_BTC_bAC217_4": {"mean_frequency": {"0.1": 7.40309872561437, "0.2": 11.85689246314851, "0.4": 16.756372499249682, "0.8": 23.254638289283236}, "ISI_CV": {"0.1": 0.251470899774345, "0.2": 0.2929621642212502, "0.4": 0.2990132791836394, "0.8": 0.3065793254249833}, "time_to_first_spike": {"0.1": 7.800000000092382, "0.2": 3.7000000000914497, "0.4": 2.000000000091063, "0.8": 1.2000000000908813}, "time_to_second_spike": {"0.1": 36.900000000099, "0.2": 22.4000000000957, "0.4": 14.600000000093928, "0.8": 9.800000000092837}, "AP_height": {"0.1": 24.54766627015923, "0.2": 23.94211382906224, "0.4": 31.46632535512379, "0.8": 28.478643345668292}, "AP_width": {"0.1": 0.5000000000001137, "0.2": 0.6000000000001364, "0.4": 0.6000000000001364, "0.8": 0.6000000000001364}, "AP_amplitude": {"0.1": 79.7043725428344, "0.2": 78.76895295844798, "0.4": 105.601333931067, "0.8": 102.61365212783743}, "voltage_base": {"0.1": -74.13159851573624, "0.2": -74.13159851573624, "0.4": -74.13159851573624, "0.8": -74.13159851573624}}}}