{"BBP": {"L6_LBC_bNAC219_3": {"mean_frequency": {"0.1": 18.54171886746437, "0.2": 55.513878469655154, "0.4": 97.5048752438285, "0.8": 144.6301671505337}, "ISI_CV": {"0.1": 0.17869075421846403, "0.2": 0.038708035013673564, "0.4": 0.021804146613200674, "0.8": 0.012790666679044726}, "time_to_first_spike": {"0.1": 17.300000000094542, "0.2": 7.400000000092291, "0.4": 3.600000000091427, "0.8": 1.9000000000910404}, "time_to_second_spike": {"0.1": 41.60000000010007, "0.2": 20.700000000095315, "0.4": 12.600000000093473, "0.8": 8.600000000092564}, "AP_height": {"0.1": 6.357164687642973, "0.2": 9.725436262049325, "0.4": 14.047052944529403, "0.8": 18.822009859973292}, "AP_width": {"0.1": 0.6000000000001364, "0.2": 0.7000000000001592, "0.4": 0.7000000000001592, "0.8": 0.7000000000001592}, "AP_amplitude": {"0.1": 60.731225321533515, "0.2": 63.851080952100446, "0.4": 68.98627811495281, "0.8": 89.35717768538622}, "voltage_base": {"0.1": -70.53505359439495, "0.2": -70.53505359439495, "0.4": -70.53505359439495, "0.8": -70.53505359439495}}}, "NetPyNE": {"L6_LBC_bNAC219_3": {"mean_frequency": {"0.1": 18.544274455274422, "0.2": 55.33755911061206, "0.4": 96.98005125377169, "0.8": 143.57896843273556}, "ISI_CV": {"0.1": 0.17854806789931638, "0.2": 0.038809774587100956, "0.4": 0.021330372696800808, "0.8": 0.013051711707811086}, "time_to_first_spike": {"0.1": 17.500000000094587, "0.2": 7.400000000092291, "0.4": 3.600000000091427, "0.8": 2.000000000091063}, "time_to_second_spike": {"0.1": 41.80000000010011, "0.2": 20.90000000009536, "0.4": 12.700000000093496, "0.8": 8.700000000092587}, "AP_height": {"0.1": 6.3933479437108724, "0.2": 9.518536958004423, "0.4": 14.279315487671056, "0.8": 17.994592273537236}, "AP_width": {"0.1": 0.7000000000001592, "0.2": 0.6000000000001364, "0.4": 0.7000000000001592, "0.8": 0.7000000000001592}, "AP_amplitude": {"0.1": 60.419677130981356, "0.2": 64.29824050799226, "0.4": 68.04615214229187, "0.8": 88.52975998070072}, "voltage_base": {"0.1": -70.53505347548258, "0.2": -70.53505347548258, "0.4": -70.53505347548258, "0.8": -70.53505347548258}}}}