{"BBP": {"L5_LBC_cACint209_4": {"mean_frequency": {"0.1": 24.432454443669165, "0.2": 37.80432481478445, "0.4": 67.26569951312234, "0.8": 128.84788930120055}, "ISI_CV": {"0.1": 0.2596301790797049, "0.2": 0.22213925370546211, "0.4": 0.1691813108434103, "0.8": 0.10092062188060946}, "time_to_first_spike": {"0.1": 10.400000000092973, "0.2": 4.8000000000917, "0.4": 2.3000000000911314, "0.8": 1.300000000090904}, "time_to_second_spike": {"0.1": 26.30000000009659, "0.2": 15.300000000094087, "0.4": 10.200000000092928, "0.8": 7.400000000092291}, "AP_height": {"0.1": 26.315964124644076, "0.2": 31.133920537546853, "0.4": 31.999113903641828, "0.8": 35.684073662063966}, "AP_width": {"0.1": 0.9000000000002046, "0.2": 0.8000000000001819, "0.4": 0.9000000000002046, "0.8": 0.9000000000002046}, "AP_amplitude": {"0.1": 81.98983436588031, "0.2": 86.5009766320003, "0.4": 103.11226895378319, "0.8": 106.79722871028395}, "voltage_base": {"0.1": -71.11248233316171, "0.2": -71.11248233316171, "0.4": -71.11248233316171, "0.8": -71.11248233316171}}}, "NetPyNE": {"L5_LBC_cACint209_4": {"mean_frequency": {"0.1": 24.365482233519025, "0.2": 37.74534474084091, "0.4": 67.26569951312234, "0.8": 128.6415056563093}, "ISI_CV": {"0.1": 0.25972106186191285, "0.2": 0.22210099465295105, "0.4": 0.1681712373844814, "0.8": 0.09850490636964192}, "time_to_first_spike": {"0.1": 10.500000000092996, "0.2": 4.9000000000917225, "0.4": 2.400000000091154, "0.8": 1.300000000090904}, "time_to_second_spike": {"0.1": 26.500000000096634, "0.2": 15.500000000094133, "0.4": 10.30000000009295, "0.8": 7.500000000092314}, "AP_height": {"0.1": 26.760236517704016, "0.2": 29.76455087758845, "0.4": 34.99812580809989, "0.8": 35.65813862555337}, "AP_width": {"0.1": 0.9000000000002046, "0.2": 0.9000000000002046, "0.4": 0.9000000000002046, "0.8": 1.0000000000002274}, "AP_amplitude": {"0.1": 81.93868746855972, "0.2": 85.35708356554473, "0.4": 106.11127981859437, "0.8": 106.77129254614383}, "voltage_base": {"0.1": -71.11248120660703, "0.2": -71.11248120660703, "0.4": -71.11248120660703, "0.8": -71.11248120660703}}}}