{"BBP": {"L6_DBC_bSTUT213_1": {"mean_frequency": {"0.1": 3.4551862345400886, "0.2": 55.22920118495492, "0.4": 124.83080162438922, "0.8": 217.9836512255703}, "ISI_CV": {"0.1": 0.5349670334351423, "0.2": 0.19386776768946393, "0.4": 0.01604675990434371, "0.8": 0.06267237641577081}, "time_to_first_spike": {"0.1": 107.10000000011496, "0.2": 6.300000000092041, "0.4": 2.900000000091268, "0.8": 1.6000000000909722}, "time_to_second_spike": {"0.1": 468.50000000003274, "0.2": 16.50000000009436, "0.4": 10.500000000092996, "0.8": 7.400000000092291}, "AP_height": {"0.1": 2.826505836313005, "0.2": 10.976060174361152, "0.4": 13.025803146394626, "0.8": 19.41327558507022}, "AP_width": {"0.1": 0.6000000000001364, "0.2": 0.6000000000001364, "0.4": 0.7000000000001592, "0.8": 0.6000000000001364}, "AP_amplitude": {"0.1": 58.770387737860055, "0.2": 67.20484320819196, "0.4": 87.08067561359613, "0.8": 93.59447868478622}, "voltage_base": {"0.1": -74.23284181721027, "0.2": -74.23284181721027, "0.4": -74.23284181721027, "0.8": -74.23284181721027}}}, "NetPyNE": {"L6_DBC_bSTUT213_1": {"mean_frequency": {"0.1": 0, "0.2": 23.93319075263864, "0.4": 118.8446494835829, "0.8": 184.7956730770487}, "ISI_CV": {"0.1": 0, "0.2": 0.18619857816458535, "0.4": 0.012004779189615011, "0.8": 2.3088267093544115}, "time_to_first_spike": {"0.1": 0, "0.2": 6.900000000092177, "0.4": 3.1000000000913133, "0.8": 1.700000000090995}, "time_to_second_spike": {"0.1": 0, "0.2": 18.100000000094724, "0.4": 10.900000000093087, "0.8": 7.6000000000923364}, "AP_height": {"0.1": 0, "0.2": 8.809341620018634, "0.4": 14.167184316018952, "0.8": 18.83306550441139}, "AP_width": {"0.1": 0, "0.2": 0.6000000000001364, "0.4": 0.6000000000001364, "0.8": 0.6000000000001364}, "AP_amplitude": {"0.1": 0, "0.2": 64.45075003804443, "0.4": 88.97622249322781, "0.8": 93.64210363576338}, "voltage_base": {"0.1": -74.8090114201576, "0.2": -74.8090114201576, "0.4": -74.8090114201576, "0.8": -74.8090114201576}}}}