{"BBP": {"L4_SP_cADpyr230_1": {"mean_frequency": {"0.1": 2.708375651704513, "0.2": 6.516426825961403, "0.4": 9.807463996290084, "0.8": 17.16651519742656}, "ISI_CV": {"0.1": 0.06541690080455148, "0.2": 0.2617679609548636, "0.4": 0.28045568056986964, "0.8": 0.21588109520148796}, "time_to_first_spike": {"0.1": 95.60000000011235, "0.2": 19.900000000095133, "0.4": 7.400000000092291, "0.8": 2.7000000000912223}, "time_to_second_spike": {"0.1": 400.30000000009477, "0.2": 53.40000000010275, "0.4": 27.300000000096816, "0.8": 14.500000000093905}, "AP_height": {"0.1": 35.997055310953854, "0.2": 36.72458314957357, "0.4": 40.02406945592667, "0.8": 43.04292530421539}, "AP_width": {"0.1": 0.8000000000001819, "0.2": 0.8000000000001819, "0.4": 0.9000000000002046, "0.8": 0.9000000000002046}, "AP_amplitude": {"0.1": 92.88592701978588, "0.2": 93.31525220008348, "0.4": 97.01832364643067, "0.8": 116.38530533705458}, "voltage_base": {"0.1": -73.34194730693194, "0.2": -73.34194730693194, "0.4": -73.34194730693194, "0.8": -73.34194730693194}}}, "NetPyNE": {"L4_SP_cADpyr230_1": {"mean_frequency": {"0.1": 2.6974172230105875, "0.2": 6.498077652032237, "0.4": 9.779196047152604, "0.8": 17.04004410365514}, "ISI_CV": {"0.1": 0.06419905925169693, "0.2": 0.26008708418160587, "0.4": 0.27922007795427845, "0.8": 0.21473863221630007}, "time_to_first_spike": {"0.1": 95.90000000011241, "0.2": 20.000000000095156, "0.4": 7.500000000092314, "0.8": 2.800000000091245}, "time_to_second_spike": {"0.1": 403.50000000009186, "0.2": 53.600000000102796, "0.4": 27.50000000009686, "0.8": 14.500000000093905}, "AP_height": {"0.1": 37.19345785831069, "0.2": 38.62620720583143, "0.4": 40.07791727413601, "0.8": 42.40330523991164}, "AP_width": {"0.1": 0.8000000000001819, "0.2": 0.8000000000001819, "0.4": 0.9000000000002046, "0.8": 0.9000000000002046}, "AP_amplitude": {"0.1": 93.67010948766901, "0.2": 94.90755494238371, "0.4": 96.22797926293005, "0.8": 115.74568435640393}, "voltage_base": {"0.1": -73.34194637285168, "0.2": -73.34194637285168, "0.4": -73.34194637285168, "0.8": -73.34194637285168}}}}