{"BBP": {"L6_BTC_bAC217_5": {"mean_frequency": {"0.1": 4.154795821465135, "0.2": 10.696276677030607, "0.4": 15.898251192379558, "0.8": 22.04740191413033}, "ISI_CV": {"0.1": 0.010261672730607907, "0.2": 0.29028500744608143, "0.4": 0.28174209546372897, "0.8": 0.31748160373770645}, "time_to_first_spike": {"0.1": 17.000000000094474, "0.2": 5.800000000091927, "0.4": 2.800000000091245, "0.8": 1.5000000000909495}, "time_to_second_spike": {"0.1": 78.50000000010846, "0.2": 30.500000000097543, "0.4": 18.70000000009486, "0.8": 12.200000000093382}, "AP_height": {"0.1": 16.392171474577562, "0.2": 22.454882331728694, "0.4": 27.264709946408914, "0.8": 31.674490215070197}, "AP_width": {"0.1": 0.5000000000001137, "0.2": 0.5000000000001137, "0.4": 0.6000000000001364, "0.8": 0.6000000000001364}, "AP_amplitude": {"0.1": 73.42675532483322, "0.2": 79.00188886506898, "0.4": 98.25953030014912, "0.8": 104.56430378211542}, "voltage_base": {"0.1": -72.88658139499341, "0.2": -72.88658139499341, "0.4": -72.88658139499341, "0.8": -72.88658139499341}}}, "NetPyNE": {"L6_BTC_bAC217_5": {"mean_frequency": {"0.1": 4.09141387574054, "0.2": 10.514194162126008, "0.4": 15.678737608750254, "0.8": 22.773279352242145}, "ISI_CV": {"0.1": 0.009420515525800784, "0.2": 0.28841348438912134, "0.4": 0.28504104037206035, "0.8": 0.27236826275208054}, "time_to_first_spike": {"0.1": 17.20000000009452, "0.2": 5.90000000009195, "0.4": 2.900000000091268, "0.8": 1.6000000000909722}, "time_to_second_spike": {"0.1": 80.0000000001088, "0.2": 30.80000000009761, "0.4": 18.900000000094906, "0.8": 12.400000000093428}, "AP_height": {"0.1": 19.04058158466806, "0.2": 22.465771768737024, "0.4": 22.956752929137036, "0.8": 28.298046502565764}, "AP_width": {"0.1": 0.5000000000001137, "0.2": 0.5000000000001137, "0.4": 0.5000000000001137, "0.8": 0.5000000000001137}, "AP_amplitude": {"0.1": 74.72366236863141, "0.2": 78.31617435033776, "0.4": 93.9967752083859, "0.8": 101.18785510960862}, "voltage_base": {"0.1": -72.88657641580045, "0.2": -72.88657641580045, "0.4": -72.88657641580045, "0.8": -72.88657641580045}}}}