{"BBP": {"L23_NGC_cACint209_3": {"mean_frequency": {"0.1": 25.62685292198112, "0.2": 39.38797151949345, "0.4": 75.04127270003602, "0.8": 179.04476119041934}, "ISI_CV": {"0.1": 0.2510102396331226, "0.2": 0.22217913986286572, "0.4": 0.1406278610652216, "0.8": 0.04666195972916208}, "time_to_first_spike": {"0.1": 14.30000000009386, "0.2": 6.8000000000921546, "0.4": 3.4000000000913815, "0.8": 1.8000000000910177}, "time_to_second_spike": {"0.1": 30.500000000097543, "0.2": 17.500000000094587, "0.4": 11.4000000000932, "0.8": 8.10000000009245}, "AP_height": {"0.1": 21.43673463106341, "0.2": 24.489092368544807, "0.4": 25.072880336522765, "0.8": 29.292712065738016}, "AP_width": {"0.1": 0.9000000000002046, "0.2": 0.9000000000002046, "0.4": 1.0000000000002274, "0.8": 1.0000000000002274}, "AP_amplitude": {"0.1": 76.0439608315344, "0.2": 80.20118531787043, "0.4": 80.47797292501842, "0.8": 99.84832232730925}, "voltage_base": {"0.1": -70.55488778304922, "0.2": -70.55488778304922, "0.4": -70.55488778304922, "0.8": -70.55488778304922}}}, "NetPyNE": {"L23_NGC_cACint209_3": {"mean_frequency": {"0.1": 25.58442861444499, "0.2": 39.39194990154682, "0.4": 75.2860871311493, "0.8": 177.13284963734836}, "ISI_CV": {"0.1": 0.2511935303131373, "0.2": 0.22205217681336845, "0.4": 0.139566058948493, "0.8": 0.045775194538781594}, "time_to_first_spike": {"0.1": 14.400000000093883, "0.2": 6.900000000092177, "0.4": 3.4000000000913815, "0.8": 1.8000000000910177}, "time_to_second_spike": {"0.1": 30.70000000009759, "0.2": 17.60000000009461, "0.4": 11.500000000093223, "0.8": 8.200000000092473}, "AP_height": {"0.1": 21.106303876864057, "0.2": 24.28021831565163, "0.4": 26.70989458659758, "0.8": 29.05892676248544}, "AP_width": {"0.1": 0.9000000000002046, "0.2": 0.9000000000002046, "0.4": 1.0000000000002274, "0.8": 1.0000000000002274}, "AP_amplitude": {"0.1": 76.51789523782229, "0.2": 79.14261833641547, "0.4": 82.26413361251507, "0.8": 99.61453562036903}, "voltage_base": {"0.1": -70.55488635155817, "0.2": -70.55488635155817, "0.4": -70.55488635155817, "0.8": -70.55488635155817}}}}