{"BBP": {"L5_STPC_cADpyr232_4": {"mean_frequency": {"0.1": 1.6382699868949195, "0.2": 8.259769758923525, "0.4": 15.647082576227042, "0.8": 32.84487114706622}, "ISI_CV": {"0.1": 0, "0.2": 0.045530329687258723, "0.4": 0.110026212735045, "0.8": 0.14707166572376446}, "time_to_first_spike": {"0.1": 487.8000000000152, "0.2": 27.10000000009677, "0.4": 9.600000000092791, "0.8": 3.4000000000913815}, "time_to_second_spike": {"0.1": 1151.999999999411, "0.2": 67.90000000010605, "0.4": 29.200000000097248, "0.8": 14.900000000093996}, "AP_height": {"0.1": 31.457143257619, "0.2": 34.27109424327453, "0.4": 34.9247675907123, "0.8": 38.12270766597069}, "AP_width": {"0.1": 0.7999999999992724, "0.2": 0.9000000000002046, "0.4": 0.9000000000002046, "0.8": 0.9000000000002046}, "AP_amplitude": {"0.1": 87.32674760031645, "0.2": 89.85749953775361, "0.4": 90.17562231248604, "0.8": 110.64010169075752}, "voltage_base": {"0.1": -72.51708580925062, "0.2": -72.51708580925062, "0.4": -72.51708580925062, "0.8": -72.51708580925062}}}, "NetPyNE": {"L5_STPC_cADpyr232_4": {"mean_frequency": {"0.1": 1.6336310172086577, "0.2": 8.187074655892543, "0.4": 15.52406229657022, "0.8": 32.5634988227264}, "ISI_CV": {"0.1": 0, "0.2": 0.04317762142306721, "0.4": 0.10909435212854211, "0.8": 0.14758064887558542}, "time_to_first_spike": {"0.1": 488.2000000000148, "0.2": 27.300000000096816, "0.4": 9.800000000092837, "0.8": 3.500000000091404}, "time_to_second_spike": {"0.1": 1154.7999999994086, "0.2": 68.50000000010618, "0.4": 29.30000000009727, "0.8": 15.100000000094042}, "AP_height": {"0.1": 33.03227122787362, "0.2": 32.54547603350831, "0.4": 34.004883826325496, "0.8": 37.73410616560129}, "AP_width": {"0.1": 0.7999999999992724, "0.2": 0.9000000000002046, "0.4": 0.9000000000002046, "0.8": 1.0000000000002274}, "AP_amplitude": {"0.1": 88.64585637515762, "0.2": 87.98186358759263, "0.4": 88.60482194208453, "0.8": 110.2514994921225}, "voltage_base": {"0.1": -72.51708509625423, "0.2": -72.51708509625423, "0.4": -72.51708509625423, "0.8": -72.51708509625423}}}}