{"BBP": {"L6_BTC_bAC217_2": {"mean_frequency": {"0.1": 4.04510289730769, "0.2": 10.779734099899468, "0.4": 16.04554865425509, "0.8": 22.857723370767733}, "ISI_CV": {"0.1": 0.0243926643788097, "0.2": 0.29148371011942775, "0.4": 0.2815878182390267, "0.8": 0.29246678832189743}, "time_to_first_spike": {"0.1": 17.800000000094656, "0.2": 5.700000000091904, "0.4": 2.800000000091245, "0.8": 1.5000000000909495}, "time_to_second_spike": {"0.1": 79.80000000010875, "0.2": 30.600000000097566, "0.4": 18.600000000094838, "0.8": 12.10000000009336}, "AP_height": {"0.1": 17.631757492009708, "0.2": 21.10615766471825, "0.4": 23.28398429998852, "0.8": 31.79392915494707}, "AP_width": {"0.1": 0.5000000000001137, "0.2": 0.5000000000001137, "0.4": 0.5000000000001137, "0.8": 0.6000000000001364}, "AP_amplitude": {"0.1": 74.31131287361093, "0.2": 76.9070959705771, "0.4": 93.97294949971969, "0.8": 104.36801934013491}, "voltage_base": {"0.1": -72.57091464338154, "0.2": -72.57091464338154, "0.4": -72.57091464338154, "0.8": -72.57091464338154}}}, "NetPyNE": {"L6_BTC_bAC217_2": {"mean_frequency": {"0.1": 4.159239453359749, "0.2": 10.590549195629755, "0.4": 15.782506873037853, "0.8": 22.743353886601884}, "ISI_CV": {"0.1": 0.02141944287906554, "0.2": 0.2898605659108228, "0.4": 0.2928611842772404, "0.8": 0.26574881937502026}, "time_to_first_spike": {"0.1": 18.0000000000947, "0.2": 5.800000000091927, "0.4": 2.800000000091245, "0.8": 1.6000000000909722}, "time_to_second_spike": {"0.1": 81.10000000010905, "0.2": 30.900000000097634, "0.4": 18.900000000094906, "0.8": 12.300000000093405}, "AP_height": {"0.1": 18.651418187457086, "0.2": 20.85509817120252, "0.4": 27.673698783299535, "0.8": 26.515103952010385}, "AP_width": {"0.1": 0.5000000000001137, "0.2": 0.6000000000001364, "0.4": 0.6000000000001364, "0.8": 0.5000000000001137}, "AP_amplitude": {"0.1": 75.60345312979824, "0.2": 77.51409379515718, "0.4": 98.40679295968607, "0.8": 99.08918923342017}, "voltage_base": {"0.1": -72.5709097209468, "0.2": -72.5709097209468, "0.4": -72.5709097209468, "0.8": -72.5709097209468}}}}