{"BBP": {"L5_BP_cACint209_5": {"mean_frequency": {"0.1": 42.66211604098461, "0.2": 81.46844355047018, "0.4": 164.0492147645409, "0.8": 285.85732165225943}, "ISI_CV": {"0.1": 0.2130180856060692, "0.2": 0.13389233930010924, "0.4": 0.060061858950827315, "0.8": 0.020755910533843333}, "time_to_first_spike": {"0.1": 5.90000000009195, "0.2": 2.400000000091154, "0.4": 1.2000000000908813, "0.8": 0.7000000000907676}, "time_to_second_spike": {"0.1": 15.500000000094133, "0.2": 9.90000000009286, "0.4": 7.100000000092223, "0.8": 5.400000000091836}, "AP_height": {"0.1": 29.067923822542515, "0.2": 33.93818996626391, "0.4": 36.55309160237536, "0.8": 38.29008484514736}, "AP_width": {"0.1": 0.8000000000001819, "0.2": 0.9000000000002046, "0.4": 0.9000000000002046, "0.8": 1.0000000000002274}, "AP_amplitude": {"0.1": 84.81724306138888, "0.2": 103.63051875331803, "0.4": 106.24542038728244, "0.8": 107.98241362576039}, "voltage_base": {"0.1": -69.69165830078342, "0.2": -69.69165830078342, "0.4": -69.69165830078342, "0.8": -69.69165830078342}}}, "NetPyNE": {"L5_BP_cACint209_5": {"mean_frequency": {"0.1": 42.61292424928949, "0.2": 81.51222683408054, "0.4": 163.4494860868496, "0.8": 205.3388090347654}, "ISI_CV": {"0.1": 0.21302520395153954, "0.2": 0.1324557510277436, "0.4": 0.05796080169853179, "0.8": 0.2804478783020587}, "time_to_first_spike": {"0.1": 6.000000000091973, "0.2": 2.500000000091177, "0.4": 1.300000000090904, "0.8": 0.8000000000907903}, "time_to_second_spike": {"0.1": 15.600000000094155, "0.2": 10.000000000092882, "0.4": 7.2000000000922455, "0.8": 5.500000000091859}, "AP_height": {"0.1": 28.844943695210034, "0.2": 32.409978931755326, "0.4": 34.0622005743334, "0.8": 34.43696485459012}, "AP_width": {"0.1": 0.8000000000001819, "0.2": 0.8000000000001819, "0.4": 0.9000000000002046, "0.8": 1.0000000000002274}, "AP_amplitude": {"0.1": 85.2700801273597, "0.2": 102.10230648869978, "0.4": 103.75452794873097, "0.8": 0}, "voltage_base": {"0.1": -69.69165711807358, "0.2": -69.69165711807358, "0.4": -69.69165711807358, "0.8": -69.69165711807358}}}}