{"BBP": {"L6_TPC_L4_cADpyr231_4": {"mean_frequency": {"0.1": 0, "0.2": 5.850441442403638, "0.4": 9.721653704468286, "0.8": 27.363940407437195}, "ISI_CV": {"0.1": 0, "0.2": 0.30406720268363885, "0.4": 0.2969191605978492, "0.8": 0.12010641281665473}, "time_to_first_spike": {"0.1": 0, "0.2": 18.600000000094838, "0.4": 6.000000000091973, "0.8": 2.500000000091177}, "time_to_second_spike": {"0.1": 0, "0.2": 51.50000000010232, "0.4": 22.200000000095656, "0.8": 10.600000000093019}, "AP_height": {"0.1": 0, "0.2": 26.041038971623866, "0.4": 34.58590208375898, "0.8": 39.331477542953046}, "AP_width": {"0.1": 0, "0.2": 1.3000000000002956, "0.4": 1.3000000000002956, "0.8": 1.4000000000003183}, "AP_amplitude": {"0.1": 0, "0.2": 78.52960022159586, "0.4": 87.79991358568483, "0.8": 111.16514380705252}, "voltage_base": {"0.1": -71.83351474028535, "0.2": -71.83351474028535, "0.4": -71.83351474028535, "0.8": -71.83351474028535}}}, "NetPyNE": {"L6_TPC_L4_cADpyr231_4": {"mean_frequency": {"0.1": 0, "0.2": 5.779739386300626, "0.4": 9.599353306731105, "0.8": 27.34869587239127}, "ISI_CV": {"0.1": 0, "0.2": 0.30321107688978194, "0.4": 0.2951310434825518, "0.8": 0.120259135010971}, "time_to_first_spike": {"0.1": 0, "0.2": 18.800000000094883, "0.4": 6.100000000091995, "0.8": 2.500000000091177}, "time_to_second_spike": {"0.1": 0, "0.2": 51.50000000010232, "0.4": 22.200000000095656, "0.8": 10.800000000093064}, "AP_height": {"0.1": 0, "0.2": 25.597193840194596, "0.4": 34.06982011287879, "0.8": 38.535157586105996}, "AP_width": {"0.1": 0, "0.2": 1.2000000000002728, "0.4": 1.3000000000002956, "0.8": 1.3000000000002956}, "AP_amplitude": {"0.1": 0, "0.2": 77.97462098562228, "0.4": 88.07799163381979, "0.8": 110.36882345612274}, "voltage_base": {"0.1": -71.83351434107043, "0.2": -71.83351434107043, "0.4": -71.83351434107043, "0.8": -71.83351434107043}}}}