{"BBP": {"L5_BTC_cACint209_5": {"mean_frequency": {"0.1": 24.157020634138185, "0.2": 39.176293319966334, "0.4": 69.02806469496294, "0.8": 123.03075768950602}, "ISI_CV": {"0.1": 0.25266713547874325, "0.2": 0.21893367285278476, "0.4": 0.16840494168820472, "0.8": 0.12104300164576592}, "time_to_first_spike": {"0.1": 16.80000000009443, "0.2": 7.100000000092223, "0.4": 3.200000000091336, "0.8": 1.700000000090995}, "time_to_second_spike": {"0.1": 34.900000000098544, "0.2": 18.500000000094815, "0.4": 11.700000000093269, "0.8": 8.300000000092496}, "AP_height": {"0.1": 26.289342042748874, "0.2": 25.691451982907935, "0.4": 32.27507855123908, "0.8": 34.86241074201391}, "AP_width": {"0.1": 0.8000000000001819, "0.2": 0.9000000000002046, "0.4": 0.8000000000001819, "0.8": 0.9000000000002046}, "AP_amplitude": {"0.1": 82.11533027149791, "0.2": 81.95307628037986, "0.4": 87.17907316513879, "0.8": 103.78704513824378}, "voltage_base": {"0.1": -68.92413783093397, "0.2": -68.92413783093397, "0.4": -68.92413783093397, "0.8": -68.92413783093397}}}, "NetPyNE": {"L5_BTC_cACint209_5": {"mean_frequency": {"0.1": 24.072216649966204, "0.2": 39.11735205619508, "0.4": 69.03797088403313, "0.8": 123.49397590369833}, "ISI_CV": {"0.1": 0.25284276573199643, "0.2": 0.21894516685066034, "0.4": 0.1670522386491212, "0.8": 0.11797720692527285}, "time_to_first_spike": {"0.1": 16.90000000009445, "0.2": 7.2000000000922455, "0.4": 3.3000000000913587, "0.8": 1.8000000000910177}, "time_to_second_spike": {"0.1": 35.10000000009859, "0.2": 18.70000000009486, "0.4": 11.900000000093314, "0.8": 8.400000000092518}, "AP_height": {"0.1": 24.235255234004388, "0.2": 26.798847959424652, "0.4": 31.496657364721877, "0.8": 33.07196248379736}, "AP_width": {"0.1": 0.8000000000001819, "0.2": 0.9000000000002046, "0.4": 0.8000000000001819, "0.8": 0.8000000000001819}, "AP_amplitude": {"0.1": 79.87616714207675, "0.2": 82.53132164813934, "0.4": 86.96365548676262, "0.8": 101.99659604772668}, "voltage_base": {"0.1": -68.92413699942973, "0.2": -68.92413699942973, "0.4": -68.92413699942973, "0.8": -68.92413699942973}}}}