{"BBP": {"L23_LBC_dNAC222_1": {"mean_frequency": {"0.1": 4.095004095006858, "0.2": 47.77470455120165, "0.4": 80.51207681157648, "0.8": 122.96727564754387}, "ISI_CV": {"0.1": 0.022740061752210723, "0.2": 0.011353783073450589, "0.4": 0.01474623226126262, "0.8": 0.01826415924248965}, "time_to_first_spike": {"0.1": 1416.1999999991708, "0.2": 6.8000000000921546, "0.4": 3.0000000000912905, "0.8": 1.6000000000909722}, "time_to_second_spike": {"0.1": 1498.2999999990961, "0.2": 26.200000000096566, "0.4": 13.300000000093632, "0.8": 8.700000000092587}, "AP_height": {"0.1": 15.000519185018025, "0.2": 17.022614099628594, "0.4": 23.28762875964847, "0.8": 27.261651928926042}, "AP_width": {"0.1": 0.5999999999994543, "0.2": 0.7000000000001592, "0.4": 0.7000000000001592, "0.8": 0.7000000000001592}, "AP_amplitude": {"0.1": 70.23057390810384, "0.2": 73.28886836797201, "0.4": 79.01254101907207, "0.8": 100.4107787519482}, "voltage_base": {"0.1": -73.14485528493157, "0.2": -73.14485528493157, "0.4": -73.14485528493157, "0.8": -73.14485528493157}}}, "NetPyNE": {"L23_LBC_dNAC222_1": {"mean_frequency": {"0.1": 4.090816117818265, "0.2": 47.50475047507981, "0.4": 80.10814599715053, "0.8": 122.28737533211337}, "ISI_CV": {"0.1": 0.02325223600145433, "0.2": 0.010926074099353015, "0.4": 0.013998276789965838, "0.8": 0.01904765079674331}, "time_to_first_spike": {"0.1": 1416.8999999991702, "0.2": 7.0000000000922, "0.4": 3.1000000000913133, "0.8": 1.700000000090995}, "time_to_second_spike": {"0.1": 1499.2999999990952, "0.2": 26.40000000009661, "0.4": 13.500000000093678, "0.8": 8.80000000009261}, "AP_height": {"0.1": 12.94611278133112, "0.2": 16.64091219370775, "0.4": 20.88136013365302, "0.8": 23.873696941742967}, "AP_width": {"0.1": 0.6999999999993634, "0.2": 0.7000000000001592, "0.4": 0.7000000000001592, "0.8": 0.8000000000001819}, "AP_amplitude": {"0.1": 68.20262484299434, "0.2": 72.29266396387783, "0.4": 75.43204495254209, "0.8": 97.02281531868104}, "voltage_base": {"0.1": -73.14484681263973, "0.2": -73.14484681263973, "0.4": -73.14484681263973, "0.8": -73.14484681263973}}}}