{"BBP": {"L23_NBC_dNAC222_1": {"mean_frequency": {"0.1": 2.0760886489867056, "0.2": 41.50207510378341, "0.4": 71.74033010590334, "0.8": 109.89562424736489}, "ISI_CV": {"0.1": 0.018150334490349883, "0.2": 0.010272166015359388, "0.4": 0.014518089898507997, "0.8": 0.014406969765490498}, "time_to_first_spike": {"0.1": 1640.299999998967, "0.2": 9.500000000092768, "0.4": 4.200000000091563, "0.8": 2.2000000000911086}, "time_to_second_spike": {"0.1": 1739.6999999988766, "0.2": 32.500000000098, "0.4": 16.200000000094292, "0.8": 10.200000000092928}, "AP_height": {"0.1": 9.104161238182872, "0.2": 11.936904451348834, "0.4": 16.13878461938319, "0.8": 22.275640210146886}, "AP_width": {"0.1": 0.6999999999993634, "0.2": 0.7000000000001592, "0.4": 0.8000000000001819, "0.8": 0.7000000000001592}, "AP_amplitude": {"0.1": 64.2955367869812, "0.2": 68.20951492405024, "0.4": 72.29698972179787, "0.8": 95.58560597857999}, "voltage_base": {"0.1": -73.30565068994198, "0.2": -73.30565068994198, "0.4": -73.30565068994198, "0.8": -73.30565068994198}}}, "NetPyNE": {"L23_NBC_dNAC222_1": {"mean_frequency": {"0.1": 2.0752269779521066, "0.2": 41.33064516131835, "0.4": 71.4357581246083, "0.8": 109.37735186400486}, "ISI_CV": {"0.1": 0.01738477388272645, "0.2": 0.009789163024499548, "0.4": 0.013882357895753919, "0.8": 0.014803728841636011}, "time_to_first_spike": {"0.1": 1640.6999999989666, "0.2": 9.600000000092791, "0.4": 4.200000000091563, "0.8": 2.3000000000911314}, "time_to_second_spike": {"0.1": 1740.399999998876, "0.2": 32.70000000009804, "0.4": 16.400000000094337, "0.8": 10.30000000009295}, "AP_height": {"0.1": 8.825889044387003, "0.2": 11.404114636776345, "0.4": 17.791623589299043, "0.8": 19.81976294239981}, "AP_width": {"0.1": 0.7999999999992724, "0.2": 0.7000000000001592, "0.4": 0.7000000000001592, "0.8": 0.8000000000001819}, "AP_amplitude": {"0.1": 63.50998148042281, "0.2": 67.16391187625393, "0.4": 72.88795401519033, "0.8": 93.12971983670455}, "voltage_base": {"0.1": -73.30564178762465, "0.2": -73.30564178762465, "0.4": -73.30564178762465, "0.8": -73.30564178762465}}}}