{"BBP": {"L1_DAC_cNAC187_4": {"mean_frequency": {"0.1": 31.504725708877753, "0.2": 52.279696375645, "0.4": 81.29673307578162, "0.8": 125.05002000808824}, "ISI_CV": {"0.1": 0.017959362853922158, "0.2": 0.011029348310453128, "0.4": 0.01016348053994023, "0.8": 0.02728588784548368}, "time_to_first_spike": {"0.1": 12.700000000093496, "0.2": 5.600000000091882, "0.4": 2.7000000000912223, "0.8": 1.4000000000909267}, "time_to_second_spike": {"0.1": 42.80000000010034, "0.2": 22.800000000095793, "0.4": 13.000000000093564, "0.8": 8.500000000092541}, "AP_height": {"0.1": 15.979059958092385, "0.2": 18.5155897816246, "0.4": 22.492386513677683, "0.8": 22.00329375969866}, "AP_width": {"0.1": 0.6000000000001364, "0.2": 0.7000000000001592, "0.4": 0.7000000000001592, "0.8": 0.8000000000001819}, "AP_amplitude": {"0.1": 70.8832321311516, "0.2": 74.23943170434559, "0.4": 77.05260302002496, "0.8": 90.61190039461161}, "voltage_base": {"0.1": -68.6058232329321, "0.2": -68.6058232329321, "0.4": -68.6058232329321, "0.8": -68.6058232329321}}}, "NetPyNE": {"L1_DAC_cNAC187_4": {"mean_frequency": {"0.1": 31.405126127060065, "0.2": 52.08072512397751, "0.4": 80.99813855215035, "0.8": 124.60591502785833}, "ISI_CV": {"0.1": 0.017639479850160948, "0.2": 0.010729731714938429, "0.4": 0.010196860198773099, "0.8": 0.028791402391106447}, "time_to_first_spike": {"0.1": 12.800000000093519, "0.2": 5.700000000091904, "0.4": 2.800000000091245, "0.8": 1.5000000000909495}, "time_to_second_spike": {"0.1": 43.10000000010041, "0.2": 23.000000000095838, "0.4": 13.20000000009361, "0.8": 8.700000000092587}, "AP_height": {"0.1": 16.22257760630455, "0.2": 18.65001037051424, "0.4": 20.972924602919374, "0.8": 25.598621494910045}, "AP_width": {"0.1": 0.7000000000001592, "0.2": 0.8000000000001819, "0.4": 0.8000000000001819, "0.8": 0.7000000000001592}, "AP_amplitude": {"0.1": 70.72682050827963, "0.2": 73.48004480299754, "0.4": 75.98061668778618, "0.8": 94.20722349955624}, "voltage_base": {"0.1": -68.60581859785766, "0.2": -68.60581859785766, "0.4": -68.60581859785766, "0.8": -68.60581859785766}}}}