{"BBP": {"L5_NBC_cSTUT189_4": {"mean_frequency": {"0.1": 0, "0.2": 47.03056987044775, "0.4": 84.7712680578425, "0.8": 131.46670680926186}, "ISI_CV": {"0.1": 0, "0.2": 0.07485138454975764, "0.4": 0.02185725569614525, "0.8": 0.029200849068280476}, "time_to_first_spike": {"0.1": 0, "0.2": 6.900000000092177, "0.4": 3.0000000000912905, "0.8": 1.6000000000909722}, "time_to_second_spike": {"0.1": 0, "0.2": 27.10000000009677, "0.4": 12.800000000093519, "0.8": 8.500000000092541}, "AP_height": {"0.1": 0, "0.2": 16.28985905607962, "0.4": 19.471562023087905, "0.8": 25.05974330046488}, "AP_width": {"0.1": 0, "0.2": 0.7000000000001592, "0.4": 0.8000000000001819, "0.8": 0.8000000000001819}, "AP_amplitude": {"0.1": 0, "0.2": 72.96663850905814, "0.4": 92.92905826644613, "0.8": 100.25031628847393}, "voltage_base": {"0.1": -75.16825082168458, "0.2": -75.16825082168458, "0.4": -75.16825082168458, "0.8": -75.16825082168458}}}, "NetPyNE": {"L5_NBC_cSTUT189_4": {"mean_frequency": {"0.1": 0, "0.2": 48.137190994366556, "0.4": 84.6354166667242, "0.8": 131.35465757554297}, "ISI_CV": {"0.1": 0, "0.2": 0.0202634260347083, "0.4": 0.012470388019266416, "0.8": 0.030322479361795003}, "time_to_first_spike": {"0.1": 0, "0.2": 6.500000000092086, "0.4": 3.0000000000912905, "0.8": 1.700000000090995}, "time_to_second_spike": {"0.1": 0, "0.2": 25.400000000096384, "0.4": 13.100000000093587, "0.8": 8.700000000092587}, "AP_height": {"0.1": 0, "0.2": 16.127730241302377, "0.4": 18.626088616761773, "0.8": 24.926441233720602}, "AP_width": {"0.1": 0, "0.2": 0.7000000000001592, "0.4": 0.8000000000001819, "0.8": 0.7000000000001592}, "AP_amplitude": {"0.1": 0, "0.2": 72.25400879904053, "0.4": 92.08717897806314, "0.8": 100.20501908081411}, "voltage_base": {"0.1": -75.27782359250443, "0.2": -75.27782359250443, "0.4": -75.27782359250443, "0.8": -75.27782359250443}}}}