{"BBP": {"L6_MC_bNAC219_5": {"mean_frequency": {"0.1": 30.103858311194, "0.2": 78.61792689038894, "0.4": 126.46793134606602, "0.8": 220.58823529333267}, "ISI_CV": {"0.1": 0.12038891418424863, "0.2": 0.020485092432601708, "0.4": 0.012545321682461526, "0.8": 0.08973405413791101}, "time_to_first_spike": {"0.1": 13.100000000093587, "0.2": 5.90000000009195, "0.4": 2.900000000091268, "0.8": 1.6000000000909722}, "time_to_second_spike": {"0.1": 30.00000000009743, "0.2": 16.200000000094292, "0.4": 10.600000000093019, "0.8": 7.6000000000923364}, "AP_height": {"0.1": 6.633597229649828, "0.2": 9.742372354119857, "0.4": 14.749086243967849, "0.8": 18.110010730233224}, "AP_width": {"0.1": 0.6000000000001364, "0.2": 0.7000000000001592, "0.4": 0.6000000000001364, "0.8": 0.7000000000001592}, "AP_amplitude": {"0.1": 62.629633824568266, "0.2": 65.9460317992773, "0.4": 69.59624643279443, "0.8": 88.23879711364579}, "voltage_base": {"0.1": -70.1286852502676, "0.2": -70.1286852502676, "0.4": -70.1286852502676, "0.8": -70.1286852502676}}}, "NetPyNE": {"L6_MC_bNAC219_5": {"mean_frequency": {"0.1": 30.02101471031762, "0.2": 78.3958992914749, "0.4": 125.92815572956577, "0.8": 218.1818181810497}, "ISI_CV": {"0.1": 0.12023794876661231, "0.2": 0.02012421465831501, "0.4": 0.012477457945968664, "0.8": 0.09403528649002653}, "time_to_first_spike": {"0.1": 13.300000000093632, "0.2": 6.000000000091973, "0.4": 3.0000000000912905, "0.8": 1.700000000090995}, "time_to_second_spike": {"0.1": 30.200000000097475, "0.2": 16.400000000094337, "0.4": 10.700000000093041, "0.8": 7.700000000092359}, "AP_height": {"0.1": 6.350875418701457, "0.2": 9.71081040886139, "0.4": 14.852497577921383, "0.8": 17.392764041609066}, "AP_width": {"0.1": 0.6000000000001364, "0.2": 0.7000000000001592, "0.4": 0.6000000000001364, "0.8": 0.7000000000001592}, "AP_amplitude": {"0.1": 62.112233752754996, "0.2": 65.27086549994286, "0.4": 70.09541499315225, "0.8": 87.52155025986757}, "voltage_base": {"0.1": -70.12868508449561, "0.2": -70.12868508449561, "0.4": -70.12868508449561, "0.8": -70.12868508449561}}}}