{"BBP": {"L6_LBC_bIR215_1": {"mean_frequency": {"0.1": 0, "0.2": 8.841732979669946, "0.4": 14.240667276990607, "0.8": 21.50752763468676}, "ISI_CV": {"0.1": 0, "0.2": 0.31443763433701677, "0.4": 0.33425596948837494, "0.8": 0.30846615901886437}, "time_to_first_spike": {"0.1": 0, "0.2": 9.2000000000927, "0.4": 3.8000000000914724, "0.8": 1.9000000000910404}, "time_to_second_spike": {"0.1": 0, "0.2": 37.30000000009909, "0.4": 19.600000000095065, "0.8": 11.700000000093269}, "AP_height": {"0.1": 0, "0.2": 15.153256567714044, "0.4": 18.591207412997317, "0.8": 23.938776700063627}, "AP_width": {"0.1": 0, "0.2": 0.5000000000001137, "0.4": 0.7000000000001592, "0.8": 0.6000000000001364}, "AP_amplitude": {"0.1": 0, "0.2": 70.68835007083369, "0.4": 73.8199084759283, "0.8": 96.85426436228595}, "voltage_base": {"0.1": -72.90305462833652, "0.2": -72.90305462833652, "0.4": -72.90305462833652, "0.8": -72.90305462833652}}}, "NetPyNE": {"L6_LBC_bIR215_1": {"mean_frequency": {"0.1": 0, "0.2": 6.18397320278695, "0.4": 13.067953357467657, "0.8": 19.776876267761864}, "ISI_CV": {"0.1": 0, "0.2": 0.21831511129986908, "0.4": 0.29695592912153296, "0.8": 0.2875004665855211}, "time_to_first_spike": {"0.1": 0, "0.2": 11.200000000093155, "0.4": 4.400000000091609, "0.8": 2.100000000091086}, "time_to_second_spike": {"0.1": 0, "0.2": 48.800000000101704, "0.4": 21.800000000095565, "0.8": 12.700000000093496}, "AP_height": {"0.1": 0, "0.2": 14.805597169918267, "0.4": 21.567455253157654, "0.8": 24.788206564008945}, "AP_width": {"0.1": 0, "0.2": 0.6000000000001364, "0.4": 0.6000000000001364, "0.8": 0.6000000000001364}, "AP_amplitude": {"0.1": 0, "0.2": 70.95999167070008, "0.4": 77.07545989007203, "0.8": 99.72463664473878}, "voltage_base": {"0.1": -74.93539516498902, "0.2": -74.93539516498902, "0.4": -74.93539516498902, "0.8": -74.93539516498902}}}}