{"BBP": {"L6_BP_bAC217_1": {"mean_frequency": {"0.1": 12.813941568435089, "0.2": 17.54913758525059, "0.4": 23.853024766561003, "0.8": 34.16055460667445}, "ISI_CV": {"0.1": 0.3172580112800461, "0.2": 0.32927495508187876, "0.4": 0.34202034013115057, "0.8": 0.3275192378031188}, "time_to_first_spike": {"0.1": 6.500000000092086, "0.2": 2.400000000091154, "0.4": 1.2000000000908813, "0.8": 0.7000000000907676}, "time_to_second_spike": {"0.1": 30.00000000009743, "0.2": 16.600000000094383, "0.4": 10.000000000092882, "0.8": 6.900000000092177}, "AP_height": {"0.1": 22.11869045446134, "0.2": 27.506730051864242, "0.4": 29.682031643209566, "0.8": 31.880885131732036}, "AP_width": {"0.1": 0.6000000000001364, "0.2": 0.6000000000001364, "0.4": 0.6000000000001364, "0.8": 0.6000000000001364}, "AP_amplitude": {"0.1": 78.66387881713193, "0.2": 96.76733024209, "0.4": 98.94263183129439, "0.8": 101.14148531553516}, "voltage_base": {"0.1": -69.25819669477846, "0.2": -69.25819669477846, "0.4": -69.25819669477846, "0.8": -69.25819669477846}}}, "NetPyNE": {"L6_BP_bAC217_1": {"mean_frequency": {"0.1": 12.651821862356748, "0.2": 17.42696053307172, "0.4": 23.60063619107845, "0.8": 33.77356588368053}, "ISI_CV": {"0.1": 0.3157968000425421, "0.2": 0.33350366127615727, "0.4": 0.3407646330373501, "0.8": 0.32821387198245905}, "time_to_first_spike": {"0.1": 6.600000000092109, "0.2": 2.500000000091177, "0.4": 1.300000000090904, "0.8": 0.7000000000907676}, "time_to_second_spike": {"0.1": 30.300000000097498, "0.2": 16.80000000009443, "0.4": 10.200000000092928, "0.8": 7.0000000000922}, "AP_height": {"0.1": 21.064967878393254, "0.2": 26.793346654335334, "0.4": 25.888495004881875, "0.8": 27.145282133009346}, "AP_width": {"0.1": 0.6000000000001364, "0.2": 0.6000000000001364, "0.4": 0.6000000000001364, "0.8": 0.7000000000001592}, "AP_amplitude": {"0.1": 76.80579325834958, "0.2": 96.053943389078, "0.4": 95.14909134653226, "0.8": 96.40587885171087}, "voltage_base": {"0.1": -69.25819321658277, "0.2": -69.25819321658277, "0.4": -69.25819321658277, "0.8": -69.25819321658277}}}}