{"BBP": {"L6_MC_bAC217_1": {"mean_frequency": {"0.1": 7.848472164090645, "0.2": 12.093805868133016, "0.4": 16.625522696368776, "0.8": 22.58469259725499}, "ISI_CV": {"0.1": 0.2946336367383893, "0.2": 0.3089861140731742, "0.4": 0.3103583272779024, "0.8": 0.31791906699229994}, "time_to_first_spike": {"0.1": 11.800000000093291, "0.2": 4.8000000000917, "0.4": 2.2000000000911086, "0.8": 1.2000000000908813}, "time_to_second_spike": {"0.1": 47.000000000101295, "0.2": 25.800000000096475, "0.4": 15.600000000094155, "0.8": 9.800000000092837}, "AP_height": {"0.1": 20.325169119714218, "0.2": 24.39173977134334, "0.4": 29.04257164502432, "0.8": 28.16853809291597}, "AP_width": {"0.1": 0.6000000000001364, "0.2": 0.6000000000001364, "0.4": 0.6000000000001364, "0.8": 0.6000000000001364}, "AP_amplitude": {"0.1": 74.19554391876218, "0.2": 79.74597561754939, "0.4": 100.40517275864731, "0.8": 99.53113920441615}, "voltage_base": {"0.1": -71.35976520270012, "0.2": -71.35976520270012, "0.4": -71.35976520270012, "0.8": -71.35976520270012}}}, "NetPyNE": {"L6_MC_bAC217_1": {"mean_frequency": {"0.1": 7.775243624305451, "0.2": 11.98041462653163, "0.4": 16.556291390739606, "0.8": 22.418097518739355}, "ISI_CV": {"0.1": 0.2939836168151692, "0.2": 0.30739242771462705, "0.4": 0.31490247467208554, "0.8": 0.3212736670796112}, "time_to_first_spike": {"0.1": 11.900000000093314, "0.2": 4.9000000000917225, "0.4": 2.3000000000911314, "0.8": 1.2000000000908813}, "time_to_second_spike": {"0.1": 47.30000000010136, "0.2": 26.00000000009652, "0.4": 15.700000000094178, "0.8": 10.000000000092882}, "AP_height": {"0.1": 18.10194010810723, "0.2": 23.049980893847213, "0.4": 26.78892889547863, "0.8": 30.691642262410944}, "AP_width": {"0.1": 0.6000000000001364, "0.2": 0.6000000000001364, "0.4": 0.6000000000001364, "0.8": 0.7000000000001592}, "AP_amplitude": {"0.1": 72.89453756720194, "0.2": 77.57039989471878, "0.4": 98.15152548265107, "0.8": 102.05423903867856}, "voltage_base": {"0.1": -71.35976085116529, "0.2": -71.35976085116529, "0.4": -71.35976085116529, "0.8": -71.35976085116529}}}}