{"BBP": {"L6_SBC_cACint209_4": {"mean_frequency": {"0.1": 22.161781001324595, "0.2": 32.43955598359943, "0.4": 51.61872306308008, "0.8": 95.92687459199925}, "ISI_CV": {"0.1": 0.2646892423008789, "0.2": 0.2539509846904373, "0.4": 0.21724057133297595, "0.8": 0.15308413403329443}, "time_to_first_spike": {"0.1": 15.600000000094155, "0.2": 6.400000000092064, "0.4": 3.1000000000913133, "0.8": 1.700000000090995}, "time_to_second_spike": {"0.1": 34.00000000009834, "0.2": 18.100000000094724, "0.4": 11.600000000093246, "0.8": 8.10000000009245}, "AP_height": {"0.1": 21.354472662570398, "0.2": 28.938246655352142, "0.4": 33.04331373879071, "0.8": 33.03063722900018}, "AP_width": {"0.1": 0.8000000000001819, "0.2": 0.9000000000002046, "0.4": 0.9000000000002046, "0.8": 0.9000000000002046}, "AP_amplitude": {"0.1": 70.88420952344984, "0.2": 81.40143431754237, "0.4": 86.72802665655415, "0.8": 104.18645921731112}, "voltage_base": {"0.1": -71.15517605621076, "0.2": -71.15517605621076, "0.4": -71.15517605621076, "0.8": -71.15517605621076}}}, "NetPyNE": {"L6_SBC_cACint209_4": {"mean_frequency": {"0.1": 22.213247172874507, "0.2": 32.536858159655964, "0.4": 51.8291148795199, "0.8": 96.00480024007729}, "ISI_CV": {"0.1": 0.26413104734725545, "0.2": 0.2540038201976217, "0.4": 0.21670432698426997, "0.8": 0.1513365229115655}, "time_to_first_spike": {"0.1": 15.600000000094155, "0.2": 6.500000000092086, "0.4": 3.200000000091336, "0.8": 1.700000000090995}, "time_to_second_spike": {"0.1": 34.10000000009836, "0.2": 18.200000000094747, "0.4": 11.700000000093269, "0.8": 8.200000000092473}, "AP_height": {"0.1": 19.158867309204542, "0.2": 28.92668074865041, "0.4": 31.96542706108636, "0.8": 34.59263695837615}, "AP_width": {"0.1": 0.8000000000001819, "0.2": 0.8000000000001819, "0.4": 0.9000000000002046, "0.8": 0.9000000000002046}, "AP_amplitude": {"0.1": 68.67848418431451, "0.2": 80.57389940125816, "0.4": 85.82849776073658, "0.8": 105.74845806338557}, "voltage_base": {"0.1": -71.15517517337452, "0.2": -71.15517517337452, "0.4": -71.15517517337452, "0.8": -71.15517517337452}}}}