{"BBP": {"L6_ChC_cACint209_3": {"mean_frequency": {"0.1": 25.66941815987246, "0.2": 40.5206908778069, "0.4": 70.75116664162566, "0.8": 136.35452175665972}, "ISI_CV": {"0.1": 0.24400639091268972, "0.2": 0.22453602954153787, "0.4": 0.17640267378487415, "0.8": 0.10281249151921232}, "time_to_first_spike": {"0.1": 11.4000000000932, "0.2": 5.500000000091859, "0.4": 2.800000000091245, "0.8": 1.5000000000909495}, "time_to_second_spike": {"0.1": 27.80000000009693, "0.2": 16.300000000094315, "0.4": 10.800000000093064, "0.8": 7.6000000000923364}, "AP_height": {"0.1": 26.323507884583364, "0.2": 28.17425578810115, "0.4": 32.228308162775335, "0.8": 32.406835741836126}, "AP_width": {"0.1": 0.8000000000001819, "0.2": 0.8000000000001819, "0.4": 0.9000000000002046, "0.8": 1.0000000000002274}, "AP_amplitude": {"0.1": 80.96763881066158, "0.2": 83.31763763176562, "0.4": 87.81003213416918, "0.8": 103.50341261562076}, "voltage_base": {"0.1": -71.09593243449297, "0.2": -71.09593243449297, "0.4": -71.09593243449297, "0.8": -71.09593243449297}}}, "NetPyNE": {"L6_ChC_cACint209_3": {"mean_frequency": {"0.1": 25.646183244511022, "0.2": 40.504278264419106, "0.4": 70.87207841170934, "0.8": 136.67768098537377}, "ISI_CV": {"0.1": 0.24371476974345702, "0.2": 0.22461182640359356, "0.4": 0.17511475045493577, "0.8": 0.10098262837599073}, "time_to_first_spike": {"0.1": 11.500000000093223, "0.2": 5.600000000091882, "0.4": 2.900000000091268, "0.8": 1.6000000000909722}, "time_to_second_spike": {"0.1": 27.900000000096952, "0.2": 16.50000000009436, "0.4": 10.900000000093087, "0.8": 7.700000000092359}, "AP_height": {"0.1": 26.94229573476043, "0.2": 28.029279655847983, "0.4": 30.824847077378482, "0.8": 34.31300067979821}, "AP_width": {"0.1": 0.8000000000001819, "0.2": 0.9000000000002046, "0.4": 1.0000000000002274, "0.8": 0.9000000000002046}, "AP_amplitude": {"0.1": 81.17426515140161, "0.2": 83.59857476233657, "0.4": 85.35722904925412, "0.8": 105.40957661334757}, "voltage_base": {"0.1": -71.09593148903724, "0.2": -71.09593148903724, "0.4": -71.09593148903724, "0.8": -71.09593148903724}}}}