{"BBP": {"L4_DBC_bAC217_2": {"mean_frequency": {"0.1": 4.558144835055088, "0.2": 10.448774881152184, "0.4": 15.411486694760205, "0.8": 21.380574221150678}, "ISI_CV": {"0.1": 0.05429559030679569, "0.2": 0.30290110518186886, "0.4": 0.3063560512922923, "0.8": 0.3116369274742594}, "time_to_first_spike": {"0.1": 18.900000000094906, "0.2": 6.300000000092041, "0.4": 2.800000000091245, "0.8": 1.5000000000909495}, "time_to_second_spike": {"0.1": 74.60000000010757, "0.2": 31.50000000009777, "0.4": 18.600000000094838, "0.8": 11.700000000093269}, "AP_height": {"0.1": 17.0417888061147, "0.2": 20.649608806520586, "0.4": 28.28595020575816, "0.8": 28.890455102233553}, "AP_width": {"0.1": 0.6000000000001364, "0.2": 0.5000000000001137, "0.4": 0.6000000000001364, "0.8": 0.6000000000001364}, "AP_amplitude": {"0.1": 71.95315599001785, "0.2": 76.9827212564179, "0.4": 83.12799654102939, "0.8": 100.81269434666396}, "voltage_base": {"0.1": -71.91923757438242, "0.2": -71.91923757438242, "0.4": -71.91923757438242, "0.8": -71.91923757438242}}}, "NetPyNE": {"L4_DBC_bAC217_2": {"mean_frequency": {"0.1": 4.499943750706048, "0.2": 10.308746971812514, "0.4": 15.202189115242884, "0.8": 21.05896510230071}, "ISI_CV": {"0.1": 0.049536045368570494, "0.2": 0.30165170923549234, "0.4": 0.304853599548411, "0.8": 0.3104024039905493}, "time_to_first_spike": {"0.1": 19.10000000009495, "0.2": 6.400000000092064, "0.4": 2.900000000091268, "0.8": 1.5000000000909495}, "time_to_second_spike": {"0.1": 75.30000000010773, "0.2": 31.80000000009784, "0.4": 18.800000000094883, "0.8": 11.900000000093314}, "AP_height": {"0.1": 19.802807732853648, "0.2": 20.339284262480927, "0.4": 28.116994268183074, "0.8": 29.10571134070493}, "AP_width": {"0.1": 0.5000000000001137, "0.2": 0.6000000000001364, "0.4": 0.6000000000001364, "0.8": 0.6000000000001364}, "AP_amplitude": {"0.1": 74.95849317702643, "0.2": 75.95942964205645, "0.4": 83.33498025944482, "0.8": 101.02794621617912}, "voltage_base": {"0.1": -71.91923318807017, "0.2": -71.91923318807017, "0.4": -71.91923318807017, "0.8": -71.91923318807017}}}}