{"BBP": {"L4_BP_bIR215_5": {"mean_frequency": {"0.1": 13.071211962781941, "0.2": 18.714278488708242, "0.4": 27.04462362900621, "0.8": 42.77375201291147}, "ISI_CV": {"0.1": 0.31220462206612914, "0.2": 0.30592743431920133, "0.4": 0.30306809314537353, "0.8": 0.30773579965348763}, "time_to_first_spike": {"0.1": 1.8000000000910177, "0.2": 1.1000000000908585, "0.4": 0.7000000000907676, "0.8": 0.40000000009069936}, "time_to_second_spike": {"0.1": 19.300000000094997, "0.2": 13.100000000093587, "0.4": 9.100000000092678, "0.8": 6.700000000092132}, "AP_height": {"0.1": 34.80941930925904, "0.2": 37.367962060264496, "0.4": 34.034422471643325, "0.8": 40.427298131300624}, "AP_width": {"0.1": 0.6000000000001364, "0.2": 0.6000000000001364, "0.4": 0.6000000000001364, "0.8": 0.6000000000001364}, "AP_amplitude": {"0.1": 107.74080568089306, "0.2": 110.51696938093156, "0.4": 106.45897355041917, "0.8": 112.81939108205233}, "voltage_base": {"0.1": -72.60710465739318, "0.2": -72.60710465739318, "0.4": -72.60710465739318, "0.8": -72.60710465739318}}}, "NetPyNE": {"L4_BP_bIR215_5": {"mean_frequency": {"0.1": 12.063358858709421, "0.2": 17.985611510803484, "0.4": 26.0703900531612, "0.8": 41.18947156924637}, "ISI_CV": {"0.1": 0.2828054107302401, "0.2": 0.28595639962541314, "0.4": 0.28456765210339385, "0.8": 0.29586489864595683}, "time_to_first_spike": {"0.1": 2.100000000091086, "0.2": 1.2000000000908813, "0.4": 0.7000000000907676, "0.8": 0.5000000000907221}, "time_to_second_spike": {"0.1": 21.500000000095497, "0.2": 13.900000000093769, "0.4": 9.600000000092791, "0.8": 7.100000000092223}, "AP_height": {"0.1": 32.18065776481225, "0.2": 36.94887020159208, "0.4": 34.49925661356615, "0.8": 34.91097010752329}, "AP_width": {"0.1": 0.5000000000001137, "0.2": 0.6000000000001364, "0.4": 0.5000000000001137, "0.8": 0.6000000000001364}, "AP_amplitude": {"0.1": 107.39300328319081, "0.2": 112.16121563022415, "0.4": 109.7116022460155, "0.8": 110.12331572955549}, "voltage_base": {"0.1": -75.21041455924441, "0.2": -75.21041455924441, "0.4": -75.21041455924441, "0.8": -75.21041455924441}}}}