{"BBP": {"L5_LBC_dSTUT214_2": {"mean_frequency": {"0.1": 0, "0.2": 44.557925302924055, "0.4": 73.34840492343588, "0.8": 107.26279384499294}, "ISI_CV": {"0.1": 0, "0.2": 0.12969716144474525, "0.4": 0.06668795244484656, "0.8": 0.042363070400473934}, "time_to_first_spike": {"0.1": 0, "0.2": 3.600000000091427, "0.4": 1.9000000000910404, "0.8": 1.1000000000908585}, "time_to_second_spike": {"0.1": 0, "0.2": 21.30000000009545, "0.4": 12.10000000009336, "0.8": 8.400000000092518}, "AP_height": {"0.1": 0, "0.2": 30.814919322395646, "0.4": 27.623655625751642, "0.8": 30.945658968273033}, "AP_width": {"0.1": 0, "0.2": 0.7000000000001592, "0.4": 0.7000000000001592, "0.8": 0.7000000000001592}, "AP_amplitude": {"0.1": 0, "0.2": 86.09854591375385, "0.4": 101.9937123795527, "0.8": 105.3583247372278}, "voltage_base": {"0.1": -74.32338661059916, "0.2": -74.32338661059916, "0.4": -74.32338661059916, "0.8": -74.32338661059916}}}, "NetPyNE": {"L5_LBC_dSTUT214_2": {"mean_frequency": {"0.1": 0, "0.2": 42.623608464576144, "0.4": 72.31093702927478, "0.8": 106.180506861737}, "ISI_CV": {"0.1": 0, "0.2": 0.07082826281437855, "0.4": 0.059684494788560874, "0.8": 0.039375927796096305}, "time_to_first_spike": {"0.1": 0, "0.2": 3.7000000000914497, "0.4": 1.9000000000910404, "0.8": 1.1000000000908585}, "time_to_second_spike": {"0.1": 0, "0.2": 23.600000000095974, "0.4": 12.50000000009345, "0.8": 8.500000000092541}, "AP_height": {"0.1": 0, "0.2": 30.63247632611896, "0.4": 33.475830776695645, "0.8": 35.7705774888695}, "AP_width": {"0.1": 0, "0.2": 0.7000000000001592, "0.4": 0.7000000000001592, "0.8": 0.7000000000001592}, "AP_amplitude": {"0.1": 0, "0.2": 85.72990395495646, "0.4": 108.05106802319605, "0.8": 110.34581474074491}, "voltage_base": {"0.1": -74.5726258120105, "0.2": -74.5726258120105, "0.4": -74.5726258120105, "0.8": -74.5726258120105}}}}