{"BBP": {"L6_LBC_bIR215_4": {"mean_frequency": {"0.1": 0, "0.2": 3.7854207224770873, "0.4": 12.113551377266214, "0.8": 18.237082066881648}, "ISI_CV": {"0.1": 0, "0.2": 0.14497797671373, "0.4": 0.3026360490205992, "0.8": 0.2831359623583985}, "time_to_first_spike": {"0.1": 0, "0.2": 10.700000000093041, "0.4": 3.500000000091404, "0.8": 1.700000000090995}, "time_to_second_spike": {"0.1": 0, "0.2": 285.5000000001555, "0.4": 24.50000000009618, "0.8": 14.400000000093883}, "AP_height": {"0.1": 0, "0.2": 23.52300939366162, "0.4": 27.081600480750975, "0.8": 28.218599494307867}, "AP_width": {"0.1": 0, "0.2": 0.5000000000001137, "0.4": 0.6000000000001364, "0.8": 0.6000000000001364}, "AP_amplitude": {"0.1": 0, "0.2": 78.32225408627363, "0.4": 82.47599684922288, "0.8": 102.52650842874311}, "voltage_base": {"0.1": -74.27831853271705, "0.2": -74.27831853271705, "0.4": -74.27831853271705, "0.8": -74.27831853271705}}}, "NetPyNE": {"L6_LBC_bIR215_4": {"mean_frequency": {"0.1": 0, "0.2": 0, "0.4": 10.568164662077525, "0.8": 17.410005632660624}, "ISI_CV": {"0.1": 0, "0.2": 0, "0.4": 0.245585101049542, "0.8": 0.265740477137616}, "time_to_first_spike": {"0.1": 0, "0.2": 0, "0.4": 4.000000000091518, "0.8": 1.8000000000910177}, "time_to_second_spike": {"0.1": 0, "0.2": 0, "0.4": 27.10000000009677, "0.8": 15.500000000094133}, "AP_height": {"0.1": 0, "0.2": 0, "0.4": 25.63915018706376, "0.8": 29.765986461822457}, "AP_width": {"0.1": 0, "0.2": 0, "0.4": 0.5000000000001137, "0.8": 0.6000000000001364}, "AP_amplitude": {"0.1": 0, "0.2": 0, "0.4": 80.21426009690589, "0.8": 105.66635007107118}, "voltage_base": {"0.1": -75.89875487134185, "0.2": -75.89875487134185, "0.4": -75.89875487134185, "0.8": -75.89875487134185}}}}