{"BBP": {"L5_MC_cACint209_2": {"mean_frequency": {"0.1": 23.35736772622683, "0.2": 36.991993513757684, "0.4": 69.18680437185088, "0.8": 130.16270337931252}, "ISI_CV": {"0.1": 0.26202499345491853, "0.2": 0.2179387572262896, "0.4": 0.15378001389461401, "0.8": 0.09407213763954084}, "time_to_first_spike": {"0.1": 10.800000000093064, "0.2": 5.000000000091745, "0.4": 2.6000000000911996, "0.8": 1.5000000000909495}, "time_to_second_spike": {"0.1": 26.900000000096725, "0.2": 15.700000000094178, "0.4": 10.600000000093019, "0.8": 7.700000000092359}, "AP_height": {"0.1": 28.04454604831808, "0.2": 31.703075091476045, "0.4": 30.38899934737488, "0.8": 33.045978454997055}, "AP_width": {"0.1": 0.8000000000001819, "0.2": 0.8000000000001819, "0.4": 0.9000000000002046, "0.8": 0.9000000000002046}, "AP_amplitude": {"0.1": 83.8571704051435, "0.2": 86.96187776107678, "0.4": 85.2358707789717, "0.8": 103.87471379434498}, "voltage_base": {"0.1": -70.82811014003784, "0.2": -70.82811014003784, "0.4": -70.82811014003784, "0.8": -70.82811014003784}}}, "NetPyNE": {"L5_MC_cACint209_2": {"mean_frequency": {"0.1": 23.261694058169994, "0.2": 36.90409989386252, "0.4": 69.20068197778245, "0.8": 130.00000000008842}, "ISI_CV": {"0.1": 0.2617965744744211, "0.2": 0.2177659939765782, "0.4": 0.15274147748956365, "0.8": 0.09139502651321786}, "time_to_first_spike": {"0.1": 10.900000000093087, "0.2": 5.100000000091768, "0.4": 2.6000000000911996, "0.8": 1.5000000000909495}, "time_to_second_spike": {"0.1": 27.000000000096747, "0.2": 15.800000000094201, "0.4": 10.700000000093041, "0.8": 7.800000000092382}, "AP_height": {"0.1": 27.861960353989808, "0.2": 30.469230973159583, "0.4": 33.88904047551754, "0.8": 36.14411737675896}, "AP_width": {"0.1": 0.8000000000001819, "0.2": 0.8000000000001819, "0.4": 0.9000000000002046, "0.8": 0.9000000000002046}, "AP_amplitude": {"0.1": 82.72331949056701, "0.2": 86.36666883633447, "0.4": 88.94681449606634, "0.8": 106.97285196089015}, "voltage_base": {"0.1": -70.8281093865266, "0.2": -70.8281093865266, "0.4": -70.8281093865266, "0.8": -70.8281093865266}}}}