{"BBP": {"L5_MC_cNAC187_3": {"mean_frequency": {"0.1": 37.45697509619868, "0.2": 62.465366984073405, "0.4": 97.71497294053543, "0.8": 159.39050674162502}, "ISI_CV": {"0.1": 0.007433083969899128, "0.2": 0.009963120775306991, "0.4": 0.01825610329183465, "0.8": 0.06677107173909967}, "time_to_first_spike": {"0.1": 11.600000000093246, "0.2": 4.700000000091677, "0.4": 2.100000000091086, "0.8": 1.2000000000908813}, "time_to_second_spike": {"0.1": 36.800000000098976, "0.2": 18.70000000009486, "0.4": 10.900000000093087, "0.8": 7.6000000000923364}, "AP_height": {"0.1": 12.267998206432939, "0.2": 16.799834038379053, "0.4": 18.343941743831294, "0.8": 24.36248345266407}, "AP_width": {"0.1": 0.7000000000001592, "0.2": 0.8000000000001819, "0.4": 0.8000000000001819, "0.8": 0.8000000000001819}, "AP_amplitude": {"0.1": 68.03071749121932, "0.2": 72.46034267331817, "0.4": 73.75585573266106, "0.8": 91.80608885453691}, "voltage_base": {"0.1": -67.44141042902092, "0.2": -67.44141042902092, "0.4": -67.44141042902092, "0.8": -67.44141042902092}}}, "NetPyNE": {"L5_MC_cNAC187_3": {"mean_frequency": {"0.1": 37.35298571503213, "0.2": 62.2833894219118, "0.4": 97.40911829691291, "0.8": 160.36081182671884}, "ISI_CV": {"0.1": 0.007341351415794456, "0.2": 0.010280606017417405, "0.4": 0.019012578083091293, "0.8": 0.07336778251491123}, "time_to_first_spike": {"0.1": 11.700000000093269, "0.2": 4.8000000000917, "0.4": 2.2000000000911086, "0.8": 1.300000000090904}, "time_to_second_spike": {"0.1": 37.00000000009902, "0.2": 18.900000000094906, "0.4": 11.100000000093132, "0.8": 7.700000000092359}, "AP_height": {"0.1": 13.154577784245536, "0.2": 15.865667314935099, "0.4": 21.411093451314095, "0.8": 23.54693705634096}, "AP_width": {"0.1": 0.7000000000001592, "0.2": 0.7000000000001592, "0.4": 0.7000000000001592, "0.8": 0.7000000000001592}, "AP_amplitude": {"0.1": 68.55724701051577, "0.2": 70.39011083532799, "0.4": 76.95346292224681, "0.8": 90.99053898025579}, "voltage_base": {"0.1": -67.44140694790343, "0.2": -67.44140694790343, "0.4": -67.44140694790343, "0.8": -67.44140694790343}}}}