{"BBP": {"L1_DAC_cNAC187_3": {"mean_frequency": {"0.1": 50.16051364369379, "0.2": 77.86597005933147, "0.4": 122.02440488105917, "0.8": 256.57611039239004}, "ISI_CV": {"0.1": 0.011535833083378279, "0.2": 0.010234101103509733, "0.4": 0.03643226534755678, "0.8": 0.10269651818087812}, "time_to_first_spike": {"0.1": 6.600000000092109, "0.2": 3.4000000000913815, "0.4": 1.9000000000910404, "0.8": 1.2000000000908813}, "time_to_second_spike": {"0.1": 24.800000000096247, "0.2": 14.600000000093928, "0.4": 9.600000000092791, "0.8": 6.900000000092177}, "AP_height": {"0.1": 12.497047424927574, "0.2": 14.896532729019087, "0.4": 18.464535218383848, "0.8": 19.626100163285454}, "AP_width": {"0.1": 0.8000000000001819, "0.2": 0.8000000000001819, "0.4": 0.8000000000001819, "0.8": 0.9000000000002046}, "AP_amplitude": {"0.1": 68.04548558053163, "0.2": 70.83555530733115, "0.4": 86.9561775928303, "0.8": 88.11774253566125}, "voltage_base": {"0.1": -68.48914990124612, "0.2": -68.48914990124612, "0.4": -68.48914990124612, "0.8": -68.48914990124612}}}, "NetPyNE": {"L1_DAC_cNAC187_3": {"mean_frequency": {"0.1": 50.02501250628714, "0.2": 77.64364073541319, "0.4": 121.8655967904539, "0.8": 252.02717510407396}, "ISI_CV": {"0.1": 0.011203572649498984, "0.2": 0.010632836590207653, "0.4": 0.03830900521696594, "0.8": 0.10010988706091326}, "time_to_first_spike": {"0.1": 6.700000000092132, "0.2": 3.500000000091404, "0.4": 2.000000000091063, "0.8": 1.2000000000908813}, "time_to_second_spike": {"0.1": 25.000000000096293, "0.2": 14.800000000093974, "0.4": 9.700000000092814, "0.8": 7.0000000000922}, "AP_height": {"0.1": 12.276586569612325, "0.2": 15.544803673668042, "0.4": 17.86542131943776, "0.8": 21.147761489260883}, "AP_width": {"0.1": 0.8000000000001819, "0.2": 0.8000000000001819, "0.4": 0.9000000000002046, "0.8": 0.8000000000001819}, "AP_amplitude": {"0.1": 68.13239854303438, "0.2": 70.58913351060916, "0.4": 86.35705931016054, "0.8": 89.63939960520946}, "voltage_base": {"0.1": -68.48914563988748, "0.2": -68.48914563988748, "0.4": -68.48914563988748, "0.8": -68.48914563988748}}}}