{"BBP": {"L6_DBC_cIR216_5": {"mean_frequency": {"0.1": 20.650750478507007, "0.2": 34.076672513177755, "0.4": 74.5820402443194, "0.8": 140.62656390761236}, "ISI_CV": {"0.1": 0.30833316138205485, "0.2": 0.256366361734381, "0.4": 0.14461911394603724, "0.8": 0.08543725051001211}, "time_to_first_spike": {"0.1": 10.200000000092928, "0.2": 4.100000000091541, "0.4": 2.000000000091063, "0.8": 1.1000000000908585}, "time_to_second_spike": {"0.1": 25.100000000096315, "0.2": 13.700000000093723, "0.4": 9.500000000092768, "0.8": 6.900000000092177}, "AP_height": {"0.1": 33.45926858340704, "0.2": 36.745148289760756, "0.4": 37.89584205588425, "0.8": 39.562186081109104}, "AP_width": {"0.1": 0.8000000000001819, "0.2": 0.9000000000002046, "0.4": 0.9000000000002046, "0.8": 1.0000000000002274}, "AP_amplitude": {"0.1": 89.82923034460256, "0.2": 92.17958325371544, "0.4": 112.1587796838933, "0.8": 113.8650881233352}, "voltage_base": {"0.1": -74.48560692353126, "0.2": -74.48560692353126, "0.4": -74.48560692353126, "0.8": -74.48560692353126}}}, "NetPyNE": {"L6_DBC_cIR216_5": {"mean_frequency": {"0.1": 10.78693240189755, "0.2": 25.740675314205106, "0.4": 54.86761300718512, "0.8": 123.46918289508487}, "ISI_CV": {"0.1": 0.27981214264024934, "0.2": 0.20965134297189295, "0.4": 0.14222891614124097, "0.8": 0.0765431102647774}, "time_to_first_spike": {"0.1": 16.50000000009436, "0.2": 5.3000000000918135, "0.4": 2.400000000091154, "0.8": 1.300000000090904}, "time_to_second_spike": {"0.1": 42.00000000010016, "0.2": 15.700000000094178, "0.4": 10.000000000092882, "0.8": 7.2000000000922455}, "AP_height": {"0.1": 31.69244170257084, "0.2": 33.525107821396055, "0.4": 38.18434381519014, "0.8": 39.53410471650327}, "AP_width": {"0.1": 0.8000000000001819, "0.2": 0.8000000000001819, "0.4": 0.9000000000002046, "0.8": 0.9000000000002046}, "AP_amplitude": {"0.1": 88.28839418560264, "0.2": 89.39763081494108, "0.4": 115.28018707564135, "0.8": 116.6299479929732}, "voltage_base": {"0.1": -77.0956952137864, "0.2": -77.0956952137864, "0.4": -77.0956952137864, "0.8": -77.0956952137864}}}}