{"BBP": {"L5_BP_dSTUT214_4": {"mean_frequency": {"0.1": 28.417740789626457, "0.2": 81.28449573512796, "0.4": 138.1934708592968, "0.8": 267.6745771115125}, "ISI_CV": {"0.1": 0.27116960686584507, "0.2": 0.0405516699599503, "0.4": 0.05859288415805039, "0.8": 0.10532113940580029}, "time_to_first_spike": {"0.1": 16.000000000094246, "0.2": 4.600000000091654, "0.4": 1.8000000000910177, "0.8": 0.900000000090813}, "time_to_second_spike": {"0.1": 57.40000000010366, "0.2": 15.40000000009411, "0.4": 8.900000000092632, "0.8": 6.200000000092018}, "AP_height": {"0.1": 12.206597414494905, "0.2": 19.781224645260735, "0.4": 21.243462652307755, "0.8": 27.849341583563277}, "AP_width": {"0.1": 0.7000000000001592, "0.2": 0.7000000000001592, "0.4": 0.8000000000001819, "0.8": 0.8000000000001819}, "AP_amplitude": {"0.1": 69.34854849169301, "0.2": 95.09449616092051, "0.4": 96.62097803820447, "0.8": 103.47424136272167}, "voltage_base": {"0.1": -75.77681017319046, "0.2": -75.77681017319046, "0.4": -75.77681017319046, "0.8": -75.77681017319046}}}, "NetPyNE": {"L5_BP_dSTUT214_4": {"mean_frequency": {"0.1": 0, "0.2": 70.70504462947338, "0.4": 127.13349016475934, "0.8": 250.20016012827259}, "ISI_CV": {"0.1": 0, "0.2": 0.030851845861686853, "0.4": 0.04597917412397603, "0.8": 0.0974524596478732}, "time_to_first_spike": {"0.1": 0, "0.2": 5.3000000000918135, "0.4": 2.100000000091086, "0.8": 1.0000000000908358}, "time_to_second_spike": {"0.1": 0, "0.2": 18.200000000094747, "0.4": 9.500000000092768, "0.8": 6.400000000092064}, "AP_height": {"0.1": 0, "0.2": 19.326308918115675, "0.4": 22.883527314937446, "0.8": 27.587009889445017}, "AP_width": {"0.1": 0, "0.2": 0.7000000000001592, "0.4": 0.7000000000001592, "0.8": 0.8000000000001819}, "AP_amplitude": {"0.1": 0, "0.2": 96.14753454904697, "0.4": 99.70475300590246, "0.8": 104.40823552157238}, "voltage_base": {"0.1": -76.81905730400757, "0.2": -76.81905730400757, "0.4": -76.81905730400757, "0.8": -76.81905730400757}}}}