{"BBP": {"L4_BP_cNAC187_2": {"mean_frequency": {"0.1": 76.54345855579773, "0.2": 108.39564410104217, "0.4": 158.41981250324093, "0.8": 291.9232887689131}, "ISI_CV": {"0.1": 0.08230148316947654, "0.2": 0.05562591138346525, "0.4": 0.014370126392678723, "0.8": 0.03342256351486239}, "time_to_first_spike": {"0.1": 1.4000000000909267, "0.2": 0.900000000090813, "0.4": 0.6000000000907448, "0.8": 0.40000000009069936}, "time_to_second_spike": {"0.1": 10.600000000093019, "0.2": 8.000000000092427, "0.4": 6.200000000092018, "0.8": 4.8000000000917}, "AP_height": {"0.1": 32.14799605719362, "0.2": 34.815273066687055, "0.4": 37.145400979508, "0.8": 39.20996051705506}, "AP_width": {"0.1": 0.7000000000001592, "0.2": 0.7000000000001592, "0.4": 0.7000000000001592, "0.8": 0.8000000000001819}, "AP_amplitude": {"0.1": 99.21227334184947, "0.2": 101.87955034937862, "0.4": 104.20967825827108, "0.8": 106.27423778796145}, "voltage_base": {"0.1": -67.06160936809795, "0.2": -67.06160936809795, "0.4": -67.06160936809795, "0.8": -67.06160936809795}}}, "NetPyNE": {"L4_BP_cNAC187_2": {"mean_frequency": {"0.1": 76.17138561769146, "0.2": 107.88298459538665, "0.4": 157.37770649569634, "0.8": 286.74373217254146}, "ISI_CV": {"0.1": 0.08180484421550746, "0.2": 0.05460047238334037, "0.4": 0.014092743245592693, "0.8": 0.03351778659374667}, "time_to_first_spike": {"0.1": 1.4000000000909267, "0.2": 1.0000000000908358, "0.4": 0.6000000000907448, "0.8": 0.40000000009069936}, "time_to_second_spike": {"0.1": 10.800000000093064, "0.2": 8.10000000009245, "0.4": 6.300000000092041, "0.8": 4.9000000000917225}, "AP_height": {"0.1": 32.79040310086333, "0.2": 29.422989057914254, "0.4": 33.36049340987003, "0.8": 38.20865513824067}, "AP_width": {"0.1": 0.7000000000001592, "0.2": 0.6000000000001364, "0.4": 0.7000000000001592, "0.8": 0.8000000000001819}, "AP_amplitude": {"0.1": 99.85467575541705, "0.2": 96.48726152896049, "0.4": 100.42476614664858, "0.8": 105.27292788607933}, "voltage_base": {"0.1": -67.06160483940891, "0.2": -67.06160483940891, "0.4": -67.06160483940891, "0.8": -67.06160483940891}}}}