{"BBP": {"L4_NGC_cNAC187_4": {"mean_frequency": {"0.1": 38.8712201524823, "0.2": 63.90580184173813, "0.4": 104.57320124093971, "0.8": 187.3935264051196}, "ISI_CV": {"0.1": 0.007575849469327631, "0.2": 0.01911155130866874, "0.4": 0.048041416837442605, "0.8": 0.09232655040947096}, "time_to_first_spike": {"0.1": 11.500000000093223, "0.2": 5.500000000091859, "0.4": 2.800000000091245, "0.8": 1.6000000000909722}, "time_to_second_spike": {"0.1": 36.20000000009884, "0.2": 19.700000000095088, "0.4": 11.800000000093291, "0.8": 8.10000000009245}, "AP_height": {"0.1": 7.372396995074758, "0.2": 11.064666022582697, "0.4": 13.06861996277091, "0.8": 18.276387277102927}, "AP_width": {"0.1": 0.7000000000001592, "0.2": 0.8000000000001819, "0.4": 0.8000000000001819, "0.8": 0.8000000000001819}, "AP_amplitude": {"0.1": 61.80037110887303, "0.2": 66.94123038708877, "0.4": 68.51481491151345, "0.8": 86.67577364965497}, "voltage_base": {"0.1": -68.39693758586438, "0.2": -68.39693758586438, "0.4": -68.39693758586438, "0.8": -68.39693758586438}}}, "NetPyNE": {"L4_NGC_cNAC187_4": {"mean_frequency": {"0.1": 38.802660753906586, "0.2": 63.82230262831611, "0.4": 104.78291386751329, "0.8": 187.3935264051196}, "ISI_CV": {"0.1": 0.007882168597723208, "0.2": 0.019886419128748663, "0.4": 0.0507689854235266, "0.8": 0.096979174558304}, "time_to_first_spike": {"0.1": 11.600000000093246, "0.2": 5.600000000091882, "0.4": 2.900000000091268, "0.8": 1.700000000090995}, "time_to_second_spike": {"0.1": 36.30000000009886, "0.2": 19.900000000095133, "0.4": 11.900000000093314, "0.8": 8.200000000092473}, "AP_height": {"0.1": 6.995773886779834, "0.2": 10.985816210660266, "0.4": 14.672993986298728, "0.8": 16.678362853912898}, "AP_width": {"0.1": 0.8000000000001819, "0.2": 0.9000000000002046, "0.4": 0.8000000000001819, "0.8": 0.9000000000002046}, "AP_amplitude": {"0.1": 62.51068840978304, "0.2": 66.05519929213966, "0.4": 70.2315140511752, "0.8": 85.07774520381835}, "voltage_base": {"0.1": -68.39693355904846, "0.2": -68.39693355904846, "0.4": -68.39693355904846, "0.8": -68.39693355904846}}}}