{"BBP": {"L5_BTC_bAC217_2": {"mean_frequency": {"0.1": 6.072650988189919, "0.2": 11.140368644933613, "0.4": 15.964568956648918, "0.8": 21.602612408957146}, "ISI_CV": {"0.1": 0.28375877585366666, "0.2": 0.30333066079218135, "0.4": 0.32192707555994926, "0.8": 0.3289406109665522}, "time_to_first_spike": {"0.1": 30.600000000097566, "0.2": 10.000000000092882, "0.4": 3.500000000091404, "0.8": 1.5000000000909495}, "time_to_second_spike": {"0.1": 93.40000000011185, "0.2": 39.50000000009959, "0.4": 20.800000000095338, "0.8": 11.900000000093314}, "AP_height": {"0.1": 13.73290444347298, "0.2": 16.542688095377596, "0.4": 23.09790520983862, "0.8": 29.06661647195792}, "AP_width": {"0.1": 0.5000000000001137, "0.2": 0.5000000000001137, "0.4": 0.6000000000001364, "0.8": 0.6000000000001364}, "AP_amplitude": {"0.1": 68.27477137503878, "0.2": 71.85316355908998, "0.4": 78.99083876893314, "0.8": 98.41805434063451}, "voltage_base": {"0.1": -69.34901279817812, "0.2": -69.34901279817812, "0.4": -69.34901279817812, "0.8": -69.34901279817812}}}, "NetPyNE": {"L5_BTC_bAC217_2": {"mean_frequency": {"0.1": 5.994550408723299, "0.2": 11.11699311805929, "0.4": 15.748831538315875, "0.8": 21.377309512917183}, "ISI_CV": {"0.1": 0.28038961305979626, "0.2": 0.3017878772134156, "0.4": 0.32056989005272796, "0.8": 0.33238020205299307}, "time_to_first_spike": {"0.1": 30.70000000009759, "0.2": 10.100000000092905, "0.4": 3.600000000091427, "0.8": 1.6000000000909722}, "time_to_second_spike": {"0.1": 93.90000000011196, "0.2": 39.80000000009966, "0.4": 21.000000000095383, "0.8": 12.10000000009336}, "AP_height": {"0.1": 16.56158626196901, "0.2": 18.252478841941965, "0.4": 24.262887428725435, "0.8": 26.87551234134708}, "AP_width": {"0.1": 0.5000000000001137, "0.2": 0.5000000000001137, "0.4": 0.6000000000001364, "0.8": 0.6000000000001364}, "AP_amplitude": {"0.1": 71.37636543621315, "0.2": 73.00906189279885, "0.4": 79.36186096416006, "0.8": 96.22694662824468}, "voltage_base": {"0.1": -69.34900920359593, "0.2": -69.34900920359593, "0.4": -69.34900920359593, "0.8": -69.34900920359593}}}}