{"BBP": {"L6_NBC_cIR216_5": {"mean_frequency": {"0.1": 18.741768817761653, "0.2": 33.8400929340095, "0.4": 58.01049233256556, "0.8": 111.05552776395746}, "ISI_CV": {"0.1": 0.3333836341641262, "0.2": 0.25321428277310915, "0.4": 0.2056545984085894, "0.8": 0.13561075490650157}, "time_to_first_spike": {"0.1": 19.300000000094997, "0.2": 6.300000000092041, "0.4": 2.400000000091154, "0.8": 1.1000000000908585}, "time_to_second_spike": {"0.1": 38.200000000099294, "0.2": 16.200000000094292, "0.4": 9.800000000092837, "0.8": 6.900000000092177}, "AP_height": {"0.1": 33.904917054534934, "0.2": 35.825362297698724, "0.4": 38.50880848104493, "0.8": 38.95560843234095}, "AP_width": {"0.1": 0.8000000000001819, "0.2": 0.8000000000001819, "0.4": 0.9000000000002046, "0.8": 0.9000000000002046}, "AP_amplitude": {"0.1": 88.17452317339271, "0.2": 91.09964919922695, "0.4": 113.5516386290779, "0.8": 113.46701062830856}, "voltage_base": {"0.1": -74.43105161965617, "0.2": -74.43105161965617, "0.4": -74.43105161965617, "0.8": -74.43105161965617}}}, "NetPyNE": {"L6_NBC_cIR216_5": {"mean_frequency": {"0.1": 0, "0.2": 23.64304039440208, "0.4": 47.226688102925955, "0.8": 95.98954668817453}, "ISI_CV": {"0.1": 0, "0.2": 0.21709803995923382, "0.4": 0.17000139268714293, "0.8": 0.1242263835905187}, "time_to_first_spike": {"0.1": 0, "0.2": 7.900000000092405, "0.4": 2.900000000091268, "0.8": 1.300000000090904}, "time_to_second_spike": {"0.1": 0, "0.2": 19.500000000095042, "0.4": 10.600000000093019, "0.8": 7.2000000000922455}, "AP_height": {"0.1": 0, "0.2": 31.382715459650292, "0.4": 36.979549698335084, "0.8": 36.76619672958221}, "AP_width": {"0.1": 0, "0.2": 0.9000000000002046, "0.4": 0.9000000000002046, "0.8": 1.0000000000002274}, "AP_amplitude": {"0.1": 0, "0.2": 86.41761321488573, "0.4": 114.52725286008209, "0.8": 114.31389983090497}, "voltage_base": {"0.1": -77.54758371101326, "0.2": -77.54758371101326, "0.4": -77.54758371101326, "0.8": -77.54758371101326}}}}