{"BBP": {"L6_DBC_cACint209_2": {"mean_frequency": {"0.1": 25.8201701093735, "0.2": 42.28968433774203, "0.4": 84.58458458464209, "0.8": 149.96489116270595}, "ISI_CV": {"0.1": 0.2520416996846113, "0.2": 0.20504432761579278, "0.4": 0.14134376948826513, "0.8": 0.0956144818709107}, "time_to_first_spike": {"0.1": 7.100000000092223, "0.2": 3.1000000000913133, "0.4": 1.700000000090995, "0.8": 1.0000000000908358}, "time_to_second_spike": {"0.1": 19.80000000009511, "0.2": 12.400000000093428, "0.4": 8.900000000092632, "0.8": 6.8000000000921546}, "AP_height": {"0.1": 32.69561970394266, "0.2": 32.40244325303856, "0.4": 38.203989214209805, "0.8": 39.382882290970514}, "AP_width": {"0.1": 0.8000000000001819, "0.2": 0.8000000000001819, "0.4": 0.9000000000002046, "0.8": 0.9000000000002046}, "AP_amplitude": {"0.1": 88.3685253064665, "0.2": 88.21141491702194, "0.4": 108.56868696884536, "0.8": 109.74758004324094}, "voltage_base": {"0.1": -70.36409290183086, "0.2": -70.36409290183086, "0.4": -70.36409290183086, "0.8": -70.36409290183086}}}, "NetPyNE": {"L6_DBC_cACint209_2": {"mean_frequency": {"0.1": 25.68751888789896, "0.2": 42.17714400484889, "0.4": 84.48579331159871, "0.8": 148.99914714303003}, "ISI_CV": {"0.1": 0.25205639815528824, "0.2": 0.204859804910799, "0.4": 0.1403677262953442, "0.8": 0.09441888722146424}, "time_to_first_spike": {"0.1": 7.2000000000922455, "0.2": 3.200000000091336, "0.4": 1.8000000000910177, "0.8": 1.1000000000908585}, "time_to_second_spike": {"0.1": 19.900000000095133, "0.2": 12.50000000009345, "0.4": 9.000000000092655, "0.8": 6.900000000092177}, "AP_height": {"0.1": 31.84093705290125, "0.2": 35.68616377326459, "0.4": 34.45178800623075, "0.8": 37.21752447826265}, "AP_width": {"0.1": 0.8000000000001819, "0.2": 0.9000000000002046, "0.4": 0.8000000000001819, "0.8": 0.9000000000002046}, "AP_amplitude": {"0.1": 88.39697782871991, "0.2": 91.7856377671759, "0.4": 104.81648493601082, "0.8": 107.58222155578713}, "voltage_base": {"0.1": -70.36409222858416, "0.2": -70.36409222858416, "0.4": -70.36409222858416, "0.8": -70.36409222858416}}}}