{"BBP": {"L1_DAC_cNAC187_2": {"mean_frequency": {"0.1": 50.527790284690916, "0.2": 76.74173646993226, "0.4": 114.02280456098973, "0.8": 209.62870847399384}, "ISI_CV": {"0.1": 0.025018798535475336, "0.2": 0.013981753933223318, "0.4": 0.017490345039165252, "0.8": 0.22386295066977224}, "time_to_first_spike": {"0.1": 5.800000000091927, "0.2": 3.200000000091336, "0.4": 2.000000000091063, "0.8": 1.2000000000908813}, "time_to_second_spike": {"0.1": 23.40000000009593, "0.2": 14.30000000009386, "0.4": 9.800000000092837, "0.8": 7.2000000000922455}, "AP_height": {"0.1": 11.892938319896754, "0.2": 17.482168144741074, "0.4": 18.42712646193629, "0.8": 20.492847895199976}, "AP_width": {"0.1": 0.7000000000001592, "0.2": 0.7000000000001592, "0.4": 0.8000000000001819, "0.8": 0.8000000000001819}, "AP_amplitude": {"0.1": 69.06817486450264, "0.2": 73.89484309139158, "0.4": 87.29562946857126, "0.8": 89.36135089990387}, "voltage_base": {"0.1": -68.86555725358772, "0.2": -68.86555725358772, "0.4": -68.86555725358772, "0.8": -68.86555725358772}}}, "NetPyNE": {"L1_DAC_cNAC187_2": {"mean_frequency": {"0.1": 50.299280720319835, "0.2": 76.35888676786055, "0.4": 113.44812007437051, "0.8": 203.41944340453625}, "ISI_CV": {"0.1": 0.024753462402331325, "0.2": 0.013692961442996483, "0.4": 0.018255887241854986, "0.8": 0.33655080297842793}, "time_to_first_spike": {"0.1": 5.800000000091927, "0.2": 3.3000000000913587, "0.4": 2.000000000091063, "0.8": 1.300000000090904}, "time_to_second_spike": {"0.1": 23.600000000095974, "0.2": 14.500000000093905, "0.4": 9.90000000009286, "0.8": 7.300000000092268}, "AP_height": {"0.1": 13.163984510124097, "0.2": 16.27714007144808, "0.4": 20.529023579121304, "0.8": 23.172245892693276}, "AP_width": {"0.1": 0.7000000000001592, "0.2": 0.8000000000001819, "0.4": 0.7000000000001592, "0.8": 0.8000000000001819}, "AP_amplitude": {"0.1": 69.70014828477757, "0.2": 71.82283343477812, "0.4": 89.39752158211364, "0.8": 92.0407439125639}, "voltage_base": {"0.1": -68.86555226283727, "0.2": -68.86555226283727, "0.4": -68.86555226283727, "0.8": -68.86555226283727}}}}