{"BBP": {"L4_NGC_cSTUT189_2": {"mean_frequency": {"0.1": 0, "0.2": 14.142842711394573, "0.4": 72.70356999603817, "0.8": 143.16463933533285}, "ISI_CV": {"0.1": 0, "0.2": 0.5047392126343445, "0.4": 0.03925697123988258, "0.8": 0.10899938985338631}, "time_to_first_spike": {"0.1": 0, "0.2": 16.400000000094337, "0.4": 5.100000000091768, "0.8": 2.500000000091177}, "time_to_second_spike": {"0.1": 0, "0.2": 68.6000000001062, "0.4": 17.60000000009461, "0.8": 10.200000000092928}, "AP_height": {"0.1": 0, "0.2": 3.0044668324793453, "0.4": 12.762557502305855, "0.8": 17.695557185957327}, "AP_width": {"0.1": 0, "0.2": 0.8000000000001819, "0.4": 0.8000000000001819, "0.8": 0.8000000000001819}, "AP_amplitude": {"0.1": 0, "0.2": 58.79174711246511, "0.4": 68.87218137005819, "0.8": 93.87350894196949}, "voltage_base": {"0.1": -76.1636462218144, "0.2": -76.1636462218144, "0.4": -76.1636462218144, "0.8": -76.1636462218144}}}, "NetPyNE": {"L4_NGC_cSTUT189_2": {"mean_frequency": {"0.1": 0, "0.2": 63.69426751554149, "0.4": 72.05764611694251, "0.8": 143.5717858930441}, "ISI_CV": {"0.1": 0, "0.2": 0, "0.4": 0.023084361445217385, "0.8": 0.11747983740087549}, "time_to_first_spike": {"0.1": 0, "0.2": 15.700000000094178, "0.4": 5.200000000091791, "0.8": 2.6000000000911996}, "time_to_second_spike": {"0.1": 0, "0.2": 0, "0.4": 18.200000000094747, "0.8": 10.30000000009295}, "AP_height": {"0.1": 0, "0.2": 3.053025107787449, "0.4": 11.960770736295908, "0.8": 16.479688986343195}, "AP_width": {"0.1": 0, "0.2": 0.8000000000001819, "0.4": 0.8000000000001819, "0.8": 0.9000000000002046}, "AP_amplitude": {"0.1": 0, "0.2": 58.27576114869722, "0.4": 67.88491955444465, "0.8": 92.72765405105062}, "voltage_base": {"0.1": -76.24749604146938, "0.2": -76.24749604146938, "0.4": -76.24749604146938, "0.8": -76.24749604146938}}}}