{"BBP": {"L6_MC_bIR215_5": {"mean_frequency": {"0.1": 0, "0.2": 8.602803501852899, "0.4": 14.538527096816416, "0.8": 20.461404675444776}, "ISI_CV": {"0.1": 0, "0.2": 0.3193465489366292, "0.4": 0.3106614449179879, "0.8": 0.320713101817369}, "time_to_first_spike": {"0.1": 0, "0.2": 10.400000000092973, "0.4": 3.1000000000913133, "0.8": 1.5000000000909495}, "time_to_second_spike": {"0.1": 0, "0.2": 43.000000000100385, "0.4": 20.800000000095338, "0.8": 11.800000000093291}, "AP_height": {"0.1": 0, "0.2": 17.67015442607125, "0.4": 26.857693535896193, "0.8": 26.45495609412391}, "AP_width": {"0.1": 0, "0.2": 0.5000000000001137, "0.4": 0.6000000000001364, "0.8": 0.6000000000001364}, "AP_amplitude": {"0.1": 0, "0.2": 72.48608125855394, "0.4": 82.7783112332602, "0.8": 98.08079091332317}, "voltage_base": {"0.1": -71.65344185759243, "0.2": -71.65344185759243, "0.4": -71.65344185759243, "0.8": -71.65344185759243}}}, "NetPyNE": {"L6_MC_bIR215_5": {"mean_frequency": {"0.1": 0, "0.2": 54.05405405377702, "0.4": 12.78183956235844, "0.8": 19.222986645095983}, "ISI_CV": {"0.1": 0, "0.2": 0, "0.4": 0.2903473587256766, "0.8": 0.2975784086358678}, "time_to_first_spike": {"0.1": 0, "0.2": 18.500000000094815, "0.4": 4.200000000091563, "0.8": 1.8000000000910177}, "time_to_second_spike": {"0.1": 0, "0.2": 0, "0.4": 24.000000000096065, "0.8": 13.100000000093587}, "AP_height": {"0.1": 0, "0.2": 19.099731981179257, "0.4": 24.4393760328774, "0.8": 27.446049274106834}, "AP_width": {"0.1": 0, "0.2": 0.5000000000001137, "0.4": 0.6000000000001364, "0.8": 0.6000000000001364}, "AP_amplitude": {"0.1": 0, "0.2": 74.33372152327155, "0.4": 80.22218948440864, "0.8": 101.79076157655771}, "voltage_base": {"0.1": -74.34376500978824, "0.2": -74.34376500978824, "0.4": -74.34376500978824, "0.8": -74.34376500978824}}}}