{"BBP": {"L5_LBC_bAC217_3": {"mean_frequency": {"0.1": 1.0535742506460177, "0.2": 8.39895013123921, "0.4": 12.915224466609914, "0.8": 17.835303709755223}, "ISI_CV": {"0.1": 0, "0.2": 0.2997532408621552, "0.4": 0.3200285086161653, "0.8": 0.33075741102972434}, "time_to_first_spike": {"0.1": 764.7999999997633, "0.2": 12.300000000093405, "0.4": 4.9000000000917225, "0.8": 2.3000000000911314}, "time_to_second_spike": {"0.1": 1898.2999999987323, "0.2": 46.80000000010125, "0.4": 24.700000000096225, "0.8": 14.500000000093905}, "AP_height": {"0.1": 11.476239736792552, "0.2": 15.203971558124332, "0.4": 17.336862478894073, "0.8": 22.092518694570675}, "AP_width": {"0.1": 0.49999999999954525, "0.2": 0.5000000000001137, "0.4": 0.6000000000001364, "0.8": 0.6000000000001364}, "AP_amplitude": {"0.1": 66.52271640048353, "0.2": 70.53283945982493, "0.4": 72.43145274280869, "0.8": 92.68044224182552}, "voltage_base": {"0.1": -70.58520511442872, "0.2": -70.58520511442872, "0.4": -70.58520511442872, "0.8": -70.58520511442872}}}, "NetPyNE": {"L5_LBC_bAC217_3": {"mean_frequency": {"0.1": 1.048382869424615, "0.2": 8.283288465526377, "0.4": 12.734960012234167, "0.8": 17.56675366393484}, "ISI_CV": {"0.1": 0, "0.2": 0.296278896546691, "0.4": 0.3180955461750217, "0.8": 0.32924795615939834}, "time_to_first_spike": {"0.1": 765.4999999997626, "0.2": 12.400000000093428, "0.4": 4.9000000000917225, "0.8": 2.3000000000911314}, "time_to_second_spike": {"0.1": 1907.6999999987238, "0.2": 47.10000000010132, "0.4": 24.90000000009627, "0.8": 14.70000000009395}, "AP_height": {"0.1": 10.667777833193123, "0.2": 15.665132069525367, "0.4": 17.36892507328499, "0.8": 23.670029749196956}, "AP_width": {"0.1": 0.5999999999994543, "0.2": 0.6000000000001364, "0.4": 0.6000000000001364, "0.8": 0.6000000000001364}, "AP_amplitude": {"0.1": 64.62573405688896, "0.2": 70.6263721709906, "0.4": 72.98938335262719, "0.8": 94.25794942393115}, "voltage_base": {"0.1": -70.5852012268492, "0.2": -70.5852012268492, "0.4": -70.5852012268492, "0.8": -70.5852012268492}}}}