{"BBP": {"L23_MC_bAC217_3": {"mean_frequency": {"0.1": 6.475285991802257, "0.2": 12.113551377266214, "0.4": 17.134846046015966, "0.8": 23.0460921843844}, "ISI_CV": {"0.1": 0.2560133421043259, "0.2": 0.3028225121565644, "0.4": 0.3098803563548964, "0.8": 0.2995426554676812}, "time_to_first_spike": {"0.1": 23.700000000095997, "0.2": 6.000000000091973, "0.4": 2.400000000091154, "0.8": 1.2000000000908813}, "time_to_second_spike": {"0.1": 74.7000000001076, "0.2": 30.80000000009761, "0.4": 17.60000000009461, "0.8": 10.800000000093064}, "AP_height": {"0.1": 15.0942646585444, "0.2": 24.016536162981836, "0.4": 24.666738864752777, "0.8": 31.24384307243506}, "AP_width": {"0.1": 0.6000000000001364, "0.2": 0.6000000000001364, "0.4": 0.7000000000001592, "0.8": 0.7000000000001592}, "AP_amplitude": {"0.1": 66.18419593972907, "0.2": 76.04497790228305, "0.4": 95.11016939248161, "0.8": 101.68727359830943}, "voltage_base": {"0.1": -70.44076212021045, "0.2": -70.44076212021045, "0.4": -70.44076212021045, "0.8": -70.44076212021045}}}, "NetPyNE": {"L23_MC_bAC217_3": {"mean_frequency": {"0.1": 6.394884092730072, "0.2": 11.977295214297465, "0.4": 16.922209117492564, "0.8": 22.875152501032144}, "ISI_CV": {"0.1": 0.2431047683583803, "0.2": 0.30001857971458334, "0.4": 0.30829435827420304, "0.8": 0.30300640443208954}, "time_to_first_spike": {"0.1": 23.900000000096043, "0.2": 6.100000000091995, "0.4": 2.500000000091177, "0.8": 1.300000000090904}, "time_to_second_spike": {"0.1": 75.2000000001077, "0.2": 31.000000000097657, "0.4": 17.800000000094656, "0.8": 11.00000000009311}, "AP_height": {"0.1": 13.710966320607708, "0.2": 22.494353066598627, "0.4": 28.065945697960935, "0.8": 30.2760045812133}, "AP_width": {"0.1": 0.6000000000001364, "0.2": 0.6000000000001364, "0.4": 0.6000000000001364, "0.8": 0.6000000000001364}, "AP_amplitude": {"0.1": 64.29594549411819, "0.2": 75.17920925777335, "0.4": 96.5157945048613, "0.8": 100.71943136076025}, "voltage_base": {"0.1": -70.44075835910382, "0.2": -70.44075835910382, "0.4": -70.44075835910382, "0.8": -70.44075835910382}}}}