{"BBP": {"L6_SBC_dNAC222_1": {"mean_frequency": {"0.1": 0, "0.2": 38.14686543193877, "0.4": 75.98248880395636, "0.8": 117.08195737023871}, "ISI_CV": {"0.1": 0, "0.2": 0.0948401086365041, "0.4": 0.023766267845734386, "0.8": 0.022201281426128098}, "time_to_first_spike": {"0.1": 0, "0.2": 14.100000000093814, "0.4": 3.8000000000914724, "0.8": 1.9000000000910404}, "time_to_second_spike": {"0.1": 0, "0.2": 48.20000000010157, "0.4": 15.600000000094155, "0.8": 9.500000000092768}, "AP_height": {"0.1": 0, "0.2": 6.558652242220158, "0.4": 20.776365449032117, "0.8": 25.216514864217032}, "AP_width": {"0.1": 0, "0.2": 0.7000000000001592, "0.4": 0.8000000000001819, "0.8": 0.8000000000001819}, "AP_amplitude": {"0.1": 0, "0.2": 56.70420242234174, "0.4": 74.40446578505635, "0.8": 98.62921084586588}, "voltage_base": {"0.1": -73.40838081656604, "0.2": -73.40838081656604, "0.4": -73.40838081656604, "0.8": -73.40838081656604}}}, "NetPyNE": {"L6_SBC_dNAC222_1": {"mean_frequency": {"0.1": 0, "0.2": 38.020911501351584, "0.4": 75.79560285117084, "0.8": 116.65748760835046}, "ISI_CV": {"0.1": 0, "0.2": 0.09402816568441429, "0.4": 0.02270286743849149, "0.8": 0.023274202412106797}, "time_to_first_spike": {"0.1": 0, "0.2": 14.30000000009386, "0.4": 3.900000000091495, "0.8": 2.000000000091063}, "time_to_second_spike": {"0.1": 0, "0.2": 48.70000000010168, "0.4": 15.800000000094201, "0.8": 9.600000000092791}, "AP_height": {"0.1": 0, "0.2": 4.576892862765998, "0.4": 21.17476811611769, "0.8": 22.52649728524804}, "AP_width": {"0.1": 0, "0.2": 0.7000000000001592, "0.4": 0.7000000000001592, "0.8": 0.8000000000001819}, "AP_amplitude": {"0.1": 0, "0.2": 54.56688680612929, "0.4": 73.88602560062144, "0.8": 95.93918479962555}, "voltage_base": {"0.1": -73.40837232190319, "0.2": -73.40837232190319, "0.4": -73.40837232190319, "0.8": -73.40837232190319}}}}