{"BBP": {"L6_BP_cNAC187_1": {"mean_frequency": {"0.1": 68.38638306435979, "0.2": 109.64253529595918, "0.4": 220.26431718076648, "0.8": 306.010928961376}, "ISI_CV": {"0.1": 0.02039961649693491, "0.2": 0.03328324489328601, "0.4": 0.12770218784401866, "0.8": 0.06423520928221847}, "time_to_first_spike": {"0.1": 4.9000000000917225, "0.2": 2.100000000091086, "0.4": 1.1000000000908585, "0.8": 0.7000000000907676}, "time_to_second_spike": {"0.1": 17.000000000094474, "0.2": 10.100000000092905, "0.4": 7.100000000092223, "0.8": 5.3000000000918135}, "AP_height": {"0.1": 16.32405305497296, "0.2": 21.21295996671716, "0.4": 24.435552946993802, "0.8": 28.120981416169894}, "AP_width": {"0.1": 0.7000000000001592, "0.2": 0.7000000000001592, "0.4": 0.8000000000001819, "0.8": 0.8000000000001819}, "AP_amplitude": {"0.1": 72.95944845133435, "0.2": 89.08630870876802, "0.4": 92.30890168690465, "0.8": 95.99433015180071}, "voltage_base": {"0.1": -67.87114189810202, "0.2": -67.87114189810202, "0.4": -67.87114189810202, "0.8": -67.87114189810202}}}, "NetPyNE": {"L6_BP_cNAC187_1": {"mean_frequency": {"0.1": 68.23883592578645, "0.2": 109.44873983339093, "0.4": 219.50000000014927, "0.8": 299.99999999959203}, "ISI_CV": {"0.1": 0.021163788081731902, "0.2": 0.034449704292867915, "0.4": 0.12289785571070982, "0.8": 0.06299385244715898}, "time_to_first_spike": {"0.1": 5.000000000091745, "0.2": 2.2000000000911086, "0.4": 1.2000000000908813, "0.8": 0.7000000000907676}, "time_to_second_spike": {"0.1": 17.20000000009452, "0.2": 10.200000000092928, "0.4": 7.300000000092268, "0.8": 5.400000000091836}, "AP_height": {"0.1": 15.869041707259036, "0.2": 19.049797421616287, "0.4": 25.055397638322738, "0.8": 26.212412417024133}, "AP_width": {"0.1": 0.7000000000001592, "0.2": 0.7000000000001592, "0.4": 0.7000000000001592, "0.8": 0.8000000000001819}, "AP_amplitude": {"0.1": 71.37725457625714, "0.2": 86.92314274985897, "0.4": 92.9287428734666, "0.8": 94.08575777079307}, "voltage_base": {"0.1": -67.8711385127464, "0.2": -67.8711385127464, "0.4": -67.8711385127464, "0.8": -67.8711385127464}}}}