{"BBP": {"L23_ChC_cNAC187_3": {"mean_frequency": {"0.1": 34.241401883300334, "0.2": 53.54819337407304, "0.4": 79.83931709771929, "0.8": 117.74136980818663}, "ISI_CV": {"0.1": 0.0412106283047976, "0.2": 0.03704813257608504, "0.4": 0.02861929565256747, "0.8": 0.013021133479900764}, "time_to_first_spike": {"0.1": 9.300000000092723, "0.2": 4.500000000091632, "0.4": 2.500000000091177, "0.8": 1.4000000000909267}, "time_to_second_spike": {"0.1": 35.90000000009877, "0.2": 20.600000000095292, "0.4": 12.700000000093496, "0.8": 8.600000000092564}, "AP_height": {"0.1": 18.18988440343293, "0.2": 20.649545851085694, "0.4": 21.206730143726197, "0.8": 23.749189708459692}, "AP_width": {"0.1": 0.7000000000001592, "0.2": 0.7000000000001592, "0.4": 0.8000000000001819, "0.8": 0.8000000000001819}, "AP_amplitude": {"0.1": 71.02798331701773, "0.2": 75.71292750652958, "0.4": 75.79946852238139, "0.8": 92.59468456723145}, "voltage_base": {"0.1": -68.842477539335, "0.2": -68.842477539335, "0.4": -68.842477539335, "0.8": -68.842477539335}}}, "NetPyNE": {"L23_ChC_cNAC187_3": {"mean_frequency": {"0.1": 34.10914927771177, "0.2": 53.37630293573287, "0.4": 79.52783474221384, "0.8": 117.2109797636541}, "ISI_CV": {"0.1": 0.040666629069165704, "0.2": 0.035912499081240314, "0.4": 0.027298330712270034, "0.8": 0.012821592001889159}, "time_to_first_spike": {"0.1": 9.400000000092746, "0.2": 4.600000000091654, "0.4": 2.500000000091177, "0.8": 1.5000000000909495}, "time_to_second_spike": {"0.1": 36.10000000009882, "0.2": 20.800000000095338, "0.4": 12.800000000093519, "0.8": 8.700000000092587}, "AP_height": {"0.1": 15.963645769097694, "0.2": 20.61372432174923, "0.4": 22.656537559757943, "0.8": 26.096815978970053}, "AP_width": {"0.1": 0.7000000000001592, "0.2": 0.7000000000001592, "0.4": 0.7000000000001592, "0.8": 0.7000000000001592}, "AP_amplitude": {"0.1": 69.57688037706406, "0.2": 75.01302991422921, "0.4": 77.44923305862942, "0.8": 94.94230586208549}, "voltage_base": {"0.1": -68.84247255764441, "0.2": -68.84247255764441, "0.4": -68.84247255764441, "0.8": -68.84247255764441}}}}