{"BBP": {"L6_NBC_bIR215_2": {"mean_frequency": {"0.1": 0, "0.2": 9.042045511635214, "0.4": 15.693024197641487, "0.8": 22.30332522304835}, "ISI_CV": {"0.1": 0, "0.2": 0.3125517489754239, "0.4": 0.3135300846063569, "0.8": 0.30696365257875646}, "time_to_first_spike": {"0.1": 0, "0.2": 9.000000000092655, "0.4": 2.800000000091245, "0.8": 1.300000000090904}, "time_to_second_spike": {"0.1": 0, "0.2": 40.20000000009975, "0.4": 19.40000000009502, "0.8": 11.00000000009311}, "AP_height": {"0.1": 0, "0.2": 21.999757488952522, "0.4": 28.68760703679412, "0.8": 26.596280278554936}, "AP_width": {"0.1": 0, "0.2": 0.5000000000001137, "0.4": 0.6000000000001364, "0.8": 0.6000000000001364}, "AP_amplitude": {"0.1": 0, "0.2": 77.24141121142475, "0.4": 101.45854431489313, "0.8": 99.30195963967009}, "voltage_base": {"0.1": -72.73425276850075, "0.2": -72.73425276850075, "0.4": -72.73425276850075, "0.8": -72.73425276850075}}}, "NetPyNE": {"L6_NBC_bIR215_2": {"mean_frequency": {"0.1": 0, "0.2": 6.503902341409265, "0.4": 14.811788140364461, "0.8": 21.54067083804919}, "ISI_CV": {"0.1": 0, "0.2": 0.22411761139859732, "0.4": 0.2849779110088021, "0.8": 0.29147491481641336}, "time_to_first_spike": {"0.1": 0, "0.2": 11.4000000000932, "0.4": 3.3000000000913587, "0.8": 1.4000000000909267}, "time_to_second_spike": {"0.1": 0, "0.2": 52.20000000010248, "0.4": 20.90000000009536, "0.8": 11.800000000093291}, "AP_height": {"0.1": 0, "0.2": 20.332633218199454, "0.4": 27.35869887839087, "0.8": 30.063185429201102}, "AP_width": {"0.1": 0, "0.2": 0.6000000000001364, "0.4": 0.6000000000001364, "0.8": 0.7000000000001592}, "AP_amplitude": {"0.1": 0, "0.2": 74.0801000398948, "0.4": 101.92328599339751, "0.8": 104.62777268597394}, "voltage_base": {"0.1": -74.56361390501506, "0.2": -74.56361390501506, "0.4": -74.56361390501506, "0.8": -74.56361390501506}}}}