{"BBP": {"L5_TTPC1_cADpyr232_2": {"mean_frequency": {"0.1": 0, "0.2": 0, "0.4": 7.72717906450139, "0.8": 13.941960136330765}, "ISI_CV": {"0.1": 0, "0.2": 0, "0.4": 0.049630983553968125, "0.8": 0.11987414015843907}, "time_to_first_spike": {"0.1": 0, "0.2": 0, "0.4": 31.50000000009777, "0.8": 11.100000000093132}, "time_to_second_spike": {"0.1": 0, "0.2": 0, "0.4": 77.90000000010832, "0.8": 30.900000000097634}, "AP_height": {"0.1": 0, "0.2": 0, "0.4": 29.034536662415466, "0.8": 33.003974537395564}, "AP_width": {"0.1": 0, "0.2": 0, "0.4": 0.9000000000002046, "0.8": 0.9000000000002046}, "AP_amplitude": {"0.1": 0, "0.2": 0, "0.4": 82.31988858751986, "0.8": 85.94312040082923}, "voltage_base": {"0.1": -71.23147492744219, "0.2": -71.23147492744219, "0.4": -71.23147492744219, "0.8": -71.23147492744219}}}, "NetPyNE": {"L5_TTPC1_cADpyr232_2": {"mean_frequency": {"0.1": 0, "0.2": 0, "0.4": 7.637474541756689, "0.8": 13.800153335046371}, "ISI_CV": {"0.1": 0, "0.2": 0, "0.4": 0.046188846583321716, "0.8": 0.11845811436787604}, "time_to_first_spike": {"0.1": 0, "0.2": 0, "0.4": 31.700000000097816, "0.8": 11.200000000093155}, "time_to_second_spike": {"0.1": 0, "0.2": 0, "0.4": 78.60000000010848, "0.8": 31.10000000009768}, "AP_height": {"0.1": 0, "0.2": 0, "0.4": 30.725223085342144, "0.8": 32.59524459087497}, "AP_width": {"0.1": 0, "0.2": 0, "0.4": 0.9000000000002046, "0.8": 0.9000000000002046}, "AP_amplitude": {"0.1": 0, "0.2": 0, "0.4": 83.94623749300641, "0.8": 86.32725612948548}, "voltage_base": {"0.1": -71.23147417011093, "0.2": -71.23147417011093, "0.4": -71.23147417011093, "0.8": -71.23147417011093}}}}