{"BBP": {"L4_LBC_dSTUT214_2": {"mean_frequency": {"0.1": 0, "0.2": 46.901003580646055, "0.4": 86.36706000507999, "0.8": 132.27778334511444}, "ISI_CV": {"0.1": 0, "0.2": 0.14266451845558456, "0.4": 0.028520867941775843, "0.8": 0.01983000114190222}, "time_to_first_spike": {"0.1": 0, "0.2": 5.000000000091745, "0.4": 2.400000000091154, "0.8": 1.300000000090904}, "time_to_second_spike": {"0.1": 0, "0.2": 27.600000000096884, "0.4": 12.000000000093337, "0.8": 7.900000000092405}, "AP_height": {"0.1": 0, "0.2": 22.132356827697844, "0.4": 25.541924418210545, "0.8": 28.650881241701118}, "AP_width": {"0.1": 0, "0.2": 0.7000000000001592, "0.4": 0.7000000000001592, "0.8": 0.7000000000001592}, "AP_amplitude": {"0.1": 0, "0.2": 78.39529896482661, "0.4": 101.77290791856798, "0.8": 104.51695926833807}, "voltage_base": {"0.1": -76.0193912778721, "0.2": -76.0193912778721, "0.4": -76.0193912778721, "0.8": -76.0193912778721}}}, "NetPyNE": {"L4_LBC_dSTUT214_2": {"mean_frequency": {"0.1": 0, "0.2": 49.98485307485969, "0.4": 86.80381334677246, "0.8": 132.36400100284752}, "ISI_CV": {"0.1": 0, "0.2": 0.023598876318005193, "0.4": 0.021749305801475778, "0.8": 0.019973283697906134}, "time_to_first_spike": {"0.1": 0, "0.2": 5.200000000091791, "0.4": 2.400000000091154, "0.8": 1.300000000090904}, "time_to_second_spike": {"0.1": 0, "0.2": 23.10000000009586, "0.4": 11.900000000093314, "0.8": 8.000000000092427}, "AP_height": {"0.1": 0, "0.2": 19.876753419840252, "0.4": 27.525337121320735, "0.8": 28.900765203455656}, "AP_width": {"0.1": 0, "0.2": 0.7000000000001592, "0.4": 0.7000000000001592, "0.8": 0.8000000000001819}, "AP_amplitude": {"0.1": 0, "0.2": 75.51835500973074, "0.4": 103.44783813113453, "0.8": 104.82326608305007}, "voltage_base": {"0.1": -75.92008543682839, "0.2": -75.92008543682839, "0.4": -75.92008543682839, "0.8": -75.92008543682839}}}}