{"BBP": {"L23_NBC_dNAC222_5": {"mean_frequency": {"0.1": 18.505551665512233, "0.2": 53.365554045245894, "0.4": 85.58558558564377, "0.8": 128.8866599800274}, "ISI_CV": {"0.1": 0.07171909533753269, "0.2": 0.016510125717532527, "0.4": 0.01303689004382291, "0.8": 0.023749981339975974}, "time_to_first_spike": {"0.1": 289.8000000001565, "0.2": 6.200000000092018, "0.4": 3.1000000000913133, "0.8": 1.700000000090995}, "time_to_second_spike": {"0.1": 355.2000000001358, "0.2": 23.10000000009586, "0.4": 13.000000000093564, "0.8": 8.80000000009261}, "AP_height": {"0.1": 6.744077075722229, "0.2": 16.67128803658482, "0.4": 19.1704331137766, "0.8": 22.275342342299076}, "AP_width": {"0.1": 0.7000000000001592, "0.2": 0.7000000000001592, "0.4": 0.8000000000001819, "0.8": 0.8000000000001819}, "AP_amplitude": {"0.1": 62.48034354774052, "0.2": 72.87571726026161, "0.4": 74.3172725342492, "0.8": 95.50388837166145}, "voltage_base": {"0.1": -73.22415111647948, "0.2": -73.22415111647948, "0.4": -73.22415111647948, "0.8": -73.22415111647948}}}, "NetPyNE": {"L23_NBC_dNAC222_5": {"mean_frequency": {"0.1": 18.35330104513093, "0.2": 53.07430402567197, "0.4": 85.13621794877582, "0.8": 128.18586951087778}, "ISI_CV": {"0.1": 0.0723428990917226, "0.2": 0.016007552801802077, "0.4": 0.012660023528970474, "0.8": 0.024686659967811227}, "time_to_first_spike": {"0.1": 290.3000000001566, "0.2": 6.300000000092041, "0.4": 3.1000000000913133, "0.8": 1.8000000000910177}, "time_to_second_spike": {"0.1": 356.00000000013506, "0.2": 23.300000000095906, "0.4": 13.20000000009361, "0.8": 8.900000000092632}, "AP_height": {"0.1": 7.534693200074623, "0.2": 15.939958517921566, "0.4": 19.731192928809573, "0.8": 23.825255120926954}, "AP_width": {"0.1": 0.6000000000001364, "0.2": 0.7000000000001592, "0.4": 0.7000000000001592, "0.8": 0.7000000000001592}, "AP_amplitude": {"0.1": 63.739888364503486, "0.2": 72.55035565122465, "0.4": 75.1049075031821, "0.8": 97.0537920679959}, "voltage_base": {"0.1": -73.22414200625064, "0.2": -73.22414200625064, "0.4": -73.22414200625064, "0.8": -73.22414200625064}}}}