{"BBP": {"L6_DBC_bIR215_3": {"mean_frequency": {"0.1": 5.745625489687839, "0.2": 12.000600030009661, "0.4": 17.85441003929176, "0.8": 25.69528415963049}, "ISI_CV": {"0.1": 0.2885472239138793, "0.2": 0.3027190659196387, "0.4": 0.3044197853479358, "0.8": 0.34508158587940724}, "time_to_first_spike": {"0.1": 15.200000000094064, "0.2": 4.200000000091563, "0.4": 2.100000000091086, "0.8": 1.1000000000908585}, "time_to_second_spike": {"0.1": 71.10000000010677, "0.2": 26.40000000009661, "0.4": 15.800000000094201, "0.8": 10.100000000092905}, "AP_height": {"0.1": 22.477421813585835, "0.2": 21.961245418810286, "0.4": 25.698557049823552, "0.8": 30.801185865430465}, "AP_width": {"0.1": 0.5000000000001137, "0.2": 0.5000000000001137, "0.4": 0.5000000000001137, "0.8": 0.5000000000001137}, "AP_amplitude": {"0.1": 79.19028047796618, "0.2": 78.94570696273955, "0.4": 98.78799120916527, "0.8": 103.80573521539073}, "voltage_base": {"0.1": -73.000524702533, "0.2": -73.000524702533, "0.4": -73.000524702533, "0.8": -73.000524702533}}}, "NetPyNE": {"L6_DBC_bIR215_3": {"mean_frequency": {"0.1": 0, "0.2": 9.801392829513945, "0.4": 16.56829243037253, "0.8": 25.188916876591392}, "ISI_CV": {"0.1": 0, "0.2": 0.2663106695152262, "0.4": 0.28376507615280966, "0.8": 0.2669372104017883}, "time_to_first_spike": {"0.1": 0, "0.2": 5.3000000000918135, "0.4": 2.400000000091154, "0.8": 1.300000000090904}, "time_to_second_spike": {"0.1": 0, "0.2": 30.600000000097566, "0.4": 17.20000000009452, "0.8": 10.900000000093087}, "AP_height": {"0.1": 0, "0.2": 24.721570356300873, "0.4": 25.25993884636892, "0.8": 32.18545712367931}, "AP_width": {"0.1": 0, "0.2": 0.5000000000001137, "0.4": 0.5000000000001137, "0.8": 0.6000000000001364}, "AP_amplitude": {"0.1": 0, "0.2": 81.44516761862113, "0.4": 100.548974074705, "0.8": 107.47449241041012}, "voltage_base": {"0.1": -75.28761257330953, "0.2": -75.28761257330953, "0.4": -75.28761257330953, "0.8": -75.28761257330953}}}}