{"BBP": {"L5_LBC_cACint209_5": {"mean_frequency": {"0.1": 20.496003279374346, "0.2": 31.588447653451066, "0.4": 46.54654654657819, "0.8": 75.2030482302727}, "ISI_CV": {"0.1": 0.2425462788351759, "0.2": 0.2563847722387813, "0.4": 0.23137340691651667, "0.8": 0.19581163972510607}, "time_to_first_spike": {"0.1": 32.500000000098, "0.2": 13.300000000093632, "0.4": 3.8000000000914724, "0.8": 1.8000000000910177}, "time_to_second_spike": {"0.1": 60.900000000104455, "0.2": 26.30000000009659, "0.4": 13.20000000009361, "0.8": 8.900000000092632}, "AP_height": {"0.1": 25.22737966272607, "0.2": 23.704942581082715, "0.4": 34.20956325135633, "0.8": 36.65119182499706}, "AP_width": {"0.1": 0.7000000000001592, "0.2": 0.7000000000001592, "0.4": 0.8000000000001819, "0.8": 0.9000000000002046}, "AP_amplitude": {"0.1": 74.6542248200243, "0.2": 72.44277317853546, "0.4": 87.09315903807146, "0.8": 105.43449528381555}, "voltage_base": {"0.1": -68.78280360951541, "0.2": -68.78280360951541, "0.4": -68.78280360951541, "0.8": -68.78280360951541}}}, "NetPyNE": {"L5_LBC_cACint209_5": {"mean_frequency": {"0.1": 20.499154409894416, "0.2": 31.55680224406072, "0.4": 46.53955862486275, "0.8": 75.26342197697033}, "ISI_CV": {"0.1": 0.24324845443517207, "0.2": 0.25679945089914075, "0.4": 0.23151854528211938, "0.8": 0.19479447728456253}, "time_to_first_spike": {"0.1": 32.70000000009804, "0.2": 13.400000000093655, "0.4": 3.900000000091495, "0.8": 1.9000000000910404}, "time_to_second_spike": {"0.1": 61.1000000001045, "0.2": 26.40000000009661, "0.4": 13.400000000093655, "0.8": 9.000000000092655}, "AP_height": {"0.1": 24.40408929261143, "0.2": 21.712368054324727, "0.4": 33.62139192114523, "0.8": 36.3457805011476}, "AP_width": {"0.1": 0.8000000000001819, "0.2": 0.7000000000001592, "0.4": 0.8000000000001819, "0.8": 0.8000000000001819}, "AP_amplitude": {"0.1": 74.34228482224054, "0.2": 70.6199764945546, "0.4": 85.77468175904208, "0.8": 105.12908329350772}, "voltage_base": {"0.1": -68.78280293953473, "0.2": -68.78280293953473, "0.4": -68.78280293953473, "0.8": -68.78280293953473}}}}