{"BBP": {"L6_BP_bAC217_5": {"mean_frequency": {"0.1": 12.5110775165595, "0.2": 17.091439199730097, "0.4": 23.208879919289195, "0.8": 33.50000000002278}, "ISI_CV": {"0.1": 0.3206474756110313, "0.2": 0.3299366430607139, "0.4": 0.34086745055863477, "0.8": 0.32346260083403583}, "time_to_first_spike": {"0.1": 6.700000000092132, "0.2": 2.6000000000911996, "0.4": 1.300000000090904, "0.8": 0.7000000000907676}, "time_to_second_spike": {"0.1": 30.200000000097475, "0.2": 17.000000000094474, "0.4": 10.200000000092928, "0.8": 7.0000000000922}, "AP_height": {"0.1": 20.05500524156753, "0.2": 26.913612958294554, "0.4": 26.956951299459575, "0.8": 29.925143678602748}, "AP_width": {"0.1": 0.5000000000001137, "0.2": 0.6000000000001364, "0.4": 0.6000000000001364, "0.8": 0.7000000000001592}, "AP_amplitude": {"0.1": 76.78691937447617, "0.2": 96.6661643806622, "0.4": 96.70950271972701, "0.8": 99.67769509466993}, "voltage_base": {"0.1": -69.7500430962055, "0.2": -69.7500430962055, "0.4": -69.7500430962055, "0.8": -69.7500430962055}}}, "NetPyNE": {"L6_BP_bAC217_5": {"mean_frequency": {"0.1": 12.359666289018516, "0.2": 16.98404529079888, "0.4": 22.974421810399953, "0.8": 33.1941859880525}, "ISI_CV": {"0.1": 0.31904802953588585, "0.2": 0.3344217276985498, "0.4": 0.3439856701824427, "0.8": 0.32388346831261255}, "time_to_first_spike": {"0.1": 6.8000000000921546, "0.2": 2.7000000000912223, "0.4": 1.300000000090904, "0.8": 0.8000000000907903}, "time_to_second_spike": {"0.1": 30.40000000009752, "0.2": 17.20000000009452, "0.4": 10.400000000092973, "0.8": 7.100000000092223}, "AP_height": {"0.1": 20.33627967014025, "0.2": 26.395724932222507, "0.4": 27.0925408921633, "0.8": 29.854426159705156}, "AP_width": {"0.1": 0.5000000000001137, "0.2": 0.6000000000001364, "0.4": 0.6000000000001364, "0.8": 0.6000000000001364}, "AP_amplitude": {"0.1": 76.50624500816116, "0.2": 96.14827265393934, "0.4": 96.84508833686326, "0.8": 99.60697391476006}, "voltage_base": {"0.1": -69.7500394211914, "0.2": -69.7500394211914, "0.4": -69.7500394211914, "0.8": -69.7500394211914}}}}