{"BBP": {"L4_DBC_bIR215_3": {"mean_frequency": {"0.1": 0, "0.2": 4.553474870513511, "0.4": 12.995789364254705, "0.8": 19.554366284168985}, "ISI_CV": {"0.1": 0, "0.2": 0.29390549935282145, "0.4": 0.28526560208625273, "0.8": 0.294300596321036}, "time_to_first_spike": {"0.1": 0, "0.2": 8.200000000092473, "0.4": 2.900000000091268, "0.8": 1.5000000000909495}, "time_to_second_spike": {"0.1": 0, "0.2": 243.50000000014597, "0.4": 22.30000000009568, "0.8": 13.100000000093587}, "AP_height": {"0.1": 0, "0.2": 24.013480308299027, "0.4": 30.88107524894464, "0.8": 30.66615460432732}, "AP_width": {"0.1": 0, "0.2": 0.6000000000001364, "0.4": 0.6000000000001364, "0.8": 0.6000000000001364}, "AP_amplitude": {"0.1": 0, "0.2": 79.57109751742043, "0.4": 103.17563076512722, "0.8": 104.64978941078137}, "voltage_base": {"0.1": -73.93753457894846, "0.2": -73.93753457894846, "0.4": -73.93753457894846, "0.8": -73.93753457894846}}}, "NetPyNE": {"L4_DBC_bIR215_3": {"mean_frequency": {"0.1": 0, "0.2": 85.47008546940413, "0.4": 12.049402550465055, "0.8": 18.861191823431206}, "ISI_CV": {"0.1": 0, "0.2": 0, "0.4": 0.2632256388489095, "0.8": 0.2713736352778732}, "time_to_first_spike": {"0.1": 0, "0.2": 11.700000000093269, "0.4": 3.200000000091336, "0.8": 1.6000000000909722}, "time_to_second_spike": {"0.1": 0, "0.2": 0, "0.4": 23.900000000096043, "0.8": 13.700000000093723}, "AP_height": {"0.1": 0, "0.2": 22.801507016385628, "0.4": 30.555256611098415, "0.8": 32.02627531924326}, "AP_width": {"0.1": 0, "0.2": 0.5000000000001137, "0.4": 0.6000000000001364, "0.8": 0.6000000000001364}, "AP_amplitude": {"0.1": 0, "0.2": 78.05696664868792, "0.4": 104.33858863878272, "0.8": 107.58474594891658}, "voltage_base": {"0.1": -75.55703474842343, "0.2": -75.55703474842343, "0.4": -75.55703474842343, "0.8": -75.55703474842343}}}}