{"BBP": {"L6_MC_bSTUT213_2": {"mean_frequency": {"0.1": 6.012506012509822, "0.2": 57.19446116800995, "0.4": 118.95201766721591, "0.8": 178.89356584498026}, "ISI_CV": {"0.1": 0.46699025774321723, "0.2": 0.09808932342494629, "0.4": 0.017831964623666038, "0.8": 0.011501533310085157}, "time_to_first_spike": {"0.1": 77.90000000010832, "0.2": 6.400000000092064, "0.4": 2.7000000000912223, "0.8": 1.4000000000909267}, "time_to_second_spike": {"0.1": 114.90000000011673, "0.2": 17.700000000094633, "0.4": 10.200000000092928, "0.8": 7.100000000092223}, "AP_height": {"0.1": 7.3350138562192075, "0.2": 12.438132973148258, "0.4": 18.328703935005628, "0.8": 21.165429421251687}, "AP_width": {"0.1": 0.6000000000001364, "0.2": 0.7000000000001592, "0.4": 0.6000000000001364, "0.8": 0.6000000000001364}, "AP_amplitude": {"0.1": 62.37863828969265, "0.2": 67.24228947751193, "0.4": 92.81046116809253, "0.8": 95.91538198728462}, "voltage_base": {"0.1": -74.79954181094509, "0.2": -74.79954181094509, "0.4": -74.79954181094509, "0.8": -74.79954181094509}}}, "NetPyNE": {"L6_MC_bSTUT213_2": {"mean_frequency": {"0.1": 0, "0.2": 50.52273523088824, "0.4": 115.85335272589244, "0.8": 174.79715516389723}, "ISI_CV": {"0.1": 0, "0.2": 0.06165228296208559, "0.4": 0.015338835552323337, "0.8": 0.011038004546422295}, "time_to_first_spike": {"0.1": 0, "0.2": 6.600000000092109, "0.4": 2.900000000091268, "0.8": 1.4000000000909267}, "time_to_second_spike": {"0.1": 0, "0.2": 18.100000000094724, "0.4": 10.500000000092996, "0.8": 7.300000000092268}, "AP_height": {"0.1": 0, "0.2": 14.748777305417049, "0.4": 16.89719651140945, "0.8": 19.804046325612344}, "AP_width": {"0.1": 0, "0.2": 0.7000000000001592, "0.4": 0.7000000000001592, "0.8": 0.7000000000001592}, "AP_amplitude": {"0.1": 0, "0.2": 69.13319655948972, "0.4": 91.98851253945159, "0.8": 94.89536232494868}, "voltage_base": {"0.1": -75.09127855649582, "0.2": -75.09127855649582, "0.4": -75.09127855649582, "0.8": -75.09127855649582}}}}