{"BBP": {"L1_HAC_bNAC219_4": {"mean_frequency": {"0.1": 41.3223140496148, "0.2": 81.06890857234156, "0.4": 126.06303151584359, "0.8": 233.64485981204172}, "ISI_CV": {"0.1": 0.06336148902845325, "0.2": 0.021702655954226543, "0.4": 0.014551772688568042, "0.8": 0.08478570386700798}, "time_to_first_spike": {"0.1": 10.100000000092905, "0.2": 4.700000000091677, "0.4": 2.500000000091177, "0.8": 1.4000000000909267}, "time_to_second_spike": {"0.1": 25.60000000009643, "0.2": 15.000000000094019, "0.4": 10.100000000092905, "0.8": 7.100000000092223}, "AP_height": {"0.1": 5.664296134264051, "0.2": 12.119030096871086, "0.4": 15.952856209280675, "0.8": 18.635334912249885}, "AP_width": {"0.1": 0.8000000000001819, "0.2": 0.8000000000001819, "0.4": 0.7000000000001592, "0.8": 0.7000000000001592}, "AP_amplitude": {"0.1": 55.93980940316675, "0.2": 64.85523696854275, "0.4": 70.85980671159854, "0.8": 89.02443176340701}, "voltage_base": {"0.1": -70.38897574395779, "0.2": -70.38897574395779, "0.4": -70.38897574395779, "0.8": -70.38897574395779}}}, "NetPyNE": {"L1_HAC_bNAC219_4": {"mean_frequency": {"0.1": 41.264090177161656, "0.2": 80.83140877603643, "0.4": 125.43274296330833, "0.8": 231.48148148045783}, "ISI_CV": {"0.1": 0.06314433610554432, "0.2": 0.021400525295971237, "0.4": 0.014068111695504487, "0.8": 0.08333333333333333}, "time_to_first_spike": {"0.1": 10.100000000092905, "0.2": 4.8000000000917, "0.4": 2.6000000000911996, "0.8": 1.4000000000909267}, "time_to_second_spike": {"0.1": 25.700000000096452, "0.2": 15.200000000094064, "0.4": 10.200000000092928, "0.8": 7.2000000000922455}, "AP_height": {"0.1": 5.471944209853892, "0.2": 11.241706975131457, "0.4": 14.923812240554462, "0.8": 16.069583476149557}, "AP_width": {"0.1": 0.8000000000001819, "0.2": 0.7000000000001592, "0.4": 0.8000000000001819, "0.8": 0.8000000000001819}, "AP_amplitude": {"0.1": 56.722392814928064, "0.2": 64.36976767589456, "0.4": 69.93316653171577, "0.8": 86.4586801339534}, "voltage_base": {"0.1": -70.38897554977795, "0.2": -70.38897554977795, "0.4": -70.38897554977795, "0.8": -70.38897554977795}}}}