{"BBP": {"L5_LBC_cNAC187_4": {"mean_frequency": {"0.1": 51.44499924349078, "0.2": 77.49207467423363, "0.4": 114.45783132537893, "0.8": 191.2581985681969}, "ISI_CV": {"0.1": 0.030869363336881873, "0.2": 0.023617052414931627, "0.4": 0.01428119724971935, "0.8": 0.08937789375316693}, "time_to_first_spike": {"0.1": 4.500000000091632, "0.2": 2.400000000091154, "0.4": 1.5000000000909495, "0.8": 0.900000000090813}, "time_to_second_spike": {"0.1": 21.500000000095497, "0.2": 13.000000000093564, "0.4": 8.900000000092632, "0.8": 6.400000000092064}, "AP_height": {"0.1": 18.606960729784596, "0.2": 22.10126340816393, "0.4": 22.26291139619164, "0.8": 29.13992437104062}, "AP_width": {"0.1": 0.7000000000001592, "0.2": 0.7000000000001592, "0.4": 0.8000000000001819, "0.8": 0.8000000000001819}, "AP_amplitude": {"0.1": 74.93881768755281, "0.2": 77.9541308696719, "0.4": 90.32910439458787, "0.8": 97.20611736685618}, "voltage_base": {"0.1": -68.06348664530266, "0.2": -68.06348664530266, "0.4": -68.06348664530266, "0.8": -68.06348664530266}}}, "NetPyNE": {"L5_LBC_cNAC187_4": {"mean_frequency": {"0.1": 51.189400782931486, "0.2": 77.10023029944162, "0.4": 113.84723406397222, "0.8": 191.4046246211764}, "ISI_CV": {"0.1": 0.030349653667618895, "0.2": 0.022679783102052254, "0.4": 0.011935304402525536, "0.8": 0.11151074291965982}, "time_to_first_spike": {"0.1": 4.600000000091654, "0.2": 2.500000000091177, "0.4": 1.5000000000909495, "0.8": 0.900000000090813}, "time_to_second_spike": {"0.1": 21.700000000095542, "0.2": 13.100000000093587, "0.4": 9.000000000092655, "0.8": 6.500000000092086}, "AP_height": {"0.1": 18.637301186292184, "0.2": 24.12114910375759, "0.4": 26.51278516874026, "0.8": 25.79769064096216}, "AP_width": {"0.1": 0.7000000000001592, "0.2": 0.7000000000001592, "0.4": 0.7000000000001592, "0.8": 0.8000000000001819}, "AP_amplitude": {"0.1": 74.30380388966616, "0.2": 79.00493910888306, "0.4": 94.57897368685178, "0.8": 93.86387927373644}, "voltage_base": {"0.1": -68.06348227733056, "0.2": -68.06348227733056, "0.4": -68.06348227733056, "0.8": -68.06348227733056}}}}