{"BBP": {"L1_NGC-SA_cNAC187_1": {"mean_frequency": {"0.1": 54.432740285304796, "0.2": 81.27226207801638, "0.4": 120.31884493917033, "0.8": 192.30769230756684}, "ISI_CV": {"0.1": 0.0444929133781099, "0.2": 0.030245290460486136, "0.4": 0.012760280626430507, "0.8": 0.09334501593300486}, "time_to_first_spike": {"0.1": 4.500000000091632, "0.2": 2.6000000000911996, "0.4": 1.6000000000909722, "0.8": 1.0000000000908358}, "time_to_second_spike": {"0.1": 20.2000000000952, "0.2": 12.700000000093496, "0.4": 8.80000000009261, "0.8": 6.400000000092064}, "AP_height": {"0.1": 18.493691395393352, "0.2": 19.65394334679195, "0.4": 20.90680164590327, "0.8": 24.162499649997482}, "AP_width": {"0.1": 0.8000000000001819, "0.2": 0.7000000000001592, "0.4": 0.7000000000001592, "0.8": 0.8000000000001819}, "AP_amplitude": {"0.1": 73.9564186630631, "0.2": 74.50227282042377, "0.4": 89.93679405000395, "0.8": 93.19249205129024}, "voltage_base": {"0.1": -69.02694363443744, "0.2": -69.02694363443744, "0.4": -69.02694363443744, "0.8": -69.02694363443744}}}, "NetPyNE": {"L1_NGC-SA_cNAC187_1": {"mean_frequency": {"0.1": 54.25772418993888, "0.2": 81.01444170488062, "0.4": 119.8295312109112, "0.8": 192.79553526115623}, "ISI_CV": {"0.1": 0.04352402419598124, "0.2": 0.02908182375609008, "0.4": 0.013014791950270306, "0.8": 0.09480964440882679}, "time_to_first_spike": {"0.1": 4.600000000091654, "0.2": 2.6000000000911996, "0.4": 1.6000000000909722, "0.8": 1.0000000000908358}, "time_to_second_spike": {"0.1": 20.400000000095247, "0.2": 12.900000000093542, "0.4": 8.900000000092632, "0.8": 6.500000000092086}, "AP_height": {"0.1": 18.44186251000241, "0.2": 18.799372225643936, "0.4": 23.32350940514753, "0.8": 25.99084944323994}, "AP_width": {"0.1": 0.7000000000001592, "0.2": 0.8000000000001819, "0.4": 0.8000000000001819, "0.8": 0.8000000000001819}, "AP_amplitude": {"0.1": 74.5175405971741, "0.2": 73.87597967694319, "0.4": 92.35349658401586, "0.8": 95.02083658528679}, "voltage_base": {"0.1": -69.02693836883788, "0.2": -69.02693836883788, "0.4": -69.02693836883788, "0.8": -69.02693836883788}}}}