{"BBP": {"L5_NGC_cSTUT189_1": {"mean_frequency": {"0.1": 0, "0.2": 58.980692645097214, "0.4": 96.82921934584141, "0.8": 153.31853943917446}, "ISI_CV": {"0.1": 0, "0.2": 0.08839372540687754, "0.4": 0.022297679939987398, "0.8": 0.08851294080403843}, "time_to_first_spike": {"0.1": 0, "0.2": 5.800000000091927, "0.4": 3.1000000000913133, "0.8": 1.700000000090995}, "time_to_second_spike": {"0.1": 0, "0.2": 20.600000000095292, "0.4": 12.10000000009336, "0.8": 8.10000000009245}, "AP_height": {"0.1": 0, "0.2": 14.057169121690823, "0.4": 17.246427588306073, "0.8": 21.622683397085666}, "AP_width": {"0.1": 0, "0.2": 0.8000000000001819, "0.4": 0.8000000000001819, "0.8": 0.8000000000001819}, "AP_amplitude": {"0.1": 0, "0.2": 69.3696327129245, "0.4": 93.08873883140598, "0.8": 97.61144752945624}, "voltage_base": {"0.1": -75.84597710385768, "0.2": -75.84597710385768, "0.4": -75.84597710385768, "0.8": -75.84597710385768}}}, "NetPyNE": {"L5_NGC_cSTUT189_1": {"mean_frequency": {"0.1": 0, "0.2": 58.5908157644747, "0.4": 95.77295291587512, "0.8": 151.39442231075628}, "ISI_CV": {"0.1": 0, "0.2": 0.012811730334080325, "0.4": 0.018338342842100112, "0.8": 0.08846751009265845}, "time_to_first_spike": {"0.1": 0, "0.2": 6.000000000091973, "0.4": 3.1000000000913133, "0.8": 1.700000000090995}, "time_to_second_spike": {"0.1": 0, "0.2": 21.500000000095497, "0.4": 12.50000000009345, "0.8": 8.300000000092496}, "AP_height": {"0.1": 0, "0.2": 13.794369944802773, "0.4": 17.67517367606583, "0.8": 19.567537689634353}, "AP_width": {"0.1": 0, "0.2": 0.7000000000001592, "0.4": 0.8000000000001819, "0.8": 0.9000000000002046}, "AP_amplitude": {"0.1": 0, "0.2": 68.8394850292944, "0.4": 93.61723678468088, "0.8": 95.50960073851333}, "voltage_base": {"0.1": -75.94137473595679, "0.2": -75.94137473595679, "0.4": -75.94137473595679, "0.8": -75.94137473595679}}}}