{"BBP": {"L23_NGC_cSTUT189_2": {"mean_frequency": {"0.1": 0, "0.2": 0, "0.4": 55.318078954022965, "0.8": 105.89711417824006}, "ISI_CV": {"0.1": 0, "0.2": 0, "0.4": 0.06927725404134498, "0.8": 0.03413103240680202}, "time_to_first_spike": {"0.1": 0, "0.2": 0, "0.4": 5.400000000091836, "0.8": 2.6000000000911996}, "time_to_second_spike": {"0.1": 0, "0.2": 0, "0.4": 24.700000000096225, "0.8": 11.200000000093155}, "AP_height": {"0.1": 0, "0.2": 0, "0.4": 15.4053356754678, "0.8": 21.265639985973355}, "AP_width": {"0.1": 0, "0.2": 0, "0.4": 0.7000000000001592, "0.8": 0.8000000000001819}, "AP_amplitude": {"0.1": 0, "0.2": 0, "0.4": 70.05670144367696, "0.8": 96.99614442325668}, "voltage_base": {"0.1": -75.76824297291951, "0.2": -75.76824297291951, "0.4": -75.76824297291951, "0.8": -75.76824297291951}}}, "NetPyNE": {"L23_NGC_cSTUT189_2": {"mean_frequency": {"0.1": 0, "0.2": 0, "0.4": 52.35075002520415, "0.8": 104.1771010718929}, "ISI_CV": {"0.1": 0, "0.2": 0, "0.4": 0.029403935849828578, "0.8": 0.0326690923201812}, "time_to_first_spike": {"0.1": 0, "0.2": 0, "0.4": 5.600000000091882, "0.8": 2.7000000000912223}, "time_to_second_spike": {"0.1": 0, "0.2": 0, "0.4": 25.400000000096384, "0.8": 11.500000000093223}, "AP_height": {"0.1": 0, "0.2": 0, "0.4": 16.22179554925861, "0.8": 20.978224834403314}, "AP_width": {"0.1": 0, "0.2": 0, "0.4": 0.7000000000001592, "0.8": 0.8000000000001819}, "AP_amplitude": {"0.1": 0, "0.2": 0, "0.4": 70.70144360349869, "0.8": 96.96816966399598}, "voltage_base": {"0.1": -75.98926814842758, "0.2": -75.98926814842758, "0.4": -75.98926814842758, "0.8": -75.98926814842758}}}}