{"BBP": {"L5_LBC_cIR216_2": {"mean_frequency": {"0.1": 1.028171910344102, "0.2": 24.04207362886683, "0.4": 45.95727488513796, "0.8": 100.9948748870146}, "ISI_CV": {"0.1": 0, "0.2": 0.3678969377775043, "0.4": 0.22315776553092756, "0.8": 0.09186630487975667}, "time_to_first_spike": {"0.1": 1522.4999999990741, "0.2": 8.80000000009261, "0.4": 3.600000000091427, "0.8": 1.700000000090995}, "time_to_second_spike": {"0.1": 1945.1999999986897, "0.2": 21.000000000095383, "0.4": 12.10000000009336, "0.8": 8.10000000009245}, "AP_height": {"0.1": 26.06715238284077, "0.2": 27.63112006122307, "0.4": 33.60450814416754, "0.8": 37.12023707626885}, "AP_width": {"0.1": 0.7999999999992724, "0.2": 0.9000000000002046, "0.4": 0.9000000000002046, "0.8": 1.0000000000002274}, "AP_amplitude": {"0.1": 80.61773990095134, "0.2": 83.65497838542112, "0.4": 111.12380873153464, "0.8": 114.09568195428074}, "voltage_base": {"0.1": -77.13031942009148, "0.2": -77.13031942009148, "0.4": -77.13031942009148, "0.8": -77.13031942009148}}}, "NetPyNE": {"L5_LBC_cIR216_2": {"mean_frequency": {"0.1": 0, "0.2": 24.424994911475906, "0.4": 46.00839273980568, "0.8": 100.20542111335033}, "ISI_CV": {"0.1": 0, "0.2": 0.2205649187290436, "0.4": 0.16384084936267337, "0.8": 0.08493149214917016}, "time_to_first_spike": {"0.1": 0, "0.2": 8.500000000092541, "0.4": 3.7000000000914497, "0.8": 1.8000000000910177}, "time_to_second_spike": {"0.1": 0, "0.2": 21.900000000095588, "0.4": 12.200000000093382, "0.8": 8.200000000092473}, "AP_height": {"0.1": 0, "0.2": 27.337529839001245, "0.4": 34.08243089149088, "0.8": 36.49826136475435}, "AP_width": {"0.1": 0, "0.2": 0.9000000000002046, "0.4": 0.9000000000002046, "0.8": 1.0000000000002274}, "AP_amplitude": {"0.1": 0, "0.2": 82.9184184918741, "0.4": 111.52203800890615, "0.8": 113.93786846182283}, "voltage_base": {"0.1": -77.4394602319029, "0.2": -77.4394602319029, "0.4": -77.4394602319029, "0.8": -77.4394602319029}}}}