{"BBP": {"L5_NGC_cNAC187_5": {"mean_frequency": {"0.1": 47.32893610596837, "0.2": 72.70356999603817, "0.4": 110.4861390117263, "0.8": 196.56019655971429}, "ISI_CV": {"0.1": 0.021727709107455744, "0.2": 0.01251394901845005, "0.4": 0.021806888168306025, "0.8": 0.05242185413376762}, "time_to_first_spike": {"0.1": 6.700000000092132, "0.2": 3.7000000000914497, "0.4": 2.2000000000911086, "0.8": 1.300000000090904}, "time_to_second_spike": {"0.1": 25.800000000096475, "0.2": 15.500000000094133, "0.4": 10.30000000009295, "0.8": 7.2000000000922455}, "AP_height": {"0.1": 12.156669769337679, "0.2": 13.892781925889768, "0.4": 15.782098487540193, "0.8": 20.996306240113817}, "AP_width": {"0.1": 0.8000000000001819, "0.2": 0.8000000000001819, "0.4": 0.8000000000001819, "0.8": 0.8000000000001819}, "AP_amplitude": {"0.1": 66.73984018431082, "0.2": 68.61063974138932, "0.4": 84.62137936606081, "0.8": 89.83558711677921}, "voltage_base": {"0.1": -68.83644618980516, "0.2": -68.83644618980516, "0.4": -68.83644618980516, "0.8": -68.83644618980516}}}, "NetPyNE": {"L5_NGC_cNAC187_5": {"mean_frequency": {"0.1": 47.18638622562313, "0.2": 72.4747093462669, "0.4": 110.20939785600116, "0.8": 197.04433497488492}, "ISI_CV": {"0.1": 0.020863633470334722, "0.2": 0.012284567073119078, "0.4": 0.023140185303954758, "0.8": 0.06421091777010976}, "time_to_first_spike": {"0.1": 6.8000000000921546, "0.2": 3.7000000000914497, "0.4": 2.2000000000911086, "0.8": 1.300000000090904}, "time_to_second_spike": {"0.1": 26.00000000009652, "0.2": 15.700000000094178, "0.4": 10.400000000092973, "0.8": 7.300000000092268}, "AP_height": {"0.1": 12.088879670230089, "0.2": 13.180435336765687, "0.4": 17.884480479980503, "0.8": 18.40478046482485}, "AP_width": {"0.1": 0.8000000000001819, "0.2": 0.8000000000001819, "0.4": 0.8000000000001819, "0.8": 0.9000000000002046}, "AP_amplitude": {"0.1": 66.07043285844819, "0.2": 68.17179949633461, "0.4": 72.31371657271804, "0.8": 87.2440566769504}, "voltage_base": {"0.1": -68.83644152000083, "0.2": -68.83644152000083, "0.4": -68.83644152000083, "0.8": -68.83644152000083}}}}