{"BBP": {"L5_ChC_dNAC222_3": {"mean_frequency": {"0.1": 9.232663110387842, "0.2": 49.896678594862735, "0.4": 85.45719599865048, "0.8": 133.1531260950998}, "ISI_CV": {"0.1": 0.07891904467572385, "0.2": 0.01504746768516512, "0.4": 0.015298199215433895, "0.8": 0.03523306058704428}, "time_to_first_spike": {"0.1": 921.6999999996206, "0.2": 8.300000000092496, "0.4": 3.500000000091404, "0.8": 1.8000000000910177}, "time_to_second_spike": {"0.1": 1000.1999999995492, "0.2": 27.600000000096884, "0.4": 13.700000000093723, "0.8": 8.80000000009261}, "AP_height": {"0.1": 8.4708412437236, "0.2": 12.037636648511423, "0.4": 18.675927567506818, "0.8": 23.005915395285253}, "AP_width": {"0.1": 0.6999999999993634, "0.2": 0.7000000000001592, "0.4": 0.7000000000001592, "0.8": 0.8000000000001819}, "AP_amplitude": {"0.1": 62.80812033973388, "0.2": 67.88064375361299, "0.4": 73.64371747470157, "0.8": 96.56700389792849}, "voltage_base": {"0.1": -73.5568314966751, "0.2": -73.5568314966751, "0.4": -73.5568314966751, "0.8": -73.5568314966751}}}, "NetPyNE": {"L5_ChC_dNAC222_3": {"mean_frequency": {"0.1": 9.221311475416055, "0.2": 49.67884383784988, "0.4": 85.07656891207866, "0.8": 132.56628314166093}, "ISI_CV": {"0.1": 0.07933426190924855, "0.2": 0.015609511184171532, "0.4": 0.015952052193028955, "0.8": 0.03631345369656327}, "time_to_first_spike": {"0.1": 922.0999999996202, "0.2": 8.400000000092518, "0.4": 3.600000000091427, "0.8": 1.9000000000910404}, "time_to_second_spike": {"0.1": 1000.8999999995485, "0.2": 27.900000000096952, "0.4": 13.900000000093769, "0.8": 8.900000000092632}, "AP_height": {"0.1": 8.208108893203832, "0.2": 11.800285320222, "0.4": 19.108766741686196, "0.8": 20.198293901371144}, "AP_width": {"0.1": 0.6999999999993634, "0.2": 0.7000000000001592, "0.4": 0.7000000000001592, "0.8": 0.8000000000001819}, "AP_amplitude": {"0.1": 63.33939889421035, "0.2": 67.02640464266386, "0.4": 74.41239041060827, "0.8": 93.75937410062373}, "voltage_base": {"0.1": -73.55682316569222, "0.2": -73.55682316569222, "0.4": -73.55682316569222, "0.8": -73.55682316569222}}}}