{"BBP": {"L23_BP_bIR215_1": {"mean_frequency": {"0.1": 9.974276864933962, "0.2": 14.720812182751077, "0.4": 20.732200647263237, "0.8": 29.838668891943545}, "ISI_CV": {"0.1": 0.273885178557667, "0.2": 0.2772366888172737, "0.4": 0.2830441597542474, "0.8": 0.28441972202505117}, "time_to_first_spike": {"0.1": 4.100000000091541, "0.2": 2.2000000000911086, "0.4": 1.2000000000908813, "0.8": 0.7000000000907676}, "time_to_second_spike": {"0.1": 25.60000000009643, "0.2": 16.000000000094246, "0.4": 10.600000000093019, "0.8": 7.500000000092314}, "AP_height": {"0.1": 31.021605329512468, "0.2": 29.231291164845413, "0.4": 34.1230069366117, "0.8": 36.248060021906305}, "AP_width": {"0.1": 0.6000000000001364, "0.2": 0.6000000000001364, "0.4": 0.7000000000001592, "0.8": 0.7000000000001592}, "AP_amplitude": {"0.1": 86.66978792933581, "0.2": 106.1124338523064, "0.4": 110.60177981071143, "0.8": 111.98536282800373}, "voltage_base": {"0.1": -75.86225511009945, "0.2": -75.86225511009945, "0.4": -75.86225511009945, "0.8": -75.86225511009945}}}, "NetPyNE": {"L23_BP_bIR215_1": {"mean_frequency": {"0.1": 9.324492333201457, "0.2": 14.32884703956752, "0.4": 20.350020350034107, "0.8": 29.141335477083544}, "ISI_CV": {"0.1": 0.23475697116920838, "0.2": 0.2588687862626504, "0.4": 0.26749147827998054, "0.8": 0.2713003206038585}, "time_to_first_spike": {"0.1": 4.300000000091586, "0.2": 2.3000000000911314, "0.4": 1.300000000090904, "0.8": 0.8000000000907903}, "time_to_second_spike": {"0.1": 26.800000000096702, "0.2": 16.600000000094383, "0.4": 11.00000000009311, "0.8": 7.800000000092382}, "AP_height": {"0.1": 28.39185431351046, "0.2": 28.89503160031605, "0.4": 34.4496036602389, "0.8": 34.36105578413915}, "AP_width": {"0.1": 0.6000000000001364, "0.2": 0.6000000000001364, "0.4": 0.6000000000001364, "0.8": 0.6000000000001364}, "AP_amplitude": {"0.1": 84.06753560760676, "0.2": 106.23245166239879, "0.4": 111.7870236872904, "0.8": 111.69847591799368}, "voltage_base": {"0.1": -77.33537566854707, "0.2": -77.33537566854707, "0.4": -77.33537566854707, "0.8": -77.33537566854707}}}}