{"BBP": {"L23_NGC_cACint209_4": {"mean_frequency": {"0.1": 26.151679742524287, "0.2": 41.29318158931193, "0.4": 80.9696238182002, "0.8": 251.57232704325114}, "ISI_CV": {"0.1": 0.25108994540422497, "0.2": 0.21805485633227645, "0.4": 0.13630755123070878, "0.8": 0.23415088412595783}, "time_to_first_spike": {"0.1": 14.000000000093792, "0.2": 6.700000000092132, "0.4": 3.3000000000913587, "0.8": 1.8000000000910177}, "time_to_second_spike": {"0.1": 30.100000000097452, "0.2": 17.400000000094565, "0.4": 11.300000000093178, "0.8": 8.000000000092427}, "AP_height": {"0.1": 20.031914458006224, "0.2": 23.252457193623176, "0.4": 27.960728822254477, "0.8": 28.90218140020782}, "AP_width": {"0.1": 0.9000000000002046, "0.2": 1.0000000000002274, "0.4": 1.0000000000002274, "0.8": 1.0000000000002274}, "AP_amplitude": {"0.1": 75.48411444173517, "0.2": 78.2280593443712, "0.4": 82.6715066869324, "0.8": 99.54651340730817}, "voltage_base": {"0.1": -70.6436324477551, "0.2": -70.6436324477551, "0.4": -70.6436324477551, "0.8": -70.6436324477551}}}, "NetPyNE": {"L23_NGC_cACint209_4": {"mean_frequency": {"0.1": 26.124089424785385, "0.2": 41.33897963301856, "0.4": 81.31305526281686, "0.8": 241.37931034401853}, "ISI_CV": {"0.1": 0.25122705912702287, "0.2": 0.21786630550644256, "0.4": 0.1348204583186305, "0.8": 0.22657914818280528}, "time_to_first_spike": {"0.1": 14.100000000093814, "0.2": 6.8000000000921546, "0.4": 3.4000000000913815, "0.8": 1.8000000000910177}, "time_to_second_spike": {"0.1": 30.300000000097498, "0.2": 17.500000000094587, "0.4": 11.4000000000932, "0.8": 8.10000000009245}, "AP_height": {"0.1": 20.653885918831502, "0.2": 22.89157414864497, "0.4": 27.790651148337755, "0.8": 29.687832735472984}, "AP_width": {"0.1": 0.9000000000002046, "0.2": 1.0000000000002274, "0.4": 0.9000000000002046, "0.8": 1.0000000000002274}, "AP_amplitude": {"0.1": 75.61842518868353, "0.2": 78.38154431659193, "0.4": 82.8491878642895, "0.8": 100.33216335381742}, "voltage_base": {"0.1": -70.64363102888073, "0.2": -70.64363102888073, "0.4": -70.64363102888073, "0.8": -70.64363102888073}}}}