{"BBP": {"L6_SBC_bNAC219_3": {"mean_frequency": {"0.1": 62.35229044103392, "0.2": 114.24562810049353, "0.4": 178.69656622296662, "0.8": 276.24309392120625}, "ISI_CV": {"0.1": 0.03898495278462693, "0.2": 0.013122109700695108, "0.4": 0.017672587135476283, "0.8": 0.1}, "time_to_first_spike": {"0.1": 7.6000000000923364, "0.2": 3.4000000000913815, "0.4": 1.8000000000910177, "0.8": 1.1000000000908585}, "time_to_second_spike": {"0.1": 18.400000000094792, "0.2": 11.500000000093223, "0.4": 8.200000000092473, "0.8": 6.100000000091995}, "AP_height": {"0.1": 8.485870599482121, "0.2": 12.103073807771882, "0.4": 17.493042761115476, "0.8": 17.34448756446115}, "AP_width": {"0.1": 0.6000000000001364, "0.2": 0.6000000000001364, "0.4": 0.6000000000001364, "0.8": 0.7000000000001592}, "AP_amplitude": {"0.1": 64.65578493781787, "0.2": 67.70585896356874, "0.4": 86.04320402776695, "0.8": 85.89464882872498}, "voltage_base": {"0.1": -68.55007055676471, "0.2": -68.55007055676471, "0.4": -68.55007055676471, "0.8": -68.55007055676471}}}, "NetPyNE": {"L6_SBC_bNAC219_3": {"mean_frequency": {"0.1": 62.50937640650348, "0.2": 113.93866385592239, "0.4": 178.45506040415154, "0.8": 273.22404371443207}, "ISI_CV": {"0.1": 0.03827067645681237, "0.2": 0.013982414152977388, "0.4": 0.0182468707364963, "0.8": 0.1117995806485015}, "time_to_first_spike": {"0.1": 7.700000000092359, "0.2": 3.500000000091404, "0.4": 1.9000000000910404, "0.8": 1.1000000000908585}, "time_to_second_spike": {"0.1": 18.600000000094838, "0.2": 11.700000000093269, "0.4": 8.300000000092496, "0.8": 6.200000000092018}, "AP_height": {"0.1": 9.50078281415475, "0.2": 11.352003667720261, "0.4": 14.826017563761614, "0.8": 20.765695392414827}, "AP_width": {"0.1": 0.6000000000001364, "0.2": 0.6000000000001364, "0.4": 0.6000000000001364, "0.8": 0.6000000000001364}, "AP_amplitude": {"0.1": 65.265870691901, "0.2": 67.42521309175791, "0.4": 83.37617868801779, "0.8": 89.31585636420728}, "voltage_base": {"0.1": -68.55007026373296, "0.2": -68.55007026373296, "0.4": -68.55007026373296, "0.8": -68.55007026373296}}}}