{"BBP": {"L5_LBC_cSTUT189_2": {"mean_frequency": {"0.1": 17.25537961836328, "0.2": 50.11024253360792, "0.4": 74.91201608853753, "0.8": 108.21101147244467}, "ISI_CV": {"0.1": 0.37347721468985345, "0.2": 0.09384691779706499, "0.4": 0.0698529503203549, "0.8": 0.04443705301941641}, "time_to_first_spike": {"0.1": 7.100000000092223, "0.2": 3.200000000091336, "0.4": 1.700000000090995, "0.8": 1.0000000000908358}, "time_to_second_spike": {"0.1": 64.90000000010536, "0.2": 19.80000000009511, "0.4": 11.600000000093246, "0.8": 8.10000000009245}, "AP_height": {"0.1": 28.98677709168178, "0.2": 32.59051777604821, "0.4": 30.09444949188268, "0.8": 36.20659845006999}, "AP_width": {"0.1": 0.6000000000001364, "0.2": 0.7000000000001592, "0.4": 0.7000000000001592, "0.8": 0.7000000000001592}, "AP_amplitude": {"0.1": 83.70468768047846, "0.2": 88.19118784868525, "0.4": 102.74770386962484, "0.8": 109.16644726246818}, "voltage_base": {"0.1": -72.918072654664, "0.2": -72.918072654664, "0.4": -72.918072654664, "0.8": -72.918072654664}}}, "NetPyNE": {"L5_LBC_cSTUT189_2": {"mean_frequency": {"0.1": 14.175062015905919, "0.2": 50.50505050508485, "0.4": 74.87813457967795, "0.8": 107.92089147683267}, "ISI_CV": {"0.1": 0.22993197368103763, "0.2": 0.08087668025182161, "0.4": 0.06680352262971471, "0.8": 0.04270543436149836}, "time_to_first_spike": {"0.1": 7.2000000000922455, "0.2": 3.200000000091336, "0.4": 1.8000000000910177, "0.8": 1.0000000000908358}, "time_to_second_spike": {"0.1": 57.30000000010364, "0.2": 18.900000000094906, "0.4": 11.800000000093291, "0.8": 8.200000000092473}, "AP_height": {"0.1": 26.101737341638934, "0.2": 32.126952885022995, "0.4": 27.545787555966786, "0.8": 31.466582237830917}, "AP_width": {"0.1": 0.6000000000001364, "0.2": 0.7000000000001592, "0.4": 0.7000000000001592, "0.8": 0.8000000000001819}, "AP_amplitude": {"0.1": 81.02104658114354, "0.2": 87.86522978865077, "0.4": 100.6472578057665, "0.8": 104.56805241520571}, "voltage_base": {"0.1": -73.09943072820457, "0.2": -73.09943072820457, "0.4": -73.09943072820457, "0.8": -73.09943072820457}}}}