{"BBP": {"L5_SBC_bNAC219_4": {"mean_frequency": {"0.1": 37.49873315093245, "0.2": 92.33239662792302, "0.4": 134.7087986379803, "0.8": 202.80420630960205}, "ISI_CV": {"0.1": 0.09885832831225613, "0.2": 0.020237751940744248, "0.4": 0.01232310605121115, "0.8": 0.01547353463235627}, "time_to_first_spike": {"0.1": 8.200000000092473, "0.2": 3.900000000091495, "0.4": 2.2000000000911086, "0.8": 1.300000000090904}, "time_to_second_spike": {"0.1": 21.000000000095383, "0.2": 13.000000000093564, "0.4": 9.300000000092723, "0.8": 7.100000000092223}, "AP_height": {"0.1": 7.7800585884761855, "0.2": 12.4107761561756, "0.4": 15.422671530891488, "0.8": 22.35092284297966}, "AP_width": {"0.1": 0.6000000000001364, "0.2": 0.6000000000001364, "0.4": 0.6000000000001364, "0.8": 0.6000000000001364}, "AP_amplitude": {"0.1": 65.24765138368933, "0.2": 68.18635356385101, "0.4": 85.97905225593455, "0.8": 92.90730356609978}, "voltage_base": {"0.1": -70.55627432216873, "0.2": -70.55627432216873, "0.4": -70.55627432216873, "0.8": -70.55627432216873}}}, "NetPyNE": {"L5_SBC_bNAC219_4": {"mean_frequency": {"0.1": 37.40396279824613, "0.2": 91.8167678491417, "0.4": 133.74073332006685, "0.8": 200.8112574491825}, "ISI_CV": {"0.1": 0.09904980771053416, "0.2": 0.019854965057679006, "0.4": 0.012144357383893516, "0.8": 0.014469081799865757}, "time_to_first_spike": {"0.1": 8.200000000092473, "0.2": 3.900000000091495, "0.4": 2.2000000000911086, "0.8": 1.300000000090904}, "time_to_second_spike": {"0.1": 21.20000000009543, "0.2": 13.100000000093587, "0.4": 9.400000000092746, "0.8": 7.100000000092223}, "AP_height": {"0.1": 7.288355226824489, "0.2": 14.265492222873545, "0.4": 18.743675901577188, "0.8": 18.174330311531943}, "AP_width": {"0.1": 0.6000000000001364, "0.2": 0.6000000000001364, "0.4": 0.6000000000001364, "0.8": 0.6000000000001364}, "AP_amplitude": {"0.1": 64.26766241255612, "0.2": 70.59555475616014, "0.4": 89.30005637327419, "0.8": 88.7307107361899}, "voltage_base": {"0.1": -70.55627402306833, "0.2": -70.55627402306833, "0.4": -70.55627402306833, "0.8": -70.55627402306833}}}}