{"BBP": {"L4_NGC_cACint209_2": {"mean_frequency": {"0.1": 23.384677952331405, "0.2": 36.315948754185825, "0.4": 61.217321491335674, "0.8": 111.03886360233629}, "ISI_CV": {"0.1": 0.24309197934339613, "0.2": 0.23296347671401266, "0.4": 0.19096112697938247, "0.8": 0.13718267272275633}, "time_to_first_spike": {"0.1": 20.600000000095292, "0.2": 7.700000000092359, "0.4": 3.8000000000914724, "0.8": 2.000000000091063}, "time_to_second_spike": {"0.1": 38.600000000099385, "0.2": 19.600000000095065, "0.4": 12.50000000009345, "0.8": 8.600000000092564}, "AP_height": {"0.1": 16.47373752576725, "0.2": 26.760788514539055, "0.4": 27.84896167490688, "0.8": 33.62767976086562}, "AP_width": {"0.1": 0.8000000000001819, "0.2": 0.9000000000002046, "0.4": 0.9000000000002046, "0.8": 0.9000000000002046}, "AP_amplitude": {"0.1": 66.91018350406203, "0.2": 80.68237929680211, "0.4": 82.07223433254342, "0.8": 105.00362169586538}, "voltage_base": {"0.1": -71.37533262155922, "0.2": -71.37533262155922, "0.4": -71.37533262155922, "0.8": -71.37533262155922}}}, "NetPyNE": {"L4_NGC_cACint209_2": {"mean_frequency": {"0.1": 23.38230061507198, "0.2": 36.361799909120144, "0.4": 61.44547972806989, "0.8": 111.55218330744722}, "ISI_CV": {"0.1": 0.24312833042780768, "0.2": 0.23269928470112944, "0.4": 0.18973669481288877, "0.8": 0.13436326416359332}, "time_to_first_spike": {"0.1": 20.700000000095315, "0.2": 7.800000000092382, "0.4": 3.900000000091495, "0.8": 2.100000000091086}, "time_to_second_spike": {"0.1": 38.80000000009943, "0.2": 19.700000000095088, "0.4": 12.600000000093473, "0.8": 8.700000000092587}, "AP_height": {"0.1": 16.050406690185657, "0.2": 25.395932526889258, "0.4": 27.046123380387915, "0.8": 32.32228420963078}, "AP_width": {"0.1": 0.8000000000001819, "0.2": 0.9000000000002046, "0.4": 0.9000000000002046, "0.8": 0.9000000000002046}, "AP_amplitude": {"0.1": 65.656026903952, "0.2": 78.79478887513442, "0.4": 81.54782041233192, "0.8": 103.69822505008511}, "voltage_base": {"0.1": -71.37533151229725, "0.2": -71.37533151229725, "0.4": -71.37533151229725, "0.8": -71.37533151229725}}}}