{"BBP": {"L5_DBC_bAC217_4": {"mean_frequency": {"0.1": 8.639308855297294, "0.2": 13.098896669866308, "0.4": 20.180616517848303, "0.8": 87.56567425560239}, "ISI_CV": {"0.1": 0.31830241029342277, "0.2": 0.3315907459654162, "0.4": 0.3571579379906153, "0.8": 0.29575947083355025}, "time_to_first_spike": {"0.1": 16.10000000009427, "0.2": 5.90000000009195, "0.4": 2.500000000091177, "0.8": 1.300000000090904}, "time_to_second_spike": {"0.1": 55.50000000010323, "0.2": 27.50000000009686, "0.4": 15.40000000009411, "0.8": 9.700000000092814}, "AP_height": {"0.1": 13.853592558482825, "0.2": 16.792268461283445, "0.4": 22.768181408979096, "0.8": 24.53902472537085}, "AP_width": {"0.1": 0.6000000000001364, "0.2": 0.5000000000001137, "0.4": 0.6000000000001364, "0.8": 0.6000000000001364}, "AP_amplitude": {"0.1": 69.44043270791082, "0.2": 73.39523933923137, "0.4": 90.83563112550769, "0.8": 92.60647443985258}, "voltage_base": {"0.1": -68.06526291347353, "0.2": -68.06526291347353, "0.4": -68.06526291347353, "0.8": -68.06526291347353}}}, "NetPyNE": {"L5_DBC_bAC217_4": {"mean_frequency": {"0.1": 8.506113769277325, "0.2": 13.012023109361769, "0.4": 21.286300745034936, "0.8": 86.65511265155871}, "ISI_CV": {"0.1": 0.31617072998134704, "0.2": 0.33781323620515535, "0.4": 0.36435506662546663, "0.8": 0.29656498525228475}, "time_to_first_spike": {"0.1": 16.300000000094315, "0.2": 6.000000000091973, "0.4": 2.6000000000911996, "0.8": 1.4000000000909267}, "time_to_second_spike": {"0.1": 55.90000000010332, "0.2": 27.80000000009693, "0.4": 15.700000000094178, "0.8": 9.90000000009286}, "AP_height": {"0.1": 13.751877801506353, "0.2": 17.87165740060337, "0.4": 22.31467463737471, "0.8": 25.87146640687512}, "AP_width": {"0.1": 0.5000000000001137, "0.2": 0.6000000000001364, "0.4": 0.6000000000001364, "0.8": 0.6000000000001364}, "AP_amplitude": {"0.1": 69.5900596012346, "0.2": 74.13979271208458, "0.4": 90.38212100658583, "0.8": 93.93891286316747}, "voltage_base": {"0.1": -68.06525964478986, "0.2": -68.06525964478986, "0.4": -68.06525964478986, "0.8": -68.06525964478986}}}}