{"BBP": {"L5_NBC_bIR215_4": {"mean_frequency": {"0.1": 0, "0.2": 9.519779987313308, "0.4": 14.741015605154075, "0.8": 20.50861361773327}, "ISI_CV": {"0.1": 0, "0.2": 0.33611946195698256, "0.4": 0.2940982724752323, "0.8": 0.3246374074918683}, "time_to_first_spike": {"0.1": 0, "0.2": 7.300000000092268, "0.4": 3.200000000091336, "0.8": 1.6000000000909722}, "time_to_second_spike": {"0.1": 0, "0.2": 39.700000000099635, "0.4": 18.70000000009486, "0.8": 11.4000000000932}, "AP_height": {"0.1": 0, "0.2": 21.885267526717044, "0.4": 25.335805176439845, "0.8": 29.141198461020895}, "AP_width": {"0.1": 0, "0.2": 0.6000000000001364, "0.4": 0.6000000000001364, "0.8": 0.6000000000001364}, "AP_amplitude": {"0.1": 0, "0.2": 74.97333824316641, "0.4": 79.78946731002277, "0.8": 101.85558667713387}, "voltage_base": {"0.1": -72.63117313755534, "0.2": -72.63117313755534, "0.4": -72.63117313755534, "0.8": -72.63117313755534}}}, "NetPyNE": {"L5_NBC_bIR215_4": {"mean_frequency": {"0.1": 0, "0.2": 3.9436619718335533, "0.4": 13.1266723885584, "0.8": 19.230769230782254}, "ISI_CV": {"0.1": 0, "0.2": 0.041491543939231455, "0.4": 0.26545316240941236, "0.8": 0.2820923862040339}, "time_to_first_spike": {"0.1": 0, "0.2": 9.90000000009286, "0.4": 3.8000000000914724, "0.8": 1.9000000000910404}, "time_to_second_spike": {"0.1": 0, "0.2": 397.70000000009713, "0.4": 21.20000000009543, "0.8": 12.50000000009345}, "AP_height": {"0.1": 0, "0.2": 16.412121418929797, "0.4": 23.75254760890364, "0.8": 26.12267109044959}, "AP_width": {"0.1": 0, "0.2": 0.6000000000001364, "0.4": 0.6000000000001364, "0.8": 0.7000000000001592}, "AP_amplitude": {"0.1": 0, "0.2": 68.60016492010794, "0.4": 78.73425938741019, "0.8": 101.351461168754}, "voltage_base": {"0.1": -75.2276330828649, "0.2": -75.2276330828649, "0.4": -75.2276330828649, "0.8": -75.2276330828649}}}}