{"BBP": {"L23_DBC_bNAC219_1": {"mean_frequency": {"0.1": 73.78036538852632, "0.2": 123.80331812950119, "0.4": 175.42980301751183, "0.8": 265.7391652489045}, "ISI_CV": {"0.1": 0.03227264569018972, "0.2": 0.01806540336836579, "0.4": 0.011807892007703009, "0.8": 0.016024415277289553}, "time_to_first_spike": {"0.1": 4.400000000091609, "0.2": 1.9000000000910404, "0.4": 1.0000000000908358, "0.8": 0.6000000000907448}, "time_to_second_spike": {"0.1": 14.200000000093837, "0.2": 9.2000000000927, "0.4": 6.900000000092177, "0.8": 5.3000000000918135}, "AP_height": {"0.1": 21.88247955919536, "0.2": 24.97359754786059, "0.4": 26.01147569410498, "0.8": 28.512460892344706}, "AP_width": {"0.1": 0.6000000000001364, "0.2": 0.6000000000001364, "0.4": 0.6000000000001364, "0.8": 0.7000000000001592}, "AP_amplitude": {"0.1": 78.88925026206587, "0.2": 95.47065096612569, "0.4": 96.50852910999001, "0.8": 99.00951430346984}, "voltage_base": {"0.1": -70.49693875777923, "0.2": -70.49693875777923, "0.4": -70.49693875777923, "0.8": -70.49693875777923}}}, "NetPyNE": {"L23_DBC_bNAC219_1": {"mean_frequency": {"0.1": 73.38527268162811, "0.2": 122.82548754206972, "0.4": 173.59547751275, "0.8": 261.7748636069651}, "ISI_CV": {"0.1": 0.03248725697817775, "0.2": 0.017891514356850637, "0.4": 0.01052371908169723, "0.8": 0.01761702508204037}, "time_to_first_spike": {"0.1": 4.500000000091632, "0.2": 2.000000000091063, "0.4": 1.1000000000908585, "0.8": 0.7000000000907676}, "time_to_second_spike": {"0.1": 14.400000000093883, "0.2": 9.400000000092746, "0.4": 7.0000000000922, "0.8": 5.400000000091836}, "AP_height": {"0.1": 22.013379201931528, "0.2": 21.258540261390536, "0.4": 25.750867863941078, "0.8": 25.685744175146553}, "AP_width": {"0.1": 0.6000000000001364, "0.2": 0.5000000000001137, "0.4": 0.6000000000001364, "0.8": 0.6000000000001364}, "AP_amplitude": {"0.1": 78.33351069604458, "0.2": 91.75559351230224, "0.4": 96.2479211128973, "0.8": 96.18279719627797}, "voltage_base": {"0.1": -70.49693836686104, "0.2": -70.49693836686104, "0.4": -70.49693836686104, "0.8": -70.49693836686104}}}}