{"BBP": {"L5_UTPC_cADpyr232_1": {"mean_frequency": {"0.1": 4.71945464080022, "0.2": 9.440889541598677, "0.4": 18.369221349129663, "0.8": 39.72244569592399}, "ISI_CV": {"0.1": 0.014116810834110326, "0.2": 0.0720927867984931, "0.4": 0.10931896255964457, "0.8": 0.11782088374155156}, "time_to_first_spike": {"0.1": 89.60000000011098, "0.2": 18.400000000094792, "0.4": 6.8000000000921546, "0.8": 2.400000000091154}, "time_to_second_spike": {"0.1": 238.8000000001449, "0.2": 54.10000000010291, "0.4": 25.900000000096497, "0.8": 13.700000000093723}, "AP_height": {"0.1": 28.47111741041287, "0.2": 33.986721816207464, "0.4": 36.71487519879355, "0.8": 40.50271950556084}, "AP_width": {"0.1": 0.9000000000002046, "0.2": 0.9000000000002046, "0.4": 0.9000000000002046, "0.8": 1.0000000000002274}, "AP_amplitude": {"0.1": 79.73844478793588, "0.2": 84.45708901639115, "0.4": 89.41122548728268, "0.8": 113.02481188551053}, "voltage_base": {"0.1": -72.52177520904993, "0.2": -72.52177520904993, "0.4": -72.52177520904993, "0.8": -72.52177520904993}}}, "NetPyNE": {"L5_UTPC_cADpyr232_1": {"mean_frequency": {"0.1": 4.697776385847181, "0.2": 9.376953531992116, "0.4": 18.270401948855238, "0.8": 39.541518594551135}, "ISI_CV": {"0.1": 0.016404334664771796, "0.2": 0.07110723467449698, "0.4": 0.10890142594464347, "0.8": 0.11782774268756634}, "time_to_first_spike": {"0.1": 89.60000000011098, "0.2": 18.600000000094838, "0.4": 6.900000000092177, "0.8": 2.500000000091177}, "time_to_second_spike": {"0.1": 240.70000000014534, "0.2": 54.300000000102955, "0.4": 26.100000000096543, "0.8": 13.700000000093723}, "AP_height": {"0.1": 27.947926311256133, "0.2": 33.36624205702982, "0.4": 36.855905373142974, "0.8": 40.36075180749517}, "AP_width": {"0.1": 0.9000000000002046, "0.2": 0.8000000000001819, "0.4": 0.9000000000002046, "0.8": 1.0000000000002274}, "AP_amplitude": {"0.1": 78.53283655242407, "0.2": 83.94586219931594, "0.4": 89.0211037087987, "0.8": 112.88284345924282}, "voltage_base": {"0.1": -72.52177446630135, "0.2": -72.52177446630135, "0.4": -72.52177446630135, "0.8": -72.52177446630135}}}}