{"BBP": {"L23_MC_dNAC222_4": {"mean_frequency": {"0.1": 26.224217055845106, "0.2": 64.7005717725387, "0.4": 105.29482551150355, "0.8": 162.316517208667}, "ISI_CV": {"0.1": 0.07695112743885232, "0.2": 0.012215182335968975, "0.4": 0.01649026612084134, "0.8": 0.044774454086613534}, "time_to_first_spike": {"0.1": 21.20000000009543, "0.2": 4.400000000091609, "0.4": 1.700000000090995, "0.8": 0.900000000090813}, "time_to_second_spike": {"0.1": 68.20000000010612, "0.2": 18.0000000000947, "0.4": 9.800000000092837, "0.8": 6.900000000092177}, "AP_height": {"0.1": 19.291475583754583, "0.2": 24.286031137525143, "0.4": 30.0186237935422, "0.8": 32.05353196710627}, "AP_width": {"0.1": 0.6000000000001364, "0.2": 0.6000000000001364, "0.4": 0.7000000000001592, "0.8": 0.8000000000001819}, "AP_amplitude": {"0.1": 74.30598155625725, "0.2": 80.63034549515937, "0.4": 103.04632836135482, "0.8": 105.0812365318063}, "voltage_base": {"0.1": -73.0237477212838, "0.2": -73.0237477212838, "0.4": -73.0237477212838, "0.8": -73.0237477212838}}}, "NetPyNE": {"L23_MC_dNAC222_4": {"mean_frequency": {"0.1": 26.108349651069595, "0.2": 64.37984106231107, "0.4": 104.75140336815458, "0.8": 161.35498095821748}, "ISI_CV": {"0.1": 0.07750917361609419, "0.2": 0.012593796303545571, "0.4": 0.017007855059089656, "0.8": 0.045722344697444635}, "time_to_first_spike": {"0.1": 21.400000000095474, "0.2": 4.500000000091632, "0.4": 1.8000000000910177, "0.8": 1.0000000000908358}, "time_to_second_spike": {"0.1": 68.6000000001062, "0.2": 18.200000000094747, "0.4": 10.000000000092882, "0.8": 7.0000000000922}, "AP_height": {"0.1": 17.478790329076922, "0.2": 22.490694520317646, "0.4": 26.588271068409853, "0.8": 28.707125109494253}, "AP_width": {"0.1": 0.6000000000001364, "0.2": 0.6000000000001364, "0.4": 0.7000000000001592, "0.8": 0.7000000000001592}, "AP_amplitude": {"0.1": 73.09456085188569, "0.2": 77.7914235494884, "0.4": 99.61596852490267, "0.8": 101.73482255449056}, "voltage_base": {"0.1": -73.02374057847986, "0.2": -73.02374057847986, "0.4": -73.02374057847986, "0.8": -73.02374057847986}}}}