{"BBP": {"L5_ChC_cNAC187_1": {"mean_frequency": {"0.1": 39.62084357292425, "0.2": 66.98227236104464, "0.4": 109.87908283585809, "0.8": 203.0008826123246}, "ISI_CV": {"0.1": 0.01272963317973195, "0.2": 0.02589772002697417, "0.4": 0.04862404519188867, "0.8": 0.12680000860552187}, "time_to_first_spike": {"0.1": 12.800000000093519, "0.2": 5.500000000091859, "0.4": 2.6000000000911996, "0.8": 1.4000000000909267}, "time_to_second_spike": {"0.1": 37.00000000009902, "0.2": 18.800000000094883, "0.4": 11.00000000009311, "0.8": 7.6000000000923364}, "AP_height": {"0.1": 9.355011540109079, "0.2": 13.435218288938504, "0.4": 15.917442416938831, "0.8": 20.84454612523808}, "AP_width": {"0.1": 0.7000000000001592, "0.2": 0.8000000000001819, "0.4": 0.8000000000001819, "0.8": 0.8000000000001819}, "AP_amplitude": {"0.1": 64.14259708325208, "0.2": 69.36152617930375, "0.4": 70.68326483662601, "0.8": 88.47935417068847}, "voltage_base": {"0.1": -67.6326420831855, "0.2": -67.6326420831855, "0.4": -67.6326420831855, "0.8": -67.6326420831855}}}, "NetPyNE": {"L5_ChC_cNAC187_1": {"mean_frequency": {"0.1": 39.55735816937244, "0.2": 66.9182389937561, "0.4": 110.14870074608199, "0.8": 202.70270270247934}, "ISI_CV": {"0.1": 0.013286239844084485, "0.2": 0.02702346432875188, "0.4": 0.05136933009583743, "0.8": 0.12588886845758393}, "time_to_first_spike": {"0.1": 12.900000000093542, "0.2": 5.600000000091882, "0.4": 2.6000000000911996, "0.8": 1.5000000000909495}, "time_to_second_spike": {"0.1": 37.20000000009907, "0.2": 19.00000000009493, "0.4": 11.100000000093132, "0.8": 7.700000000092359}, "AP_height": {"0.1": 9.369011745838229, "0.2": 13.002182955034227, "0.4": 15.52145425679647, "0.8": 19.280073232675356}, "AP_width": {"0.1": 0.8000000000001819, "0.2": 0.8000000000001819, "0.4": 0.8000000000001819, "0.8": 0.8000000000001819}, "AP_amplitude": {"0.1": 63.518771397832566, "0.2": 68.35353124213214, "0.4": 70.64590318455299, "0.8": 86.91487794277936}, "voltage_base": {"0.1": -67.63263874489269, "0.2": -67.63263874489269, "0.4": -67.63263874489269, "0.8": -67.63263874489269}}}}