{"BBP": {"L6_DBC_bNAC219_3": {"mean_frequency": {"0.1": 17.890916526107254, "0.2": 54.36424041078892, "0.4": 97.55365451004683, "0.8": 147.442326981043}, "ISI_CV": {"0.1": 0.19188557874325435, "0.2": 0.04278856075418188, "0.4": 0.019172999819410896, "0.8": 0.013075077439952407}, "time_to_first_spike": {"0.1": 17.20000000009452, "0.2": 7.500000000092314, "0.4": 3.7000000000914497, "0.8": 2.000000000091063}, "time_to_second_spike": {"0.1": 40.400000000099794, "0.2": 20.700000000095315, "0.4": 12.700000000093496, "0.8": 8.80000000009261}, "AP_height": {"0.1": 5.026052628037984, "0.2": 8.879441295922385, "0.4": 13.278783936491866, "0.8": 16.411731807124177}, "AP_width": {"0.1": 0.7000000000001592, "0.2": 0.6000000000001364, "0.4": 0.7000000000001592, "0.8": 0.7000000000001592}, "AP_amplitude": {"0.1": 59.27513952016058, "0.2": 63.11253658321938, "0.4": 68.48987102352702, "0.8": 86.78195106596255}, "voltage_base": {"0.1": -70.37010320404787, "0.2": -70.37010320404787, "0.4": -70.37010320404787, "0.8": -70.37010320404787}}}, "NetPyNE": {"L6_DBC_bNAC219_3": {"mean_frequency": {"0.1": 17.843487127210626, "0.2": 54.2059827344275, "0.4": 97.07766212976976, "0.8": 146.5732866434213}, "ISI_CV": {"0.1": 0.19173773630773341, "0.2": 0.04245026509927093, "0.4": 0.01875670430066585, "0.8": 0.01229768558594071}, "time_to_first_spike": {"0.1": 17.300000000094542, "0.2": 7.6000000000923364, "0.4": 3.8000000000914724, "0.8": 2.100000000091086}, "time_to_second_spike": {"0.1": 40.60000000009984, "0.2": 20.800000000095338, "0.4": 12.800000000093519, "0.8": 8.900000000092632}, "AP_height": {"0.1": 4.495543845298625, "0.2": 8.852771967341418, "0.4": 12.914665831810353, "0.8": 15.915779561823886}, "AP_width": {"0.1": 0.7000000000001592, "0.2": 0.6000000000001364, "0.4": 0.7000000000001592, "0.8": 0.7000000000001592}, "AP_amplitude": {"0.1": 58.109650100810484, "0.2": 63.957029137187995, "0.4": 68.280499891712, "0.8": 86.28599873907915}, "voltage_base": {"0.1": -70.3701031217712, "0.2": -70.3701031217712, "0.4": -70.3701031217712, "0.8": -70.3701031217712}}}}