{"BBP": {"L23_BTC_bIR215_2": {"mean_frequency": {"0.1": 0.5848979353106634, "0.2": 8.825667116608562, "0.4": 13.926139880347723, "0.8": 19.555733841461414}, "ISI_CV": {"0.1": 0, "0.2": 0.28298927809358104, "0.4": 0.2961087516353781, "0.8": 0.296468916273048}, "time_to_first_spike": {"0.1": 1709.6999999989039, "0.2": 6.700000000092132, "0.4": 3.1000000000913133, "0.8": 1.6000000000909722}, "time_to_second_spike": {"0.1": 0, "0.2": 33.00000000009811, "0.4": 18.800000000094883, "0.8": 11.900000000093314}, "AP_height": {"0.1": 17.954109888222213, "0.2": 21.14503537110392, "0.4": 24.423042028659037, "0.8": 29.60903435576644}, "AP_width": {"0.1": 0.5999999999994543, "0.2": 0.5000000000001137, "0.4": 0.6000000000001364, "0.8": 0.7000000000001592}, "AP_amplitude": {"0.1": 71.81147525413036, "0.2": 75.61801704059836, "0.4": 79.22531600910757, "0.8": 104.01370909796512}, "voltage_base": {"0.1": -74.47158717671886, "0.2": -74.47158717671886, "0.4": -74.47158717671886, "0.8": -74.47158717671886}}}, "NetPyNE": {"L23_BTC_bIR215_2": {"mean_frequency": {"0.1": 0, "0.2": 7.054099517070154, "0.4": 13.023442195961566, "0.8": 18.875624936243746}, "ISI_CV": {"0.1": 0, "0.2": 0.22471906230613237, "0.4": 0.26785407473942074, "0.8": 0.28133748763091043}, "time_to_first_spike": {"0.1": 0, "0.2": 7.800000000092382, "0.4": 3.500000000091404, "0.8": 1.8000000000910177}, "time_to_second_spike": {"0.1": 0, "0.2": 39.20000000009952, "0.4": 20.300000000095224, "0.8": 12.600000000093473}, "AP_height": {"0.1": 0, "0.2": 22.61337533160356, "0.4": 26.85108729543871, "0.8": 30.641456919777735}, "AP_width": {"0.1": 0, "0.2": 0.5000000000001137, "0.4": 0.6000000000001364, "0.8": 0.6000000000001364}, "AP_amplitude": {"0.1": 0, "0.2": 78.15641287903576, "0.4": 82.43054892008846, "0.8": 106.72566560448367}, "voltage_base": {"0.1": -76.08268749033653, "0.2": -76.08268749033653, "0.4": -76.08268749033653, "0.8": -76.08268749033653}}}}