{"BBP": {"L23_NGC_cSTUT189_3": {"mean_frequency": {"0.1": 0, "0.2": 8.958566629345151, "0.4": 72.53989694336815, "0.8": 135.62727615224915}, "ISI_CV": {"0.1": 0, "0.2": 0.5875131790417989, "0.4": 0.037335689196371445, "0.8": 0.11951708166527264}, "time_to_first_spike": {"0.1": 0, "0.2": 17.800000000094656, "0.4": 5.000000000091745, "0.8": 2.500000000091177}, "time_to_second_spike": {"0.1": 0, "0.2": 188.2000000001334, "0.4": 17.700000000094633, "0.8": 10.100000000092905}, "AP_height": {"0.1": 0, "0.2": 2.0979910446572116, "0.4": 12.990992682037742, "0.8": 17.604055155268675}, "AP_width": {"0.1": 0, "0.2": 0.7000000000001592, "0.4": 0.8000000000001819, "0.8": 0.8000000000001819}, "AP_amplitude": {"0.1": 0, "0.2": 56.48770133729305, "0.4": 69.08524044488404, "0.8": 93.56335193753551}, "voltage_base": {"0.1": -75.95215159158857, "0.2": -75.95215159158857, "0.4": -75.95215159158857, "0.8": -75.95215159158857}}}, "NetPyNE": {"L23_NGC_cSTUT189_3": {"mean_frequency": {"0.1": 0, "0.2": 59.171597632805394, "0.4": 71.63969740999809, "0.8": 133.87054847937645}, "ISI_CV": {"0.1": 0, "0.2": 0, "0.4": 0.025158201889483627, "0.8": 0.11891232643437068}, "time_to_first_spike": {"0.1": 0, "0.2": 16.90000000009445, "0.4": 5.3000000000918135, "0.8": 2.6000000000911996}, "time_to_second_spike": {"0.1": 0, "0.2": 0, "0.4": 18.400000000094792, "0.8": 10.30000000009295}, "AP_height": {"0.1": 0, "0.2": 2.2109467577979167, "0.4": 12.513503237334907, "0.8": 17.499802936244684}, "AP_width": {"0.1": 0, "0.2": 0.8000000000001819, "0.4": 0.8000000000001819, "0.8": 0.8000000000001819}, "AP_amplitude": {"0.1": 0, "0.2": 57.52766253660026, "0.4": 67.9129377606822, "0.8": 93.80911474533096}, "voltage_base": {"0.1": -76.30883741272203, "0.2": -76.30883741272203, "0.4": -76.30883741272203, "0.8": -76.30883741272203}}}}