{"BBP": {"L5_NBC_bAC217_4": {"mean_frequency": {"0.1": 6.198667286537564, "0.2": 9.788768675946827, "0.4": 13.615047148413247, "0.8": 18.572432486710735}, "ISI_CV": {"0.1": 0.25833993081933015, "0.2": 0.29161885741619054, "0.4": 0.29446795911549395, "0.8": 0.2959674163818696}, "time_to_first_spike": {"0.1": 16.000000000094246, "0.2": 6.100000000091995, "0.4": 2.7000000000912223, "0.8": 1.300000000090904}, "time_to_second_spike": {"0.1": 60.40000000010434, "0.2": 31.90000000009786, "0.4": 19.700000000095088, "0.8": 12.600000000093473}, "AP_height": {"0.1": 26.809541074820583, "0.2": 29.095889527499665, "0.4": 31.748126008490985, "0.8": 34.92757642982243}, "AP_width": {"0.1": 0.6000000000001364, "0.2": 0.6000000000001364, "0.4": 0.7000000000001592, "0.8": 0.6000000000001364}, "AP_amplitude": {"0.1": 80.90444833843506, "0.2": 84.21456157949441, "0.4": 86.45887833494744, "0.8": 106.30851367920042}, "voltage_base": {"0.1": -71.37813425720576, "0.2": -71.37813425720576, "0.4": -71.37813425720576, "0.8": -71.37813425720576}}}, "NetPyNE": {"L5_NBC_bAC217_4": {"mean_frequency": {"0.1": 6.160796796389818, "0.2": 9.731113956472633, "0.4": 13.539942831361689, "0.8": 18.558614290145492}, "ISI_CV": {"0.1": 0.25689651022696997, "0.2": 0.29007399592370586, "0.4": 0.29352065166923325, "0.8": 0.2996817154759718}, "time_to_first_spike": {"0.1": 16.10000000009427, "0.2": 6.200000000092018, "0.4": 2.7000000000912223, "0.8": 1.4000000000909267}, "time_to_second_spike": {"0.1": 60.70000000010441, "0.2": 32.10000000009791, "0.4": 19.900000000095133, "0.8": 12.700000000093496}, "AP_height": {"0.1": 24.287401148901225, "0.2": 27.76562955615024, "0.4": 30.127707351132738, "0.8": 33.320101488502885}, "AP_width": {"0.1": 0.5000000000001137, "0.2": 0.6000000000001364, "0.4": 0.6000000000001364, "0.8": 0.7000000000001592}, "AP_amplitude": {"0.1": 77.97081576085549, "0.2": 82.19549205155046, "0.4": 84.93039140857269, "0.8": 104.70103398601329}, "voltage_base": {"0.1": -71.37812948882319, "0.2": -71.37812948882319, "0.4": -71.37812948882319, "0.8": -71.37812948882319}}}}