{"BBP": {"L4_BTC_bAC217_2": {"mean_frequency": {"0.1": 9.749756256100042, "0.2": 15.897435897446615, "0.4": 29.975105420941883, "0.8": 66.14303431165924}, "ISI_CV": {"0.1": 0.2886112593886733, "0.2": 0.3036665976296712, "0.4": 0.23695960913253716, "0.8": 0.6380031144713086}, "time_to_first_spike": {"0.1": 4.700000000091677, "0.2": 2.400000000091154, "0.4": 1.4000000000909267, "0.8": 0.8000000000907903}, "time_to_second_spike": {"0.1": 28.100000000096998, "0.2": 17.700000000094633, "0.4": 11.800000000093291, "0.8": 8.300000000092496}, "AP_height": {"0.1": 20.255613870262376, "0.2": 28.432373898466864, "0.4": 28.940780089743633, "0.8": 34.755296618722234}, "AP_width": {"0.1": 0.5000000000001137, "0.2": 0.5000000000001137, "0.4": 0.5000000000001137, "0.8": 0.6000000000001364}, "AP_amplitude": {"0.1": 78.14105274780013, "0.2": 100.43269938637617, "0.4": 100.94110557580106, "0.8": 106.75562210107603}, "voltage_base": {"0.1": -71.99724941195235, "0.2": -71.99724941195235, "0.4": -71.99724941195235, "0.8": -71.99724941195235}}}, "NetPyNE": {"L4_BTC_bAC217_2": {"mean_frequency": {"0.1": 9.512736497205372, "0.2": 15.519399249071876, "0.4": 30.061626334005098, "0.8": 72.27671657196834}, "ISI_CV": {"0.1": 0.28887754676729843, "0.2": 0.29456205577886696, "0.4": 0.2272594257750754, "0.8": 0.5097932635492243}, "time_to_first_spike": {"0.1": 4.700000000091677, "0.2": 2.400000000091154, "0.4": 1.4000000000909267, "0.8": 0.8000000000907903}, "time_to_second_spike": {"0.1": 28.300000000097043, "0.2": 17.90000000009468, "0.4": 11.900000000093314, "0.8": 8.500000000092541}, "AP_height": {"0.1": 24.51536007833638, "0.2": 26.932771707971384, "0.4": 32.516785826840064, "0.8": 34.44421308099668}, "AP_width": {"0.1": 0.5000000000001137, "0.2": 0.6000000000001364, "0.4": 0.6000000000001364, "0.8": 0.6000000000001364}, "AP_amplitude": {"0.1": 81.61231304811034, "0.2": 98.93308604560514, "0.4": 104.51727999843169, "0.8": 106.44479151100532}, "voltage_base": {"0.1": -71.99750228976056, "0.2": -71.99750228976056, "0.4": -71.99750228976056, "0.8": -71.99750228976056}}}}