{"BBP": {"L1_HAC_cNAC187_5": {"mean_frequency": {"0.1": 43.53264948714494, "0.2": 65.5852608391354, "0.4": 96.50180940899193, "0.8": 143.11449159337192}, "ISI_CV": {"0.1": 0.05037046925758532, "0.2": 0.04362343279812935, "0.4": 0.026332654202310894, "0.8": 0.019900456715958255}, "time_to_first_spike": {"0.1": 6.000000000091973, "0.2": 3.1000000000913133, "0.4": 1.8000000000910177, "0.8": 1.1000000000908585}, "time_to_second_spike": {"0.1": 26.100000000096543, "0.2": 15.700000000094178, "0.4": 10.30000000009295, "0.8": 7.400000000092291}, "AP_height": {"0.1": 20.440320931421116, "0.2": 19.0850028871581, "0.4": 25.4665056735592, "0.8": 27.285912967810585}, "AP_width": {"0.1": 0.7000000000001592, "0.2": 0.8000000000001819, "0.4": 0.8000000000001819, "0.8": 0.8000000000001819}, "AP_amplitude": {"0.1": 76.4962958982552, "0.2": 74.50873692667223, "0.4": 94.49962526759165, "0.8": 96.31903255983845}, "voltage_base": {"0.1": -69.03000694509748, "0.2": -69.03000694509748, "0.4": -69.03000694509748, "0.8": -69.03000694509748}}}, "NetPyNE": {"L1_HAC_cNAC187_5": {"mean_frequency": {"0.1": 43.40365398206233, "0.2": 65.36604987936859, "0.4": 96.08166941907147, "0.8": 142.39157683639658}, "ISI_CV": {"0.1": 0.04963234518575981, "0.2": 0.042613133294274415, "0.4": 0.025090641567606067, "0.8": 0.020739552076702077}, "time_to_first_spike": {"0.1": 6.100000000091995, "0.2": 3.200000000091336, "0.4": 1.9000000000910404, "0.8": 1.2000000000908813}, "time_to_second_spike": {"0.1": 26.200000000096566, "0.2": 15.900000000094224, "0.4": 10.400000000092973, "0.8": 7.500000000092314}, "AP_height": {"0.1": 20.0698272196522, "0.2": 22.574681884683095, "0.4": 23.649498507598896, "0.8": 24.982705610557897}, "AP_width": {"0.1": 0.7000000000001592, "0.2": 0.7000000000001592, "0.4": 0.7000000000001592, "0.8": 0.8000000000001819}, "AP_amplitude": {"0.1": 75.29305501036161, "0.2": 78.12771182681311, "0.4": 92.68261272604543, "0.8": 94.01581983744315}, "voltage_base": {"0.1": -69.03000157330526, "0.2": -69.03000157330526, "0.4": -69.03000157330526, "0.8": -69.03000157330526}}}}