{"BBP": {"L1_SLAC_bNAC219_2": {"mean_frequency": {"0.1": 20.544427324102184, "0.2": 76.00543615045173, "0.4": 120.69310897444102, "0.8": 164.30396233042273}, "ISI_CV": {"0.1": 0.18986392139886285, "0.2": 0.07722208713843004, "0.4": 0.029103332158082345, "0.8": 0.014044460505977022}, "time_to_first_spike": {"0.1": 6.000000000091973, "0.2": 3.1000000000913133, "0.4": 1.700000000090995, "0.8": 1.0000000000908358}, "time_to_second_spike": {"0.1": 19.10000000009495, "0.2": 12.400000000093428, "0.4": 8.900000000092632, "0.8": 6.8000000000921546}, "AP_height": {"0.1": 21.818646544194845, "0.2": 24.138419445334414, "0.4": 29.440752603942798, "0.8": 30.87481444421678}, "AP_width": {"0.1": 0.6000000000001364, "0.2": 0.6000000000001364, "0.4": 0.7000000000001592, "0.8": 0.7000000000001592}, "AP_amplitude": {"0.1": 76.00368539423232, "0.2": 78.99518861711208, "0.4": 99.49193276824187, "0.8": 102.88949988369228}, "voltage_base": {"0.1": -72.01451047824698, "0.2": -72.01451047824698, "0.4": -72.01451047824698, "0.8": -72.01451047824698}}}, "NetPyNE": {"L1_SLAC_bNAC219_2": {"mean_frequency": {"0.1": 20.52229234006822, "0.2": 75.67405031577759, "0.4": 119.78748997602366, "0.8": 162.78487352878582}, "ISI_CV": {"0.1": 0.19232469656834617, "0.2": 0.07607352735898223, "0.4": 0.029011329794478586, "0.8": 0.012720026141288069}, "time_to_first_spike": {"0.1": 6.000000000091973, "0.2": 3.1000000000913133, "0.4": 1.700000000090995, "0.8": 1.1000000000908585}, "time_to_second_spike": {"0.1": 19.300000000094997, "0.2": 12.50000000009345, "0.4": 9.000000000092655, "0.8": 6.900000000092177}, "AP_height": {"0.1": 24.943544483084164, "0.2": 27.734489828958278, "0.4": 25.56973096145473, "0.8": 26.886148046603715}, "AP_width": {"0.1": 0.6000000000001364, "0.2": 0.7000000000001592, "0.4": 0.7000000000001592, "0.8": 0.8000000000001819}, "AP_amplitude": {"0.1": 78.08602983644136, "0.2": 82.65780415611121, "0.4": 95.65515685138044, "0.8": 98.90083316986741}, "voltage_base": {"0.1": -72.014510160771, "0.2": -72.014510160771, "0.4": -72.014510160771, "0.8": -72.014510160771}}}}