{"BBP": {"L6_MC_bNAC219_4": {"mean_frequency": {"0.1": 29.06394066949259, "0.2": 83.0997196636528, "0.4": 131.92215088291465, "0.8": 191.6629134765853}, "ISI_CV": {"0.1": 0.15033264396136514, "0.2": 0.028144895681053543, "0.4": 0.015521356533903893, "0.8": 0.01369461245232999}, "time_to_first_spike": {"0.1": 15.500000000094133, "0.2": 5.600000000091882, "0.4": 2.3000000000911314, "0.8": 1.2000000000908813}, "time_to_second_spike": {"0.1": 31.10000000009768, "0.2": 15.100000000094042, "0.4": 9.600000000092791, "0.8": 6.900000000092177}, "AP_height": {"0.1": 11.430450037200293, "0.2": 14.429974026459229, "0.4": 17.623330176326004, "0.8": 21.495858023689998}, "AP_width": {"0.1": 0.6000000000001364, "0.2": 0.6000000000001364, "0.4": 0.6000000000001364, "0.8": 0.7000000000001592}, "AP_amplitude": {"0.1": 66.48332659881028, "0.2": 70.3851381840534, "0.4": 72.43177380952834, "0.8": 89.83384684325605}, "voltage_base": {"0.1": -68.33789357594488, "0.2": -68.33789357594488, "0.4": -68.33789357594488, "0.8": -68.33789357594488}}}, "NetPyNE": {"L6_MC_bNAC219_4": {"mean_frequency": {"0.1": 29.042111061058247, "0.2": 82.93124246085245, "0.4": 131.03931179362718, "0.8": 190.0855384924508}, "ISI_CV": {"0.1": 0.15000740569889448, "0.2": 0.027730079305745947, "0.4": 0.015164611453109001, "0.8": 0.012877467883779761}, "time_to_first_spike": {"0.1": 15.700000000094178, "0.2": 5.700000000091904, "0.4": 2.400000000091154, "0.8": 1.300000000090904}, "time_to_second_spike": {"0.1": 31.200000000097702, "0.2": 15.300000000094087, "0.4": 9.700000000092814, "0.8": 7.100000000092223}, "AP_height": {"0.1": 8.83568344349029, "0.2": 14.56766709885414, "0.4": 16.414670136883256, "0.8": 20.33465192564563}, "AP_width": {"0.1": 0.6000000000001364, "0.2": 0.6000000000001364, "0.4": 0.7000000000001592, "0.8": 0.7000000000001592}, "AP_amplitude": {"0.1": 63.72965128692338, "0.2": 69.83440516404619, "0.4": 71.65089694739282, "0.8": 88.67264088110316}, "voltage_base": {"0.1": -68.33789371116818, "0.2": -68.33789371116818, "0.4": -68.33789371116818, "0.8": -68.33789371116818}}}}