{"BBP": {"L4_MC_bNAC219_1": {"mean_frequency": {"0.1": 0, "0.2": 133.3333333316922, "0.4": 133.33333333314192, "0.8": 198.01980197926477}, "ISI_CV": {"0.1": 0, "0.2": 0, "0.4": 0.01968491294478982, "0.8": 0.03626188621469475}, "time_to_first_spike": {"0.1": 0, "0.2": 7.500000000092314, "0.4": 3.7000000000914497, "0.8": 2.000000000091063}, "time_to_second_spike": {"0.1": 0, "0.2": 0, "0.4": 11.900000000093314, "0.8": 8.500000000092541}, "AP_height": {"0.1": 0, "0.2": -1.5034295218641234, "0.4": 9.330497890598952, "0.8": 16.225465036053276}, "AP_width": {"0.1": 0, "0.2": 0.6000000000001364, "0.4": 0.6000000000001364, "0.8": 0.6000000000001364}, "AP_amplitude": {"0.1": 0, "0.2": 55.17570023879714, "0.4": 64.97786859269071, "0.8": 86.69133335190016}, "voltage_base": {"0.1": -70.46577185375345, "0.2": -70.46577185375345, "0.4": -70.46577185375345, "0.8": -70.46577185375345}}}, "NetPyNE": {"L4_MC_bNAC219_1": {"mean_frequency": {"0.1": 0, "0.2": 133.3333333316922, "0.4": 132.7433628316508, "0.8": 196.07843137163354}, "ISI_CV": {"0.1": 0, "0.2": 0, "0.4": 0.015725742629734984, "0.8": 0.0479394427923083}, "time_to_first_spike": {"0.1": 0, "0.2": 7.500000000092314, "0.4": 3.7000000000914497, "0.8": 2.100000000091086}, "time_to_second_spike": {"0.1": 0, "0.2": 0, "0.4": 12.000000000093337, "0.8": 8.600000000092564}, "AP_height": {"0.1": 0, "0.2": -1.943564723366919, "0.4": 9.679817705138378, "0.8": 14.854044971485285}, "AP_width": {"0.1": 0, "0.2": 0.6000000000001364, "0.4": 0.6000000000001364, "0.8": 0.7000000000001592}, "AP_amplitude": {"0.1": 0, "0.2": 54.049023871591146, "0.4": 65.64038066166985, "0.8": 85.31991316883926}, "voltage_base": {"0.1": -70.46577173472166, "0.2": -70.46577173472166, "0.4": -70.46577173472166, "0.8": -70.46577173472166}}}}