{"BBP": {"L6_LBC_bAC217_1": {"mean_frequency": {"0.1": 7.043398168721131, "0.2": 10.968921389404057, "0.4": 15.153045762208471, "0.8": 23.220595658773945}, "ISI_CV": {"0.1": 0.30949651819634977, "0.2": 0.3260178044039147, "0.4": 0.33643535326396695, "0.8": 0.29615216073838924}, "time_to_first_spike": {"0.1": 16.50000000009436, "0.2": 6.8000000000921546, "0.4": 3.200000000091336, "0.8": 1.6000000000909722}, "time_to_second_spike": {"0.1": 57.80000000010375, "0.2": 30.300000000097498, "0.4": 17.60000000009461, "0.8": 10.800000000093064}, "AP_height": {"0.1": 12.893022072574281, "0.2": 14.599322360641368, "0.4": 19.757936689565163, "0.8": 22.29044183488304}, "AP_width": {"0.1": 0.6000000000001364, "0.2": 0.6000000000001364, "0.4": 0.6000000000001364, "0.8": 0.7000000000001592}, "AP_amplitude": {"0.1": 67.57679737692735, "0.2": 70.32972574804538, "0.4": 75.37734237365115, "0.8": 92.80803359620967}, "voltage_base": {"0.1": -70.5149096336793, "0.2": -70.5149096336793, "0.4": -70.5149096336793, "0.8": -70.5149096336793}}}, "NetPyNE": {"L6_LBC_bAC217_1": {"mean_frequency": {"0.1": 6.957452502011576, "0.2": 10.82697463395243, "0.4": 15.049299429174608, "0.8": 23.799878468721808}, "ISI_CV": {"0.1": 0.3071716365117436, "0.2": 0.3234866635456205, "0.4": 0.3418576019727317, "0.8": 0.279254396408969}, "time_to_first_spike": {"0.1": 16.700000000094406, "0.2": 6.900000000092177, "0.4": 3.200000000091336, "0.8": 1.700000000090995}, "time_to_second_spike": {"0.1": 58.20000000010384, "0.2": 30.500000000097543, "0.4": 17.800000000094656, "0.8": 11.00000000009311}, "AP_height": {"0.1": 10.550414872510409, "0.2": 14.953658161039472, "0.4": 19.346904757741342, "0.8": 25.544655965551836}, "AP_width": {"0.1": 0.6000000000001364, "0.2": 0.6000000000001364, "0.4": 0.6000000000001364, "0.8": 0.6000000000001364}, "AP_amplitude": {"0.1": 66.61729060541396, "0.2": 71.13579410814089, "0.4": 75.12383330597243, "0.8": 96.0622433615772}, "voltage_base": {"0.1": -70.51490525350002, "0.2": -70.51490525350002, "0.4": -70.51490525350002, "0.8": -70.51490525350002}}}}