{"BBP": {"L23_MC_cACint209_3": {"mean_frequency": {"0.1": 22.27171492206408, "0.2": 35.26981407771829, "0.4": 64.48362720407397, "0.8": 121.00823458534026}, "ISI_CV": {"0.1": 0.2682233174405486, "0.2": 0.22405119264859225, "0.4": 0.16745758540444394, "0.8": 0.11111151820513117}, "time_to_first_spike": {"0.1": 10.400000000092973, "0.2": 5.000000000091745, "0.4": 2.6000000000911996, "0.8": 1.4000000000909267}, "time_to_second_spike": {"0.1": 26.500000000096634, "0.2": 15.600000000094155, "0.4": 10.500000000092996, "0.8": 7.700000000092359}, "AP_height": {"0.1": 29.767526728633793, "0.2": 29.851379665245293, "0.4": 31.169916975068688, "0.8": 33.960116621292315}, "AP_width": {"0.1": 0.8000000000001819, "0.2": 0.8000000000001819, "0.4": 0.8000000000001819, "0.8": 0.9000000000002046}, "AP_amplitude": {"0.1": 84.65886060762415, "0.2": 85.28890711760205, "0.4": 86.42137969143906, "0.8": 105.82663850140125}, "voltage_base": {"0.1": -71.86585158423924, "0.2": -71.86585158423924, "0.4": -71.86585158423924, "0.8": -71.86585158423924}}}, "NetPyNE": {"L23_MC_cACint209_3": {"mean_frequency": {"0.1": 22.185246810885815, "0.2": 35.186488388482715, "0.4": 64.496624004881, "0.8": 120.87471160606066}, "ISI_CV": {"0.1": 0.26805315847914946, "0.2": 0.22387514724382931, "0.4": 0.16651232932430182, "0.8": 0.1085628873889752}, "time_to_first_spike": {"0.1": 10.500000000092996, "0.2": 5.000000000091745, "0.4": 2.6000000000911996, "0.8": 1.5000000000909495}, "time_to_second_spike": {"0.1": 26.600000000096657, "0.2": 15.700000000094178, "0.4": 10.600000000093019, "0.8": 7.800000000092382}, "AP_height": {"0.1": 29.528940619471804, "0.2": 29.874709665301637, "0.4": 34.82944750796885, "0.8": 36.84929927534184}, "AP_width": {"0.1": 0.8000000000001819, "0.2": 0.9000000000002046, "0.4": 0.9000000000002046, "0.8": 0.9000000000002046}, "AP_amplitude": {"0.1": 85.4059577421459, "0.2": 85.73584648503513, "0.4": 90.16370367944683, "0.8": 108.71582032404373}, "voltage_base": {"0.1": -71.86585075475544, "0.2": -71.86585075475544, "0.4": -71.86585075475544, "0.8": -71.86585075475544}}}}