{"BBP": {"L5_BTC_cACint209_2": {"mean_frequency": {"0.1": 28.154851684282562, "0.2": 43.68127730082798, "0.4": 80.42625917367478, "0.8": 155.62449959978557}, "ISI_CV": {"0.1": 0.2401284160222763, "0.2": 0.21046498458070567, "0.4": 0.14005185241554857, "0.8": 0.08881414812955014}, "time_to_first_spike": {"0.1": 20.000000000095156, "0.2": 8.400000000092518, "0.4": 3.200000000091336, "0.8": 1.5000000000909495}, "time_to_second_spike": {"0.1": 35.300000000098635, "0.2": 18.200000000094747, "0.4": 11.00000000009311, "0.8": 7.700000000092359}, "AP_height": {"0.1": 27.02248553558987, "0.2": 29.166823584839523, "0.4": 32.4982660153571, "0.8": 32.47255761734336}, "AP_width": {"0.1": 0.8000000000001819, "0.2": 0.8000000000001819, "0.4": 0.9000000000002046, "0.8": 0.9000000000002046}, "AP_amplitude": {"0.1": 82.45050287413186, "0.2": 83.7992588003417, "0.4": 88.40557022732436, "0.8": 101.48622231869578}, "voltage_base": {"0.1": -69.01309910014946, "0.2": -69.01309910014946, "0.4": -69.01309910014946, "0.8": -69.01309910014946}}}, "NetPyNE": {"L5_BTC_cACint209_2": {"mean_frequency": {"0.1": 28.07439715247308, "0.2": 43.65497516185413, "0.4": 80.6249687015421, "0.8": 156.02340351063268}, "ISI_CV": {"0.1": 0.24065015516752236, "0.2": 0.21054255244727083, "0.4": 0.138458949291358, "0.8": 0.0858783327507052}, "time_to_first_spike": {"0.1": 20.10000000009518, "0.2": 8.500000000092541, "0.4": 3.3000000000913587, "0.8": 1.5000000000909495}, "time_to_second_spike": {"0.1": 35.40000000009866, "0.2": 18.30000000009477, "0.4": 11.100000000093132, "0.8": 7.800000000092382}, "AP_height": {"0.1": 25.566879544471266, "0.2": 28.79780135477604, "0.4": 32.285867080837384, "0.8": 33.994798952035936}, "AP_width": {"0.1": 0.8000000000001819, "0.2": 0.8000000000001819, "0.4": 0.9000000000002046, "0.8": 0.9000000000002046}, "AP_amplitude": {"0.1": 80.75634769445318, "0.2": 84.23298814324724, "0.4": 87.36749627412819, "0.8": 103.00846266040736}, "voltage_base": {"0.1": -69.01309808518138, "0.2": -69.01309808518138, "0.4": -69.01309808518138, "0.8": -69.01309808518138}}}}