{"BBP": {"L23_BTC_cNAC187_1": {"mean_frequency": {"0.1": 43.10128802689242, "0.2": 69.78612310477678, "0.4": 117.3579417223326, "0.8": 218.34061135279825}, "ISI_CV": {"0.1": 0.007214878917688092, "0.2": 0.01887817653594272, "0.4": 0.06822243588327503, "0.8": 0.09615384615384616}, "time_to_first_spike": {"0.1": 9.100000000092678, "0.2": 4.400000000091609, "0.4": 2.3000000000911314, "0.8": 1.300000000090904}, "time_to_second_spike": {"0.1": 30.900000000097634, "0.2": 17.000000000094474, "0.4": 10.500000000092996, "0.8": 7.300000000092268}, "AP_height": {"0.1": 11.656738964229, "0.2": 16.065886674252138, "0.4": 19.460374804044168, "0.8": 22.329377283835086}, "AP_width": {"0.1": 0.8000000000001819, "0.2": 0.7000000000001592, "0.4": 0.8000000000001819, "0.8": 0.8000000000001819}, "AP_amplitude": {"0.1": 67.90747067387218, "0.2": 72.32569554591178, "0.4": 87.96221881885957, "0.8": 90.83122129667527}, "voltage_base": {"0.1": -68.49921388106905, "0.2": -68.49921388106905, "0.4": -68.49921388106905, "0.8": -68.49921388106905}}}, "NetPyNE": {"L23_BTC_cNAC187_1": {"mean_frequency": {"0.1": 42.95532646051021, "0.2": 69.56956956961686, "0.4": 118.39662870624608, "0.8": 217.39130434670614}, "ISI_CV": {"0.1": 0.0073593029255534705, "0.2": 0.0196099783948215, "0.4": 0.07678213601037402, "0.8": 0.051425947722657996}, "time_to_first_spike": {"0.1": 9.2000000000927, "0.2": 4.500000000091632, "0.4": 2.400000000091154, "0.8": 1.4000000000909267}, "time_to_second_spike": {"0.1": 31.10000000009768, "0.2": 17.20000000009452, "0.4": 10.600000000093019, "0.8": 7.400000000092291}, "AP_height": {"0.1": 11.915782743027926, "0.2": 15.640672084323782, "0.4": 18.508076479118934, "0.8": 20.96822210254398}, "AP_width": {"0.1": 0.8000000000001819, "0.2": 0.7000000000001592, "0.4": 0.7000000000001592, "0.8": 0.8000000000001819}, "AP_amplitude": {"0.1": 67.56204975521753, "0.2": 70.90297155905371, "0.4": 87.00991624202905, "0.8": 89.47006181503548}, "voltage_base": {"0.1": -68.49920957638938, "0.2": -68.49920957638938, "0.4": -68.49920957638938, "0.8": -68.49920957638938}}}}