{"BBP": {"L5_DBC_cIR216_2": {"mean_frequency": {"0.1": 0, "0.2": 18.27225662370539, "0.4": 37.21398038725181, "0.8": 106.60660660667908}, "ISI_CV": {"0.1": 0, "0.2": 0.37158847903830394, "0.4": 0.30331905687046107, "0.8": 0.06330628189901169}, "time_to_first_spike": {"0.1": 0, "0.2": 12.600000000093473, "0.4": 4.600000000091654, "0.8": 2.100000000091086}, "time_to_second_spike": {"0.1": 0, "0.2": 28.700000000097134, "0.4": 13.400000000093655, "0.8": 8.80000000009261}, "AP_height": {"0.1": 0, "0.2": 27.382191091058264, "0.4": 31.01891761063223, "0.8": 34.83940104532118}, "AP_width": {"0.1": 0, "0.2": 0.8000000000001819, "0.4": 0.8000000000001819, "0.8": 0.9000000000002046}, "AP_amplitude": {"0.1": 0, "0.2": 84.54473765194344, "0.4": 87.8893402328276, "0.8": 112.19092995890013}, "voltage_base": {"0.1": -77.23569026239335, "0.2": -77.23569026239335, "0.4": -77.23569026239335, "0.8": -77.23569026239335}}}, "NetPyNE": {"L5_DBC_cIR216_2": {"mean_frequency": {"0.1": 0, "0.2": 18.55380603752138, "0.4": 38.33156806377744, "0.8": 107.33811506251963}, "ISI_CV": {"0.1": 0, "0.2": 0.23532782806232788, "0.4": 0.18007144568051234, "0.8": 0.05674366094868178}, "time_to_first_spike": {"0.1": 0, "0.2": 12.50000000009345, "0.4": 4.600000000091654, "0.8": 2.100000000091086}, "time_to_second_spike": {"0.1": 0, "0.2": 28.90000000009718, "0.4": 13.500000000093678, "0.8": 8.80000000009261}, "AP_height": {"0.1": 0, "0.2": 23.8236844994314, "0.4": 32.033739701415804, "0.8": 35.89683727554829}, "AP_width": {"0.1": 0, "0.2": 0.8000000000001819, "0.4": 0.8000000000001819, "0.8": 0.9000000000002046}, "AP_amplitude": {"0.1": 0, "0.2": 80.82818004433702, "0.4": 88.5168124568021, "0.8": 113.03201777882401}, "voltage_base": {"0.1": -77.13507974111279, "0.2": -77.13507974111279, "0.4": -77.13507974111279, "0.8": -77.13507974111279}}}}