{"BBP": {"L4_DBC_bSTUT213_3": {"mean_frequency": {"0.1": 0, "0.2": 15.705745262955206, "0.4": 105.9449688693228, "0.8": 156.0078003901256}, "ISI_CV": {"0.1": 0, "0.2": 0.45748128450886694, "0.4": 0.03572451459856929, "0.8": 0.01599059026647888}, "time_to_first_spike": {"0.1": 0, "0.2": 7.6000000000923364, "0.4": 2.900000000091268, "0.8": 1.5000000000909495}, "time_to_second_spike": {"0.1": 0, "0.2": 20.400000000095247, "0.4": 10.800000000093064, "0.8": 7.700000000092359}, "AP_height": {"0.1": 0, "0.2": 16.29848378427111, "0.4": 22.15749107917583, "0.8": 25.30463401857272}, "AP_width": {"0.1": 0, "0.2": 0.6000000000001364, "0.4": 0.6000000000001364, "0.8": 0.6000000000001364}, "AP_amplitude": {"0.1": 0, "0.2": 72.832659547664, "0.4": 95.27088559355909, "0.8": 100.23997214893802}, "voltage_base": {"0.1": -74.92706776132582, "0.2": -74.92706776132582, "0.4": -74.92706776132582, "0.8": -74.92706776132582}}}, "NetPyNE": {"L4_DBC_bSTUT213_3": {"mean_frequency": {"0.1": 0, "0.2": 15.338991716954824, "0.4": 105.47993369839901, "0.8": 154.80961923858217}, "ISI_CV": {"0.1": 0, "0.2": 0.16767557781950015, "0.4": 0.031916649915708806, "0.8": 0.01527983675709238}, "time_to_first_spike": {"0.1": 0, "0.2": 8.10000000009245, "0.4": 3.0000000000912905, "0.8": 1.6000000000909722}, "time_to_second_spike": {"0.1": 0, "0.2": 20.90000000009536, "0.4": 11.00000000009311, "0.8": 7.800000000092382}, "AP_height": {"0.1": 0, "0.2": 14.842664301044339, "0.4": 19.214179121909172, "0.8": 22.20774363534468}, "AP_width": {"0.1": 0, "0.2": 0.6000000000001364, "0.4": 0.6000000000001364, "0.8": 0.6000000000001364}, "AP_amplitude": {"0.1": 0, "0.2": 70.77592747305435, "0.4": 92.28417046293164, "0.8": 97.08209230875356}, "voltage_base": {"0.1": -74.87431132257375, "0.2": -74.87431132257375, "0.4": -74.87431132257375, "0.8": -74.87431132257375}}}}