{"BBP": {"L4_ChC_dNAC222_2": {"mean_frequency": {"0.1": 3.038436218161778, "0.2": 47.753091384369405, "0.4": 84.24008424014147, "0.8": 131.64480929030873}, "ISI_CV": {"0.1": 0.041888441653353606, "0.2": 0.019395552273363807, "0.4": 0.01570995905542241, "0.8": 0.03300496228403101}, "time_to_first_spike": {"0.1": 1587.7999999990147, "0.2": 8.600000000092564, "0.4": 3.500000000091404, "0.8": 1.8000000000910177}, "time_to_second_spike": {"0.1": 1673.7999999989365, "0.2": 29.100000000097225, "0.4": 13.700000000093723, "0.8": 8.80000000009261}, "AP_height": {"0.1": 8.73467676184028, "0.2": 14.367249871849179, "0.4": 17.350711110409975, "0.8": 22.566742248971206}, "AP_width": {"0.1": 0.6999999999993634, "0.2": 0.6000000000001364, "0.4": 0.8000000000001819, "0.8": 0.7000000000001592}, "AP_amplitude": {"0.1": 64.01312447760701, "0.2": 70.42018885092027, "0.4": 72.57775437731043, "0.8": 95.96474838813384}, "voltage_base": {"0.1": -73.39380903671088, "0.2": -73.39380903671088, "0.4": -73.39380903671088, "0.8": -73.39380903671088}}}, "NetPyNE": {"L4_ChC_dNAC222_2": {"mean_frequency": {"0.1": 3.0364372469656193, "0.2": 47.52851711029847, "0.4": 83.84796907170428, "0.8": 131.01965294803128}, "ISI_CV": {"0.1": 0.0429541481195677, "0.2": 0.020167980888779965, "0.4": 0.016468450184693093, "0.8": 0.03417767446903675}, "time_to_first_spike": {"0.1": 1588.1999999990144, "0.2": 8.700000000092587, "0.4": 3.500000000091404, "0.8": 1.8000000000910177}, "time_to_second_spike": {"0.1": 1674.499999998936, "0.2": 29.30000000009727, "0.4": 13.900000000093769, "0.8": 8.900000000092632}, "AP_height": {"0.1": 7.902268213025572, "0.2": 14.026694233310828, "0.4": 18.71221509356156, "0.8": 21.91093323717797}, "AP_width": {"0.1": 0.6999999999993634, "0.2": 0.6000000000001364, "0.4": 0.7000000000001592, "0.8": 0.8000000000001819}, "AP_amplitude": {"0.1": 62.00255425269844, "0.2": 69.66412594761168, "0.4": 74.21086982922799, "0.8": 95.30893142692238}, "voltage_base": {"0.1": -73.39380106110092, "0.2": -73.39380106110092, "0.4": -73.39380106110092, "0.8": -73.39380106110092}}}}