{"BBP": {"L1_NGC-DA_cSTUT189_5": {"mean_frequency": {"0.1": 31.82139610063779, "0.2": 61.24190552687258, "0.4": 92.01380207037312, "0.8": 136.71875000009294}, "ISI_CV": {"0.1": 0.2566622066985914, "0.2": 0.07445385260561924, "0.4": 0.05042607317524925, "0.8": 0.017301224968511154}, "time_to_first_spike": {"0.1": 7.100000000092223, "0.2": 3.500000000091404, "0.4": 1.9000000000910404, "0.8": 1.2000000000908813}, "time_to_second_spike": {"0.1": 33.30000000009818, "0.2": 16.200000000094292, "0.4": 10.500000000092996, "0.8": 7.400000000092291}, "AP_height": {"0.1": 18.958019019525857, "0.2": 25.772649773112526, "0.4": 24.74343294569981, "0.8": 29.253036850033705}, "AP_width": {"0.1": 0.7000000000001592, "0.2": 0.7000000000001592, "0.4": 0.8000000000001819, "0.8": 0.8000000000001819}, "AP_amplitude": {"0.1": 73.89247920407638, "0.2": 81.13819457553899, "0.4": 98.87471820686727, "0.8": 103.61329148656797}, "voltage_base": {"0.1": -74.32406589389765, "0.2": -74.32406589389765, "0.4": -74.32406589389765, "0.8": -74.32406589389765}}}, "NetPyNE": {"L1_NGC-DA_cSTUT189_5": {"mean_frequency": {"0.1": 33.02509907531956, "0.2": 61.340439438927454, "0.4": 91.84902630000215, "0.8": 136.0612275524911}, "ISI_CV": {"0.1": 0.0922045438021354, "0.2": 0.06242389727380247, "0.4": 0.046576069820717644, "0.8": 0.016257185923667008}, "time_to_first_spike": {"0.1": 8.000000000092427, "0.2": 3.7000000000914497, "0.4": 2.000000000091063, "0.8": 1.2000000000908813}, "time_to_second_spike": {"0.1": 33.100000000098134, "0.2": 16.700000000094406, "0.4": 10.600000000093019, "0.8": 7.500000000092314}, "AP_height": {"0.1": 19.647463062693284, "0.2": 23.74714276965192, "0.4": 27.10551335514898, "0.8": 29.52172628918471}, "AP_width": {"0.1": 0.7000000000001592, "0.2": 0.8000000000001819, "0.4": 0.8000000000001819, "0.8": 0.8000000000001819}, "AP_amplitude": {"0.1": 74.89189418607505, "0.2": 78.1904631534104, "0.4": 101.49661908084249, "0.8": 103.91283201584329}, "voltage_base": {"0.1": -74.38989774602447, "0.2": -74.38989774602447, "0.4": -74.38989774602447, "0.8": -74.38989774602447}}}}