{"BBP": {"L4_BTC_cACint209_1": {"mean_frequency": {"0.1": 25.281893108173065, "0.2": 39.56330128207817, "0.4": 76.2899016262313, "0.8": 142.68549113857702}, "ISI_CV": {"0.1": 0.25233511473823833, "0.2": 0.20871952699973245, "0.4": 0.14304473180246882, "0.8": 0.08780046483385284}, "time_to_first_spike": {"0.1": 9.600000000092791, "0.2": 4.200000000091563, "0.4": 2.000000000091063, "0.8": 1.1000000000908585}, "time_to_second_spike": {"0.1": 23.900000000096043, "0.2": 14.000000000093792, "0.4": 9.600000000092791, "0.8": 7.100000000092223}, "AP_height": {"0.1": 31.33023141456073, "0.2": 33.323863291012344, "0.4": 37.167776198727786, "0.8": 36.16732706514344}, "AP_width": {"0.1": 0.8000000000001819, "0.2": 0.8000000000001819, "0.4": 0.9000000000002046, "0.8": 0.9000000000002046}, "AP_amplitude": {"0.1": 87.06379291123747, "0.2": 88.6364904520644, "0.4": 108.09567241968898, "0.8": 107.09522328390693}, "voltage_base": {"0.1": -70.92724644599963, "0.2": -70.92724644599963, "0.4": -70.92724644599963, "0.8": -70.92724644599963}}}, "NetPyNE": {"L4_BTC_cACint209_1": {"mean_frequency": {"0.1": 25.168629819809688, "0.2": 39.51567961905507, "0.4": 76.21721907441372, "0.8": 142.0112404657729}, "ISI_CV": {"0.1": 0.252295472175095, "0.2": 0.2098379797509254, "0.4": 0.14198795589307964, "0.8": 0.08638090895401432}, "time_to_first_spike": {"0.1": 9.700000000092814, "0.2": 4.300000000091586, "0.4": 2.100000000091086, "0.8": 1.2000000000908813}, "time_to_second_spike": {"0.1": 24.000000000096065, "0.2": 14.100000000093814, "0.4": 9.700000000092814, "0.8": 7.2000000000922455}, "AP_height": {"0.1": 30.838144100969174, "0.2": 31.343810975203105, "0.4": 36.32199255738352, "0.8": 38.17372446521885}, "AP_width": {"0.1": 0.8000000000001819, "0.2": 0.8000000000001819, "0.4": 0.9000000000002046, "0.8": 0.9000000000002046}, "AP_amplitude": {"0.1": 87.01640193377945, "0.2": 87.21214176137953, "0.4": 107.2498879568445, "0.8": 109.10162001416336}, "voltage_base": {"0.1": -70.92724577742631, "0.2": -70.92724577742631, "0.4": -70.92724577742631, "0.8": -70.92724577742631}}}}