{"BBP": {"L23_PC_cADpyr229_4": {"mean_frequency": {"0.1": 2.9327233268832202, "0.2": 4.210304720806981, "0.4": 9.100101112240745, "0.8": 18.092270579970066}, "ISI_CV": {"0.1": 0.002762179572036347, "0.2": 0.00969081146526389, "0.4": 0.16485825151559136, "0.8": 0.1770639959820069}, "time_to_first_spike": {"0.1": 32.400000000097975, "0.2": 11.00000000009311, "0.4": 4.300000000091586, "0.8": 1.9000000000910404}, "time_to_second_spike": {"0.1": 364.4000000001274, "0.2": 121.10000000011814, "0.4": 30.900000000097634, "0.8": 13.100000000093587}, "AP_height": {"0.1": 36.82026296938485, "0.2": 37.50317542553742, "0.4": 39.652306785426454, "0.8": 41.82664164501107}, "AP_width": {"0.1": 1.2000000000002728, "0.2": 1.2000000000002728, "0.4": 1.2000000000002728, "0.8": 1.3000000000002956}, "AP_amplitude": {"0.1": 93.78639783140298, "0.2": 94.97071305694277, "0.4": 96.24215235069025, "0.8": 114.18529617061819}, "voltage_base": {"0.1": -72.35427223298362, "0.2": -72.35427223298362, "0.4": -72.35427223298362, "0.8": -72.35427223298362}}}, "NetPyNE": {"L23_PC_cADpyr229_4": {"mean_frequency": {"0.1": 2.916302128902426, "0.2": 4.180602006691763, "0.4": 9.047847144611906, "0.8": 17.89640537916021}, "ISI_CV": {"0.1": 0.002721850587248253, "0.2": 0.009666456838489225, "0.4": 0.1698400333981707, "0.8": 0.17901774548875046}, "time_to_first_spike": {"0.1": 32.60000000009802, "0.2": 11.100000000093132, "0.4": 4.400000000091609, "0.8": 2.000000000091063}, "time_to_second_spike": {"0.1": 367.6000000001245, "0.2": 123.90000000011878, "0.4": 31.10000000009768, "0.8": 13.20000000009361}, "AP_height": {"0.1": 37.114018150114674, "0.2": 37.84388249894794, "0.4": 39.36010967545986, "0.8": 42.196290666444696}, "AP_width": {"0.1": 1.2000000000002728, "0.2": 1.2000000000002728, "0.4": 1.2000000000002728, "0.8": 1.2000000000002728}, "AP_amplitude": {"0.1": 94.1044054953882, "0.2": 94.85569989617973, "0.4": 94.98865572503617, "0.8": 114.5549362237154}, "voltage_base": {"0.1": -72.35426316279458, "0.2": -72.35426316279458, "0.4": -72.35426316279458, "0.8": -72.35426316279458}}}}