{"BBP": {"L23_ChC_cNAC187_2": {"mean_frequency": {"0.1": 37.43802489125272, "0.2": 59.820037199055335, "0.4": 91.61451814774688, "0.8": 141.21181772668587}, "ISI_CV": {"0.1": 0.01702886204523482, "0.2": 0.011354518209011422, "0.4": 0.010936946310239018, "0.8": 0.03328688233933705}, "time_to_first_spike": {"0.1": 9.500000000092768, "0.2": 4.300000000091586, "0.4": 2.2000000000911086, "0.8": 1.2000000000908813}, "time_to_second_spike": {"0.1": 34.50000000009845, "0.2": 19.00000000009493, "0.4": 11.300000000093178, "0.8": 7.700000000092359}, "AP_height": {"0.1": 15.001197047270262, "0.2": 19.096783053371627, "0.4": 20.867279184042147, "0.8": 23.4297885852563}, "AP_width": {"0.1": 0.7000000000001592, "0.2": 0.7000000000001592, "0.4": 0.8000000000001819, "0.8": 0.8000000000001819}, "AP_amplitude": {"0.1": 70.14165448591152, "0.2": 74.4678555955353, "0.4": 76.30548819119477, "0.8": 91.85799749875137}, "voltage_base": {"0.1": -68.425533991369, "0.2": -68.425533991369, "0.4": -68.425533991369, "0.8": -68.425533991369}}}, "NetPyNE": {"L23_ChC_cNAC187_2": {"mean_frequency": {"0.1": 37.29838709679949, "0.2": 59.586400280447094, "0.4": 91.24636518606421, "0.8": 140.69697576616815}, "ISI_CV": {"0.1": 0.016920599626443288, "0.2": 0.011101195932006052, "0.4": 0.010945253606553405, "0.8": 0.03448712372176274}, "time_to_first_spike": {"0.1": 9.600000000092791, "0.2": 4.400000000091609, "0.4": 2.2000000000911086, "0.8": 1.300000000090904}, "time_to_second_spike": {"0.1": 34.7000000000985, "0.2": 19.10000000009495, "0.4": 11.4000000000932, "0.8": 7.800000000092382}, "AP_height": {"0.1": 14.99991013966685, "0.2": 19.879496005893806, "0.4": 22.0940733898286, "0.8": 25.509717466587837}, "AP_width": {"0.1": 0.7000000000001592, "0.2": 0.7000000000001592, "0.4": 0.7000000000001592, "0.8": 0.7000000000001592}, "AP_amplitude": {"0.1": 69.35963513980242, "0.2": 74.06744779622366, "0.4": 76.55446387495344, "0.8": 93.93792204713597}, "voltage_base": {"0.1": -68.42552965335476, "0.2": -68.42552965335476, "0.4": -68.42552965335476, "0.8": -68.42552965335476}}}}