{"BBP": {"L23_MC_dNAC222_1": {"mean_frequency": {"0.1": 0, "0.2": 37.77766584397868, "0.4": 81.03646640993955, "0.8": 129.27147008727093}, "ISI_CV": {"0.1": 0, "0.2": 0.04072571495248932, "0.4": 0.020177714437309237, "0.8": 0.030223915260161}, "time_to_first_spike": {"0.1": 0, "0.2": 12.800000000093519, "0.4": 3.0000000000912905, "0.8": 1.4000000000909267}, "time_to_second_spike": {"0.1": 0, "0.2": 40.50000000009982, "0.4": 13.700000000093723, "0.8": 8.500000000092541}, "AP_height": {"0.1": 0, "0.2": 18.97387749043306, "0.4": 25.447187374541905, "0.8": 28.887843128457618}, "AP_width": {"0.1": 0, "0.2": 0.6000000000001364, "0.4": 0.7000000000001592, "0.8": 0.7000000000001592}, "AP_amplitude": {"0.1": 0, "0.2": 74.52366992507277, "0.4": 98.51381196663371, "0.8": 101.95446771845997}, "voltage_base": {"0.1": -73.06272071421554, "0.2": -73.06272071421554, "0.4": -73.06272071421554, "0.8": -73.06272071421554}}}, "NetPyNE": {"L23_MC_dNAC222_1": {"mean_frequency": {"0.1": 0, "0.2": 37.58079871726761, "0.4": 80.62900641031122, "0.8": 128.5514205683147}, "ISI_CV": {"0.1": 0, "0.2": 0.04132052507027797, "0.4": 0.020893214034503352, "0.8": 0.031202930479539273}, "time_to_first_spike": {"0.1": 0, "0.2": 13.000000000093564, "0.4": 3.1000000000913133, "0.8": 1.4000000000909267}, "time_to_second_spike": {"0.1": 0, "0.2": 40.800000000099885, "0.4": 13.900000000093769, "0.8": 8.600000000092564}, "AP_height": {"0.1": 0, "0.2": 14.895274202962932, "0.4": 25.695422050582586, "0.8": 24.242214283815844}, "AP_width": {"0.1": 0, "0.2": 0.6000000000001364, "0.4": 0.7000000000001592, "0.8": 0.8000000000001819}, "AP_amplitude": {"0.1": 0, "0.2": 70.27854355705273, "0.4": 98.76203996917738, "0.8": 97.3088322198272}, "voltage_base": {"0.1": -73.06271403844079, "0.2": -73.06271403844079, "0.4": -73.06271403844079, "0.8": -73.06271403844079}}}}