{"BBP": {"L4_LBC_dNAC222_4": {"mean_frequency": {"0.1": 23.801083708933927, "0.2": 59.910386145134545, "0.4": 98.24068968980662, "0.8": 157.92640128357266}, "ISI_CV": {"0.1": 0.11483622086786727, "0.2": 0.01512556438947193, "0.4": 0.01983551417200064, "0.8": 0.060881731314697304}, "time_to_first_spike": {"0.1": 155.80000000012603, "0.2": 6.700000000092132, "0.4": 3.0000000000912905, "0.8": 1.5000000000909495}, "time_to_second_spike": {"0.1": 218.20000000014022, "0.2": 22.30000000009568, "0.4": 12.000000000093337, "0.8": 7.900000000092405}, "AP_height": {"0.1": 7.109855100339588, "0.2": 13.405859607431804, "0.4": 19.868698733627177, "0.8": 22.18363236254499}, "AP_width": {"0.1": 0.7000000000001592, "0.2": 0.8000000000001819, "0.4": 0.8000000000001819, "0.8": 0.8000000000001819}, "AP_amplitude": {"0.1": 60.897969585623436, "0.2": 67.68350356028395, "0.4": 93.65918976446801, "0.8": 95.97412339155355}, "voltage_base": {"0.1": -73.78620785055186, "0.2": -73.78620785055186, "0.4": -73.78620785055186, "0.8": -73.78620785055186}}}, "NetPyNE": {"L4_LBC_dNAC222_4": {"mean_frequency": {"0.1": 23.75897280357489, "0.2": 59.72996034737782, "0.4": 97.90631119151098, "0.8": 157.83935461252395}, "ISI_CV": {"0.1": 0.11561609252681189, "0.2": 0.015820286882418787, "0.4": 0.020937790931374805, "0.8": 0.06423824977117903}, "time_to_first_spike": {"0.1": 156.20000000012612, "0.2": 6.8000000000921546, "0.4": 3.1000000000913133, "0.8": 1.6000000000909722}, "time_to_second_spike": {"0.1": 218.80000000014036, "0.2": 22.500000000095724, "0.4": 12.200000000093382, "0.8": 8.000000000092427}, "AP_height": {"0.1": 7.307393659668574, "0.2": 13.114408385778855, "0.4": 18.091070243224188, "0.8": 22.88785248190867}, "AP_width": {"0.1": 0.7000000000001592, "0.2": 0.8000000000001819, "0.4": 0.8000000000001819, "0.8": 0.8000000000001819}, "AP_amplitude": {"0.1": 61.792375706898504, "0.2": 68.29449634742473, "0.4": 73.40062579870153, "0.8": 96.67833530782084}, "voltage_base": {"0.1": -73.78619961899743, "0.2": -73.78619961899743, "0.4": -73.78619961899743, "0.8": -73.78619961899743}}}}