{"BBP": {"L5_MC_cACint209_1": {"mean_frequency": {"0.1": 33.89487529723549, "0.2": 73.24537199623698, "0.4": 126.37913741232256, "0.8": 179.91380174413348}, "ISI_CV": {"0.1": 0.21128635992648725, "0.2": 0.13483885027765685, "0.4": 0.10356621756037393, "0.8": 0.03051512600154222}, "time_to_first_spike": {"0.1": 4.600000000091654, "0.2": 2.500000000091177, "0.4": 1.5000000000909495, "0.8": 0.900000000090813}, "time_to_second_spike": {"0.1": 15.000000000094019, "0.2": 10.500000000092996, "0.4": 7.800000000092382, "0.8": 5.700000000091904}, "AP_height": {"0.1": 32.84032072952024, "0.2": 34.44601067049889, "0.4": 36.8751529037784, "0.8": 38.30217402852237}, "AP_width": {"0.1": 0.8000000000001819, "0.2": 0.9000000000002046, "0.4": 0.9000000000002046, "0.8": 0.9000000000002046}, "AP_amplitude": {"0.1": 89.9358734469449, "0.2": 104.85791233630688, "0.4": 109.21603516404086, "0.8": 0}, "voltage_base": {"0.1": -72.34017384000819, "0.2": -72.34017384000819, "0.4": -72.34017384000819, "0.8": -72.34017384000819}}}, "NetPyNE": {"L5_MC_cACint209_1": {"mean_frequency": {"0.1": 33.80253266739591, "0.2": 73.00000000004964, "0.4": 125.78931542556408, "0.8": 177.78445512832596}, "ISI_CV": {"0.1": 0.21105191434700424, "0.2": 0.1342361361251462, "0.4": 0.1024956887270307, "0.8": 0.03250140423390657}, "time_to_first_spike": {"0.1": 4.700000000091677, "0.2": 2.6000000000911996, "0.4": 1.5000000000909495, "0.8": 0.900000000090813}, "time_to_second_spike": {"0.1": 15.200000000094064, "0.2": 10.600000000093019, "0.4": 7.900000000092405, "0.8": 5.800000000091927}, "AP_height": {"0.1": 29.59521401641421, "0.2": 34.635209972209324, "0.4": 36.52779760336596, "0.8": 39.55867466576244}, "AP_width": {"0.1": 0.9000000000002046, "0.2": 0.8000000000001819, "0.4": 0.9000000000002046, "0.8": 1.0000000000002274}, "AP_amplitude": {"0.1": 85.56972988868591, "0.2": 105.09539749080632, "0.4": 108.86867888032381, "0.8": 0}, "voltage_base": {"0.1": -72.34017306102585, "0.2": -72.34017306102585, "0.4": -72.34017306102585, "0.8": -72.34017306102585}}}}