{"BBP": {"L23_BP_cNAC187_1": {"mean_frequency": {"0.1": 65.01300260056432, "0.2": 93.61702127665939, "0.4": 135.628847405127, "0.8": 235.6295962781131}, "ISI_CV": {"0.1": 0.06725661027581195, "0.2": 0.0484884033634563, "0.4": 0.01320579709439428, "0.8": 0.08948443681548522}, "time_to_first_spike": {"0.1": 2.6000000000911996, "0.2": 1.5000000000909495, "0.4": 1.0000000000908358, "0.8": 0.6000000000907448}, "time_to_second_spike": {"0.1": 14.70000000009395, "0.2": 9.90000000009286, "0.4": 7.300000000092268, "0.8": 5.600000000091882}, "AP_height": {"0.1": 26.77215976861415, "0.2": 29.634619149326912, "0.4": 27.44524491987126, "0.8": 32.48014347259413}, "AP_width": {"0.1": 0.7000000000001592, "0.2": 0.8000000000001819, "0.4": 0.7000000000001592, "0.8": 0.8000000000001819}, "AP_amplitude": {"0.1": 82.57219669676277, "0.2": 98.58511833111618, "0.4": 96.39574409936898, "0.8": 101.43064264750882}, "voltage_base": {"0.1": -68.9474601174474, "0.2": -68.9474601174474, "0.4": -68.9474601174474, "0.8": -68.9474601174474}}}, "NetPyNE": {"L23_BP_cNAC187_1": {"mean_frequency": {"0.1": 64.82737826025809, "0.2": 93.2751617271583, "0.4": 134.9114800141345, "0.8": 233.1632142501335}, "ISI_CV": {"0.1": 0.06630472781628184, "0.2": 0.04723608387648246, "0.4": 0.01303334686579219, "0.8": 0.0876373547721689}, "time_to_first_spike": {"0.1": 2.6000000000911996, "0.2": 1.6000000000909722, "0.4": 1.0000000000908358, "0.8": 0.7000000000907676}, "time_to_second_spike": {"0.1": 14.800000000093974, "0.2": 10.000000000092882, "0.4": 7.400000000092291, "0.8": 5.700000000091904}, "AP_height": {"0.1": 24.997985351098045, "0.2": 27.254630545901556, "0.4": 31.191794793335536, "0.8": 29.212530577192396}, "AP_width": {"0.1": 0.7000000000001592, "0.2": 0.7000000000001592, "0.4": 0.8000000000001819, "0.8": 0.7000000000001592}, "AP_amplitude": {"0.1": 80.88025641100283, "0.2": 96.20512418995034, "0.4": 100.14228843395493, "0.8": 98.1630242537218}, "voltage_base": {"0.1": -68.9474546113425, "0.2": -68.9474546113425, "0.4": -68.9474546113425, "0.8": -68.9474546113425}}}}