{"BBP": {"L6_MC_cNAC187_4": {"mean_frequency": {"0.1": 26.08346709472077, "0.2": 47.07767816901082, "0.4": 75.6550929405795, "0.8": 112.629523952622}, "ISI_CV": {"0.1": 0.008648748014712907, "0.2": 0.010050245749333697, "0.4": 0.010396604629678783, "0.8": 0.015539865142894748}, "time_to_first_spike": {"0.1": 20.300000000095224, "0.2": 7.300000000092268, "0.4": 3.200000000091336, "0.8": 1.700000000090995}, "time_to_second_spike": {"0.1": 58.000000000103796, "0.2": 28.400000000097066, "0.4": 14.70000000009395, "0.8": 9.400000000092746}, "AP_height": {"0.1": 8.221443252091683, "0.2": 12.388045756191342, "0.4": 20.32823280797034, "0.8": 23.78077063387069}, "AP_width": {"0.1": 0.7000000000001592, "0.2": 0.7000000000001592, "0.4": 0.8000000000001819, "0.8": 0.8000000000001819}, "AP_amplitude": {"0.1": 58.58865392710739, "0.2": 62.620548404732176, "0.4": 73.64434232994394, "0.8": 91.47992711592875}, "voltage_base": {"0.1": -67.69674125418094, "0.2": -67.69674125418094, "0.4": -67.69674125418094, "0.8": -67.69674125418094}}}, "NetPyNE": {"L6_MC_cNAC187_4": {"mean_frequency": {"0.1": 26.01560936563706, "0.2": 47.08475255463028, "0.4": 75.47929351386394, "0.8": 112.23569495949104}, "ISI_CV": {"0.1": 0.00838171129429602, "0.2": 0.010557936456251887, "0.4": 0.010548880056478317, "0.8": 0.016528481178987805}, "time_to_first_spike": {"0.1": 20.50000000009527, "0.2": 7.400000000092291, "0.4": 3.3000000000913587, "0.8": 1.8000000000910177}, "time_to_second_spike": {"0.1": 58.300000000103864, "0.2": 28.50000000009709, "0.4": 14.900000000093996, "0.8": 9.600000000092791}, "AP_height": {"0.1": 8.588982188328547, "0.2": 13.217635283943514, "0.4": 18.824682186912604, "0.8": 22.903012143331296}, "AP_width": {"0.1": 0.7000000000001592, "0.2": 0.7000000000001592, "0.4": 0.8000000000001819, "0.8": 0.8000000000001819}, "AP_amplitude": {"0.1": 58.03255648800328, "0.2": 63.42812976313854, "0.4": 71.3264350710046, "0.8": 90.60216498878474}, "voltage_base": {"0.1": -67.69673761385319, "0.2": -67.69673761385319, "0.4": -67.69673761385319, "0.8": -67.69673761385319}}}}