{"BBP": {"L5_TTPC2_cADpyr232_4": {"mean_frequency": {"0.1": 0, "0.2": 0, "0.4": 7.231031454991692, "0.8": 12.570394207570882}, "ISI_CV": {"0.1": 0, "0.2": 0, "0.4": 0.0388179147573627, "0.8": 0.11555066457561407}, "time_to_first_spike": {"0.1": 0, "0.2": 0, "0.4": 32.500000000098, "0.8": 11.700000000093269}, "time_to_second_spike": {"0.1": 0, "0.2": 0, "0.4": 86.80000000011034, "0.8": 33.30000000009818}, "AP_height": {"0.1": 0, "0.2": 0, "0.4": 31.501909771051494, "0.8": 32.75720544792183}, "AP_width": {"0.1": 0, "0.2": 0, "0.4": 0.9000000000002046, "0.8": 0.9000000000002046}, "AP_amplitude": {"0.1": 0, "0.2": 0, "0.4": 84.28736281738588, "0.8": 86.08017016949583}, "voltage_base": {"0.1": -70.71425742262944, "0.2": -70.71425742262944, "0.4": -70.71425742262944, "0.8": -70.71425742262944}}}, "NetPyNE": {"L5_TTPC2_cADpyr232_4": {"mean_frequency": {"0.1": 0, "0.2": 0, "0.4": 7.15051841258974, "0.8": 12.469475762464855}, "ISI_CV": {"0.1": 0, "0.2": 0, "0.4": 0.036127799139998557, "0.8": 0.11683905190808778}, "time_to_first_spike": {"0.1": 0, "0.2": 0, "0.4": 32.70000000009804, "0.8": 11.900000000093314}, "time_to_second_spike": {"0.1": 0, "0.2": 0, "0.4": 87.70000000011055, "0.8": 33.70000000009827}, "AP_height": {"0.1": 0, "0.2": 0, "0.4": 30.205295454704203, "0.8": 30.913580654819857}, "AP_width": {"0.1": 0, "0.2": 0, "0.4": 0.9000000000002046, "0.8": 0.9000000000002046}, "AP_amplitude": {"0.1": 0, "0.2": 0, "0.4": 82.91138926815758, "0.8": 83.72977207790599}, "voltage_base": {"0.1": -70.71425666199885, "0.2": -70.71425666199885, "0.4": -70.71425666199885, "0.8": -70.71425666199885}}}}