{"BBP": {"L5_ChC_cACint209_2": {"mean_frequency": {"0.1": 23.935628437579833, "0.2": 36.74989931536928, "0.4": 65.81922323272317, "0.8": 126.33478718612885}, "ISI_CV": {"0.1": 0.25907398789347674, "0.2": 0.22532444266817048, "0.4": 0.165582444966481, "0.8": 0.09481210346996632}, "time_to_first_spike": {"0.1": 12.600000000093473, "0.2": 5.800000000091927, "0.4": 2.800000000091245, "0.8": 1.5000000000909495}, "time_to_second_spike": {"0.1": 29.60000000009734, "0.2": 16.600000000094383, "0.4": 10.900000000093087, "0.8": 7.800000000092382}, "AP_height": {"0.1": 26.174819686819543, "0.2": 28.1344039732339, "0.4": 32.58090320098506, "0.8": 31.760806855877043}, "AP_width": {"0.1": 0.8000000000001819, "0.2": 0.8000000000001819, "0.4": 0.9000000000002046, "0.8": 1.0000000000002274}, "AP_amplitude": {"0.1": 81.21610466915652, "0.2": 83.699388027981, "0.4": 87.58253393590029, "0.8": 102.53230548559415}, "voltage_base": {"0.1": -70.77084469221752, "0.2": -70.77084469221752, "0.4": -70.77084469221752, "0.8": -70.77084469221752}}}, "NetPyNE": {"L5_ChC_cACint209_2": {"mean_frequency": {"0.1": 23.8736221872463, "0.2": 36.709242683319694, "0.4": 65.89868705673771, "0.8": 126.48062638033083}, "ISI_CV": {"0.1": 0.2589668247875956, "0.2": 0.22535202996265, "0.4": 0.16455953909595955, "0.8": 0.09219006336624641}, "time_to_first_spike": {"0.1": 12.700000000093496, "0.2": 5.90000000009195, "0.4": 2.900000000091268, "0.8": 1.6000000000909722}, "time_to_second_spike": {"0.1": 29.70000000009736, "0.2": 16.80000000009443, "0.4": 11.00000000009311, "0.8": 7.900000000092405}, "AP_height": {"0.1": 26.09628040344986, "0.2": 27.05546822767431, "0.4": 31.927097914438693, "0.8": 34.532420820893634}, "AP_width": {"0.1": 0.8000000000001819, "0.2": 0.9000000000002046, "0.4": 0.9000000000002046, "0.8": 0.9000000000002046}, "AP_amplitude": {"0.1": 80.26837081443922, "0.2": 81.59798936709853, "0.4": 87.08304242222523, "0.8": 105.30391848010605}, "voltage_base": {"0.1": -70.77084372056896, "0.2": -70.77084372056896, "0.4": -70.77084372056896, "0.8": -70.77084372056896}}}}