{"BBP": {"L5_DBC_bSTUT213_2": {"mean_frequency": {"0.1": 0, "0.2": 9.090909090915252, "0.4": 74.2673625050685, "0.8": 128.834970924491}, "ISI_CV": {"0.1": 0, "0.2": 0.6042883370666579, "0.4": 0.034828892423375696, "0.8": 0.013321507969829314}, "time_to_first_spike": {"0.1": 0, "0.2": 16.90000000009445, "0.4": 5.400000000091836, "0.8": 2.800000000091245}, "time_to_second_spike": {"0.1": 0, "0.2": 42.10000000010018, "0.4": 15.700000000094178, "0.8": 10.000000000092882}, "AP_height": {"0.1": 0, "0.2": 1.7694212609071935, "0.4": 9.791961914061112, "0.8": 13.450582854105418}, "AP_width": {"0.1": 0, "0.2": 0.7000000000001592, "0.4": 0.7000000000001592, "0.8": 0.7000000000001592}, "AP_amplitude": {"0.1": 0, "0.2": 55.73977355116239, "0.4": 65.08686912016832, "0.8": 89.01759343361684}, "voltage_base": {"0.1": -75.55259546174179, "0.2": -75.55259546174179, "0.4": -75.55259546174179, "0.8": -75.55259546174179}}}, "NetPyNE": {"L5_DBC_bSTUT213_2": {"mean_frequency": {"0.1": 0, "0.2": 8.621126831995287, "0.4": 74.50745074512518, "0.8": 128.44957350736271}, "ISI_CV": {"0.1": 0, "0.2": 0.10292019908966048, "0.4": 0.02258809461372426, "0.8": 0.011712817855011414}, "time_to_first_spike": {"0.1": 0, "0.2": 15.500000000094133, "0.4": 5.500000000091859, "0.8": 2.800000000091245}, "time_to_second_spike": {"0.1": 0, "0.2": 40.100000000099726, "0.4": 16.000000000094246, "0.8": 10.100000000092905}, "AP_height": {"0.1": 0, "0.2": 2.485211699160774, "0.4": 9.119057846880525, "0.8": 15.640493274728408}, "AP_width": {"0.1": 0, "0.2": 0.7000000000001592, "0.4": 0.7000000000001592, "0.8": 0.7000000000001592}, "AP_amplitude": {"0.1": 0, "0.2": 57.81657949915926, "0.4": 64.89992223066092, "0.8": 91.05229533575462}, "voltage_base": {"0.1": -75.41176359665889, "0.2": -75.41176359665889, "0.4": -75.41176359665889, "0.8": -75.41176359665889}}}}