{"BBP": {"L6_ChC_cNAC187_3": {"mean_frequency": {"0.1": 37.78527885538358, "0.2": 60.911150264325244, "0.4": 93.63108351698735, "0.8": 145.6748097718251}, "ISI_CV": {"0.1": 0.014466079853957946, "0.2": 0.009843605026820652, "0.4": 0.012238567763358974, "0.8": 0.041271817235687715}, "time_to_first_spike": {"0.1": 9.90000000009286, "0.2": 4.600000000091654, "0.4": 2.3000000000911314, "0.8": 1.4000000000909267}, "time_to_second_spike": {"0.1": 34.7000000000985, "0.2": 19.00000000009493, "0.4": 11.4000000000932, "0.8": 7.900000000092405}, "AP_height": {"0.1": 11.799363389644176, "0.2": 17.338046763130595, "0.4": 17.657922024204805, "0.8": 21.754629058555576}, "AP_width": {"0.1": 0.7000000000001592, "0.2": 0.7000000000001592, "0.4": 0.8000000000001819, "0.8": 0.8000000000001819}, "AP_amplitude": {"0.1": 67.23466077281925, "0.2": 72.82424950484291, "0.4": 72.54739907856201, "0.8": 90.03180477107716}, "voltage_base": {"0.1": -68.27464847412529, "0.2": -68.27464847412529, "0.4": -68.27464847412529, "0.8": -68.27464847412529}}}, "NetPyNE": {"L6_ChC_cNAC187_3": {"mean_frequency": {"0.1": 37.650602409664124, "0.2": 60.672917815816184, "0.4": 93.25177980553815, "0.8": 145.3998495864613}, "ISI_CV": {"0.1": 0.014259993130868776, "0.2": 0.009701340315950711, "0.4": 0.012755586301924244, "0.8": 0.043525814095776764}, "time_to_first_spike": {"0.1": 10.000000000092882, "0.2": 4.700000000091677, "0.4": 2.400000000091154, "0.8": 1.4000000000909267}, "time_to_second_spike": {"0.1": 34.900000000098544, "0.2": 19.10000000009495, "0.4": 11.500000000093223, "0.8": 8.000000000092427}, "AP_height": {"0.1": 11.590448263633995, "0.2": 16.272125020311865, "0.4": 20.287691203318726, "0.8": 22.57733878106182}, "AP_width": {"0.1": 0.7000000000001592, "0.2": 0.8000000000001819, "0.4": 0.7000000000001592, "0.8": 0.8000000000001819}, "AP_amplitude": {"0.1": 66.40375280256453, "0.2": 70.57259979574538, "0.4": 75.32383083108729, "0.8": 90.85451034167141}, "voltage_base": {"0.1": -68.27464431761143, "0.2": -68.27464431761143, "0.4": -68.27464431761143, "0.8": -68.27464431761143}}}}