{"BBP": {"L5_ChC_cNAC187_5": {"mean_frequency": {"0.1": 37.947783849448896, "0.2": 61.34660833714628, "0.4": 95.09509509515975, "0.8": 154.46003346638983}, "ISI_CV": {"0.1": 0.013511189631925534, "0.2": 0.00874650213218341, "0.4": 0.0167459500349011, "0.8": 0.11224605023726386}, "time_to_first_spike": {"0.1": 9.90000000009286, "0.2": 4.700000000091677, "0.4": 2.400000000091154, "0.8": 1.4000000000909267}, "time_to_second_spike": {"0.1": 34.600000000098476, "0.2": 18.900000000094906, "0.4": 11.4000000000932, "0.8": 7.900000000092405}, "AP_height": {"0.1": 13.840733317266698, "0.2": 16.662060805546556, "0.4": 17.245336469754562, "0.8": 22.43701048027335}, "AP_width": {"0.1": 0.7000000000001592, "0.2": 0.8000000000001819, "0.4": 0.8000000000001819, "0.8": 0.8000000000001819}, "AP_amplitude": {"0.1": 68.21491899045691, "0.2": 72.38119950948867, "0.4": 72.7253364144945, "0.8": 90.84108596846676}, "voltage_base": {"0.1": -68.40144530277037, "0.2": -68.40144530277037, "0.4": -68.40144530277037, "0.8": -68.40144530277037}}}, "NetPyNE": {"L5_ChC_cNAC187_5": {"mean_frequency": {"0.1": 37.7947994356233, "0.2": 61.09469678005054, "0.4": 94.73209362945639, "0.8": 152.8919659599398}, "ISI_CV": {"0.1": 0.01319895376440242, "0.2": 0.008651734103168088, "0.4": 0.017625512840685788, "0.8": 0.10992212028266665}, "time_to_first_spike": {"0.1": 10.100000000092905, "0.2": 4.8000000000917, "0.4": 2.500000000091177, "0.8": 1.5000000000909495}, "time_to_second_spike": {"0.1": 34.80000000009852, "0.2": 19.10000000009495, "0.4": 11.600000000093246, "0.8": 8.000000000092427}, "AP_height": {"0.1": 12.074756336309365, "0.2": 16.418312254403922, "0.4": 19.21453953491845, "0.8": 21.946477666563272}, "AP_width": {"0.1": 0.7000000000001592, "0.2": 0.8000000000001819, "0.4": 0.7000000000001592, "0.8": 0.8000000000001819}, "AP_amplitude": {"0.1": 66.12493853102579, "0.2": 71.4980894492029, "0.4": 73.67084683289318, "0.8": 90.35054897817268}, "voltage_base": {"0.1": -68.40144112178797, "0.2": -68.40144112178797, "0.4": -68.40144112178797, "0.8": -68.40144112178797}}}}