{"BBP": {"L6_NBC_bAC217_1": {"mean_frequency": {"0.1": 4.626297933590039, "0.2": 9.51760757401839, "0.4": 13.967925504406699, "0.8": 19.10027645138266}, "ISI_CV": {"0.1": 0.12523796000839227, "0.2": 0.3003807399688319, "0.4": 0.3166881111445777, "0.8": 0.3180673815408253}, "time_to_first_spike": {"0.1": 22.100000000095633, "0.2": 8.10000000009245, "0.4": 3.7000000000914497, "0.8": 1.9000000000910404}, "time_to_second_spike": {"0.1": 77.30000000010818, "0.2": 35.10000000009859, "0.4": 20.600000000095292, "0.8": 12.800000000093519}, "AP_height": {"0.1": 13.524391082884168, "0.2": 17.51262431136223, "0.4": 20.64945877770161, "0.8": 24.92163021470521}, "AP_width": {"0.1": 0.5000000000001137, "0.2": 0.6000000000001364, "0.4": 0.6000000000001364, "0.8": 0.7000000000001592}, "AP_amplitude": {"0.1": 68.74933276691763, "0.2": 72.63473944752593, "0.4": 75.76649349587271, "0.8": 96.78758325029352}, "voltage_base": {"0.1": -71.86296889120798, "0.2": -71.86296889120798, "0.4": -71.86296889120798, "0.8": -71.86296889120798}}}, "NetPyNE": {"L6_NBC_bAC217_1": {"mean_frequency": {"0.1": 4.566905160605922, "0.2": 9.502692429528038, "0.4": 13.765677577250045, "0.8": 18.825684339078567}, "ISI_CV": {"0.1": 0.1184317654259559, "0.2": 0.3071619063069589, "0.4": 0.3147875887481144, "0.8": 0.323082141113714}, "time_to_first_spike": {"0.1": 22.200000000095656, "0.2": 8.200000000092473, "0.4": 3.8000000000914724, "0.8": 2.000000000091063}, "time_to_second_spike": {"0.1": 77.90000000010832, "0.2": 35.40000000009866, "0.4": 20.800000000095338, "0.8": 13.000000000093564}, "AP_height": {"0.1": 13.569544657443966, "0.2": 17.666242848923073, "0.4": 23.444651325818967, "0.8": 26.986112279640018}, "AP_width": {"0.1": 0.6000000000001364, "0.2": 0.6000000000001364, "0.4": 0.6000000000001364, "0.8": 0.6000000000001364}, "AP_amplitude": {"0.1": 68.9031108165816, "0.2": 73.69629500008689, "0.4": 79.00666094178061, "0.8": 98.85206049260398}, "voltage_base": {"0.1": -71.86296405127264, "0.2": -71.86296405127264, "0.4": -71.86296405127264, "0.8": -71.86296405127264}}}}