{"BBP": {"L23_NGC_cNAC187_2": {"mean_frequency": {"0.1": 27.818522077809547, "0.2": 49.566915335736894, "0.4": 81.32121881437178, "0.8": 135.31799729372952}, "ISI_CV": {"0.1": 0.006665828435841336, "0.2": 0.024903355431555606, "0.4": 0.019850183441491507, "0.8": 0.09610848125431223}, "time_to_first_spike": {"0.1": 19.700000000095088, "0.2": 7.0000000000922, "0.4": 3.4000000000913815, "0.8": 1.9000000000910404}, "time_to_second_spike": {"0.1": 55.000000000103114, "0.2": 28.000000000096975, "0.4": 14.100000000093814, "0.8": 9.300000000092723}, "AP_height": {"0.1": 4.488775426042677, "0.2": 12.494003469719845, "0.4": 15.55560651953312, "0.8": 18.96055740397879}, "AP_width": {"0.1": 0.7000000000001592, "0.2": 0.7000000000001592, "0.4": 0.8000000000001819, "0.8": 0.8000000000001819}, "AP_amplitude": {"0.1": 55.51235806026334, "0.2": 65.46353567037318, "0.4": 69.91207785361713, "0.8": 87.70192063694213}, "voltage_base": {"0.1": -68.73854772656176, "0.2": -68.73854772656176, "0.4": -68.73854772656176, "0.8": -68.73854772656176}}}, "NetPyNE": {"L23_NGC_cNAC187_2": {"mean_frequency": {"0.1": 27.72177419356719, "0.2": 49.56939715605212, "0.4": 81.10949782211492, "0.8": 133.02527480229068}, "ISI_CV": {"0.1": 0.006822486872133921, "0.2": 0.026043533263013823, "0.4": 0.020826848901445375, "0.8": 0.09842405760241019}, "time_to_first_spike": {"0.1": 19.900000000095133, "0.2": 7.100000000092223, "0.4": 3.4000000000913815, "0.8": 1.9000000000910404}, "time_to_second_spike": {"0.1": 55.30000000010318, "0.2": 28.20000000009702, "0.4": 14.30000000009386, "0.8": 9.400000000092746}, "AP_height": {"0.1": 3.807901990734931, "0.2": 12.193288196923175, "0.4": 14.624440710067649, "0.8": 20.261173206033188}, "AP_width": {"0.1": 0.7000000000001592, "0.2": 0.8000000000001819, "0.4": 0.8000000000001819, "0.8": 0.8000000000001819}, "AP_amplitude": {"0.1": 55.50556153500563, "0.2": 65.67428274001108, "0.4": 68.11633498661946, "0.8": 89.00253189409817}, "voltage_base": {"0.1": -68.73854317709703, "0.2": -68.73854317709703, "0.4": -68.73854317709703, "0.8": -68.73854317709703}}}}