{"BBP": {"L4_MC_dNAC222_5": {"mean_frequency": {"0.1": 0, "0.2": 28.568564554951248, "0.4": 63.59857779562638, "0.8": 101.48713826373451}, "ISI_CV": {"0.1": 0, "0.2": 0.033092276081074394, "0.4": 0.010543580958609034, "0.8": 0.014913962687440203}, "time_to_first_spike": {"0.1": 0, "0.2": 15.000000000094019, "0.4": 4.100000000091541, "0.8": 2.000000000091063}, "time_to_second_spike": {"0.1": 0, "0.2": 53.00000000010266, "0.4": 17.800000000094656, "0.8": 10.400000000092973}, "AP_height": {"0.1": 0, "0.2": 14.675965941789157, "0.4": 21.169889938565984, "0.8": 22.930037789897682}, "AP_width": {"0.1": 0, "0.2": 0.6000000000001364, "0.4": 0.7000000000001592, "0.8": 0.6000000000001364}, "AP_amplitude": {"0.1": 0, "0.2": 70.5479759821023, "0.4": 76.40299430879587, "0.8": 96.28332252842036}, "voltage_base": {"0.1": -73.34894490801611, "0.2": -73.34894490801611, "0.4": -73.34894490801611, "0.8": -73.34894490801611}}}, "NetPyNE": {"L4_MC_dNAC222_5": {"mean_frequency": {"0.1": 0, "0.2": 28.381734326713246, "0.4": 63.19907709288539, "0.8": 100.85804606359403}, "ISI_CV": {"0.1": 0, "0.2": 0.03385469853891763, "0.4": 0.010421540992841254, "0.8": 0.015747348099007002}, "time_to_first_spike": {"0.1": 0, "0.2": 15.300000000094087, "0.4": 4.200000000091563, "0.8": 2.000000000091063}, "time_to_second_spike": {"0.1": 0, "0.2": 53.600000000102796, "0.4": 18.100000000094724, "0.8": 10.600000000093019}, "AP_height": {"0.1": 0, "0.2": 16.062231352319095, "0.4": 19.73262063721035, "0.8": 27.986953418290007}, "AP_width": {"0.1": 0, "0.2": 0.6000000000001364, "0.4": 0.7000000000001592, "0.8": 0.7000000000001592}, "AP_amplitude": {"0.1": 0, "0.2": 71.45470289250909, "0.4": 75.67958832632833, "0.8": 101.34022996590838}, "voltage_base": {"0.1": -73.34893669113976, "0.2": -73.34893669113976, "0.4": -73.34893669113976, "0.8": -73.34893669113976}}}}