{"BBP": {"L6_BPC_cADpyr231_4": {"mean_frequency": {"0.1": 0, "0.2": 6.385016494630193, "0.4": 11.031149866057698, "0.8": 27.528905350636865}, "ISI_CV": {"0.1": 0, "0.2": 0.30585304662896334, "0.4": 0.317304130474711, "0.8": 0.14084630520575536}, "time_to_first_spike": {"0.1": 0, "0.2": 25.700000000096452, "0.4": 7.6000000000923364, "0.8": 2.6000000000911996}, "time_to_second_spike": {"0.1": 0, "0.2": 67.00000000010584, "0.4": 27.10000000009677, "0.8": 14.30000000009386}, "AP_height": {"0.1": 0, "0.2": 27.44227796610091, "0.4": 33.541957519626514, "0.8": 39.70843582847658}, "AP_width": {"0.1": 0, "0.2": 1.1000000000002501, "0.4": 1.2000000000002728, "0.8": 1.2000000000002728}, "AP_amplitude": {"0.1": 0, "0.2": 79.81115782341311, "0.4": 87.21897103774924, "0.8": 112.31851794157163}, "voltage_base": {"0.1": -72.60993803621787, "0.2": -72.60993803621787, "0.4": -72.60993803621787, "0.8": -72.60993803621787}}}, "NetPyNE": {"L6_BPC_cADpyr231_4": {"mean_frequency": {"0.1": 0, "0.2": 6.341154090048618, "0.4": 10.954045172403147, "0.8": 27.56754047418043}, "ISI_CV": {"0.1": 0, "0.2": 0.30494946728105454, "0.4": 0.31612583478070005, "0.8": 0.14173886460314172}, "time_to_first_spike": {"0.1": 0, "0.2": 25.900000000096497, "0.4": 7.700000000092359, "0.8": 2.6000000000911996}, "time_to_second_spike": {"0.1": 0, "0.2": 67.20000000010589, "0.4": 27.200000000096793, "0.8": 14.500000000093905}, "AP_height": {"0.1": 0, "0.2": 26.465057587326257, "0.4": 33.3515808859311, "0.8": 39.01398204489019}, "AP_width": {"0.1": 0, "0.2": 1.1000000000002501, "0.4": 1.2000000000002728, "0.8": 1.2000000000002728}, "AP_amplitude": {"0.1": 0, "0.2": 78.93110555674531, "0.4": 86.07425974222221, "0.8": 111.6240638148503}, "voltage_base": {"0.1": -72.60993768758331, "0.2": -72.60993768758331, "0.4": -72.60993768758331, "0.8": -72.60993768758331}}}}