{"BBP": {"L5_MC_bAC217_5": {"mean_frequency": {"0.1": 5.8124174372561885, "0.2": 10.001000100016801, "0.4": 14.27842937277864, "0.8": 19.671138908517324}, "ISI_CV": {"0.1": 0.27312250276335764, "0.2": 0.31642600010751787, "0.4": 0.3367010560005316, "0.8": 0.3396363707367915}, "time_to_first_spike": {"0.1": 17.90000000009468, "0.2": 7.300000000092268, "0.4": 3.4000000000913815, "0.8": 1.8000000000910177}, "time_to_second_spike": {"0.1": 62.80000000010489, "0.2": 32.20000000009793, "0.4": 19.00000000009493, "0.8": 11.800000000093291}, "AP_height": {"0.1": 15.019047166719849, "0.2": 18.6433922881893, "0.4": 21.50983856405177, "0.8": 26.170023750053073}, "AP_width": {"0.1": 0.6000000000001364, "0.2": 0.6000000000001364, "0.4": 0.6000000000001364, "0.8": 0.6000000000001364}, "AP_amplitude": {"0.1": 70.00098647307134, "0.2": 73.63161653007732, "0.4": 76.37361892847989, "0.8": 97.03639436297497}, "voltage_base": {"0.1": -70.86359801471302, "0.2": -70.86359801471302, "0.4": -70.86359801471302, "0.8": -70.86359801471302}}}, "NetPyNE": {"L5_MC_bAC217_5": {"mean_frequency": {"0.1": 5.614249987244133, "0.2": 10.018983336855454, "0.4": 14.146415399393208, "0.8": 19.547325102893822}, "ISI_CV": {"0.1": 0.25409628783150534, "0.2": 0.3262778726601844, "0.4": 0.32628320662704163, "0.8": 0.343858860020647}, "time_to_first_spike": {"0.1": 18.100000000094724, "0.2": 7.400000000092291, "0.4": 3.500000000091404, "0.8": 1.9000000000910404}, "time_to_second_spike": {"0.1": 63.300000000105, "0.2": 32.500000000098, "0.4": 19.200000000094974, "0.8": 11.900000000093314}, "AP_height": {"0.1": 14.459221747345946, "0.2": 18.774026963959663, "0.4": 22.071959987860517, "0.8": 24.052212484269532}, "AP_width": {"0.1": 0.5000000000001137, "0.2": 0.6000000000001364, "0.4": 0.6000000000001364, "0.8": 0.6000000000001364}, "AP_amplitude": {"0.1": 68.54440832340893, "0.2": 73.32125959564505, "0.4": 77.24660617548041, "0.8": 94.91857883428744}, "voltage_base": {"0.1": -70.86359373636232, "0.2": -70.86359373636232, "0.4": -70.86359373636232, "0.8": -70.86359373636232}}}}