{"BBP": {"L6_NBC_cSTUT189_4": {"mean_frequency": {"0.1": 0, "0.2": 5.652911249291196, "0.4": 54.884189325314175, "0.8": 88.34454372056999}, "ISI_CV": {"0.1": 0, "0.2": 0, "0.4": 0.042347855477814174, "0.8": 0.024585069336729035}, "time_to_first_spike": {"0.1": 0, "0.2": 17.60000000009461, "0.4": 4.700000000091677, "0.8": 2.3000000000911314}, "time_to_second_spike": {"0.1": 0, "0.2": 353.80000000013706, "0.4": 19.900000000095133, "0.8": 11.600000000093246}, "AP_height": {"0.1": 0, "0.2": 15.298403732596318, "0.4": 19.265436464405077, "0.8": 26.222608256897587}, "AP_width": {"0.1": 0, "0.2": 0.6000000000001364, "0.4": 0.7000000000001592, "0.8": 0.7000000000001592}, "AP_amplitude": {"0.1": 0, "0.2": 69.84909253794227, "0.4": 74.74737750733718, "0.8": 100.97769928637169}, "voltage_base": {"0.1": -74.64460495643876, "0.2": -74.64460495643876, "0.4": -74.64460495643876, "0.8": -74.64460495643876}}}, "NetPyNE": {"L6_NBC_cSTUT189_4": {"mean_frequency": {"0.1": 0, "0.2": 0, "0.4": 54.08653846157522, "0.8": 87.50754375383127}, "ISI_CV": {"0.1": 0, "0.2": 0, "0.4": 0.029251419465748753, "0.8": 0.020771016683665468}, "time_to_first_spike": {"0.1": 0, "0.2": 0, "0.4": 4.8000000000917, "0.8": 2.400000000091154}, "time_to_second_spike": {"0.1": 0, "0.2": 0, "0.4": 21.100000000095406, "0.8": 11.800000000093291}, "AP_height": {"0.1": 0, "0.2": 0, "0.4": 19.197404163378202, "0.8": 24.94989679777035}, "AP_width": {"0.1": 0, "0.2": 0, "0.4": 0.7000000000001592, "0.8": 0.7000000000001592}, "AP_amplitude": {"0.1": 0, "0.2": 0, "0.4": 74.05765718811098, "0.8": 99.87715149224015}, "voltage_base": {"0.1": -74.92624845834035, "0.2": -74.92624845834035, "0.4": -74.92624845834035, "0.8": -74.92624845834035}}}}