{"BBP": {"L1_NGC-SA_cNAC187_5": {"mean_frequency": {"0.1": 44.0110027507176, "0.2": 66.11239106485512, "0.4": 96.72730917663065, "0.8": 142.20619898863004}, "ISI_CV": {"0.1": 0.04901948380635174, "0.2": 0.04093646470950214, "0.4": 0.024221899270181656, "0.8": 0.020033268063557354}, "time_to_first_spike": {"0.1": 5.600000000091882, "0.2": 3.0000000000912905, "0.4": 1.8000000000910177, "0.8": 1.1000000000908585}, "time_to_second_spike": {"0.1": 25.30000000009636, "0.2": 15.300000000094087, "0.4": 10.200000000092928, "0.8": 7.300000000092268}, "AP_height": {"0.1": 22.19309600548112, "0.2": 23.815901861814687, "0.4": 24.48571565441489, "0.8": 29.815670931220296}, "AP_width": {"0.1": 0.7000000000001592, "0.2": 0.6000000000001364, "0.4": 0.7000000000001592, "0.8": 0.7000000000001592}, "AP_amplitude": {"0.1": 78.35754084750046, "0.2": 79.61493327529976, "0.4": 93.73780011355738, "0.8": 99.06775538835367}, "voltage_base": {"0.1": -69.24873481417922, "0.2": -69.24873481417922, "0.4": -69.24873481417922, "0.8": -69.24873481417922}}}, "NetPyNE": {"L1_NGC-SA_cNAC187_5": {"mean_frequency": {"0.1": 43.7890074491942, "0.2": 65.75645015565152, "0.4": 96.16347791251653, "0.8": 141.3038031769262}, "ISI_CV": {"0.1": 0.048881004113778805, "0.2": 0.04038195540516529, "0.4": 0.023380629831232243, "0.8": 0.02080516681219062}, "time_to_first_spike": {"0.1": 5.700000000091904, "0.2": 3.0000000000912905, "0.4": 1.8000000000910177, "0.8": 1.1000000000908585}, "time_to_second_spike": {"0.1": 25.60000000009643, "0.2": 15.500000000094133, "0.4": 10.30000000009295, "0.8": 7.400000000092291}, "AP_height": {"0.1": 22.175476893769524, "0.2": 20.58916129279945, "0.4": 26.992333723290507, "0.8": 27.124860747051645}, "AP_width": {"0.1": 0.6000000000001364, "0.2": 0.7000000000001592, "0.4": 0.7000000000001592, "0.8": 0.8000000000001819}, "AP_amplitude": {"0.1": 78.86447088575771, "0.2": 76.54983553562613, "0.4": 96.24441245153892, "0.8": 96.37693947458189}, "voltage_base": {"0.1": -69.24872907761713, "0.2": -69.24872907761713, "0.4": -69.24872907761713, "0.8": -69.24872907761713}}}}