{"BBP": {"L1_SLAC_bNAC219_1": {"mean_frequency": {"0.1": 38.86533414095104, "0.2": 84.70328789099581, "0.4": 126.06933813606051, "0.8": 183.77566349536778}, "ISI_CV": {"0.1": 0.07909167664323756, "0.2": 0.02768980758805666, "0.4": 0.015876150758518472, "0.8": 0.014235391625113608}, "time_to_first_spike": {"0.1": 7.800000000092382, "0.2": 4.000000000091518, "0.4": 2.3000000000911314, "0.8": 1.4000000000909267}, "time_to_second_spike": {"0.1": 22.200000000095656, "0.2": 13.700000000093723, "0.4": 9.700000000092814, "0.8": 7.300000000092268}, "AP_height": {"0.1": 9.759561533062948, "0.2": 13.87233452477586, "0.4": 17.011277358081447, "0.8": 18.817104233702377}, "AP_width": {"0.1": 0.6000000000001364, "0.2": 0.6000000000001364, "0.4": 0.6000000000001364, "0.8": 0.7000000000001592}, "AP_amplitude": {"0.1": 66.60105672956881, "0.2": 70.30664811709836, "0.4": 86.20037747179263, "0.8": 89.78625330073093}, "voltage_base": {"0.1": -70.96903038219553, "0.2": -70.96903038219553, "0.4": -70.96903038219553, "0.8": -70.96903038219553}}}, "NetPyNE": {"L1_SLAC_bNAC219_1": {"mean_frequency": {"0.1": 38.70513722733099, "0.2": 84.27389014302189, "0.4": 125.2442262412554, "0.8": 182.6918264178628}, "ISI_CV": {"0.1": 0.07937459005844823, "0.2": 0.02729104931876455, "0.4": 0.01542241479947298, "0.8": 0.014913239257011475}, "time_to_first_spike": {"0.1": 7.900000000092405, "0.2": 4.100000000091541, "0.4": 2.400000000091154, "0.8": 1.5000000000909495}, "time_to_second_spike": {"0.1": 22.4000000000957, "0.2": 13.800000000093746, "0.4": 9.800000000092837, "0.8": 7.400000000092291}, "AP_height": {"0.1": 9.766551095914474, "0.2": 13.115398146605225, "0.4": 15.479749520134229, "0.8": 18.804716701832955}, "AP_width": {"0.1": 0.7000000000001592, "0.2": 0.7000000000001592, "0.4": 0.7000000000001592, "0.8": 0.7000000000001592}, "AP_amplitude": {"0.1": 66.03743358328504, "0.2": 68.63831465077737, "0.4": 84.70756077365084, "0.8": 89.77386559344757}, "voltage_base": {"0.1": -70.96903020606085, "0.2": -70.96903020606085, "0.4": -70.96903020606085, "0.8": -70.96903020606085}}}}