{"BBP": {"L6_BP_cACint209_1": {"mean_frequency": {"0.1": 42.51700680275, "0.2": 80.76247805372931, "0.4": 161.74261392099126, "0.8": 285.32812734664236}, "ISI_CV": {"0.1": 0.21272435783253624, "0.2": 0.13577461669413163, "0.4": 0.06224851079204859, "0.8": 0.01947458706911215}, "time_to_first_spike": {"0.1": 5.600000000091882, "0.2": 2.3000000000911314, "0.4": 1.2000000000908813, "0.8": 0.7000000000907676}, "time_to_second_spike": {"0.1": 15.300000000094087, "0.2": 9.800000000092837, "0.4": 7.100000000092223, "0.8": 5.3000000000918135}, "AP_height": {"0.1": 30.31859043524965, "0.2": 33.972463245780254, "0.4": 34.3511264964486, "0.8": 37.78514982189861}, "AP_width": {"0.1": 0.9000000000002046, "0.2": 0.9000000000002046, "0.4": 0.9000000000002046, "0.8": 0.9000000000002046}, "AP_amplitude": {"0.1": 87.10934080879485, "0.2": 103.55272954310698, "0.4": 103.93139279158449, "0.8": 107.36541611265287}, "voltage_base": {"0.1": -69.579603528537, "0.2": -69.579603528537, "0.4": -69.579603528537, "0.8": -69.579603528537}}}, "NetPyNE": {"L6_BP_cACint209_1": {"mean_frequency": {"0.1": 42.5337991797341, "0.2": 80.8395260092937, "0.4": 161.14503052758428, "0.8": 202.39190432369668}, "ISI_CV": {"0.1": 0.2141006660672866, "0.2": 0.13464051027325444, "0.4": 0.06004743835284038, "0.8": 0.3636279623478633}, "time_to_first_spike": {"0.1": 5.700000000091904, "0.2": 2.400000000091154, "0.4": 1.2000000000908813, "0.8": 0.7000000000907676}, "time_to_second_spike": {"0.1": 15.500000000094133, "0.2": 9.90000000009286, "0.4": 7.2000000000922455, "0.8": 5.400000000091836}, "AP_height": {"0.1": 30.025595605718394, "0.2": 32.25120095373087, "0.4": 35.71702657019898, "0.8": 36.92540240866777}, "AP_width": {"0.1": 0.8000000000001819, "0.2": 0.8000000000001819, "0.4": 0.9000000000002046, "0.8": 1.0000000000002274}, "AP_amplitude": {"0.1": 86.22153676734577, "0.2": 101.83146612595569, "0.4": 105.2972915252715, "0.8": 0}, "voltage_base": {"0.1": -69.57960236094601, "0.2": -69.57960236094601, "0.4": -69.57960236094601, "0.8": -69.57960236094601}}}}