{"BBP": {"L5_BP_cACint209_2": {"mean_frequency": {"0.1": 42.79097865488203, "0.2": 81.52445733725659, "0.4": 162.98896690081284, "0.8": 285.6142456984735}, "ISI_CV": {"0.1": 0.21376015823877806, "0.2": 0.13423963583559612, "0.4": 0.06136811854829992, "0.8": 0.01989602644484714}, "time_to_first_spike": {"0.1": 5.700000000091904, "0.2": 2.3000000000911314, "0.4": 1.2000000000908813, "0.8": 0.7000000000907676}, "time_to_second_spike": {"0.1": 15.40000000009411, "0.2": 9.800000000092837, "0.4": 7.100000000092223, "0.8": 5.400000000091836}, "AP_height": {"0.1": 28.285972815159635, "0.2": 34.84705936394846, "0.4": 35.264862538064115, "0.8": 38.08690905643804}, "AP_width": {"0.1": 0.9000000000002046, "0.2": 0.9000000000002046, "0.4": 0.9000000000002046, "0.8": 1.0000000000002274}, "AP_amplitude": {"0.1": 85.1034500361081, "0.2": 104.31562805772226, "0.4": 104.733431229692, "0.8": 107.55547774377413}, "voltage_base": {"0.1": -69.46790876577485, "0.2": -69.46790876577485, "0.4": -69.46790876577485, "0.8": -69.46790876577485}}}, "NetPyNE": {"L5_BP_cACint209_2": {"mean_frequency": {"0.1": 42.7436387408517, "0.2": 81.62652110777245, "0.4": 162.3978747933538, "0.8": 282.31054159594726}, "ISI_CV": {"0.1": 0.2137841173873535, "0.2": 0.13322867597678958, "0.4": 0.05921966120416252, "0.8": 0.02484260751782909}, "time_to_first_spike": {"0.1": 5.800000000091927, "0.2": 2.400000000091154, "0.4": 1.2000000000908813, "0.8": 0.7000000000907676}, "time_to_second_spike": {"0.1": 15.500000000094133, "0.2": 10.000000000092882, "0.4": 7.2000000000922455, "0.8": 5.500000000091859}, "AP_height": {"0.1": 28.066987067656452, "0.2": 33.99733159419628, "0.4": 34.079298457362206, "0.8": 35.57933048244938}, "AP_width": {"0.1": 0.9000000000002046, "0.2": 0.8000000000001819, "0.4": 0.9000000000002046, "0.8": 1.0000000000002274}, "AP_amplitude": {"0.1": 84.32501536476155, "0.2": 103.46589911180895, "0.4": 103.54786576679138, "0.8": 105.04789801548687}, "voltage_base": {"0.1": -69.46790758344358, "0.2": -69.46790758344358, "0.4": -69.46790758344358, "0.8": -69.46790758344358}}}}