{"BBP": {"L23_LBC_cNAC187_1": {"mean_frequency": {"0.1": 35.37676252087099, "0.2": 56.855345911988266, "0.4": 86.15939488058754, "0.8": 128.7381656064593}, "ISI_CV": {"0.1": 0.028510115253316134, "0.2": 0.023987225322942587, "0.4": 0.017925150263002537, "0.8": 0.016585847688276454}, "time_to_first_spike": {"0.1": 9.300000000092723, "0.2": 4.200000000091563, "0.4": 2.2000000000911086, "0.8": 1.300000000090904}, "time_to_second_spike": {"0.1": 35.40000000009866, "0.2": 19.300000000094997, "0.4": 11.600000000093246, "0.8": 8.000000000092427}, "AP_height": {"0.1": 16.92239858866123, "0.2": 20.73372502663209, "0.4": 24.853241277993956, "0.8": 27.012971073713537}, "AP_width": {"0.1": 0.7000000000001592, "0.2": 0.7000000000001592, "0.4": 0.7000000000001592, "0.8": 0.8000000000001819}, "AP_amplitude": {"0.1": 72.42931405988695, "0.2": 76.05629323496807, "0.4": 80.12963717899476, "0.8": 95.61475608410333}, "voltage_base": {"0.1": -68.59890264279697, "0.2": -68.59890264279697, "0.4": -68.59890264279697, "0.8": -68.59890264279697}}}, "NetPyNE": {"L23_LBC_cNAC187_1": {"mean_frequency": {"0.1": 35.20772558095137, "0.2": 56.58204396378589, "0.4": 85.76157279708922, "0.8": 128.06403201609507}, "ISI_CV": {"0.1": 0.028313137173623375, "0.2": 0.02345638224770495, "0.4": 0.01695549542068641, "0.8": 0.01771452713794707}, "time_to_first_spike": {"0.1": 9.500000000092768, "0.2": 4.300000000091586, "0.4": 2.3000000000911314, "0.8": 1.4000000000909267}, "time_to_second_spike": {"0.1": 35.6000000000987, "0.2": 19.500000000095042, "0.4": 11.800000000093291, "0.8": 8.200000000092473}, "AP_height": {"0.1": 15.989152915327956, "0.2": 20.020242462675533, "0.4": 23.02267203177277, "0.8": 24.4695417497749}, "AP_width": {"0.1": 0.7000000000001592, "0.2": 0.7000000000001592, "0.4": 0.8000000000001819, "0.8": 0.8000000000001819}, "AP_amplitude": {"0.1": 71.02429295380135, "0.2": 75.91483532341478, "0.4": 77.29904727431267, "0.8": 93.07132213777318}, "voltage_base": {"0.1": -68.59889801505744, "0.2": -68.59889801505744, "0.4": -68.59889801505744, "0.8": -68.59889801505744}}}}