{"BBP": {"L4_NBC_cACint209_5": {"mean_frequency": {"0.1": 26.086956521756733, "0.2": 42.3579244617301, "0.4": 78.71252381435208, "0.8": 166.21608090528972}, "ISI_CV": {"0.1": 0.24775656645058736, "0.2": 0.2098802484482505, "0.4": 0.1451421736741184, "0.8": 0.14876301422916177}, "time_to_first_spike": {"0.1": 13.100000000093587, "0.2": 5.90000000009195, "0.4": 2.900000000091268, "0.8": 1.6000000000909722}, "time_to_second_spike": {"0.1": 28.60000000009711, "0.2": 16.400000000094337, "0.4": 10.900000000093087, "0.8": 7.800000000092382}, "AP_height": {"0.1": 23.200580407757393, "0.2": 27.894991901860735, "0.4": 31.182543716140053, "0.8": 32.84235305204624}, "AP_width": {"0.1": 0.9000000000002046, "0.2": 0.9000000000002046, "0.4": 0.9000000000002046, "0.8": 1.0000000000002274}, "AP_amplitude": {"0.1": 78.61702901890693, "0.2": 83.97391705148709, "0.4": 86.3710884236468, "0.8": 103.28537579379199}, "voltage_base": {"0.1": -70.44243691323572, "0.2": -70.44243691323572, "0.4": -70.44243691323572, "0.8": -70.44243691323572}}}, "NetPyNE": {"L4_NBC_cACint209_5": {"mean_frequency": {"0.1": 26.031033074741956, "0.2": 42.360060514400885, "0.4": 78.92620148808896, "0.8": 167.95347438094234}, "ISI_CV": {"0.1": 0.2500698991425545, "0.2": 0.20956553729951627, "0.4": 0.14353970290662346, "0.8": 0.1444006076813944}, "time_to_first_spike": {"0.1": 13.20000000009361, "0.2": 6.000000000091973, "0.4": 3.0000000000912905, "0.8": 1.700000000090995}, "time_to_second_spike": {"0.1": 28.800000000097157, "0.2": 16.50000000009436, "0.4": 11.00000000009311, "0.8": 7.900000000092405}, "AP_height": {"0.1": 24.12073623146027, "0.2": 27.652538069061084, "0.4": 31.116310255402905, "0.8": 33.353458501156084}, "AP_width": {"0.1": 0.9000000000002046, "0.2": 0.8000000000001819, "0.4": 0.9000000000002046, "0.8": 0.9000000000002046}, "AP_amplitude": {"0.1": 79.02238316630311, "0.2": 82.86498953804315, "0.4": 86.5630907681713, "0.8": 103.7964804276602}, "voltage_base": {"0.1": -70.44243609250893, "0.2": -70.44243609250893, "0.4": -70.44243609250893, "0.8": -70.44243609250893}}}}