{"BBP": {"L5_ChC_cNAC187_3": {"mean_frequency": {"0.1": 37.46076743953129, "0.2": 60.44426535036589, "0.4": 93.30323551548851, "0.8": 147.81040184397258}, "ISI_CV": {"0.1": 0.013473738971884277, "0.2": 0.008913996717949072, "0.4": 0.013747557996635885, "0.8": 0.04959511640850718}, "time_to_first_spike": {"0.1": 10.200000000092928, "0.2": 4.700000000091677, "0.4": 2.400000000091154, "0.8": 1.4000000000909267}, "time_to_second_spike": {"0.1": 35.300000000098635, "0.2": 19.300000000094997, "0.4": 11.500000000093223, "0.8": 7.900000000092405}, "AP_height": {"0.1": 13.259762542322095, "0.2": 14.669548299496727, "0.4": 19.881801702520843, "0.8": 22.692081218576977}, "AP_width": {"0.1": 0.7000000000001592, "0.2": 0.7000000000001592, "0.4": 0.7000000000001592, "0.8": 0.8000000000001819}, "AP_amplitude": {"0.1": 68.0206329331877, "0.2": 70.52947758773003, "0.4": 75.46659430949599, "0.8": 90.98676215222905}, "voltage_base": {"0.1": -68.29215456755763, "0.2": -68.29215456755763, "0.4": -68.29215456755763, "0.8": -68.29215456755763}}}, "NetPyNE": {"L5_ChC_cNAC187_3": {"mean_frequency": {"0.1": 37.33225708810926, "0.2": 60.21980227835676, "0.4": 92.9508114355251, "0.8": 148.0296059212849}, "ISI_CV": {"0.1": 0.013305540188536344, "0.2": 0.008850501079921675, "0.4": 0.014238849691145502, "0.8": 0.0535471070336741}, "time_to_first_spike": {"0.1": 10.30000000009295, "0.2": 4.8000000000917, "0.4": 2.500000000091177, "0.8": 1.5000000000909495}, "time_to_second_spike": {"0.1": 35.50000000009868, "0.2": 19.500000000095042, "0.4": 11.700000000093269, "0.8": 8.10000000009245}, "AP_height": {"0.1": 12.918779376514237, "0.2": 15.886165255879787, "0.4": 19.370653064328923, "0.8": 19.907013632681796}, "AP_width": {"0.1": 0.8000000000001819, "0.2": 0.7000000000001592, "0.4": 0.8000000000001819, "0.8": 0.8000000000001819}, "AP_amplitude": {"0.1": 68.3165697692652, "0.2": 71.02912906721282, "0.4": 74.0004433584757, "0.8": 88.20169040602998}, "voltage_base": {"0.1": -68.29215040267937, "0.2": -68.29215040267937, "0.4": -68.29215040267937, "0.8": -68.29215040267937}}}}