{"BBP": {"L4_SBC_cACint209_2": {"mean_frequency": {"0.1": 25.423297910222104, "0.2": 39.99190037463476, "0.4": 74.72417251760342, "0.8": 150.24038461548673}, "ISI_CV": {"0.1": 0.2597333095784198, "0.2": 0.22070135702519822, "0.4": 0.16106787579549775, "0.8": 0.0665411899401881}, "time_to_first_spike": {"0.1": 7.300000000092268, "0.2": 3.600000000091427, "0.4": 1.9000000000910404, "0.8": 1.1000000000908585}, "time_to_second_spike": {"0.1": 21.400000000095474, "0.2": 13.20000000009361, "0.4": 9.100000000092678, "0.8": 6.700000000092132}, "AP_height": {"0.1": 29.761025778387854, "0.2": 32.38748557153049, "0.4": 34.74246353773121, "0.8": 36.32392231798399}, "AP_width": {"0.1": 0.9000000000002046, "0.2": 0.9000000000002046, "0.4": 0.9000000000002046, "0.8": 1.0000000000002274}, "AP_amplitude": {"0.1": 85.21517778989008, "0.2": 88.0042246115535, "0.4": 106.29596858532055, "0.8": 107.87742736329733}, "voltage_base": {"0.1": -71.55273301625294, "0.2": -71.55273301625294, "0.4": -71.55273301625294, "0.8": -71.55273301625294}}}, "NetPyNE": {"L4_SBC_cACint209_2": {"mean_frequency": {"0.1": 25.394890548038916, "0.2": 39.98178045450352, "0.4": 74.79168758161892, "0.8": 149.73208473143535}, "ISI_CV": {"0.1": 0.2596689689269979, "0.2": 0.22043006671087959, "0.4": 0.1597040792271134, "0.8": 0.06484304029877798}, "time_to_first_spike": {"0.1": 7.400000000092291, "0.2": 3.7000000000914497, "0.4": 2.000000000091063, "0.8": 1.1000000000908585}, "time_to_second_spike": {"0.1": 21.500000000095497, "0.2": 13.300000000093632, "0.4": 9.2000000000927, "0.8": 6.8000000000921546}, "AP_height": {"0.1": 29.028558882405235, "0.2": 30.686691384070674, "0.4": 32.30262827282609, "0.8": 33.04664872711919}, "AP_width": {"0.1": 0.8000000000001819, "0.2": 1.0000000000002274, "0.4": 1.0000000000002274, "0.8": 1.0000000000002274}, "AP_amplitude": {"0.1": 83.57432359248537, "0.2": 85.26945185285943, "0.4": 103.85613209264511, "0.8": 104.60015264985104}, "voltage_base": {"0.1": -71.5527318940882, "0.2": -71.5527318940882, "0.4": -71.5527318940882, "0.8": -71.5527318940882}}}}