{"BBP": {"L23_NBC_bNAC219_5": {"mean_frequency": {"0.1": 19.694980305033045, "0.2": 62.44963738924462, "0.4": 104.04161664672941, "0.8": 159.10341722130195}, "ISI_CV": {"0.1": 0.17896335757312917, "0.2": 0.02901094193433145, "0.4": 0.016719038101591987, "0.8": 0.01755091627785448}, "time_to_first_spike": {"0.1": 15.700000000094178, "0.2": 6.900000000092177, "0.4": 3.500000000091404, "0.8": 2.000000000091063}, "time_to_second_spike": {"0.1": 37.30000000009909, "0.2": 19.300000000094997, "0.4": 12.10000000009336, "0.8": 8.600000000092564}, "AP_height": {"0.1": 3.231585541956694, "0.2": 8.882801795573844, "0.4": 13.281362737055312, "0.8": 15.410783348226353}, "AP_width": {"0.1": 0.6000000000001364, "0.2": 0.6000000000001364, "0.4": 0.6000000000001364, "0.8": 0.7000000000001592}, "AP_amplitude": {"0.1": 59.03793924717583, "0.2": 64.82108980711459, "0.4": 68.75366106968784, "0.8": 86.01055629696293}, "voltage_base": {"0.1": -70.59966430451678, "0.2": -70.59966430451678, "0.4": -70.59966430451678, "0.8": -70.59966430451678}}}, "NetPyNE": {"L23_NBC_bNAC219_5": {"mean_frequency": {"0.1": 19.670146769570003, "0.2": 62.23025193219122, "0.4": 103.50198462550362, "0.8": 158.6665999300343}, "ISI_CV": {"0.1": 0.1784418761777165, "0.2": 0.02887097940202153, "0.4": 0.016728482943302543, "0.8": 0.017872708870488613}, "time_to_first_spike": {"0.1": 15.900000000094224, "0.2": 7.0000000000922, "0.4": 3.600000000091427, "0.8": 2.000000000091063}, "time_to_second_spike": {"0.1": 37.40000000009911, "0.2": 19.500000000095042, "0.4": 12.300000000093405, "0.8": 8.700000000092587}, "AP_height": {"0.1": 3.274214918063563, "0.2": 8.712473194960394, "0.4": 12.596242914514747, "0.8": 15.980259721755564}, "AP_width": {"0.1": 0.7000000000001592, "0.2": 0.7000000000001592, "0.4": 0.7000000000001592, "0.8": 0.7000000000001592}, "AP_amplitude": {"0.1": 58.84157642102781, "0.2": 63.95520764048238, "0.4": 68.1788730507905, "0.8": 86.58003248885217}, "voltage_base": {"0.1": -70.59966412225027, "0.2": -70.59966412225027, "0.4": -70.59966412225027, "0.8": -70.59966412225027}}}}