{"BBP": {"L5_SBC_dNAC222_3": {"mean_frequency": {"0.1": 37.05372790548811, "0.2": 64.6422128683542, "0.4": 96.83407756767403, "0.8": 139.18790367004905}, "ISI_CV": {"0.1": 0.017764881389162324, "0.2": 0.014910366666292169, "0.4": 0.010626902945776806, "0.8": 0.036691969918842465}, "time_to_first_spike": {"0.1": 10.900000000093087, "0.2": 4.700000000091677, "0.4": 2.6000000000911996, "0.8": 1.5000000000909495}, "time_to_second_spike": {"0.1": 36.400000000098885, "0.2": 18.30000000009477, "0.4": 11.700000000093269, "0.8": 8.600000000092564}, "AP_height": {"0.1": 12.741653594106928, "0.2": 19.962201119161687, "0.4": 20.669381381032025, "0.8": 25.712774856971656}, "AP_width": {"0.1": 0.6000000000001364, "0.2": 0.6000000000001364, "0.4": 0.6000000000001364, "0.8": 0.8000000000001819}, "AP_amplitude": {"0.1": 71.374281429093, "0.2": 77.05173150076601, "0.4": 93.56569907774349, "0.8": 98.60909255179007}, "voltage_base": {"0.1": -72.89216710488385, "0.2": -72.89216710488385, "0.4": -72.89216710488385, "0.8": -72.89216710488385}}}, "NetPyNE": {"L5_SBC_dNAC222_3": {"mean_frequency": {"0.1": 36.86496313506185, "0.2": 64.26670683340208, "0.4": 96.26955475337468, "0.8": 138.4777482314924}, "ISI_CV": {"0.1": 0.01754143744619223, "0.2": 0.014719070134528915, "0.4": 0.010823369859830238, "0.8": 0.03772403587360766}, "time_to_first_spike": {"0.1": 11.00000000009311, "0.2": 4.8000000000917, "0.4": 2.6000000000911996, "0.8": 1.6000000000909722}, "time_to_second_spike": {"0.1": 36.70000000009895, "0.2": 18.500000000094815, "0.4": 11.800000000093291, "0.8": 8.700000000092587}, "AP_height": {"0.1": 12.840752959688157, "0.2": 17.5324252452578, "0.4": 23.216561552359977, "0.8": 24.080088374846827}, "AP_width": {"0.1": 0.6000000000001364, "0.2": 0.7000000000001592, "0.4": 0.7000000000001592, "0.8": 0.7000000000001592}, "AP_amplitude": {"0.1": 70.61101495035035, "0.2": 75.01041549591609, "0.4": 96.11287072087052, "0.8": 96.97639757037774}, "voltage_base": {"0.1": -72.89215857924934, "0.2": -72.89215857924934, "0.4": -72.89215857924934, "0.8": -72.89215857924934}}}}