{"BBP": {"L4_LBC_cSTUT189_2": {"mean_frequency": {"0.1": 11.800318095539225, "0.2": 56.89255865475615, "0.4": 89.32155760744726, "0.8": 134.66833541936563}, "ISI_CV": {"0.1": 0.5633228310647774, "0.2": 0.05028362801514147, "0.4": 0.028947211793360298, "0.8": 0.02098530549485466}, "time_to_first_spike": {"0.1": 18.600000000094838, "0.2": 4.300000000091586, "0.4": 2.2000000000911086, "0.8": 1.2000000000908813}, "time_to_second_spike": {"0.1": 156.00000000012608, "0.2": 19.900000000095133, "0.4": 11.300000000093178, "0.8": 7.700000000092359}, "AP_height": {"0.1": 18.19444218280158, "0.2": 26.031816947795033, "0.4": 27.590289592673376, "0.8": 30.441177285655122}, "AP_width": {"0.1": 0.6000000000001364, "0.2": 0.7000000000001592, "0.4": 0.8000000000001819, "0.8": 0.8000000000001819}, "AP_amplitude": {"0.1": 73.41281924198128, "0.2": 81.92377513097692, "0.4": 103.21252618880261, "0.8": 105.80583480209296}, "voltage_base": {"0.1": -75.49514012321066, "0.2": -75.49514012321066, "0.4": -75.49514012321066, "0.8": -75.49514012321066}}}, "NetPyNE": {"L4_LBC_cSTUT189_2": {"mean_frequency": {"0.1": 75.1879699242827, "0.2": 56.82389620842638, "0.4": 89.11138923660626, "0.8": 134.04021206371024}, "ISI_CV": {"0.1": 0, "0.2": 0.03400462867696341, "0.4": 0.022941152976828964, "0.8": 0.020390564954756978}, "time_to_first_spike": {"0.1": 13.300000000093632, "0.2": 4.400000000091609, "0.4": 2.2000000000911086, "0.8": 1.2000000000908813}, "time_to_second_spike": {"0.1": 0, "0.2": 19.600000000095065, "0.4": 11.4000000000932, "0.8": 7.800000000092382}, "AP_height": {"0.1": 17.55917532167596, "0.2": 25.087512762996603, "0.4": 28.283152900280875, "0.8": 25.486963619828902}, "AP_width": {"0.1": 0.7000000000001592, "0.2": 0.7000000000001592, "0.4": 0.7000000000001592, "0.8": 0.8000000000001819}, "AP_amplitude": {"0.1": 73.65153948371619, "0.2": 80.18950554084495, "0.4": 103.2015263747613, "0.8": 100.40533701985014}, "voltage_base": {"0.1": -74.91731464785947, "0.2": -74.91731464785947, "0.4": -74.91731464785947, "0.8": -74.91731464785947}}}}