{"BBP": {"L6_BP_cACint209_5": {"mean_frequency": {"0.1": 42.87515762928506, "0.2": 82.4493489518432, "0.4": 170.33214768810734, "0.8": 209.87654320971143}, "ISI_CV": {"0.1": 0.21290392469469246, "0.2": 0.13047190956039018, "0.4": 0.055703750162059924, "0.8": 0.3971151101404099}, "time_to_first_spike": {"0.1": 6.200000000092018, "0.2": 2.6000000000911996, "0.4": 1.300000000090904, "0.8": 0.7000000000907676}, "time_to_second_spike": {"0.1": 15.800000000094201, "0.2": 10.100000000092905, "0.4": 7.2000000000922455, "0.8": 5.400000000091836}, "AP_height": {"0.1": 29.91709243970784, "0.2": 33.72234665299548, "0.4": 35.213815972583305, "0.8": 35.06411200849248}, "AP_width": {"0.1": 0.8000000000001819, "0.2": 0.9000000000002046, "0.4": 0.9000000000002046, "0.8": 1.0000000000002274}, "AP_amplitude": {"0.1": 85.71965144795611, "0.2": 103.58399202514475, "0.4": 105.0754613426822, "0.8": 0}, "voltage_base": {"0.1": -69.86096472547874, "0.2": -69.86096472547874, "0.4": -69.86096472547874, "0.8": -69.86096472547874}}}, "NetPyNE": {"L6_BP_cACint209_5": {"mean_frequency": {"0.1": 42.8168446504421, "0.2": 82.5572615152838, "0.4": 169.53390678147156, "0.8": 212.7659574466187}, "ISI_CV": {"0.1": 0.2130946319768738, "0.2": 0.12919983116161776, "0.4": 0.05365921455939497, "0.8": 0.29171890087358576}, "time_to_first_spike": {"0.1": 6.300000000092041, "0.2": 2.7000000000912223, "0.4": 1.4000000000909267, "0.8": 0.8000000000907903}, "time_to_second_spike": {"0.1": 16.000000000094246, "0.2": 10.200000000092928, "0.4": 7.300000000092268, "0.8": 5.500000000091859}, "AP_height": {"0.1": 29.564923801310673, "0.2": 33.274801385395875, "0.4": 31.946683038681545, "0.8": 36.9912893088878}, "AP_width": {"0.1": 0.8000000000001819, "0.2": 0.9000000000002046, "0.4": 1.0000000000002274, "0.8": 0.9000000000002046}, "AP_amplitude": {"0.1": 85.99846858119312, "0.2": 103.13644555495236, "0.4": 101.8083269722436, "0.8": 0}, "voltage_base": {"0.1": -69.86096347645781, "0.2": -69.86096347645781, "0.4": -69.86096347645781, "0.8": -69.86096347645781}}}}