{"BBP": {"L4_DBC_bAC217_5": {"mean_frequency": {"0.1": 8.286720530355682, "0.2": 13.602015113359352, "0.4": 19.20064675864067, "0.8": 26.854479124460823}, "ISI_CV": {"0.1": 0.30265076936666413, "0.2": 0.3047485157622434, "0.4": 0.3108815311745456, "0.8": 0.31423165038543527}, "time_to_first_spike": {"0.1": 11.700000000093269, "0.2": 3.600000000091427, "0.4": 1.700000000090995, "0.8": 1.0000000000908358}, "time_to_second_spike": {"0.1": 48.70000000010168, "0.2": 24.50000000009618, "0.4": 14.600000000093928, "0.8": 9.400000000092746}, "AP_height": {"0.1": 21.199424850053774, "0.2": 22.80688610613001, "0.4": 30.41549828967899, "0.8": 29.192995392812442}, "AP_width": {"0.1": 0.6000000000001364, "0.2": 0.5000000000001137, "0.4": 0.6000000000001364, "0.8": 0.6000000000001364}, "AP_amplitude": {"0.1": 77.77876049688174, "0.2": 79.06675553350959, "0.4": 100.64853561795142, "0.8": 99.42603271845144}, "voltage_base": {"0.1": -70.23039229323209, "0.2": -70.23039229323209, "0.4": -70.23039229323209, "0.8": -70.23039229323209}}}, "NetPyNE": {"L4_DBC_bAC217_5": {"mean_frequency": {"0.1": 8.158270446670818, "0.2": 13.503687545454166, "0.4": 19.001643385386675, "0.8": 26.490066225183465}, "ISI_CV": {"0.1": 0.2981593384633938, "0.2": 0.3100413661788069, "0.4": 0.3141935708102788, "0.8": 0.316158992738187}, "time_to_first_spike": {"0.1": 11.900000000093314, "0.2": 3.7000000000914497, "0.4": 1.8000000000910177, "0.8": 1.0000000000908358}, "time_to_second_spike": {"0.1": 49.10000000010177, "0.2": 24.800000000096247, "0.4": 14.800000000093974, "0.8": 9.500000000092768}, "AP_height": {"0.1": 20.82983908481919, "0.2": 24.870618965612046, "0.4": 25.608387866618376, "0.8": 33.32302677300036}, "AP_width": {"0.1": 0.5000000000001137, "0.2": 0.6000000000001364, "0.4": 0.5000000000001137, "0.8": 0.6000000000001364}, "AP_amplitude": {"0.1": 77.07934964638939, "0.2": 81.54489071645781, "0.4": 95.8414213012384, "0.8": 103.5560600169519}, "voltage_base": {"0.1": -70.2303881972926, "0.2": -70.2303881972926, "0.4": -70.2303881972926, "0.8": -70.2303881972926}}}}