{"BBP": {"L1_DLAC_cNAC187_4": {"mean_frequency": {"0.1": 37.40207227700285, "0.2": 58.52340936378529, "0.4": 88.26036808591323, "0.8": 133.31328622271374}, "ISI_CV": {"0.1": 0.02859982018638726, "0.2": 0.02289579692090178, "0.4": 0.013243023398257244, "0.8": 0.024901187544767004}, "time_to_first_spike": {"0.1": 9.000000000092655, "0.2": 4.400000000091609, "0.4": 2.400000000091154, "0.8": 1.4000000000909267}, "time_to_second_spike": {"0.1": 33.70000000009827, "0.2": 19.40000000009502, "0.4": 12.000000000093337, "0.8": 8.200000000092473}, "AP_height": {"0.1": 13.683866768902622, "0.2": 15.437288913213633, "0.4": 20.71071557356329, "0.8": 23.153586853292932}, "AP_width": {"0.1": 0.8000000000001819, "0.2": 0.8000000000001819, "0.4": 0.8000000000001819, "0.8": 0.8000000000001819}, "AP_amplitude": {"0.1": 68.73374140845047, "0.2": 70.72482899604763, "0.4": 75.22238865787185, "0.8": 91.81629928677478}, "voltage_base": {"0.1": -68.65999686575883, "0.2": -68.65999686575883, "0.4": -68.65999686575883, "0.8": -68.65999686575883}}}, "NetPyNE": {"L1_DLAC_cNAC187_4": {"mean_frequency": {"0.1": 37.29462755773117, "0.2": 58.361843429301025, "0.4": 87.9662209712068, "0.8": 132.82542228468753}, "ISI_CV": {"0.1": 0.028233609840791995, "0.2": 0.02218932266972785, "0.4": 0.012692372031088623, "0.8": 0.02616020982245185}, "time_to_first_spike": {"0.1": 9.100000000092678, "0.2": 4.500000000091632, "0.4": 2.500000000091177, "0.8": 1.5000000000909495}, "time_to_second_spike": {"0.1": 33.800000000098294, "0.2": 19.500000000095042, "0.4": 12.10000000009336, "0.8": 8.300000000092496}, "AP_height": {"0.1": 13.185760905067502, "0.2": 17.271774048334176, "0.4": 18.772126966312634, "0.8": 20.99337694463672}, "AP_width": {"0.1": 0.8000000000001819, "0.2": 0.8000000000001819, "0.4": 0.8000000000001819, "0.8": 0.8000000000001819}, "AP_amplitude": {"0.1": 68.69768006321264, "0.2": 72.81127334939991, "0.4": 73.48246777152053, "0.8": 89.65608468270253}, "voltage_base": {"0.1": -68.65999216474495, "0.2": -68.65999216474495, "0.4": -68.65999216474495, "0.8": -68.65999216474495}}}}