{"BBP": {"L4_DBC_cNAC187_3": {"mean_frequency": {"0.1": 33.266129032280624, "0.2": 55.53609846403936, "0.4": 83.9786784673204, "0.8": 123.2032854210283}, "ISI_CV": {"0.1": 0.030975787012656218, "0.2": 0.031353344059546706, "0.4": 0.030664459834365835, "0.8": 0.01637688521330569}, "time_to_first_spike": {"0.1": 9.800000000092837, "0.2": 3.600000000091427, "0.4": 1.9000000000910404, "0.8": 1.1000000000908585}, "time_to_second_spike": {"0.1": 37.60000000009916, "0.2": 19.10000000009495, "0.4": 11.300000000093178, "0.8": 7.900000000092405}, "AP_height": {"0.1": 20.042204258734984, "0.2": 23.58978797992102, "0.4": 27.12002919199802, "0.8": 26.78968690099754}, "AP_width": {"0.1": 0.7000000000001592, "0.2": 0.7000000000001592, "0.4": 0.7000000000001592, "0.8": 0.8000000000001819}, "AP_amplitude": {"0.1": 74.59239446264542, "0.2": 79.37474817109673, "0.4": 93.59760197957098, "0.8": 95.12548181486392}, "voltage_base": {"0.1": -68.33304269028646, "0.2": -68.33304269028646, "0.4": -68.33304269028646, "0.8": -68.33304269028646}}}, "NetPyNE": {"L4_DBC_cNAC187_3": {"mean_frequency": {"0.1": 33.114244142313396, "0.2": 55.30695359247557, "0.4": 83.60032038451818, "0.8": 122.57967678999678}, "ISI_CV": {"0.1": 0.03093823650549134, "0.2": 0.03086039501281005, "0.4": 0.029731811697366765, "0.8": 0.01568407804516402}, "time_to_first_spike": {"0.1": 10.000000000092882, "0.2": 3.7000000000914497, "0.4": 1.9000000000910404, "0.8": 1.2000000000908813}, "time_to_second_spike": {"0.1": 37.900000000099226, "0.2": 19.300000000094997, "0.4": 11.4000000000932, "0.8": 8.000000000092427}, "AP_height": {"0.1": 17.460630971862916, "0.2": 24.619159754965388, "0.4": 23.905344319231833, "0.8": 29.59436651271316}, "AP_width": {"0.1": 0.7000000000001592, "0.2": 0.7000000000001592, "0.4": 0.7000000000001592, "0.8": 0.7000000000001592}, "AP_amplitude": {"0.1": 73.20696158238573, "0.2": 79.26195600224376, "0.4": 90.4270179780781, "0.8": 97.93015707433723}, "voltage_base": {"0.1": -68.33303833316013, "0.2": -68.33303833316013, "0.4": -68.33303833316013, "0.8": -68.33303833316013}}}}