{"BBP": {"L23_MC_cNAC187_1": {"mean_frequency": {"0.1": 38.99523954221216, "0.2": 62.67549137589497, "0.4": 95.8835341366113, "0.8": 147.43493305260506}, "ISI_CV": {"0.1": 0.016843537511941, "0.2": 0.011372435743687303, "0.4": 0.011314125351158475, "0.8": 0.036514395244917154}, "time_to_first_spike": {"0.1": 8.500000000092541, "0.2": 3.7000000000914497, "0.4": 1.8000000000910177, "0.8": 1.1000000000908585}, "time_to_second_spike": {"0.1": 32.30000000009795, "0.2": 17.300000000094542, "0.4": 10.400000000092973, "0.8": 7.300000000092268}, "AP_height": {"0.1": 20.192529509466745, "0.2": 21.500382258699425, "0.4": 25.551087635024206, "0.8": 27.153616964722442}, "AP_width": {"0.1": 0.6000000000001364, "0.2": 0.6000000000001364, "0.4": 0.7000000000001592, "0.8": 0.7000000000001592}, "AP_amplitude": {"0.1": 75.71136433548563, "0.2": 77.52110831664552, "0.4": 94.02847004103357, "0.8": 95.63099936859795}, "voltage_base": {"0.1": -68.47458764851021, "0.2": -68.47458764851021, "0.4": -68.47458764851021, "0.8": -68.47458764851021}}}, "NetPyNE": {"L23_MC_cNAC187_1": {"mean_frequency": {"0.1": 38.81048387099406, "0.2": 62.386798148563166, "0.4": 95.41984732830907, "0.8": 146.80094193105822}, "ISI_CV": {"0.1": 0.016366397910559816, "0.2": 0.01100971254850841, "0.4": 0.011549061147394792, "0.8": 0.03771860029549463}, "time_to_first_spike": {"0.1": 8.600000000092564, "0.2": 3.8000000000914724, "0.4": 1.9000000000910404, "0.8": 1.1000000000908585}, "time_to_second_spike": {"0.1": 32.500000000098, "0.2": 17.500000000094587, "0.4": 10.600000000093019, "0.8": 7.500000000092314}, "AP_height": {"0.1": 20.362647572657927, "0.2": 19.970502529091803, "0.4": 26.689847139744014, "0.8": 28.21260349923656}, "AP_width": {"0.1": 0.6000000000001364, "0.2": 0.7000000000001592, "0.4": 0.7000000000001592, "0.8": 0.7000000000001592}, "AP_amplitude": {"0.1": 76.71597293721699, "0.2": 76.2649921041785, "0.4": 95.16722509512891, "0.8": 96.68998144377632}, "voltage_base": {"0.1": -68.47458318414839, "0.2": -68.47458318414839, "0.4": -68.47458318414839, "0.8": -68.47458318414839}}}}