{"BBP": {"L6_BP_bIR215_4": {"mean_frequency": {"0.1": 11.614401858312169, "0.2": 16.72834186648874, "0.4": 22.99555419287157, "0.8": 33.19585554775415}, "ISI_CV": {"0.1": 0.3209165824401578, "0.2": 0.32417872329384206, "0.4": 0.33643775535662057, "0.8": 0.31762180779293964}, "time_to_first_spike": {"0.1": 7.900000000092405, "0.2": 3.0000000000912905, "0.4": 1.4000000000909267, "0.8": 0.8000000000907903}, "time_to_second_spike": {"0.1": 33.4000000000982, "0.2": 18.100000000094724, "0.4": 10.800000000093064, "0.8": 7.2000000000922455}, "AP_height": {"0.1": 21.660387542348193, "0.2": 24.52385124332672, "0.4": 27.943288767651968, "0.8": 27.769418458732275}, "AP_width": {"0.1": 0.6000000000001364, "0.2": 0.6000000000001364, "0.4": 0.6000000000001364, "0.8": 0.6000000000001364}, "AP_amplitude": {"0.1": 78.1738609535372, "0.2": 95.72999233049198, "0.4": 99.21639131084001, "0.8": 99.06152598625084}, "voltage_base": {"0.1": -71.14887477960943, "0.2": -71.14887477960943, "0.4": -71.14887477960943, "0.8": -71.14887477960943}}}, "NetPyNE": {"L6_BP_bIR215_4": {"mean_frequency": {"0.1": 6.483682731795947, "0.2": 14.574329078309221, "0.4": 21.25075895569138, "0.8": 31.11512596609561}, "ISI_CV": {"0.1": 0.24454653826800657, "0.2": 0.29626164398618177, "0.4": 0.30497244118013483, "0.8": 0.2942108229685045}, "time_to_first_spike": {"0.1": 13.000000000093564, "0.2": 4.300000000091586, "0.4": 1.8000000000910177, "0.8": 0.900000000090813}, "time_to_second_spike": {"0.1": 53.00000000010266, "0.2": 21.900000000095588, "0.4": 12.200000000093382, "0.8": 7.900000000092405}, "AP_height": {"0.1": 20.398777652323748, "0.2": 22.085467446259376, "0.4": 25.129124511813707, "0.8": 32.3500128008691}, "AP_width": {"0.1": 0.5000000000001137, "0.2": 0.5000000000001137, "0.4": 0.6000000000001364, "0.8": 0.6000000000001364}, "AP_amplitude": {"0.1": 76.69439214337095, "0.2": 96.84038589192505, "0.4": 99.88404284657969, "0.8": 107.10493124590704}, "voltage_base": {"0.1": -74.7540085091368, "0.2": -74.7540085091368, "0.4": -74.7540085091368, "0.8": -74.7540085091368}}}}