{"BBP": {"L5_LBC_cNAC187_5": {"mean_frequency": {"0.1": 38.418764533440246, "0.2": 62.034118765363104, "0.4": 95.67700245460593, "0.8": 154.78635475640436}, "ISI_CV": {"0.1": 0.012767933352487713, "0.2": 0.008557598827747306, "0.4": 0.014102120991216945, "0.8": 0.059369303421506446}, "time_to_first_spike": {"0.1": 9.400000000092746, "0.2": 4.200000000091563, "0.4": 2.100000000091086, "0.8": 1.2000000000908813}, "time_to_second_spike": {"0.1": 33.800000000098294, "0.2": 18.30000000009477, "0.4": 10.900000000093087, "0.8": 7.500000000092314}, "AP_height": {"0.1": 16.662528400307476, "0.2": 20.65502267582561, "0.4": 21.317748856157195, "0.8": 24.743151390458845}, "AP_width": {"0.1": 0.7000000000001592, "0.2": 0.7000000000001592, "0.4": 0.7000000000001592, "0.8": 0.7000000000001592}, "AP_amplitude": {"0.1": 72.54914286268577, "0.2": 75.34784424027558, "0.4": 89.45388948335459, "0.8": 92.87929201576678}, "voltage_base": {"0.1": -68.1335683702236, "0.2": -68.1335683702236, "0.4": -68.1335683702236, "0.8": -68.1335683702236}}}, "NetPyNE": {"L5_LBC_cNAC187_5": {"mean_frequency": {"0.1": 38.271729277898864, "0.2": 61.80283388608356, "0.4": 95.29541578901048, "0.8": 155.37289494798048}, "ISI_CV": {"0.1": 0.012626297703295066, "0.2": 0.008398924008414958, "0.4": 0.014883956137255063, "0.8": 0.06541434711189129}, "time_to_first_spike": {"0.1": 9.500000000092768, "0.2": 4.300000000091586, "0.4": 2.100000000091086, "0.8": 1.2000000000908813}, "time_to_second_spike": {"0.1": 34.00000000009834, "0.2": 18.400000000094792, "0.4": 11.00000000009311, "0.8": 7.6000000000923364}, "AP_height": {"0.1": 15.215197527099448, "0.2": 20.007331479427965, "0.4": 21.30297628010794, "0.8": 24.535071940238385}, "AP_width": {"0.1": 0.7000000000001592, "0.2": 0.7000000000001592, "0.4": 0.7000000000001592, "0.8": 0.8000000000001819}, "AP_amplitude": {"0.1": 70.69335305980238, "0.2": 75.4637171537855, "0.4": 89.4391127467293, "0.8": 92.67120839704526}, "voltage_base": {"0.1": -68.13356419736381, "0.2": -68.13356419736381, "0.4": -68.13356419736381, "0.8": -68.13356419736381}}}}