{"BBP": {"L6_DBC_bNAC219_2": {"mean_frequency": {"0.1": 17.33632469917549, "0.2": 50.611344958943995, "0.4": 99.62453066339688, "0.8": 157.50000000010712}, "ISI_CV": {"0.1": 0.20283730102285602, "0.2": 0.06383003561781826, "0.4": 0.0191168621195682, "0.8": 0.017898916513504552}, "time_to_first_spike": {"0.1": 26.70000000009668, "0.2": 10.700000000093041, "0.4": 4.600000000091654, "0.8": 2.2000000000911086}, "time_to_second_spike": {"0.1": 51.10000000010223, "0.2": 23.50000000009595, "0.4": 13.500000000093678, "0.8": 9.000000000092655}, "AP_height": {"0.1": 2.2470883779222763, "0.2": 5.147471616804174, "0.4": 9.858964442334216, "0.8": 14.479344966103609}, "AP_width": {"0.1": 0.7000000000001592, "0.2": 0.6000000000001364, "0.4": 0.7000000000001592, "0.8": 0.7000000000001592}, "AP_amplitude": {"0.1": 55.31905318815912, "0.2": 59.43802914304184, "0.4": 64.67864452303314, "0.8": 83.00611202399982}, "voltage_base": {"0.1": -68.52666564761962, "0.2": -68.52666564761962, "0.4": -68.52666564761962, "0.8": -68.52666564761962}}}, "NetPyNE": {"L6_DBC_bNAC219_2": {"mean_frequency": {"0.1": 17.290480065105264, "0.2": 50.74101984429469, "0.4": 99.38761168564123, "0.8": 157.102116375751}, "ISI_CV": {"0.1": 0.20325496952929872, "0.2": 0.063275084131803, "0.4": 0.018627075829191583, "0.8": 0.01794778834345044}, "time_to_first_spike": {"0.1": 26.800000000096702, "0.2": 10.800000000093064, "0.4": 4.700000000091677, "0.8": 2.3000000000911314}, "time_to_second_spike": {"0.1": 51.10000000010223, "0.2": 23.600000000095974, "0.4": 13.6000000000937, "0.8": 9.100000000092678}, "AP_height": {"0.1": 1.0027469423702093, "0.2": 4.382029987541861, "0.4": 9.182808958363498, "0.8": 12.921095305956355}, "AP_width": {"0.1": 0.7000000000001592, "0.2": 0.7000000000001592, "0.4": 0.7000000000001592, "0.8": 0.7000000000001592}, "AP_amplitude": {"0.1": 53.96136983166461, "0.2": 58.1795341125466, "0.4": 63.20526562688535, "0.8": 81.4478622513704}, "voltage_base": {"0.1": -68.52666553450216, "0.2": -68.52666553450216, "0.4": -68.52666553450216, "0.8": -68.52666553450216}}}}