{"BBP": {"L23_SBC_bNAC219_3": {"mean_frequency": {"0.1": 84.87344314991701, "0.2": 130.93207585039497, "0.4": 183.06407242547334, "0.8": 274.0137006852206}, "ISI_CV": {"0.1": 0.0292983730321761, "0.2": 0.016989478864492657, "0.4": 0.010065896197164656, "0.8": 0.01739085729124971}, "time_to_first_spike": {"0.1": 3.7000000000914497, "0.2": 1.9000000000910404, "0.4": 1.1000000000908585, "0.8": 0.7000000000907676}, "time_to_second_spike": {"0.1": 13.000000000093564, "0.2": 9.000000000092655, "0.4": 6.8000000000921546, "0.8": 5.3000000000918135}, "AP_height": {"0.1": 15.078290172654764, "0.2": 20.461304235937202, "0.4": 24.052600990305358, "0.8": 25.711782063808528}, "AP_width": {"0.1": 0.6000000000001364, "0.2": 0.6000000000001364, "0.4": 0.6000000000001364, "0.8": 0.7000000000001592}, "AP_amplitude": {"0.1": 71.85193052042423, "0.2": 90.2593591496628, "0.4": 93.85065590187804, "0.8": 95.50983697107557}, "voltage_base": {"0.1": -69.79794009753296, "0.2": -69.79794009753296, "0.4": -69.79794009753296, "0.8": -69.79794009753296}}}, "NetPyNE": {"L23_SBC_bNAC219_3": {"mean_frequency": {"0.1": 84.4433274692707, "0.2": 129.93528319880397, "0.4": 181.2719078619159, "0.8": 269.8508060480457}, "ISI_CV": {"0.1": 0.028780653329993397, "0.2": 0.016709682320446458, "0.4": 0.011323265404028967, "0.8": 0.016473554765887535}, "time_to_first_spike": {"0.1": 3.8000000000914724, "0.2": 1.9000000000910404, "0.4": 1.1000000000908585, "0.8": 0.7000000000907676}, "time_to_second_spike": {"0.1": 13.100000000093587, "0.2": 9.100000000092678, "0.4": 6.900000000092177, "0.8": 5.400000000091836}, "AP_height": {"0.1": 17.553649879177613, "0.2": 18.98946885929313, "0.4": 20.32010473512537, "0.8": 26.09404798041733}, "AP_width": {"0.1": 0.6000000000001364, "0.2": 0.6000000000001364, "0.4": 0.7000000000001592, "0.8": 0.7000000000001592}, "AP_amplitude": {"0.1": 73.45190972191804, "0.2": 88.78752327109743, "0.4": 90.11815956761026, "0.8": 95.89210254289998}, "voltage_base": {"0.1": -69.79793975184087, "0.2": -69.79793975184087, "0.4": -69.79793975184087, "0.8": -69.79793975184087}}}}