{"BBP": {"L5_NBC_cACint209_3": {"mean_frequency": {"0.1": 32.53416086893448, "0.2": 56.005600560094095, "0.4": 139.32741943576852, "0.8": 217.66324743572468}, "ISI_CV": {"0.1": 0.23052214084854494, "0.2": 0.17950775703963923, "0.4": 0.07777191354441686, "0.8": 0.019486683561928748}, "time_to_first_spike": {"0.1": 11.4000000000932, "0.2": 5.3000000000918135, "0.4": 2.6000000000911996, "0.8": 1.4000000000909267}, "time_to_second_spike": {"0.1": 22.800000000095793, "0.2": 14.200000000093837, "0.4": 9.800000000092837, "0.8": 7.2000000000922455}, "AP_height": {"0.1": 20.526685993587453, "0.2": 23.992635206799985, "0.4": 28.934766347574712, "0.8": 32.210631739712575}, "AP_width": {"0.1": 0.9000000000002046, "0.2": 0.9000000000002046, "0.4": 0.9000000000002046, "0.8": 1.0000000000002274}, "AP_amplitude": {"0.1": 76.80170257409014, "0.2": 80.73990349053142, "0.4": 99.2003102464282, "0.8": 102.47617563642783}, "voltage_base": {"0.1": -70.26490506314327, "0.2": -70.26490506314327, "0.4": -70.26490506314327, "0.8": -70.26490506314327}}}, "NetPyNE": {"L5_NBC_cACint209_3": {"mean_frequency": {"0.1": 32.50162508127617, "0.2": 56.10941335608242, "0.4": 138.59008355440454, "0.8": 214.5536384097483}, "ISI_CV": {"0.1": 0.2307629213653694, "0.2": 0.17928716784348472, "0.4": 0.07558979513357966, "0.8": 0.01965939583761708}, "time_to_first_spike": {"0.1": 11.500000000093223, "0.2": 5.400000000091836, "0.4": 2.7000000000912223, "0.8": 1.5000000000909495}, "time_to_second_spike": {"0.1": 23.000000000095838, "0.2": 14.400000000093883, "0.4": 10.000000000092882, "0.8": 7.300000000092268}, "AP_height": {"0.1": 20.625067006517416, "0.2": 25.281997693981513, "0.4": 30.201397210888913, "0.8": 32.75690717073009}, "AP_width": {"0.1": 0.9000000000002046, "0.2": 0.9000000000002046, "0.4": 0.9000000000002046, "0.8": 0.9000000000002046}, "AP_amplitude": {"0.1": 75.88488478142278, "0.2": 81.03420355610967, "0.4": 100.46693991580526, "0.8": 103.02244984109817}, "voltage_base": {"0.1": -70.26490381288397, "0.2": -70.26490381288397, "0.4": -70.26490381288397, "0.8": -70.26490381288397}}}}