{"BBP": {"L1_SLAC_bNAC219_5": {"mean_frequency": {"0.1": 63.31658291461585, "0.2": 104.3443363098933, "0.4": 150.85450809412345, "0.8": 260.1156069356759}, "ISI_CV": {"0.1": 0.036610180444381586, "0.2": 0.023127787860027497, "0.4": 0.011958722358569845, "0.8": 0.09741076958331656}, "time_to_first_spike": {"0.1": 5.500000000091859, "0.2": 3.0000000000912905, "0.4": 1.8000000000910177, "0.8": 1.1000000000908585}, "time_to_second_spike": {"0.1": 17.20000000009452, "0.2": 11.300000000093178, "0.4": 8.200000000092473, "0.8": 6.200000000092018}, "AP_height": {"0.1": 11.9788601282819, "0.2": 15.133141911080259, "0.4": 17.234795627153865, "0.8": 21.096216993996546}, "AP_width": {"0.1": 0.7000000000001592, "0.2": 0.7000000000001592, "0.4": 0.7000000000001592, "0.8": 0.7000000000001592}, "AP_amplitude": {"0.1": 68.35044273673475, "0.2": 70.08973819367401, "0.4": 88.20862091987956, "0.8": 92.07004228449705}, "voltage_base": {"0.1": -70.97369837963579, "0.2": -70.97369837963579, "0.4": -70.97369837963579, "0.8": -70.97369837963579}}}, "NetPyNE": {"L1_SLAC_bNAC219_5": {"mean_frequency": {"0.1": 63.06621953054991, "0.2": 103.76980148392855, "0.4": 149.769585253558, "0.8": 257.142857142133}, "ISI_CV": {"0.1": 0.0364603367287289, "0.2": 0.022871347545533667, "0.4": 0.012307565698241511, "0.8": 0.09340752270793543}, "time_to_first_spike": {"0.1": 5.600000000091882, "0.2": 3.0000000000912905, "0.4": 1.8000000000910177, "0.8": 1.1000000000908585}, "time_to_second_spike": {"0.1": 17.400000000094565, "0.2": 11.500000000093223, "0.4": 8.300000000092496, "0.8": 6.300000000092041}, "AP_height": {"0.1": 10.941328161535573, "0.2": 13.613682671622245, "0.4": 17.942671539036855, "0.8": 18.567425031947845}, "AP_width": {"0.1": 0.7000000000001592, "0.2": 0.7000000000001592, "0.4": 0.7000000000001592, "0.8": 0.7000000000001592}, "AP_amplitude": {"0.1": 66.28572624506779, "0.2": 68.80759931806979, "0.4": 88.91649666557109, "0.8": 89.54125008769648}, "voltage_base": {"0.1": -70.97369814405542, "0.2": -70.97369814405542, "0.4": -70.97369814405542, "0.8": -70.97369814405542}}}}