{"BBP": {"L23_BP_cNAC187_3": {"mean_frequency": {"0.1": 65.00377928953766, "0.2": 93.37349397596702, "0.4": 135.48095739885764, "0.8": 229.92536191970743}, "ISI_CV": {"0.1": 0.07544845917633289, "0.2": 0.05581566596670602, "0.4": 0.01583630735335212, "0.8": 0.0872582287260313}, "time_to_first_spike": {"0.1": 2.500000000091177, "0.2": 1.5000000000909495, "0.4": 1.0000000000908358, "0.8": 0.6000000000907448}, "time_to_second_spike": {"0.1": 14.400000000093883, "0.2": 9.800000000092837, "0.4": 7.300000000092268, "0.8": 5.600000000091882}, "AP_height": {"0.1": 28.58622320780072, "0.2": 29.836422088103156, "0.4": 26.128546596321424, "0.8": 33.096202398405616}, "AP_width": {"0.1": 0.7000000000001592, "0.2": 0.7000000000001592, "0.4": 0.7000000000001592, "0.8": 0.8000000000001819}, "AP_amplitude": {"0.1": 84.62658425176424, "0.2": 98.83048137435952, "0.4": 95.12260588025063, "0.8": 102.09026167768059}, "voltage_base": {"0.1": -68.99098631384658, "0.2": -68.99098631384658, "0.4": -68.99098631384658, "0.8": -68.99098631384658}}}, "NetPyNE": {"L23_BP_cNAC187_3": {"mean_frequency": {"0.1": 64.79481641473082, "0.2": 93.03256139655203, "0.4": 134.78304439331737, "0.8": 227.81894652529004}, "ISI_CV": {"0.1": 0.07446324591672271, "0.2": 0.05446263195139261, "0.4": 0.014832021741858674, "0.8": 0.08606230318152489}, "time_to_first_spike": {"0.1": 2.6000000000911996, "0.2": 1.5000000000909495, "0.4": 1.0000000000908358, "0.8": 0.7000000000907676}, "time_to_second_spike": {"0.1": 14.500000000093905, "0.2": 9.90000000009286, "0.4": 7.400000000092291, "0.8": 5.700000000091904}, "AP_height": {"0.1": 25.283710397731603, "0.2": 25.225716166755433, "0.4": 30.946743245910415, "0.8": 28.47880612219012}, "AP_width": {"0.1": 0.7000000000001592, "0.2": 0.8000000000001819, "0.4": 0.7000000000001592, "0.8": 0.8000000000001819}, "AP_amplitude": {"0.1": 81.37915731576297, "0.2": 94.21976983123496, "0.4": 99.9407969041721, "0.8": 97.47285981133554}, "voltage_base": {"0.1": -68.990980715816, "0.2": -68.990980715816, "0.4": -68.990980715816, "0.8": -68.990980715816}}}}