{"BBP": {"L23_LBC_cSTUT189_5": {"mean_frequency": {"0.1": 52.573603044297705, "0.2": 79.18211887346264, "0.4": 115.62140247267483, "0.8": 174.4186046512813}, "ISI_CV": {"0.1": 0.05234313196493744, "0.2": 0.04293885297722793, "0.4": 0.023282652710826936, "0.8": 0.032147566343777405}, "time_to_first_spike": {"0.1": 4.100000000091541, "0.2": 1.8000000000910177, "0.4": 1.1000000000908585, "0.8": 0.7000000000907676}, "time_to_second_spike": {"0.1": 20.000000000095156, "0.2": 11.700000000093269, "0.4": 8.200000000092473, "0.8": 6.000000000091973}, "AP_height": {"0.1": 28.932180437108666, "0.2": 31.883377592718457, "0.4": 33.44151023780346, "0.8": 34.12055348013412}, "AP_width": {"0.1": 0.7000000000001592, "0.2": 0.7000000000001592, "0.4": 0.8000000000001819, "0.8": 0.8000000000001819}, "AP_amplitude": {"0.1": 85.11150305514442, "0.2": 102.51108554308527, "0.4": 105.74624353864112, "0.8": 106.00556707433704}, "voltage_base": {"0.1": -71.81298575013308, "0.2": -71.81298575013308, "0.4": -71.81298575013308, "0.8": -71.81298575013308}}}, "NetPyNE": {"L23_LBC_cSTUT189_5": {"mean_frequency": {"0.1": 44.95857749043257, "0.2": 73.91020161903553, "0.4": 110.30886482157514, "0.8": 166.4577588369143}, "ISI_CV": {"0.1": 0.046624992421808696, "0.2": 0.03858186433173188, "0.4": 0.02112339780717756, "0.8": 0.03302507725074533}, "time_to_first_spike": {"0.1": 5.200000000091791, "0.2": 2.400000000091154, "0.4": 1.300000000090904, "0.8": 0.8000000000907903}, "time_to_second_spike": {"0.1": 24.50000000009618, "0.2": 13.20000000009361, "0.4": 8.700000000092587, "0.8": 6.300000000092041}, "AP_height": {"0.1": 25.795180233308972, "0.2": 25.761624824238268, "0.4": 31.220415560819013, "0.8": 31.982959641299487}, "AP_width": {"0.1": 0.6000000000001364, "0.2": 0.7000000000001592, "0.4": 0.7000000000001592, "0.8": 0.7000000000001592}, "AP_amplitude": {"0.1": 82.42567954474622, "0.2": 100.39711244746236, "0.4": 105.85590319726234, "0.8": 106.6184472516687}, "voltage_base": {"0.1": -74.63434066654861, "0.2": -74.63434066654861, "0.4": -74.63434066654861, "0.8": -74.63434066654861}}}}