{"BBP": {"L4_BP_cNAC187_4": {"mean_frequency": {"0.1": 76.26310772169145, "0.2": 108.36845273938728, "0.4": 158.6110277195114, "0.8": 291.7041929352529}, "ISI_CV": {"0.1": 0.07641836930191238, "0.2": 0.05164695858993366, "0.4": 0.01577774798281204, "0.8": 0.033307131190736736}, "time_to_first_spike": {"0.1": 1.4000000000909267, "0.2": 0.900000000090813, "0.4": 0.6000000000907448, "0.8": 0.40000000009069936}, "time_to_second_spike": {"0.1": 10.900000000093087, "0.2": 8.10000000009245, "0.4": 6.300000000092041, "0.8": 4.8000000000917}, "AP_height": {"0.1": 30.39829952201401, "0.2": 28.015899229685715, "0.4": 36.40849488764621, "0.8": 39.55105347978679}, "AP_width": {"0.1": 0.6000000000001364, "0.2": 0.6000000000001364, "0.4": 0.8000000000001819, "0.8": 0.8000000000001819}, "AP_amplitude": {"0.1": 98.17087036963268, "0.2": 95.78847007534078, "0.4": 104.18106572937421, "0.8": 107.32362431366097}, "voltage_base": {"0.1": -67.76979800965611, "0.2": -67.76979800965611, "0.4": -67.76979800965611, "0.8": -67.76979800965611}}}, "NetPyNE": {"L4_BP_cNAC187_4": {"mean_frequency": {"0.1": 75.9480937531951, "0.2": 107.86674693966789, "0.4": 157.5787893948045, "0.8": 286.51432571648064}, "ISI_CV": {"0.1": 0.07581447888163076, "0.2": 0.0505946803955491, "0.4": 0.015609692215515017, "0.8": 0.033499696953372814}, "time_to_first_spike": {"0.1": 1.5000000000909495, "0.2": 1.0000000000908358, "0.4": 0.7000000000907676, "0.8": 0.40000000009069936}, "time_to_second_spike": {"0.1": 11.00000000009311, "0.2": 8.200000000092473, "0.4": 6.400000000092064, "0.8": 4.9000000000917225}, "AP_height": {"0.1": 32.523635935654276, "0.2": 33.75887189176957, "0.4": 30.187155647912057, "0.8": 37.78990952616199}, "AP_width": {"0.1": 0.7000000000001592, "0.2": 0.7000000000001592, "0.4": 0.7000000000001592, "0.8": 0.8000000000001819}, "AP_amplitude": {"0.1": 100.29620207735769, "0.2": 101.5314380435315, "0.4": 97.9597218370568, "0.8": 105.5624757640463}, "voltage_base": {"0.1": -67.76979340761898, "0.2": -67.76979340761898, "0.4": -67.76979340761898, "0.8": -67.76979340761898}}}}