{"BBP": {"L6_NBC_cACint209_5": {"mean_frequency": {"0.1": 27.429268044921283, "0.2": 40.812213432788305, "0.4": 66.61991584857263, "0.8": 122.39165329061284}, "ISI_CV": {"0.1": 0.2532664944056852, "0.2": 0.23617357668924793, "0.4": 0.20042091478694007, "0.8": 0.1405888292371416}, "time_to_first_spike": {"0.1": 10.100000000092905, "0.2": 3.8000000000914724, "0.4": 1.8000000000910177, "0.8": 1.0000000000908358}, "time_to_second_spike": {"0.1": 23.80000000009602, "0.2": 13.400000000093655, "0.4": 9.000000000092655, "0.8": 6.600000000092109}, "AP_height": {"0.1": 34.22564993663849, "0.2": 37.35293402648684, "0.4": 36.793862853970595, "0.8": 38.59978411108578}, "AP_width": {"0.1": 0.8000000000001819, "0.2": 0.8000000000001819, "0.4": 0.8000000000001819, "0.8": 0.9000000000002046}, "AP_amplitude": {"0.1": 89.07811572030792, "0.2": 92.87289368710722, "0.4": 107.17347544659725, "0.8": 108.97939670145632}, "voltage_base": {"0.1": -70.37903113216652, "0.2": -70.37903113216652, "0.4": -70.37903113216652, "0.8": -70.37903113216652}}}, "NetPyNE": {"L6_NBC_cACint209_5": {"mean_frequency": {"0.1": 27.351466342519657, "0.2": 40.71374717268409, "0.4": 66.53992395441787, "0.8": 122.04922149681819}, "ISI_CV": {"0.1": 0.2534707950882561, "0.2": 0.23626282484566213, "0.4": 0.19986943196825474, "0.8": 0.13905424680884795}, "time_to_first_spike": {"0.1": 10.30000000009295, "0.2": 3.900000000091495, "0.4": 1.8000000000910177, "0.8": 1.0000000000908358}, "time_to_second_spike": {"0.1": 23.900000000096043, "0.2": 13.500000000093678, "0.4": 9.100000000092678, "0.8": 6.700000000092132}, "AP_height": {"0.1": 30.6630881079069, "0.2": 36.89466145134567, "0.4": 36.09066479161345, "0.8": 39.78345399051288}, "AP_width": {"0.1": 0.8000000000001819, "0.2": 0.8000000000001819, "0.4": 0.9000000000002046, "0.8": 0.9000000000002046}, "AP_amplitude": {"0.1": 85.19645507696183, "0.2": 92.8535011232611, "0.4": 106.47027644725462, "0.8": 110.16306509517405}, "voltage_base": {"0.1": -70.37902964020084, "0.2": -70.37902964020084, "0.4": -70.37902964020084, "0.8": -70.37902964020084}}}}