{"BBP": {"L6_DBC_bNAC219_4": {"mean_frequency": {"0.1": 48.78048780465135, "0.2": 99.68940987883741, "0.4": 151.51515151525456, "0.8": 227.27272727173957}, "ISI_CV": {"0.1": 0, "0.2": 0.010658057084820654, "0.4": 0.013935544460457236, "0.8": 0.08163265306122448}, "time_to_first_spike": {"0.1": 20.50000000009527, "0.2": 5.400000000091836, "0.4": 2.6000000000911996, "0.8": 1.5000000000909495}, "time_to_second_spike": {"0.1": 0, "0.2": 14.400000000093883, "0.4": 10.000000000092882, "0.8": 7.300000000092268}, "AP_height": {"0.1": -18.021269172074472, "0.2": 6.639446023787054, "0.4": 13.098315376092101, "0.8": 17.899463321959463}, "AP_width": {"0.1": 0.40000000000009095, "0.2": 0.6000000000001364, "0.4": 0.6000000000001364, "0.8": 0.6000000000001364}, "AP_amplitude": {"0.1": 38.84051504010118, "0.2": 63.1545807763566, "0.4": 68.03934811926723, "0.8": 86.45457920718482}, "voltage_base": {"0.1": -68.55503216357926, "0.2": -68.55503216357926, "0.4": -68.55503216357926, "0.8": -68.55503216357926}}}, "NetPyNE": {"L6_DBC_bNAC219_4": {"mean_frequency": {"0.1": 48.30917874373891, "0.2": 100.17028949220472, "0.4": 153.5998398960368, "0.8": 225.22522522425476}, "ISI_CV": {"0.1": 0, "0.2": 0.010604376849580125, "0.4": 0.01703002962959348, "0.8": 0.08163265306122448}, "time_to_first_spike": {"0.1": 20.700000000095315, "0.2": 5.500000000091859, "0.4": 2.7000000000912223, "0.8": 1.5000000000909495}, "time_to_second_spike": {"0.1": 0, "0.2": 14.600000000093928, "0.4": 10.100000000092905, "0.8": 7.500000000092314}, "AP_height": {"0.1": -19.744471006081344, "0.2": 6.723464570507813, "0.4": 13.934269523949387, "0.8": 17.119126332990366}, "AP_width": {"0.1": 0.10000000000002274, "0.2": 0.6000000000001364, "0.4": 0.6000000000001364, "0.8": 0.6000000000001364}, "AP_amplitude": {"0.1": 37.022599445046666, "0.2": 62.645114438256826, "0.4": 69.24236864427905, "0.8": 85.67424214674892}, "voltage_base": {"0.1": -68.55503209162369, "0.2": -68.55503209162369, "0.4": -68.55503209162369, "0.8": -68.55503209162369}}}}