{"BBP": {"L6_TPC_L4_cADpyr231_1": {"mean_frequency": {"0.1": 0, "0.2": 5.988675958192104, "0.4": 9.951812277400332, "0.8": 27.230094296826493}, "ISI_CV": {"0.1": 0, "0.2": 0.30119209796662116, "0.4": 0.3125127644106432, "0.8": 0.1437525193644744}, "time_to_first_spike": {"0.1": 0, "0.2": 20.800000000095338, "0.4": 6.400000000092064, "0.8": 2.6000000000911996}, "time_to_second_spike": {"0.1": 0, "0.2": 58.000000000103796, "0.4": 24.20000000009611, "0.8": 11.500000000093223}, "AP_height": {"0.1": 0, "0.2": 25.578040810675184, "0.4": 33.94735451224056, "0.8": 38.68528222704778}, "AP_width": {"0.1": 0, "0.2": 1.2000000000002728, "0.4": 1.3000000000002956, "0.8": 1.3000000000002956}, "AP_amplitude": {"0.1": 0, "0.2": 78.19832924857413, "0.4": 88.02120616536035, "0.8": 110.77182043232901}, "voltage_base": {"0.1": -72.08638301199025, "0.2": -72.08638301199025, "0.4": -72.08638301199025, "0.8": -72.08638301199025}}}, "NetPyNE": {"L6_TPC_L4_cADpyr231_1": {"mean_frequency": {"0.1": 0, "0.2": 5.954958856651836, "0.4": 9.888622879157252, "0.8": 27.24658156316495}, "ISI_CV": {"0.1": 0, "0.2": 0.3000519393633642, "0.4": 0.31140426273475746, "0.8": 0.14193190228893365}, "time_to_first_spike": {"0.1": 0, "0.2": 21.000000000095383, "0.4": 6.500000000092086, "0.8": 2.6000000000911996}, "time_to_second_spike": {"0.1": 0, "0.2": 58.10000000010382, "0.4": 24.20000000009611, "0.8": 11.500000000093223}, "AP_height": {"0.1": 0, "0.2": 25.489679846236935, "0.4": 33.448634195403294, "0.8": 38.42679935199165}, "AP_width": {"0.1": 0, "0.2": 1.2000000000002728, "0.4": 1.3000000000002956, "0.8": 1.3000000000002956}, "AP_amplitude": {"0.1": 0, "0.2": 77.99680693162581, "0.4": 86.8027287095886, "0.8": 110.51333718476452}, "voltage_base": {"0.1": -72.08638263353873, "0.2": -72.08638263353873, "0.4": -72.08638263353873, "0.8": -72.08638263353873}}}}