{"BBP": {"L4_LBC_dNAC222_5": {"mean_frequency": {"0.1": 0, "0.2": 17.026390905915726, "0.4": 56.33519440675822, "0.8": 91.66958873922977}, "ISI_CV": {"0.1": 0, "0.2": 0.07843740928211729, "0.4": 0.01079932121742226, "0.8": 0.014616703634753215}, "time_to_first_spike": {"0.1": 0, "0.2": 526.9999999999795, "0.4": 6.000000000091973, "0.8": 2.6000000000911996}, "time_to_second_spike": {"0.1": 0, "0.2": 587.8999999999241, "0.4": 22.600000000095747, "0.8": 12.000000000093337}, "AP_height": {"0.1": 0, "0.2": 14.031008527491725, "0.4": 19.601265491898626, "0.8": 25.9249232764844}, "AP_width": {"0.1": 0, "0.2": 0.6999999999993634, "0.4": 0.7000000000001592, "0.8": 0.8000000000001819}, "AP_amplitude": {"0.1": 0, "0.2": 63.76960402699736, "0.4": 74.43577698549896, "0.8": 99.28806392124798}, "voltage_base": {"0.1": -73.35886903630927, "0.2": -73.35886903630927, "0.4": -73.35886903630927, "0.8": -73.35886903630927}}}, "NetPyNE": {"L4_LBC_dNAC222_5": {"mean_frequency": {"0.1": 0, "0.2": 16.839312139624578, "0.4": 56.100981767219054, "0.8": 91.29671432160704}, "ISI_CV": {"0.1": 0, "0.2": 0.0793700752379686, "0.4": 0.011459334540090713, "0.8": 0.01527556323774199}, "time_to_first_spike": {"0.1": 0, "0.2": 527.6999999999789, "0.4": 6.100000000091995, "0.8": 2.7000000000912223}, "time_to_second_spike": {"0.1": 0, "0.2": 588.8999999999232, "0.4": 22.800000000095793, "0.8": 12.200000000093382}, "AP_height": {"0.1": 0, "0.2": 13.289057152571013, "0.4": 17.62196037715448, "0.8": 25.65062356956072}, "AP_width": {"0.1": 0, "0.2": 0.6999999999993634, "0.4": 0.7000000000001592, "0.8": 0.7000000000001592}, "AP_amplitude": {"0.1": 0, "0.2": 63.493439306272094, "0.4": 71.88181236843516, "0.8": 99.01375589141925}, "voltage_base": {"0.1": -73.35886068663751, "0.2": -73.35886068663751, "0.4": -73.35886068663751, "0.8": -73.35886068663751}}}}