{"BBP": {"L4_LBC_cNAC187_5": {"mean_frequency": {"0.1": 23.50000000001598, "0.2": 41.0924580305967, "0.4": 64.82086327324636, "0.8": 98.29488465402866}, "ISI_CV": {"0.1": 0.023207588420587757, "0.2": 0.014852541276329448, "0.4": 0.010370551154274658, "0.8": 0.011949740546991832}, "time_to_first_spike": {"0.1": 19.200000000094974, "0.2": 8.10000000009245, "0.4": 3.7000000000914497, "0.8": 1.9000000000910404}, "time_to_second_spike": {"0.1": 60.00000000010425, "0.2": 30.70000000009759, "0.4": 17.100000000094496, "0.8": 10.400000000092973}, "AP_height": {"0.1": 16.64817608359263, "0.2": 19.064364857132396, "0.4": 22.99459537259131, "0.8": 22.361854066313477}, "AP_width": {"0.1": 0.7000000000001592, "0.2": 0.7000000000001592, "0.4": 0.7000000000001592, "0.8": 0.8000000000001819}, "AP_amplitude": {"0.1": 67.99454169159121, "0.2": 73.21859362860482, "0.4": 77.65050506430009, "0.8": 90.84525087467247}, "voltage_base": {"0.1": -68.48064454872974, "0.2": -68.48064454872974, "0.4": -68.48064454872974, "0.8": -68.48064454872974}}}, "NetPyNE": {"L4_LBC_cNAC187_5": {"mean_frequency": {"0.1": 23.44546381245213, "0.2": 40.96702407447647, "0.4": 64.59689534305843, "0.8": 97.94073329991583}, "ISI_CV": {"0.1": 0.02278792699379935, "0.2": 0.014286907349131262, "0.4": 0.00990576611944564, "0.8": 0.012573423346761719}, "time_to_first_spike": {"0.1": 19.40000000009502, "0.2": 8.200000000092473, "0.4": 3.8000000000914724, "0.8": 1.9000000000910404}, "time_to_second_spike": {"0.1": 60.30000000010432, "0.2": 30.900000000097634, "0.4": 17.20000000009452, "0.8": 10.500000000092996}, "AP_height": {"0.1": 16.277946765180708, "0.2": 19.589512336199544, "0.4": 22.272240068621663, "0.8": 25.760660491662872}, "AP_width": {"0.1": 0.7000000000001592, "0.2": 0.7000000000001592, "0.4": 0.8000000000001819, "0.8": 0.7000000000001592}, "AP_amplitude": {"0.1": 67.66256119806835, "0.2": 74.36040022399729, "0.4": 77.42750524851078, "0.8": 94.24405288592725}, "voltage_base": {"0.1": -68.48064012969934, "0.2": -68.48064012969934, "0.4": -68.48064012969934, "0.8": -68.48064012969934}}}}