{"BBP": {"L6_NBC_cACint209_4": {"mean_frequency": {"0.1": 20.842865131425818, "0.2": 30.45685279189878, "0.4": 48.78294105817031, "0.8": 89.58510585061893}, "ISI_CV": {"0.1": 0.2871527171191553, "0.2": 0.25771345708983384, "0.4": 0.22013101488258743, "0.8": 0.1710048961765238}, "time_to_first_spike": {"0.1": 11.200000000093155, "0.2": 4.700000000091677, "0.4": 2.2000000000911086, "0.8": 1.2000000000908813}, "time_to_second_spike": {"0.1": 27.80000000009693, "0.2": 15.300000000094087, "0.4": 10.100000000092905, "0.8": 7.400000000092291}, "AP_height": {"0.1": 33.20021006930312, "0.2": 36.01045075519544, "0.4": 38.34068292318032, "0.8": 39.806758060073925}, "AP_width": {"0.1": 0.8000000000001819, "0.2": 0.8000000000001819, "0.4": 0.9000000000002046, "0.8": 0.9000000000002046}, "AP_amplitude": {"0.1": 86.90871475137314, "0.2": 90.56818951287019, "0.4": 107.67774479393958, "0.8": 110.95638924254104}, "voltage_base": {"0.1": -71.14895507418152, "0.2": -71.14895507418152, "0.4": -71.14895507418152, "0.8": -71.14895507418152}}}, "NetPyNE": {"L6_NBC_cACint209_4": {"mean_frequency": {"0.1": 20.805845935262226, "0.2": 30.429049599371442, "0.4": 48.7241310026451, "0.8": 89.51921142633314}, "ISI_CV": {"0.1": 0.2872670448896108, "0.2": 0.25800076405027084, "0.4": 0.21999795970951366, "0.8": 0.17023646113442467}, "time_to_first_spike": {"0.1": 11.300000000093178, "0.2": 4.8000000000917, "0.4": 2.3000000000911314, "0.8": 1.300000000090904}, "time_to_second_spike": {"0.1": 28.000000000096975, "0.2": 15.500000000094133, "0.4": 10.200000000092928, "0.8": 7.500000000092314}, "AP_height": {"0.1": 32.509185875050896, "0.2": 35.12017910510189, "0.4": 36.24813604274123, "0.8": 36.48891022664941}, "AP_width": {"0.1": 0.8000000000001819, "0.2": 0.8000000000001819, "0.4": 0.8000000000001819, "0.8": 0.9000000000002046}, "AP_amplitude": {"0.1": 87.00570151720174, "0.2": 90.00519516157773, "0.4": 105.62609224626496, "0.8": 107.63854055186376}, "voltage_base": {"0.1": -71.14895421818036, "0.2": -71.14895421818036, "0.4": -71.14895421818036, "0.8": -71.14895421818036}}}}