{"BBP": {"L6_BTC_bAC217_3": {"mean_frequency": {"0.1": 4.018081366150393, "0.2": 10.730161974357047, "0.4": 15.91947825194931, "0.8": 22.542138429238012}, "ISI_CV": {"0.1": 0.01767108398771716, "0.2": 0.291223842448721, "0.4": 0.29041684305418625, "0.8": 0.32728629646186386}, "time_to_first_spike": {"0.1": 17.400000000094565, "0.2": 5.700000000091904, "0.4": 2.7000000000912223, "0.8": 1.5000000000909495}, "time_to_second_spike": {"0.1": 79.50000000010868, "0.2": 30.40000000009752, "0.4": 18.600000000094838, "0.8": 12.10000000009336}, "AP_height": {"0.1": 18.801206094957852, "0.2": 21.82879815056582, "0.4": 27.24975790816904, "0.8": 31.271319825063173}, "AP_width": {"0.1": 0.5000000000001137, "0.2": 0.5000000000001137, "0.4": 0.6000000000001364, "0.8": 0.6000000000001364}, "AP_amplitude": {"0.1": 75.85323335645305, "0.2": 78.46328311263413, "0.4": 98.05475318944448, "0.8": 103.99318507072915}, "voltage_base": {"0.1": -72.7186626940452, "0.2": -72.7186626940452, "0.4": -72.7186626940452, "0.8": -72.7186626940452}}}, "NetPyNE": {"L6_BTC_bAC217_3": {"mean_frequency": {"0.1": 4.130524576623869, "0.2": 10.546933855664838, "0.4": 15.643924101746576, "0.8": 22.304455821984988}, "ISI_CV": {"0.1": 0.014740181059225742, "0.2": 0.2897057746275382, "0.4": 0.282485263182966, "0.8": 0.2998371773594698}, "time_to_first_spike": {"0.1": 17.60000000009461, "0.2": 5.800000000091927, "0.4": 2.800000000091245, "0.8": 1.5000000000909495}, "time_to_second_spike": {"0.1": 80.80000000010898, "0.2": 30.70000000009759, "0.4": 18.800000000094883, "0.8": 12.300000000093405}, "AP_height": {"0.1": 18.983024696918665, "0.2": 21.961209894091006, "0.4": 28.680555620647564, "0.8": 28.412678513083353}, "AP_width": {"0.1": 0.5000000000001137, "0.2": 0.5000000000001137, "0.4": 0.6000000000001364, "0.8": 0.6000000000001364}, "AP_amplitude": {"0.1": 74.84772899690931, "0.2": 77.94776124581026, "0.4": 99.53073337451868, "0.8": 101.1345389145927}, "voltage_base": {"0.1": -72.71865783097033, "0.2": -72.71865783097033, "0.4": -72.71865783097033, "0.8": -72.71865783097033}}}}