{"BBP": {"L4_MC_bAC217_4": {"mean_frequency": {"0.1": 0, "0.2": 7.335219532646635, "0.4": 13.263276029188166, "0.8": 19.23174249710296}, "ISI_CV": {"0.1": 0, "0.2": 0.28532727995194357, "0.4": 0.2893317313585512, "0.8": 0.2894448666972098}, "time_to_first_spike": {"0.1": 0, "0.2": 11.900000000093314, "0.4": 3.7000000000914497, "0.8": 1.8000000000910177}, "time_to_second_spike": {"0.1": 0, "0.2": 50.90000000010218, "0.4": 24.90000000009627, "0.8": 15.100000000094042}, "AP_height": {"0.1": 0, "0.2": 23.009014450407854, "0.4": 28.47520914654384, "0.8": 28.142451160713335}, "AP_width": {"0.1": 0, "0.2": 0.5000000000001137, "0.4": 0.5000000000001137, "0.8": 0.6000000000001364}, "AP_amplitude": {"0.1": 0, "0.2": 78.76926820462957, "0.4": 84.36312365489076, "0.8": 100.34541101837097}, "voltage_base": {"0.1": -72.19987255975504, "0.2": -72.19987255975504, "0.4": -72.19987255975504, "0.8": -72.19987255975504}}}, "NetPyNE": {"L4_MC_bAC217_4": {"mean_frequency": {"0.1": 0, "0.2": 7.218355246202331, "0.4": 13.05220883535023, "0.8": 19.004571369882857}, "ISI_CV": {"0.1": 0, "0.2": 0.2780844557621733, "0.4": 0.2876887525415246, "0.8": 0.29226075802725315}, "time_to_first_spike": {"0.1": 0, "0.2": 12.000000000093337, "0.4": 3.8000000000914724, "0.8": 1.8000000000910177}, "time_to_second_spike": {"0.1": 0, "0.2": 51.30000000010227, "0.4": 25.20000000009634, "0.8": 15.300000000094087}, "AP_height": {"0.1": 0, "0.2": 22.819553507233323, "0.4": 26.587019167517365, "0.8": 31.145160478537765}, "AP_width": {"0.1": 0, "0.2": 0.5000000000001137, "0.4": 0.5000000000001137, "0.8": 0.6000000000001364}, "AP_amplitude": {"0.1": 0, "0.2": 78.15596388318077, "0.4": 82.79132763953547, "0.8": 103.34811551526009}, "voltage_base": {"0.1": -72.19986772090446, "0.2": -72.19986772090446, "0.4": -72.19986772090446, "0.8": -72.19986772090446}}}}