{"BBP": {"L23_DBC_bIR215_2": {"mean_frequency": {"0.1": 10.31299953592196, "0.2": 14.8565573770592, "0.4": 20.52755824696036, "0.8": 31.763638197056935}, "ISI_CV": {"0.1": 0.3261305286297042, "0.2": 0.32753779456919874, "0.4": 0.33405645270415996, "0.8": 0.2972668194825153}, "time_to_first_spike": {"0.1": 6.900000000092177, "0.2": 3.1000000000913133, "0.4": 1.6000000000909722, "0.8": 0.900000000090813}, "time_to_second_spike": {"0.1": 30.200000000097475, "0.2": 17.800000000094656, "0.4": 11.100000000093132, "0.8": 7.700000000092359}, "AP_height": {"0.1": 21.610811591400385, "0.2": 25.22371715377046, "0.4": 23.92855853795935, "0.8": 29.891868371535697}, "AP_width": {"0.1": 0.6000000000001364, "0.2": 0.6000000000001364, "0.4": 0.6000000000001364, "0.8": 0.7000000000001592}, "AP_amplitude": {"0.1": 78.29137379161504, "0.2": 81.07330827724718, "0.4": 96.0442925426123, "0.8": 102.22568303103643}, "voltage_base": {"0.1": -72.19247063151712, "0.2": -72.19247063151712, "0.4": -72.19247063151712, "0.8": -72.19247063151712}}}, "NetPyNE": {"L23_DBC_bIR215_2": {"mean_frequency": {"0.1": 8.097603109484954, "0.2": 13.571249057561362, "0.4": 19.433364017605424, "0.8": 30.128044187818602}, "ISI_CV": {"0.1": 0.2727755784467487, "0.2": 0.2936700409050897, "0.4": 0.3057620562895111, "0.8": 0.2759448226412744}, "time_to_first_spike": {"0.1": 9.000000000092655, "0.2": 3.8000000000914724, "0.4": 1.9000000000910404, "0.8": 1.1000000000908585}, "time_to_second_spike": {"0.1": 38.30000000009932, "0.2": 20.2000000000952, "0.4": 12.200000000093382, "0.8": 8.200000000092473}, "AP_height": {"0.1": 20.909441617541496, "0.2": 21.492702711422094, "0.4": 25.942726587755637, "0.8": 26.972613973467546}, "AP_width": {"0.1": 0.6000000000001364, "0.2": 0.7000000000001592, "0.4": 0.6000000000001364, "0.8": 0.7000000000001592}, "AP_amplitude": {"0.1": 77.14657685854283, "0.2": 77.18762178946201, "0.4": 101.15958004128282, "0.8": 102.18946740769192}, "voltage_base": {"0.1": -75.21574472355104, "0.2": -75.21574472355104, "0.4": -75.21574472355104, "0.8": -75.21574472355104}}}}