{"BBP": {"L5_TTPC2_cADpyr232_3": {"mean_frequency": {"0.1": 0, "0.2": 0, "0.4": 7.1246819338470555, "0.8": 12.425575977228126}, "ISI_CV": {"0.1": 0, "0.2": 0, "0.4": 0.03592658844190938, "0.8": 0.11684278030559977}, "time_to_first_spike": {"0.1": 0, "0.2": 0, "0.4": 33.100000000098134, "0.8": 11.900000000093314}, "time_to_second_spike": {"0.1": 0, "0.2": 0, "0.4": 88.60000000011075, "0.8": 33.70000000009827}, "AP_height": {"0.1": 0, "0.2": 0, "0.4": 29.214405754694127, "0.8": 33.26563463214588}, "AP_width": {"0.1": 0, "0.2": 0, "0.4": 0.9000000000002046, "0.8": 0.9000000000002046}, "AP_amplitude": {"0.1": 0, "0.2": 0, "0.4": 82.32297961148004, "0.8": 86.25909856666559}, "voltage_base": {"0.1": -70.73780947425888, "0.2": -70.73780947425888, "0.4": -70.73780947425888, "0.8": -70.73780947425888}}}, "NetPyNE": {"L5_TTPC2_cADpyr232_3": {"mean_frequency": {"0.1": 0, "0.2": 0, "0.4": 7.046152297553727, "0.8": 12.292562999393663}, "ISI_CV": {"0.1": 0, "0.2": 0, "0.4": 0.03330796154756497, "0.8": 0.11541081624812224}, "time_to_first_spike": {"0.1": 0, "0.2": 0, "0.4": 33.30000000009818, "0.8": 12.000000000093337}, "time_to_second_spike": {"0.1": 0, "0.2": 0, "0.4": 89.60000000011098, "0.8": 34.10000000009836}, "AP_height": {"0.1": 0, "0.2": 0, "0.4": 30.795803408201948, "0.8": 32.14989922347739}, "AP_width": {"0.1": 0, "0.2": 0, "0.4": 0.8000000000001819, "0.8": 0.9000000000002046}, "AP_amplitude": {"0.1": 0, "0.2": 0, "0.4": 83.80581027637685, "0.8": 84.49461905557084}, "voltage_base": {"0.1": -70.73780872200608, "0.2": -70.73780872200608, "0.4": -70.73780872200608, "0.8": -70.73780872200608}}}}