{"BBP": {"L4_DBC_bNAC219_3": {"mean_frequency": {"0.1": 20.289119959435492, "0.2": 75.70819754329536, "0.4": 119.60166141228169, "0.8": 165.95638004523684}, "ISI_CV": {"0.1": 0.19003120601186785, "0.2": 0.03825949153713193, "0.4": 0.02877712926480943, "0.8": 0.015171275845052519}, "time_to_first_spike": {"0.1": 14.400000000093883, "0.2": 4.500000000091632, "0.4": 2.100000000091086, "0.8": 1.2000000000908813}, "time_to_second_spike": {"0.1": 32.30000000009795, "0.2": 14.900000000093996, "0.4": 9.700000000092814, "0.8": 7.2000000000922455}, "AP_height": {"0.1": 10.65333384351998, "0.2": 18.420459699620853, "0.4": 21.12759720080352, "0.8": 23.471226783632606}, "AP_width": {"0.1": 0.6000000000001364, "0.2": 0.6000000000001364, "0.4": 0.6000000000001364, "0.8": 0.6000000000001364}, "AP_amplitude": {"0.1": 65.26051368378849, "0.2": 74.18446817453318, "0.4": 89.14241646911202, "0.8": 93.3237726888237}, "voltage_base": {"0.1": -69.85244576020402, "0.2": -69.85244576020402, "0.4": -69.85244576020402, "0.8": -69.85244576020402}}}, "NetPyNE": {"L4_DBC_bNAC219_3": {"mean_frequency": {"0.1": 20.203040557617612, "0.2": 75.30120481932825, "0.4": 118.70179304826259, "0.8": 164.3698321223868}, "ISI_CV": {"0.1": 0.18978852487820036, "0.2": 0.03801442307107487, "0.4": 0.028267691548506644, "0.8": 0.014436895888692632}, "time_to_first_spike": {"0.1": 14.600000000093928, "0.2": 4.600000000091654, "0.4": 2.2000000000911086, "0.8": 1.300000000090904}, "time_to_second_spike": {"0.1": 32.500000000098, "0.2": 15.100000000094042, "0.4": 9.90000000009286, "0.8": 7.300000000092268}, "AP_height": {"0.1": 13.104856146303149, "0.2": 18.582163847492588, "0.4": 22.672958824175733, "0.8": 23.907901865504197}, "AP_width": {"0.1": 0.6000000000001364, "0.2": 0.6000000000001364, "0.4": 0.6000000000001364, "0.8": 0.6000000000001364}, "AP_amplitude": {"0.1": 67.47179236266464, "0.2": 73.26450357789253, "0.4": 90.73337316521011, "0.8": 93.76044760203065}, "voltage_base": {"0.1": -69.85244559094951, "0.2": -69.85244559094951, "0.4": -69.85244559094951, "0.8": -69.85244559094951}}}}