{"BBP": {"L5_NGC_cACint209_1": {"mean_frequency": {"0.1": 26.594410156072055, "0.2": 43.641835966922045, "0.4": 82.6943316795029, "0.8": 237.1541501967252}, "ISI_CV": {"0.1": 0.2571506360377226, "0.2": 0.22388396936902602, "0.4": 0.15876765351877195, "0.8": 0.14207650273224043}, "time_to_first_spike": {"0.1": 7.800000000092382, "0.2": 4.200000000091563, "0.4": 2.400000000091154, "0.8": 1.4000000000909267}, "time_to_second_spike": {"0.1": 22.100000000095633, "0.2": 14.100000000093814, "0.4": 9.700000000092814, "0.8": 7.0000000000922}, "AP_height": {"0.1": 23.66399152312528, "0.2": 28.06286724061, "0.4": 29.106992272437186, "0.8": 32.12040608503476}, "AP_width": {"0.1": 0.9000000000002046, "0.2": 0.9000000000002046, "0.4": 0.9000000000002046, "0.8": 1.0000000000002274}, "AP_amplitude": {"0.1": 78.77684321088122, "0.2": 82.85807123356676, "0.4": 100.96748287823306, "0.8": 103.98089668898065}, "voltage_base": {"0.1": -71.85978733190154, "0.2": -71.85978733190154, "0.4": -71.85978733190154, "0.8": -71.85978733190154}}}, "NetPyNE": {"L5_NGC_cACint209_1": {"mean_frequency": {"0.1": 26.647895821829138, "0.2": 43.7978252114675, "0.4": 83.06484091830042, "0.8": 236.22047244004852}, "ISI_CV": {"0.1": 0.2572524876210512, "0.2": 0.2235668667645834, "0.4": 0.15648099289129896, "0.8": 0.1475747111149661}, "time_to_first_spike": {"0.1": 8.000000000092427, "0.2": 4.300000000091586, "0.4": 2.400000000091154, "0.8": 1.4000000000909267}, "time_to_second_spike": {"0.1": 22.200000000095656, "0.2": 14.30000000009386, "0.4": 9.800000000092837, "0.8": 7.100000000092223}, "AP_height": {"0.1": 23.54861266709478, "0.2": 27.15185436072308, "0.4": 30.25398907909268, "0.8": 32.798276095344654}, "AP_width": {"0.1": 0.9000000000002046, "0.2": 1.0000000000002274, "0.4": 1.0000000000002274, "0.8": 1.0000000000002274}, "AP_amplitude": {"0.1": 78.13886669006094, "0.2": 82.18903202731906, "0.4": 84.5764307569351, "0.8": 104.65876577179765}, "voltage_base": {"0.1": -71.85978639780951, "0.2": -71.85978639780951, "0.4": -71.85978639780951, "0.8": -71.85978639780951}}}}