{"BBP": {"L5_LBC_cSTUT189_5": {"mean_frequency": {"0.1": 37.36430194397887, "0.2": 64.79156202917508, "0.4": 95.42943244607183, "0.8": 140.14014014023542}, "ISI_CV": {"0.1": 0.1311388197740993, "0.2": 0.06933091878600417, "0.4": 0.049757047280883045, "0.8": 0.01685388166409774}, "time_to_first_spike": {"0.1": 5.400000000091836, "0.2": 2.500000000091177, "0.4": 1.4000000000909267, "0.8": 0.900000000090813}, "time_to_second_spike": {"0.1": 29.70000000009736, "0.2": 14.600000000093928, "0.4": 9.500000000092768, "0.8": 7.0000000000922}, "AP_height": {"0.1": 29.788707414461477, "0.2": 29.468523295195688, "0.4": 34.00619619805515, "0.8": 30.852144111584423}, "AP_width": {"0.1": 0.7000000000001592, "0.2": 0.7000000000001592, "0.4": 0.7000000000001592, "0.8": 0.7000000000001592}, "AP_amplitude": {"0.1": 86.60840319612944, "0.2": 101.90701389551916, "0.4": 108.3031546754873, "0.8": 104.83734879451866}, "voltage_base": {"0.1": -73.84800068216495, "0.2": -73.84800068216495, "0.4": -73.84800068216495, "0.8": -73.84800068216495}}}, "NetPyNE": {"L5_LBC_cSTUT189_5": {"mean_frequency": {"0.1": 36.94518953390831, "0.2": 64.08330830083459, "0.4": 94.70835838851896, "0.8": 139.1043282462792}, "ISI_CV": {"0.1": 0.07199659651574172, "0.2": 0.06017302350650457, "0.4": 0.047060711557886784, "0.8": 0.015980578271409262}, "time_to_first_spike": {"0.1": 5.500000000091859, "0.2": 2.500000000091177, "0.4": 1.4000000000909267, "0.8": 0.900000000090813}, "time_to_second_spike": {"0.1": 28.700000000097134, "0.2": 14.70000000009395, "0.4": 9.600000000092791, "0.8": 7.100000000092223}, "AP_height": {"0.1": 25.56733384223455, "0.2": 32.26681504988516, "0.4": 31.66903714438583, "0.8": 35.40490591068753}, "AP_width": {"0.1": 0.7000000000001592, "0.2": 0.7000000000001592, "0.4": 0.8000000000001819, "0.8": 0.7000000000001592}, "AP_amplitude": {"0.1": 82.18821020924703, "0.2": 104.77024384609177, "0.4": 105.76201068760838, "0.8": 109.49787919569214}, "voltage_base": {"0.1": -74.0916777100885, "0.2": -74.0916777100885, "0.4": -74.0916777100885, "0.8": -74.0916777100885}}}}