{"BBP": {"L5_MC_dNAC222_1": {"mean_frequency": {"0.1": 9.677090760931465, "0.2": 51.49954559227968, "0.4": 86.15939488058754, "0.8": 131.92215088291465}, "ISI_CV": {"0.1": 0.06606714817709865, "0.2": 0.008383985575984753, "0.4": 0.012339694874717266, "0.8": 0.0311846759958503}, "time_to_first_spike": {"0.1": 886.1999999996528, "0.2": 6.900000000092177, "0.4": 3.1000000000913133, "0.8": 1.700000000090995}, "time_to_second_spike": {"0.1": 961.3999999995845, "0.2": 25.000000000096293, "0.4": 13.100000000093587, "0.8": 8.700000000092587}, "AP_height": {"0.1": 8.339334364707984, "0.2": 16.440042130017748, "0.4": 21.257803615737963, "0.8": 23.776936613158878}, "AP_width": {"0.1": 0.6999999999993634, "0.2": 0.6000000000001364, "0.4": 0.7000000000001592, "0.8": 0.7000000000001592}, "AP_amplitude": {"0.1": 63.817346709683605, "0.2": 72.9197623659672, "0.4": 77.19518282748959, "0.8": 96.77191782877284}, "voltage_base": {"0.1": -72.99084934906402, "0.2": -72.99084934906402, "0.4": -72.99084934906402, "0.8": -72.99084934906402}}}, "NetPyNE": {"L5_MC_dNAC222_1": {"mean_frequency": {"0.1": 9.656925031772731, "0.2": 51.21253200786728, "0.4": 85.69280881990288, "0.8": 131.21650723703013}, "ISI_CV": {"0.1": 0.06647934172118428, "0.2": 0.008684592564051503, "0.4": 0.012672748623131069, "0.8": 0.032063307777841187}, "time_to_first_spike": {"0.1": 886.6999999996524, "0.2": 7.0000000000922, "0.4": 3.200000000091336, "0.8": 1.700000000090995}, "time_to_second_spike": {"0.1": 962.1999999995837, "0.2": 25.20000000009634, "0.4": 13.20000000009361, "0.8": 8.80000000009261}, "AP_height": {"0.1": 9.110790283958089, "0.2": 15.909554076644232, "0.4": 18.437927799810236, "0.8": 23.629899280458257}, "AP_width": {"0.1": 0.6999999999993634, "0.2": 0.6000000000001364, "0.4": 0.7000000000001592, "0.8": 0.7000000000001592}, "AP_amplitude": {"0.1": 64.2501015521818, "0.2": 71.39821601976553, "0.4": 74.47412409551892, "0.8": 96.6248725113374}, "voltage_base": {"0.1": -72.99084133939013, "0.2": -72.99084133939013, "0.4": -72.99084133939013, "0.8": -72.99084133939013}}}}