{"BBP": {"L1_HAC_cIR216_5": {"mean_frequency": {"0.1": 18.229694146255003, "0.2": 29.21472825267685, "0.4": 55.041280960757966, "0.8": 126.74080753440134}, "ISI_CV": {"0.1": 0.3115501569512138, "0.2": 0.2832687893158785, "0.4": 0.2722779938857265, "0.8": 0.08228045021339059}, "time_to_first_spike": {"0.1": 6.000000000091973, "0.2": 3.1000000000913133, "0.4": 1.8000000000910177, "0.8": 1.0000000000908358}, "time_to_second_spike": {"0.1": 18.0000000000947, "0.2": 11.700000000093269, "0.4": 8.600000000092564, "0.8": 6.500000000092086}, "AP_height": {"0.1": 35.206529324099144, "0.2": 37.84678574216396, "0.4": 38.51451891613743, "0.8": 40.50175587458594}, "AP_width": {"0.1": 0.8000000000001819, "0.2": 0.9000000000002046, "0.4": 0.9000000000002046, "0.8": 1.0000000000002274}, "AP_amplitude": {"0.1": 91.1658521921593, "0.2": 93.62702919266438, "0.4": 115.80096099619664, "0.8": 116.80957210511421}, "voltage_base": {"0.1": -76.15959906503302, "0.2": -76.15959906503302, "0.4": -76.15959906503302, "0.8": -76.15959906503302}}}, "NetPyNE": {"L1_HAC_cIR216_5": {"mean_frequency": {"0.1": 15.42813062484968, "0.2": 26.413369228442715, "0.4": 48.62886649624801, "0.8": 119.63758322078515}, "ISI_CV": {"0.1": 0.243136184473415, "0.2": 0.20505150506589748, "0.4": 0.39255886201241835, "0.8": 0.07864688056347124}, "time_to_first_spike": {"0.1": 6.900000000092177, "0.2": 3.4000000000913815, "0.4": 1.9000000000910404, "0.8": 1.1000000000908585}, "time_to_second_spike": {"0.1": 19.700000000095088, "0.2": 12.400000000093428, "0.4": 8.80000000009261, "0.8": 6.700000000092132}, "AP_height": {"0.1": 32.24462265578614, "0.2": 36.295991344955794, "0.4": 38.40597253012546, "0.8": 40.55056816039477}, "AP_width": {"0.1": 0.9000000000002046, "0.2": 0.9000000000002046, "0.4": 0.9000000000002046, "0.8": 1.0000000000002274}, "AP_amplitude": {"0.1": 87.05185771901859, "0.2": 91.95780278651395, "0.4": 116.29487778974635, "0.8": 118.43947338223106}, "voltage_base": {"0.1": -77.88862567403211, "0.2": -77.88862567403211, "0.4": -77.88862567403211, "0.8": -77.88862567403211}}}}