{"BBP": {"L5_NBC_bAC217_2": {"mean_frequency": {"0.1": 5.908895573703961, "0.2": 11.569813305293032, "0.4": 16.825574873819555, "0.8": 23.517638228687492}, "ISI_CV": {"0.1": 0.26603434813820936, "0.2": 0.30342290604675626, "0.4": 0.30226799075195343, "0.8": 0.3276889248101859}, "time_to_first_spike": {"0.1": 17.20000000009452, "0.2": 6.200000000092018, "0.4": 2.7000000000912223, "0.8": 1.4000000000909267}, "time_to_second_spike": {"0.1": 63.300000000105, "0.2": 30.600000000097566, "0.4": 18.200000000094747, "0.8": 11.500000000093223}, "AP_height": {"0.1": 15.90705973436102, "0.2": 23.59289620413068, "0.4": 28.90812169775924, "0.8": 31.385678434074904}, "AP_width": {"0.1": 0.5000000000001137, "0.2": 0.6000000000001364, "0.4": 0.6000000000001364, "0.8": 0.6000000000001364}, "AP_amplitude": {"0.1": 72.73374853062647, "0.2": 80.37928668324388, "0.4": 100.93723450852387, "0.8": 103.41479124289592}, "voltage_base": {"0.1": -72.02610156253674, "0.2": -72.02610156253674, "0.4": -72.02610156253674, "0.8": -72.02610156253674}}}, "NetPyNE": {"L5_NBC_bAC217_2": {"mean_frequency": {"0.1": 5.820721769503298, "0.2": 11.391290840374246, "0.4": 16.554630279934994, "0.8": 22.97090352222072}, "ISI_CV": {"0.1": 0.2654939345221745, "0.2": 0.30035230364495213, "0.4": 0.30045947188867256, "0.8": 0.33298922206927006}, "time_to_first_spike": {"0.1": 17.400000000094565, "0.2": 6.300000000092041, "0.4": 2.800000000091245, "0.8": 1.5000000000909495}, "time_to_second_spike": {"0.1": 63.800000000105115, "0.2": 30.900000000097634, "0.4": 18.400000000094792, "0.8": 11.700000000093269}, "AP_height": {"0.1": 19.19378596556722, "0.2": 24.21069377006076, "0.4": 26.552334358460946, "0.8": 28.94621217720204}, "AP_width": {"0.1": 0.5000000000001137, "0.2": 0.6000000000001364, "0.4": 0.5000000000001137, "0.8": 0.6000000000001364}, "AP_amplitude": {"0.1": 75.86176961782377, "0.2": 80.2300014021018, "0.4": 98.58144235228798, "0.8": 100.97532038552792}, "voltage_base": {"0.1": -72.02609694459925, "0.2": -72.02609694459925, "0.4": -72.02609694459925, "0.8": -72.02609694459925}}}}