{"BBP": {"L6_NBC_cACint209_2": {"mean_frequency": {"0.1": 24.994899000220922, "0.2": 40.99190283403586, "0.4": 72.11538461543363, "0.8": 130.44350792704026}, "ISI_CV": {"0.1": 0.23881794651684207, "0.2": 0.212692853868164, "0.4": 0.16229867628908043, "0.8": 0.11556437732281669}, "time_to_first_spike": {"0.1": 12.600000000093473, "0.2": 5.90000000009195, "0.4": 3.1000000000913133, "0.8": 1.700000000090995}, "time_to_second_spike": {"0.1": 28.400000000097066, "0.2": 16.80000000009443, "0.4": 11.200000000093155, "0.8": 8.000000000092427}, "AP_height": {"0.1": 26.031917913532485, "0.2": 30.257597473878853, "0.4": 29.421742836659053, "0.8": 35.6549949567359}, "AP_width": {"0.1": 0.8000000000001819, "0.2": 0.8000000000001819, "0.4": 0.8000000000001819, "0.8": 0.9000000000002046}, "AP_amplitude": {"0.1": 81.84815117401298, "0.2": 85.84739007837427, "0.4": 85.04709739947839, "0.8": 106.85392568498443}, "voltage_base": {"0.1": -71.19836926561247, "0.2": -71.19836926561247, "0.4": -71.19836926561247, "0.8": -71.19836926561247}}}, "NetPyNE": {"L6_NBC_cACint209_2": {"mean_frequency": {"0.1": 24.923702950169446, "0.2": 40.90495909506863, "0.4": 72.10816224341406, "0.8": 130.5456909919359}, "ISI_CV": {"0.1": 0.2388938595937437, "0.2": 0.2126014144661477, "0.4": 0.16118198202304682, "0.8": 0.11276023593357476}, "time_to_first_spike": {"0.1": 12.700000000093496, "0.2": 6.000000000091973, "0.4": 3.1000000000913133, "0.8": 1.700000000090995}, "time_to_second_spike": {"0.1": 28.60000000009711, "0.2": 17.000000000094474, "0.4": 11.300000000093178, "0.8": 8.10000000009245}, "AP_height": {"0.1": 26.9743477086164, "0.2": 29.73567860209696, "0.4": 32.20800562575863, "0.8": 31.969406664057214}, "AP_width": {"0.1": 0.8000000000001819, "0.2": 0.8000000000001819, "0.4": 0.9000000000002046, "0.8": 0.9000000000002046}, "AP_amplitude": {"0.1": 82.51950636642383, "0.2": 85.98613003910415, "0.4": 86.89094941333539, "0.8": 103.16833667022668}, "voltage_base": {"0.1": -71.19836854409519, "0.2": -71.19836854409519, "0.4": -71.19836854409519, "0.8": -71.19836854409519}}}}