{"BBP": {"L1_SLAC_cNAC187_3": {"mean_frequency": {"0.1": 51.117570411982214, "0.2": 70.6802345982735, "0.4": 98.3294035017976, "0.8": 141.07759267606772}, "ISI_CV": {"0.1": 0.09953751896680856, "0.2": 0.09563724442717507, "0.4": 0.08082922995806514, "0.8": 0.04399164781060086}, "time_to_first_spike": {"0.1": 2.900000000091268, "0.2": 1.6000000000909722, "0.4": 0.900000000090813, "0.8": 0.6000000000907448}, "time_to_second_spike": {"0.1": 17.90000000009468, "0.2": 11.900000000093314, "0.4": 8.400000000092518, "0.8": 6.300000000092041}, "AP_height": {"0.1": 35.9924638007799, "0.2": 37.09968940999734, "0.4": 33.63135066128205, "0.8": 38.37051702114456}, "AP_width": {"0.1": 0.8000000000001819, "0.2": 0.9000000000002046, "0.4": 0.8000000000001819, "0.8": 0.9000000000002046}, "AP_amplitude": {"0.1": 91.67771798506058, "0.2": 103.94399352708945, "0.4": 102.21808861428582, "0.8": 106.95725497099}, "voltage_base": {"0.1": -68.58414706512227, "0.2": -68.58414706512227, "0.4": -68.58414706512227, "0.8": -68.58414706512227}}}, "NetPyNE": {"L1_SLAC_cNAC187_3": {"mean_frequency": {"0.1": 51.012753188331764, "0.2": 70.53173928272517, "0.4": 98.08827945157304, "0.8": 140.50702535136313}, "ISI_CV": {"0.1": 0.09846517778642282, "0.2": 0.09424098479133144, "0.4": 0.07892378487554803, "0.8": 0.04192849391393326}, "time_to_first_spike": {"0.1": 3.0000000000912905, "0.2": 1.700000000090995, "0.4": 1.0000000000908358, "0.8": 0.6000000000907448}, "time_to_second_spike": {"0.1": 18.0000000000947, "0.2": 12.000000000093337, "0.4": 8.500000000092541, "0.8": 6.400000000092064}, "AP_height": {"0.1": 32.038699628041364, "0.2": 34.346254275539756, "0.4": 37.27655258794861, "0.8": 38.201295495127425}, "AP_width": {"0.1": 0.8000000000001819, "0.2": 0.8000000000001819, "0.4": 0.8000000000001819, "0.8": 0.9000000000002046}, "AP_amplitude": {"0.1": 87.79211265900545, "0.2": 101.23027679536926, "0.4": 105.86328524863504, "0.8": 106.78802808582617}, "voltage_base": {"0.1": -68.58414169754154, "0.2": -68.58414169754154, "0.4": -68.58414169754154, "0.8": -68.58414169754154}}}}