{"BBP": {"L5_NGC_cACint209_4": {"mean_frequency": {"0.1": 26.557097760202446, "0.2": 43.45189975750721, "0.4": 82.13963738360786, "0.8": 238.09523809432787}, "ISI_CV": {"0.1": 0.25698011881920196, "0.2": 0.22599910919429334, "0.4": 0.15972556241999897, "0.8": 0.1527959971766609}, "time_to_first_spike": {"0.1": 8.000000000092427, "0.2": 4.300000000091586, "0.4": 2.400000000091154, "0.8": 1.4000000000909267}, "time_to_second_spike": {"0.1": 22.4000000000957, "0.2": 14.30000000009386, "0.4": 9.700000000092814, "0.8": 7.0000000000922}, "AP_height": {"0.1": 25.42470336079635, "0.2": 25.759091183971968, "0.4": 30.476143310683213, "0.8": 32.55244314219124}, "AP_width": {"0.1": 0.9000000000002046, "0.2": 1.0000000000002274, "0.4": 0.9000000000002046, "0.8": 1.0000000000002274}, "AP_amplitude": {"0.1": 80.22531246192075, "0.2": 80.21017521592779, "0.4": 102.2822915447837, "0.8": 104.35859137443995}, "voltage_base": {"0.1": -71.80544362332154, "0.2": -71.80544362332154, "0.4": -71.80544362332154, "0.8": -71.80544362332154}}}, "NetPyNE": {"L5_NGC_cACint209_4": {"mean_frequency": {"0.1": 26.615778637089335, "0.2": 43.54136429611088, "0.4": 82.53648716663879, "0.8": 237.1541501967252}, "ISI_CV": {"0.1": 0.2571840659599496, "0.2": 0.22433811397533476, "0.4": 0.1576265752023184, "0.8": 0.1610055749145488}, "time_to_first_spike": {"0.1": 8.10000000009245, "0.2": 4.300000000091586, "0.4": 2.500000000091177, "0.8": 1.4000000000909267}, "time_to_second_spike": {"0.1": 22.600000000095747, "0.2": 14.400000000093883, "0.4": 9.800000000092837, "0.8": 7.100000000092223}, "AP_height": {"0.1": 24.62982653417817, "0.2": 26.328972575189876, "0.4": 28.383512747990828, "0.8": 31.424955352400417}, "AP_width": {"0.1": 0.9000000000002046, "0.2": 0.9000000000002046, "0.4": 1.0000000000002274, "0.8": 1.0000000000002274}, "AP_amplitude": {"0.1": 78.89178819036323, "0.2": 81.08520348570873, "0.4": 83.09349540729039, "0.8": 103.23110266466709}, "voltage_base": {"0.1": -71.80544269563546, "0.2": -71.80544269563546, "0.4": -71.80544269563546, "0.8": -71.80544269563546}}}}