{"BBP": {"L6_LBC_cSTUT189_4": {"mean_frequency": {"0.1": 0, "0.2": 26.627067438186838, "0.4": 65.50327516380274, "0.8": 102.02550637666353}, "ISI_CV": {"0.1": 0, "0.2": 0.21469166935056583, "0.4": 0.031194281730654607, "0.8": 0.017751157787893705}, "time_to_first_spike": {"0.1": 0, "0.2": 9.800000000092837, "0.4": 3.3000000000913587, "0.8": 1.6000000000909722}, "time_to_second_spike": {"0.1": 0, "0.2": 49.200000000101795, "0.4": 16.300000000094315, "0.8": 9.800000000092837}, "AP_height": {"0.1": 0, "0.2": 17.945425819848474, "0.4": 27.60481897859676, "0.8": 26.26139271834435}, "AP_width": {"0.1": 0, "0.2": 0.7000000000001592, "0.4": 0.7000000000001592, "0.8": 0.7000000000001592}, "AP_amplitude": {"0.1": 0, "0.2": 73.74215788252499, "0.4": 83.27106165801223, "0.8": 100.97076748534451}, "voltage_base": {"0.1": -74.45438211431083, "0.2": -74.45438211431083, "0.4": -74.45438211431083, "0.8": -74.45438211431083}}}, "NetPyNE": {"L6_LBC_cSTUT189_4": {"mean_frequency": {"0.1": 0, "0.2": 12.370496366175018, "0.4": 64.16683376783988, "0.8": 100.64593660815014}, "ISI_CV": {"0.1": 0, "0.2": 0.13503005484733105, "0.4": 0.02028948602009505, "0.8": 0.014861141802181581}, "time_to_first_spike": {"0.1": 0, "0.2": 10.200000000092928, "0.4": 3.500000000091404, "0.8": 1.700000000090995}, "time_to_second_spike": {"0.1": 0, "0.2": 196.5000000001353, "0.4": 17.000000000094474, "0.8": 9.90000000009286}, "AP_height": {"0.1": 0, "0.2": 20.678626207891995, "0.4": 27.80125400622044, "0.8": 30.664994256300698}, "AP_width": {"0.1": 0, "0.2": 0.6000000000001364, "0.4": 0.7000000000001592, "0.8": 0.7000000000001592}, "AP_amplitude": {"0.1": 0, "0.2": 76.1370526072836, "0.4": 83.0635622595329, "0.8": 105.48458717908454}, "voltage_base": {"0.1": -74.81863429369814, "0.2": -74.81863429369814, "0.4": -74.81863429369814, "0.8": -74.81863429369814}}}}