{"BBP": {"L5_BTC_cNAC187_5": {"mean_frequency": {"0.1": 30.293850348399815, "0.2": 53.03181909149093, "0.4": 84.55919143406129, "0.8": 133.64701171297503}, "ISI_CV": {"0.1": 0.009578457525303197, "0.2": 0.009783031059871584, "0.4": 0.019375927928503216, "0.8": 0.04768373551301287}, "time_to_first_spike": {"0.1": 15.40000000009411, "0.2": 6.200000000092018, "0.4": 2.900000000091268, "0.8": 1.6000000000909722}, "time_to_second_spike": {"0.1": 47.20000000010134, "0.2": 23.40000000009593, "0.4": 13.20000000009361, "0.8": 8.900000000092632}, "AP_height": {"0.1": 9.798850286165603, "0.2": 13.49233551951326, "0.4": 18.792452635896844, "0.8": 19.466648438427594}, "AP_width": {"0.1": 0.6000000000001364, "0.2": 0.7000000000001592, "0.4": 0.7000000000001592, "0.8": 0.8000000000001819}, "AP_amplitude": {"0.1": 65.63800755863974, "0.2": 69.966826943471, "0.4": 74.95825342527921, "0.8": 86.55131463618443}, "voltage_base": {"0.1": -67.082402212501, "0.2": -67.082402212501, "0.4": -67.082402212501, "0.8": -67.082402212501}}}, "NetPyNE": {"L5_BTC_cNAC187_5": {"mean_frequency": {"0.1": 30.185641696453548, "0.2": 52.83816425124358, "0.4": 84.25698380064905, "0.8": 133.73403456057173}, "ISI_CV": {"0.1": 0.009490357336802849, "0.2": 0.010226732819632652, "0.4": 0.020276495479031747, "0.8": 0.05089105019486085}, "time_to_first_spike": {"0.1": 15.500000000094133, "0.2": 6.300000000092041, "0.4": 3.0000000000912905, "0.8": 1.700000000090995}, "time_to_second_spike": {"0.1": 47.50000000010141, "0.2": 23.600000000095974, "0.4": 13.300000000093632, "0.8": 9.000000000092655}, "AP_height": {"0.1": 7.6712645311463925, "0.2": 13.138996069081298, "0.4": 17.97076660306492, "0.8": 21.84974510767471}, "AP_width": {"0.1": 0.7000000000001592, "0.2": 0.7000000000001592, "0.4": 0.8000000000001819, "0.8": 0.7000000000001592}, "AP_amplitude": {"0.1": 63.23294354916937, "0.2": 69.07582282293006, "0.4": 73.3472257441438, "0.8": 88.93440776930251}, "voltage_base": {"0.1": -67.08239867347163, "0.2": -67.08239867347163, "0.4": -67.08239867347163, "0.8": -67.08239867347163}}}}