{"BBP": {"L23_NBC_cNAC187_3": {"mean_frequency": {"0.1": 38.43625145402897, "0.2": 59.4997983058088, "0.4": 88.63294942419645, "0.8": 131.60528422747137}, "ISI_CV": {"0.1": 0.04000536183172488, "0.2": 0.03241105785714279, "0.4": 0.018241992309952205, "0.8": 0.0210972515969656}, "time_to_first_spike": {"0.1": 8.000000000092427, "0.2": 4.100000000091541, "0.4": 2.400000000091154, "0.8": 1.5000000000909495}, "time_to_second_spike": {"0.1": 31.50000000009777, "0.2": 18.500000000094815, "0.4": 11.800000000093291, "0.8": 8.300000000092496}, "AP_height": {"0.1": 15.50550341480932, "0.2": 18.958830339062875, "0.4": 18.81024322814687, "0.8": 20.71887841021708}, "AP_width": {"0.1": 0.7000000000001592, "0.2": 0.7000000000001592, "0.4": 0.8000000000001819, "0.8": 0.8000000000001819}, "AP_amplitude": {"0.1": 71.40029080687354, "0.2": 74.35828818599254, "0.4": 73.49809700348135, "0.8": 89.740094233366}, "voltage_base": {"0.1": -69.01811636725091, "0.2": -69.01811636725091, "0.4": -69.01811636725091, "0.8": -69.01811636725091}}}, "NetPyNE": {"L23_NBC_cNAC187_3": {"mean_frequency": {"0.1": 38.25054104386309, "0.2": 59.20128436688749, "0.4": 88.18518889674296, "0.8": 130.89267803419122}, "ISI_CV": {"0.1": 0.0398789119537848, "0.2": 0.03172549032389794, "0.4": 0.01750248556337412, "0.8": 0.021726348017688617}, "time_to_first_spike": {"0.1": 8.10000000009245, "0.2": 4.200000000091563, "0.4": 2.400000000091154, "0.8": 1.5000000000909495}, "time_to_second_spike": {"0.1": 31.700000000097816, "0.2": 18.70000000009486, "0.4": 11.900000000093314, "0.8": 8.400000000092518}, "AP_height": {"0.1": 15.43686200741144, "0.2": 18.75737717819401, "0.4": 21.86171672170868, "0.8": 24.453620557994245}, "AP_width": {"0.1": 0.7000000000001592, "0.2": 0.7000000000001592, "0.4": 0.7000000000001592, "0.8": 0.7000000000001592}, "AP_amplitude": {"0.1": 71.84349617810763, "0.2": 74.60416757286306, "0.4": 76.66810586888352, "0.8": 93.47483112994405}, "voltage_base": {"0.1": -69.01811110976037, "0.2": -69.01811110976037, "0.4": -69.01811110976037, "0.8": -69.01811110976037}}}}