{"BBP": {"L4_MC_cACint209_5": {"mean_frequency": {"0.1": 18.61523346606557, "0.2": 27.979854504775492, "0.4": 47.226688102925955, "0.8": 87.38010345006687}, "ISI_CV": {"0.1": 0.2856146377342371, "0.2": 0.2540860565743544, "0.4": 0.19896771265806262, "0.8": 0.1501615022503236}, "time_to_first_spike": {"0.1": 20.2000000000952, "0.2": 7.700000000092359, "0.4": 3.1000000000913133, "0.8": 1.6000000000909722}, "time_to_second_spike": {"0.1": 40.100000000099726, "0.2": 19.300000000094997, "0.4": 11.800000000093291, "0.8": 8.500000000092541}, "AP_height": {"0.1": 32.357144689684375, "0.2": 34.483689273414754, "0.4": 37.542827131458736, "0.8": 39.48208754953286}, "AP_width": {"0.1": 0.8000000000001819, "0.2": 0.8000000000001819, "0.4": 0.8000000000001819, "0.8": 0.9000000000002046}, "AP_amplitude": {"0.1": 88.53851438675744, "0.2": 90.27930604887659, "0.4": 93.8016515810684, "0.8": 110.65384644677968}, "voltage_base": {"0.1": -71.17117321877602, "0.2": -71.17117321877602, "0.4": -71.17117321877602, "0.8": -71.17117321877602}}}, "NetPyNE": {"L4_MC_cACint209_5": {"mean_frequency": {"0.1": 18.493784033712245, "0.2": 27.82555904079594, "0.4": 47.08711115566993, "0.8": 87.26616179352936}, "ISI_CV": {"0.1": 0.28946124015471597, "0.2": 0.2541577617342178, "0.4": 0.19892945111339896, "0.8": 0.14875195182960974}, "time_to_first_spike": {"0.1": 20.300000000095224, "0.2": 7.800000000092382, "0.4": 3.200000000091336, "0.8": 1.700000000090995}, "time_to_second_spike": {"0.1": 40.30000000009977, "0.2": 19.40000000009502, "0.4": 11.900000000093314, "0.8": 8.600000000092564}, "AP_height": {"0.1": 29.290281341564953, "0.2": 33.934086099392644, "0.4": 35.95936261942307, "0.8": 36.47626632378906}, "AP_width": {"0.1": 0.8000000000001819, "0.2": 0.8000000000001819, "0.4": 0.8000000000001819, "0.8": 0.8000000000001819}, "AP_amplitude": {"0.1": 85.23131879944152, "0.2": 90.2343239843769, "0.4": 91.3167218772379, "0.8": 107.64802447329748}, "voltage_base": {"0.1": -71.17117247077275, "0.2": -71.17117247077275, "0.4": -71.17117247077275, "0.8": -71.17117247077275}}}}