{"BBP": {"L5_STPC_cADpyr232_1": {"mean_frequency": {"0.1": 0, "0.2": 4.426737494469481, "0.4": 9.01235222393645, "0.8": 16.831582168735228}, "ISI_CV": {"0.1": 0, "0.2": 0.013946312285075337, "0.4": 0.06839916695297128, "0.8": 0.11696756341166015}, "time_to_first_spike": {"0.1": 0, "0.2": 67.40000000010593, "0.4": 17.20000000009452, "0.8": 6.400000000092064}, "time_to_second_spike": {"0.1": 0, "0.2": 241.9000000001456, "0.4": 48.500000000101636, "0.8": 21.000000000095383}, "AP_height": {"0.1": 0, "0.2": 29.2482612888988, "0.4": 32.46802173659776, "0.8": 33.55899455402153}, "AP_width": {"0.1": 0, "0.2": 0.9000000000002046, "0.4": 0.9000000000002046, "0.8": 1.0000000000002274}, "AP_amplitude": {"0.1": 0, "0.2": 83.63056655925574, "0.4": 87.0007544209795, "0.8": 88.28379894554308}, "voltage_base": {"0.1": -70.126835298381, "0.2": -70.126835298381, "0.4": -70.126835298381, "0.8": -70.126835298381}}}, "NetPyNE": {"L5_STPC_cADpyr232_1": {"mean_frequency": {"0.1": 0, "0.2": 4.400682105729279, "0.4": 8.940780477548838, "0.8": 16.730038022825013}, "ISI_CV": {"0.1": 0, "0.2": 0.013871845595121965, "0.4": 0.06548484368772103, "0.8": 0.1160236254749458}, "time_to_first_spike": {"0.1": 0, "0.2": 67.700000000106, "0.4": 17.300000000094542, "0.8": 6.500000000092086}, "time_to_second_spike": {"0.1": 0, "0.2": 243.90000000014606, "0.4": 48.70000000010168, "0.8": 21.000000000095383}, "AP_height": {"0.1": 0, "0.2": 29.209275453843897, "0.4": 30.124849608157884, "0.8": 33.84498918782706}, "AP_width": {"0.1": 0, "0.2": 0.9000000000002046, "0.4": 0.9000000000002046, "0.8": 1.0000000000002274}, "AP_amplitude": {"0.1": 0, "0.2": 82.64799468621503, "0.4": 84.33900329306276, "0.8": 87.99705890258332}, "voltage_base": {"0.1": -70.12682085261744, "0.2": -70.12682085261744, "0.4": -70.12682085261744, "0.8": -70.12682085261744}}}}