{"BBP": {"L5_NBC_cSTUT189_1": {"mean_frequency": {"0.1": 0, "0.2": 41.16879204742227, "0.4": 76.9308125503338, "0.8": 117.15229798746324}, "ISI_CV": {"0.1": 0, "0.2": 0.06511327202082702, "0.4": 0.027666760274515926, "0.8": 0.01822498194566309}, "time_to_first_spike": {"0.1": 0, "0.2": 7.100000000092223, "0.4": 2.500000000091177, "0.8": 1.2000000000908813}, "time_to_second_spike": {"0.1": 0, "0.2": 31.50000000009777, "0.4": 13.500000000093678, "0.8": 8.500000000092541}, "AP_height": {"0.1": 0, "0.2": 27.663055929390197, "0.4": 30.478162066726174, "0.8": 34.68914194068643}, "AP_width": {"0.1": 0, "0.2": 0.7000000000001592, "0.4": 0.8000000000001819, "0.8": 0.9000000000002046}, "AP_amplitude": {"0.1": 0, "0.2": 81.36725468117902, "0.4": 105.56792640581843, "0.8": 109.97863098476441}, "voltage_base": {"0.1": -75.14574726079061, "0.2": -75.14574726079061, "0.4": -75.14574726079061, "0.8": -75.14574726079061}}}, "NetPyNE": {"L5_NBC_cSTUT189_1": {"mean_frequency": {"0.1": 0, "0.2": 43.52829339073355, "0.4": 77.60088114554189, "0.8": 117.44629592459292}, "ISI_CV": {"0.1": 0, "0.2": 0.018766827080826547, "0.4": 0.020001686835435715, "0.8": 0.016028307721562936}, "time_to_first_spike": {"0.1": 0, "0.2": 7.0000000000922, "0.4": 2.6000000000911996, "0.8": 1.2000000000908813}, "time_to_second_spike": {"0.1": 0, "0.2": 28.400000000097066, "0.4": 13.6000000000937, "0.8": 8.500000000092541}, "AP_height": {"0.1": 0, "0.2": 26.87201390820648, "0.4": 31.429390307485995, "0.8": 32.39637162959995}, "AP_width": {"0.1": 0, "0.2": 0.7000000000001592, "0.4": 0.8000000000001819, "0.8": 0.9000000000002046}, "AP_amplitude": {"0.1": 0, "0.2": 80.9165286607088, "0.4": 106.33744524819278, "0.8": 107.3044265766251}, "voltage_base": {"0.1": -74.90752095178327, "0.2": -74.90752095178327, "0.4": -74.90752095178327, "0.8": -74.90752095178327}}}}