{"BBP": {"L4_SBC_bNAC219_5": {"mean_frequency": {"0.1": 29.456576942630388, "0.2": 75.08259084998598, "0.4": 127.31829573943489, "0.8": 225.9887005637635}, "ISI_CV": {"0.1": 0.13505437215500216, "0.2": 0.026722788064780772, "0.4": 0.017178873527327648, "0.8": 0.08485281374238571}, "time_to_first_spike": {"0.1": 13.100000000093587, "0.2": 6.100000000091995, "0.4": 3.1000000000913133, "0.8": 1.700000000090995}, "time_to_second_spike": {"0.1": 29.70000000009736, "0.2": 16.80000000009443, "0.4": 10.900000000093087, "0.8": 7.700000000092359}, "AP_height": {"0.1": 2.500871446853749, "0.2": 5.837357798554174, "0.4": 10.282134219231231, "0.8": 14.533685426324302}, "AP_width": {"0.1": 0.7000000000001592, "0.2": 0.7000000000001592, "0.4": 0.7000000000001592, "0.8": 0.7000000000001592}, "AP_amplitude": {"0.1": 56.46217987898505, "0.2": 61.15571288488406, "0.4": 65.8048828333163, "0.8": 84.52722506533209}, "voltage_base": {"0.1": -69.99341944030063, "0.2": -69.99341944030063, "0.4": -69.99341944030063, "0.8": -69.99341944030063}}}, "NetPyNE": {"L4_SBC_bNAC219_5": {"mean_frequency": {"0.1": 29.420716242284293, "0.2": 74.95723915891998, "0.4": 127.00165654343247, "0.8": 223.463687149656}, "ISI_CV": {"0.1": 0.13484593566286968, "0.2": 0.02634945168325167, "0.4": 0.016694644266338748, "0.8": 0.08485281374238571}, "time_to_first_spike": {"0.1": 13.20000000009361, "0.2": 6.200000000092018, "0.4": 3.200000000091336, "0.8": 1.8000000000910177}, "time_to_second_spike": {"0.1": 29.800000000097384, "0.2": 16.90000000009445, "0.4": 11.00000000009311, "0.8": 7.900000000092405}, "AP_height": {"0.1": 2.4697193471252956, "0.2": 6.327776145668074, "0.4": 11.198749960408813, "0.8": 14.233904006083753}, "AP_width": {"0.1": 0.7000000000001592, "0.2": 0.7000000000001592, "0.4": 0.7000000000001592, "0.8": 0.8000000000001819}, "AP_amplitude": {"0.1": 57.59390900949031, "0.2": 60.48139163571853, "0.4": 65.72969913535184, "0.8": 84.22744330296635}, "voltage_base": {"0.1": -69.99341909735013, "0.2": -69.99341909735013, "0.4": -69.99341909735013, "0.8": -69.99341909735013}}}}