{"BBP": {"L23_NBC_bNAC219_2": {"mean_frequency": {"0.1": 45.28529737348348, "0.2": 103.4240385581584, "0.4": 155.52332849938065, "0.8": 226.74942436695764}, "ISI_CV": {"0.1": 0.08233671985524145, "0.2": 0.01597643785893922, "0.4": 0.010676870695592346, "0.8": 0.014988619848163425}, "time_to_first_spike": {"0.1": 9.500000000092768, "0.2": 4.100000000091541, "0.4": 2.100000000091086, "0.8": 1.2000000000908813}, "time_to_second_spike": {"0.1": 20.800000000095338, "0.2": 12.400000000093428, "0.4": 8.80000000009261, "0.8": 6.700000000092132}, "AP_height": {"0.1": 6.051444085409977, "0.2": 12.447460678069087, "0.4": 14.668409017384063, "0.8": 20.054589595482113}, "AP_width": {"0.1": 0.6000000000001364, "0.2": 0.6000000000001364, "0.4": 0.7000000000001592, "0.8": 0.6000000000001364}, "AP_amplitude": {"0.1": 63.00525848816323, "0.2": 68.93791452520469, "0.4": 84.23792353954714, "0.8": 89.62410411549695}, "voltage_base": {"0.1": -69.56941048970984, "0.2": -69.56941048970984, "0.4": -69.56941048970984, "0.8": -69.56941048970984}}}, "NetPyNE": {"L23_NBC_bNAC219_2": {"mean_frequency": {"0.1": 45.388067981270375, "0.2": 103.1082636769308, "0.4": 154.84064942884845, "0.8": 223.60062027927765}, "ISI_CV": {"0.1": 0.08189109071595148, "0.2": 0.015969163823222304, "0.4": 0.010847018749680469, "0.8": 0.012570069669628682}, "time_to_first_spike": {"0.1": 9.600000000092791, "0.2": 4.200000000091563, "0.4": 2.100000000091086, "0.8": 1.300000000090904}, "time_to_second_spike": {"0.1": 20.90000000009536, "0.2": 12.600000000093473, "0.4": 8.900000000092632, "0.8": 6.8000000000921546}, "AP_height": {"0.1": 5.764548613472814, "0.2": 10.903131043684132, "0.4": 16.465379865434663, "0.8": 18.412987833923765}, "AP_width": {"0.1": 0.6000000000001364, "0.2": 0.6000000000001364, "0.4": 0.6000000000001364, "0.8": 0.7000000000001592}, "AP_amplitude": {"0.1": 62.206645184383284, "0.2": 67.66949933228148, "0.4": 86.0348943533489, "0.8": 87.98250234243338}, "voltage_base": {"0.1": -69.56941047751208, "0.2": -69.56941047751208, "0.4": -69.56941047751208, "0.8": -69.56941047751208}}}}