{"BBP": {"L4_BP_bNAC219_5": {"mean_frequency": {"0.1": 112.14578952646053, "0.2": 154.26997245189548, "0.4": 206.94493160308696, "0.8": 271.975957926556}, "ISI_CV": {"0.1": 0.049774659774311586, "0.2": 0.0223687223770404, "0.4": 0.011533890557529623, "0.8": 0.010470058831310922}, "time_to_first_spike": {"0.1": 1.6000000000909722, "0.2": 1.0000000000908358, "0.4": 0.7000000000907676, "0.8": 0.40000000009069936}, "time_to_second_spike": {"0.1": 9.000000000092655, "0.2": 7.2000000000922455, "0.4": 5.800000000091927, "0.8": 4.600000000091654}, "AP_height": {"0.1": 28.142314080492643, "0.2": 29.470695132375106, "0.4": 26.68964978590483, "0.8": 33.84487318065013}, "AP_width": {"0.1": 0.6000000000001364, "0.2": 0.6000000000001364, "0.4": 0.6000000000001364, "0.8": 0.7000000000001592}, "AP_amplitude": {"0.1": 97.63544444143517, "0.2": 98.96382549136163, "0.4": 96.18278014097953, "0.8": 103.33800352790217}, "voltage_base": {"0.1": -69.49301868147745, "0.2": -69.49301868147745, "0.4": -69.49301868147745, "0.8": -69.49301868147745}}}, "NetPyNE": {"L4_BP_bNAC219_5": {"mean_frequency": {"0.1": 111.31725417447267, "0.2": 152.82092394037844, "0.4": 204.55113778458522, "0.8": 267.1335667835733}, "ISI_CV": {"0.1": 0.04928627525420771, "0.2": 0.021988210522899065, "0.4": 0.011412723080688799, "0.8": 0.013545284419270151}, "time_to_first_spike": {"0.1": 1.6000000000909722, "0.2": 1.1000000000908585, "0.4": 0.7000000000907676, "0.8": 0.40000000009069936}, "time_to_second_spike": {"0.1": 9.100000000092678, "0.2": 7.300000000092268, "0.4": 5.90000000009195, "0.8": 4.700000000091677}, "AP_height": {"0.1": 25.014124449437958, "0.2": 24.059555537628697, "0.4": 30.970035809454842, "0.8": 29.46358391215233}, "AP_width": {"0.1": 0.6000000000001364, "0.2": 0.5000000000001137, "0.4": 0.6000000000001364, "0.8": 0.6000000000001364}, "AP_amplitude": {"0.1": 94.50725463403509, "0.2": 93.5526856785043, "0.4": 100.46316606127162, "0.8": 98.95671416951274}, "voltage_base": {"0.1": -69.49301859065223, "0.2": -69.49301859065223, "0.4": -69.49301859065223, "0.8": -69.49301859065223}}}}