{"BBP": {"L5_BP_bAC217_2": {"mean_frequency": {"0.1": 12.672343876732016, "0.2": 17.472634770554965, "0.4": 23.615717013381524, "0.8": 33.98599979712151}, "ISI_CV": {"0.1": 0.31559670801214745, "0.2": 0.3327723447063561, "0.4": 0.3397116843977962, "0.8": 0.32790549357880683}, "time_to_first_spike": {"0.1": 6.500000000092086, "0.2": 2.400000000091154, "0.4": 1.2000000000908813, "0.8": 0.7000000000907676}, "time_to_second_spike": {"0.1": 30.00000000009743, "0.2": 16.700000000094406, "0.4": 10.100000000092905, "0.8": 6.900000000092177}, "AP_height": {"0.1": 22.767185687032754, "0.2": 22.57526068535017, "0.4": 29.72176263737091, "0.8": 31.937805041383957}, "AP_width": {"0.1": 0.6000000000001364, "0.2": 0.5000000000001137, "0.4": 0.6000000000001364, "0.8": 0.7000000000001592}, "AP_amplitude": {"0.1": 79.25815697228725, "0.2": 92.0628578611401, "0.4": 99.20935981099973, "0.8": 101.42540221069075}, "voltage_base": {"0.1": -69.4851455922663, "0.2": -69.4851455922663, "0.4": -69.4851455922663, "0.8": -69.4851455922663}}}, "NetPyNE": {"L5_BP_bAC217_2": {"mean_frequency": {"0.1": 12.52442262412554, "0.2": 17.257131255721756, "0.4": 23.385866802252725, "0.8": 33.541927409284376}, "ISI_CV": {"0.1": 0.3142488399425609, "0.2": 0.33143374047096436, "0.4": 0.34267833495606154, "0.8": 0.32595909975067483}, "time_to_first_spike": {"0.1": 6.600000000092109, "0.2": 2.500000000091177, "0.4": 1.300000000090904, "0.8": 0.8000000000907903}, "time_to_second_spike": {"0.1": 30.300000000097498, "0.2": 16.90000000009445, "0.4": 10.200000000092928, "0.8": 7.0000000000922}, "AP_height": {"0.1": 22.017490070274135, "0.2": 25.63946475158433, "0.4": 27.77636805465351, "0.8": 26.824742498380587}, "AP_width": {"0.1": 0.6000000000001364, "0.2": 0.6000000000001364, "0.4": 0.6000000000001364, "0.8": 0.6000000000001364}, "AP_amplitude": {"0.1": 77.62259436933707, "0.2": 95.12705834881402, "0.4": 97.2639613064296, "0.8": 96.31233606281604}, "voltage_base": {"0.1": -69.48514197388945, "0.2": -69.48514197388945, "0.4": -69.48514197388945, "0.8": -69.48514197388945}}}}