{"BBP": {"L1_NGC-DA_cSTUT189_2": {"mean_frequency": {"0.1": 1.1636025133821766, "0.2": 52.379753210813675, "0.4": 83.5208802201118, "0.8": 126.05672552657263}, "ISI_CV": {"0.1": 0, "0.2": 0.05953138528380625, "0.4": 0.029843602762107013, "0.8": 0.017833099878541578}, "time_to_first_spike": {"0.1": 16.80000000009443, "0.2": 5.100000000091768, "0.4": 2.6000000000911996, "0.8": 1.4000000000909267}, "time_to_second_spike": {"0.1": 1718.7999999988956, "0.2": 22.500000000095724, "0.4": 12.400000000093428, "0.8": 8.300000000092496}, "AP_height": {"0.1": 15.031484546974921, "0.2": 22.71900897252105, "0.4": 21.4840733200437, "0.8": 26.588785242739675}, "AP_width": {"0.1": 0.7000000000001592, "0.2": 0.7000000000001592, "0.4": 0.8000000000001819, "0.8": 0.8000000000001819}, "AP_amplitude": {"0.1": 70.79254375449625, "0.2": 78.95141081088866, "0.4": 95.85707315511777, "0.8": 100.89922835176485}, "voltage_base": {"0.1": -74.33543805493315, "0.2": -74.33543805493315, "0.4": -74.33543805493315, "0.8": -74.33543805493315}}}, "NetPyNE": {"L1_NGC-DA_cSTUT189_2": {"mean_frequency": {"0.1": 0, "0.2": 52.237681450635705, "0.4": 83.31242158098507, "0.8": 125.45162585315627}, "ISI_CV": {"0.1": 0, "0.2": 0.040501542551648714, "0.4": 0.025138142604110247, "0.8": 0.01758466850007816}, "time_to_first_spike": {"0.1": 0, "0.2": 5.3000000000918135, "0.4": 2.7000000000912223, "0.8": 1.5000000000909495}, "time_to_second_spike": {"0.1": 0, "0.2": 21.900000000095588, "0.4": 12.700000000093496, "0.8": 8.500000000092541}, "AP_height": {"0.1": 0, "0.2": 22.699078019437657, "0.4": 25.79122484532788, "0.8": 28.412540228385122}, "AP_width": {"0.1": 0, "0.2": 0.7000000000001592, "0.4": 0.7000000000001592, "0.8": 0.8000000000001819}, "AP_amplitude": {"0.1": 0, "0.2": 78.23924450688062, "0.4": 98.80371547100737, "0.8": 103.4033758038329}, "voltage_base": {"0.1": -74.98976152798392, "0.2": -74.98976152798392, "0.4": -74.98976152798392, "0.8": -74.98976152798392}}}}