{"BBP": {"L4_LBC_cNAC187_3": {"mean_frequency": {"0.1": 47.3838088517309, "0.2": 74.65677923644716, "0.4": 113.30592600027752, "0.8": 187.88467768049819}, "ISI_CV": {"0.1": 0.012754083476707818, "0.2": 0.009650927310200189, "0.4": 0.021005423879932972, "0.8": 0.14085524951789896}, "time_to_first_spike": {"0.1": 6.600000000092109, "0.2": 3.200000000091336, "0.4": 1.8000000000910177, "0.8": 1.1000000000908585}, "time_to_second_spike": {"0.1": 25.700000000096452, "0.2": 14.500000000093905, "0.4": 9.500000000092768, "0.8": 6.900000000092177}, "AP_height": {"0.1": 15.646335372743462, "0.2": 20.37034721498899, "0.4": 22.574404608637693, "0.8": 25.42643556922349}, "AP_width": {"0.1": 0.7000000000001592, "0.2": 0.7000000000001592, "0.4": 0.7000000000001592, "0.8": 0.7000000000001592}, "AP_amplitude": {"0.1": 71.46559224713177, "0.2": 76.48218566759623, "0.4": 90.97016745816899, "0.8": 93.82219841641476}, "voltage_base": {"0.1": -68.39306578606075, "0.2": -68.39306578606075, "0.4": -68.39306578606075, "0.8": -68.39306578606075}}}, "NetPyNE": {"L4_LBC_cNAC187_3": {"mean_frequency": {"0.1": 47.16744442775044, "0.2": 74.31584232995255, "0.4": 112.78195488729467, "0.8": 188.61454046629083}, "ISI_CV": {"0.1": 0.012530452132980712, "0.2": 0.009638700081016869, "0.4": 0.021716960438110867, "0.8": 0.1435822430856507}, "time_to_first_spike": {"0.1": 6.700000000092132, "0.2": 3.3000000000913587, "0.4": 1.8000000000910177, "0.8": 1.1000000000908585}, "time_to_second_spike": {"0.1": 26.00000000009652, "0.2": 14.70000000009395, "0.4": 9.700000000092814, "0.8": 7.0000000000922}, "AP_height": {"0.1": 15.225331893312772, "0.2": 18.933429981649557, "0.4": 20.55851939578173, "0.8": 25.079899783828573}, "AP_width": {"0.1": 0.7000000000001592, "0.2": 0.8000000000001819, "0.4": 0.8000000000001819, "0.8": 0.8000000000001819}, "AP_amplitude": {"0.1": 71.90592642795583, "0.2": 75.26234593600215, "0.4": 88.95427803105787, "0.8": 93.47565840602036}, "voltage_base": {"0.1": -68.39306155631596, "0.2": -68.39306155631596, "0.4": -68.39306155631596, "0.8": -68.39306155631596}}}}