{"BBP": {"L4_NGC_cNAC187_1": {"mean_frequency": {"0.1": 39.00585087765817, "0.2": 64.68435039868007, "0.4": 108.73377762196095, "0.8": 191.38755980815407}, "ISI_CV": {"0.1": 0.00889630727557439, "0.2": 0.023385876229762945, "0.4": 0.062968738094249, "0.8": 0.08306485528648645}, "time_to_first_spike": {"0.1": 11.900000000093314, "0.2": 5.700000000091904, "0.4": 2.900000000091268, "0.8": 1.6000000000909722}, "time_to_second_spike": {"0.1": 36.60000000009893, "0.2": 19.80000000009511, "0.4": 11.800000000093291, "0.8": 8.10000000009245}, "AP_height": {"0.1": 6.56403069686243, "0.2": 10.21427916385047, "0.4": 14.523757164952146, "0.8": 17.181011831730636}, "AP_width": {"0.1": 0.8000000000001819, "0.2": 0.8000000000001819, "0.4": 0.8000000000001819, "0.8": 0.8000000000001819}, "AP_amplitude": {"0.1": 62.41321859399299, "0.2": 65.4621919248015, "0.4": 69.28723148376164, "0.8": 85.5300965915171}, "voltage_base": {"0.1": -68.34667181653109, "0.2": -68.34667181653109, "0.4": -68.34667181653109, "0.8": -68.34667181653109}}}, "NetPyNE": {"L4_NGC_cNAC187_1": {"mean_frequency": {"0.1": 38.95381190876317, "0.2": 64.63249661811096, "0.4": 109.44873983339093, "0.8": 190.9307875890425}, "ISI_CV": {"0.1": 0.009221471558701861, "0.2": 0.024525341521803568, "0.4": 0.06816723844228725, "0.8": 0.08896140453675129}, "time_to_first_spike": {"0.1": 12.000000000093337, "0.2": 5.800000000091927, "0.4": 3.0000000000912905, "0.8": 1.700000000090995}, "time_to_second_spike": {"0.1": 36.800000000098976, "0.2": 19.900000000095133, "0.4": 11.900000000093314, "0.8": 8.200000000092473}, "AP_height": {"0.1": 6.06742868999989, "0.2": 9.623043435302915, "0.4": 13.693569633596882, "0.8": 17.45051506858814}, "AP_width": {"0.1": 0.8000000000001819, "0.2": 0.8000000000001819, "0.4": 0.8000000000001819, "0.8": 0.9000000000002046}, "AP_amplitude": {"0.1": 61.52346265261825, "0.2": 65.31507066207578, "0.4": 68.79372080589404, "0.8": 85.79959588783277}, "voltage_base": {"0.1": -68.34666787197641, "0.2": -68.34666787197641, "0.4": -68.34666787197641, "0.8": -68.34666787197641}}}}