{"BBP": {"L5_SBC_cACint209_3": {"mean_frequency": {"0.1": 20.232675771384468, "0.2": 30.57324840766397, "0.4": 49.527467529219386, "0.8": 88.52673406776292}, "ISI_CV": {"0.1": 0.2809058791479397, "0.2": 0.25232203229682604, "0.4": 0.21409912178123153, "0.8": 0.17010210745681292}, "time_to_first_spike": {"0.1": 13.500000000093678, "0.2": 6.000000000091973, "0.4": 2.800000000091245, "0.8": 1.5000000000909495}, "time_to_second_spike": {"0.1": 31.90000000009786, "0.2": 17.300000000094542, "0.4": 11.100000000093132, "0.8": 7.900000000092405}, "AP_height": {"0.1": 27.69343801689524, "0.2": 31.740428841084235, "0.4": 36.83749175089374, "0.8": 37.98938408859167}, "AP_width": {"0.1": 0.8000000000001819, "0.2": 0.8000000000001819, "0.4": 0.9000000000002046, "0.8": 0.9000000000002046}, "AP_amplitude": {"0.1": 83.17129941791428, "0.2": 86.8238229249137, "0.4": 91.30603317917925, "0.8": 109.95510673435521}, "voltage_base": {"0.1": -71.96504962427733, "0.2": -71.96504962427733, "0.4": -71.96504962427733, "0.8": -71.96504962427733}}}, "NetPyNE": {"L5_SBC_cACint209_3": {"mean_frequency": {"0.1": 20.18163471242539, "0.2": 30.53901358988169, "0.4": 49.479955569053025, "0.8": 88.46443830114073}, "ISI_CV": {"0.1": 0.2808974537876702, "0.2": 0.25248980941435917, "0.4": 0.21406591889629864, "0.8": 0.16877624295528357}, "time_to_first_spike": {"0.1": 13.6000000000937, "0.2": 6.100000000091995, "0.4": 2.900000000091268, "0.8": 1.6000000000909722}, "time_to_second_spike": {"0.1": 32.10000000009791, "0.2": 17.500000000094587, "0.4": 11.300000000093178, "0.8": 8.000000000092427}, "AP_height": {"0.1": 29.66940631663008, "0.2": 31.4645503815467, "0.4": 36.44331467236048, "0.8": 34.233437802319024}, "AP_width": {"0.1": 0.8000000000001819, "0.2": 0.8000000000001819, "0.4": 0.9000000000002046, "0.8": 1.0000000000002274}, "AP_amplitude": {"0.1": 84.71239983788954, "0.2": 86.96872622796249, "0.4": 91.2140450115478, "0.8": 106.19915954860855}, "voltage_base": {"0.1": -71.96504872630607, "0.2": -71.96504872630607, "0.4": -71.96504872630607, "0.8": -71.96504872630607}}}}