{"BBP": {"L6_DBC_bIR215_5": {"mean_frequency": {"0.1": 0, "0.2": 10.180025717966464, "0.4": 16.672745271724825, "0.8": 19.008626992254865}, "ISI_CV": {"0.1": 0, "0.2": 0.34676203635599284, "0.4": 0.36177425696556825, "0.8": 1.243535027465424}, "time_to_first_spike": {"0.1": 0, "0.2": 10.400000000092973, "0.4": 3.4000000000913815, "0.8": 1.6000000000909722}, "time_to_second_spike": {"0.1": 0, "0.2": 41.3000000001, "0.4": 18.900000000094906, "0.8": 11.00000000009311}, "AP_height": {"0.1": 0, "0.2": 14.354301077524823, "0.4": 22.099121572903087, "0.8": 26.437697202479434}, "AP_width": {"0.1": 0, "0.2": 0.6000000000001364, "0.4": 0.6000000000001364, "0.8": 0.6000000000001364}, "AP_amplitude": {"0.1": 0, "0.2": 70.77691600975194, "0.4": 93.25332342404884, "0.8": 97.70297224241378}, "voltage_base": {"0.1": -71.31394426311493, "0.2": -71.31394426311493, "0.4": -71.31394426311493, "0.8": -71.31394426311493}}}, "NetPyNE": {"L6_DBC_bIR215_5": {"mean_frequency": {"0.1": 0, "0.2": 5.504183179219821, "0.4": 15.476681799432617, "0.8": 16.474464579908354}, "ISI_CV": {"0.1": 0, "0.2": 0.19375696364660597, "0.4": 0.335380499185917, "0.8": 0.8139355704277264}, "time_to_first_spike": {"0.1": 0, "0.2": 14.400000000093883, "0.4": 4.400000000091609, "0.8": 1.9000000000910404}, "time_to_second_spike": {"0.1": 0, "0.2": 60.80000000010443, "0.4": 21.800000000095565, "0.8": 12.10000000009336}, "AP_height": {"0.1": 0, "0.2": 11.28608253584017, "0.4": 20.81331623190195, "0.8": 26.27296535244579}, "AP_width": {"0.1": 0, "0.2": 0.6000000000001364, "0.4": 0.6000000000001364, "0.8": 0.6000000000001364}, "AP_amplitude": {"0.1": 0, "0.2": 67.59384673264557, "0.4": 94.7140624330434, "0.8": 100.17371156315227}, "voltage_base": {"0.1": -73.89999094697312, "0.2": -73.89999094697312, "0.4": -73.89999094697312, "0.8": -73.89999094697312}}}}