{"BBP": {"L6_SBC_dNAC222_3": {"mean_frequency": {"0.1": 27.718979941556952, "0.2": 67.48589846902242, "0.4": 111.85233485486859, "0.8": 194.71153846160817}, "ISI_CV": {"0.1": 0.10071223311276256, "0.2": 0.02561202354813505, "0.4": 0.037395654453802114, "0.8": 0.15729166413651366}, "time_to_first_spike": {"0.1": 21.20000000009543, "0.2": 5.500000000091859, "0.4": 2.400000000091154, "0.8": 1.300000000090904}, "time_to_second_spike": {"0.1": 69.50000000010641, "0.2": 18.800000000094883, "0.4": 10.600000000093019, "0.8": 7.2000000000922455}, "AP_height": {"0.1": 11.599071610512095, "0.2": 17.36812897396953, "0.4": 20.33143159155215, "0.8": 24.82113710261416}, "AP_width": {"0.1": 0.6000000000001364, "0.2": 0.7000000000001592, "0.4": 0.7000000000001592, "0.8": 0.7000000000001592}, "AP_amplitude": {"0.1": 68.41165747608898, "0.2": 73.55309236323784, "0.4": 93.44803321836639, "0.8": 97.93773872705349}, "voltage_base": {"0.1": -73.11259174528044, "0.2": -73.11259174528044, "0.4": -73.11259174528044, "0.8": -73.11259174528044}}}, "NetPyNE": {"L6_SBC_dNAC222_3": {"mean_frequency": {"0.1": 27.582748244752942, "0.2": 67.11409395977716, "0.4": 111.29493156873257, "0.8": 193.11932472189375}, "ISI_CV": {"0.1": 0.10149648194054568, "0.2": 0.026492101847026796, "0.4": 0.038662676566844294, "0.8": 0.15380440495555478}, "time_to_first_spike": {"0.1": 21.500000000095497, "0.2": 5.600000000091882, "0.4": 2.500000000091177, "0.8": 1.300000000090904}, "time_to_second_spike": {"0.1": 70.10000000010655, "0.2": 19.00000000009493, "0.4": 10.800000000093064, "0.8": 7.300000000092268}, "AP_height": {"0.1": 9.745446076543992, "0.2": 16.362197908554737, "0.4": 21.879736064723794, "0.8": 24.687514547983117}, "AP_width": {"0.1": 0.6000000000001364, "0.2": 0.7000000000001592, "0.4": 0.7000000000001592, "0.8": 0.8000000000001819}, "AP_amplitude": {"0.1": 66.28728145967895, "0.2": 73.09675177641631, "0.4": 94.9963305179401, "0.8": 97.8041089844063}, "voltage_base": {"0.1": -73.11258453376463, "0.2": -73.11258453376463, "0.4": -73.11258453376463, "0.8": -73.11258453376463}}}}