{"BBP": {"L6_BP_cACint209_3": {"mean_frequency": {"0.1": 42.40924925534252, "0.2": 80.8192359821843, "0.4": 162.29212582659798, "0.8": 285.0855256578912}, "ISI_CV": {"0.1": 0.21376997200566641, "0.2": 0.1348780165708329, "0.4": 0.06099005330506691, "0.8": 0.02185168887009283}, "time_to_first_spike": {"0.1": 5.800000000091927, "0.2": 2.400000000091154, "0.4": 1.2000000000908813, "0.8": 0.7000000000907676}, "time_to_second_spike": {"0.1": 15.40000000009411, "0.2": 9.800000000092837, "0.4": 7.100000000092223, "0.8": 5.400000000091836}, "AP_height": {"0.1": 31.129206615683103, "0.2": 33.42998230865918, "0.4": 36.68936427158505, "0.8": 38.42507640144068}, "AP_width": {"0.1": 0.9000000000002046, "0.2": 0.9000000000002046, "0.4": 0.9000000000002046, "0.8": 1.0000000000002274}, "AP_amplitude": {"0.1": 87.80313341507757, "0.2": 103.24100762368973, "0.4": 106.50038958447914, "0.8": 108.23610171006185}, "voltage_base": {"0.1": -69.81035154605982, "0.2": -69.81035154605982, "0.4": -69.81035154605982, "0.8": -69.81035154605982}}}, "NetPyNE": {"L6_BP_cACint209_3": {"mean_frequency": {"0.1": 42.360060514400885, "0.2": 80.9207880981651, "0.4": 161.70212765968438, "0.8": 281.598559496015}, "ISI_CV": {"0.1": 0.2136868403329672, "0.2": 0.13384233541920304, "0.4": 0.058825166680423174, "0.8": 0.025977934943045546}, "time_to_first_spike": {"0.1": 5.90000000009195, "0.2": 2.500000000091177, "0.4": 1.300000000090904, "0.8": 0.8000000000907903}, "time_to_second_spike": {"0.1": 15.500000000094133, "0.2": 10.000000000092882, "0.4": 7.2000000000922455, "0.8": 5.500000000091859}, "AP_height": {"0.1": 30.680667664525107, "0.2": 31.73450809979276, "0.4": 34.25393440169048, "0.8": 34.700021063107606}, "AP_width": {"0.1": 0.8000000000001819, "0.2": 0.8000000000001819, "0.4": 0.9000000000002046, "0.8": 1.0000000000002274}, "AP_amplitude": {"0.1": 86.60433535880162, "0.2": 101.54553219656032, "0.4": 104.06495835103777, "0.8": 104.51104525819372}, "voltage_base": {"0.1": -69.81035040592137, "0.2": -69.81035040592137, "0.4": -69.81035040592137, "0.8": -69.81035040592137}}}}