{"BBP": {"L4_BTC_cACint209_4": {"mean_frequency": {"0.1": 25.91331741275062, "0.2": 40.473540422975915, "0.4": 72.06485837258428, "0.8": 142.7069250414069}, "ISI_CV": {"0.1": 0.2664262202616676, "0.2": 0.2348196249248096, "0.4": 0.18908281911505306, "0.8": 0.0963058375287839}, "time_to_first_spike": {"0.1": 6.600000000092109, "0.2": 3.3000000000913587, "0.4": 1.8000000000910177, "0.8": 1.0000000000908358}, "time_to_second_spike": {"0.1": 19.10000000009495, "0.2": 12.200000000093382, "0.4": 8.600000000092564, "0.8": 6.400000000092064}, "AP_height": {"0.1": 30.53910937646709, "0.2": 33.05811838335391, "0.4": 36.89450074531146, "0.8": 36.91024570359002}, "AP_width": {"0.1": 0.8000000000001819, "0.2": 0.8000000000001819, "0.4": 0.9000000000002046, "0.8": 1.0000000000002274}, "AP_amplitude": {"0.1": 86.29444030385304, "0.2": 88.9022242719285, "0.4": 108.93708874585876, "0.8": 108.9528337018779}, "voltage_base": {"0.1": -72.04191423118262, "0.2": -72.04191423118262, "0.4": -72.04191423118262, "0.8": -72.04191423118262}}}, "NetPyNE": {"L4_BTC_cACint209_4": {"mean_frequency": {"0.1": 25.841102553726454, "0.2": 40.391800464533084, "0.4": 72.02160648199356, "0.8": 142.0284056812328}, "ISI_CV": {"0.1": 0.26677941485308215, "0.2": 0.23497865776358454, "0.4": 0.18827399004089865, "0.8": 0.09546185831221597}, "time_to_first_spike": {"0.1": 6.700000000092132, "0.2": 3.3000000000913587, "0.4": 1.8000000000910177, "0.8": 1.1000000000908585}, "time_to_second_spike": {"0.1": 19.300000000094997, "0.2": 12.400000000093428, "0.4": 8.700000000092587, "0.8": 6.500000000092086}, "AP_height": {"0.1": 30.72979763848474, "0.2": 33.21602094660972, "0.4": 34.663891142494975, "0.8": 38.39494146214939}, "AP_width": {"0.1": 0.9000000000002046, "0.2": 0.9000000000002046, "0.4": 0.9000000000002046, "0.8": 0.9000000000002046}, "AP_amplitude": {"0.1": 85.81543852670083, "0.2": 88.04780409946073, "0.4": 106.70647832123034, "0.8": 110.43752860894716}, "voltage_base": {"0.1": -72.04191338140225, "0.2": -72.04191338140225, "0.4": -72.04191338140225, "0.8": -72.04191338140225}}}}