{"BBP": {"L6_TPC_L1_cADpyr231_3": {"mean_frequency": {"0.1": 1.7642907551173337, "0.2": 6.6875868100255955, "0.4": 10.642071656623026, "0.8": 30.249558860620464}, "ISI_CV": {"0.1": 0, "0.2": 0.31040542403935356, "0.4": 0.3009732420440395, "0.8": 0.10885836619219469}, "time_to_first_spike": {"0.1": 575.3999999999355, "0.2": 13.700000000093723, "0.4": 4.9000000000917225, "0.8": 2.100000000091086}, "time_to_second_spike": {"0.1": 1133.5999999994278, "0.2": 43.80000000010057, "0.4": 21.800000000095565, "0.8": 11.00000000009311}, "AP_height": {"0.1": 26.466270615837566, "0.2": 33.2763045740322, "0.4": 38.88884176791772, "0.8": 41.5015146744333}, "AP_width": {"0.1": 1.0999999999989996, "0.2": 1.2000000000002728, "0.4": 1.2000000000002728, "0.8": 1.3000000000002956}, "AP_amplitude": {"0.1": 77.45003976802664, "0.2": 86.51144922926821, "0.4": 93.40283270083742, "0.8": 114.112500863467}, "voltage_base": {"0.1": -72.61079951885097, "0.2": -72.61079951885097, "0.4": -72.61079951885097, "0.8": -72.61079951885097}}}, "NetPyNE": {"L6_TPC_L1_cADpyr231_3": {"mean_frequency": {"0.1": 1.760253476501506, "0.2": 6.6608597632877835, "0.4": 10.589481115432525, "0.8": 30.261764260876927}, "ISI_CV": {"0.1": 0, "0.2": 0.3099044338484019, "0.4": 0.29901113533611057, "0.8": 0.11003225493197684}, "time_to_first_spike": {"0.1": 575.999999999935, "0.2": 13.800000000093746, "0.4": 5.000000000091745, "0.8": 2.100000000091086}, "time_to_second_spike": {"0.1": 1136.1999999994255, "0.2": 43.90000000010059, "0.4": 21.800000000095565, "0.8": 11.100000000093132}, "AP_height": {"0.1": 25.656746848908146, "0.2": 32.157988256742605, "0.4": 38.47202243035956, "0.8": 41.5611812721951}, "AP_width": {"0.1": 1.1999999999989086, "0.2": 1.2000000000002728, "0.4": 1.3000000000002956, "0.8": 1.3000000000002956}, "AP_amplitude": {"0.1": 77.6924847463115, "0.2": 84.88085111324628, "0.4": 92.18113589933253, "0.8": 114.17216703512631}, "voltage_base": {"0.1": -72.61079908634663, "0.2": -72.61079908634663, "0.4": -72.61079908634663, "0.8": -72.61079908634663}}}}