{"BBP": {"L6_NGC_cSTUT189_3": {"mean_frequency": {"0.1": 1.2284257723734755, "0.2": 59.31138477008299, "0.4": 96.86323713933807, "0.8": 152.85996055223436}, "ISI_CV": {"0.1": 0, "0.2": 0.07041966044051383, "0.4": 0.02435994517592632, "0.8": 0.08537931044068094}, "time_to_first_spike": {"0.1": 543.3999999999646, "0.2": 5.90000000009195, "0.4": 3.1000000000913133, "0.8": 1.700000000090995}, "time_to_second_spike": {"0.1": 1628.099999998978, "0.2": 21.500000000095497, "0.4": 12.300000000093405, "0.8": 8.200000000092473}, "AP_height": {"0.1": 3.5165250491691307, "0.2": 13.712472763945703, "0.4": 17.55095686807088, "0.8": 21.283814560245695}, "AP_width": {"0.1": 0.6999999999993634, "0.2": 0.7000000000001592, "0.4": 0.8000000000001819, "0.8": 0.8000000000001819}, "AP_amplitude": {"0.1": 57.059792747748666, "0.2": 68.95430643397242, "0.4": 93.40576082753762, "0.8": 96.90866169611891}, "voltage_base": {"0.1": -75.68619965351726, "0.2": -75.68619965351726, "0.4": -75.68619965351726, "0.8": -75.68619965351726}}}, "NetPyNE": {"L6_NGC_cSTUT189_3": {"mean_frequency": {"0.1": 0, "0.2": 57.87037037040964, "0.4": 95.27152384301715, "0.8": 150.56179775279068}, "ISI_CV": {"0.1": 0, "0.2": 0.011980783068540777, "0.4": 0.01926753377308987, "0.8": 0.08691230265962246}, "time_to_first_spike": {"0.1": 0, "0.2": 6.200000000092018, "0.4": 3.200000000091336, "0.8": 1.8000000000910177}, "time_to_second_spike": {"0.1": 0, "0.2": 21.900000000095588, "0.4": 12.700000000093496, "0.8": 8.400000000092518}, "AP_height": {"0.1": 0, "0.2": 12.942464126253608, "0.4": 17.44315813194782, "0.8": 20.235632782480355}, "AP_width": {"0.1": 0, "0.2": 0.8000000000001819, "0.4": 0.9000000000002046, "0.8": 0.9000000000002046}, "AP_amplitude": {"0.1": 0, "0.2": 67.31378864322416, "0.4": 72.1546310133725, "0.8": 96.21096217575875}, "voltage_base": {"0.1": -75.9746552273884, "0.2": -75.9746552273884, "0.4": -75.9746552273884, "0.8": -75.9746552273884}}}}