{"BBP": {"L6_UTPC_cADpyr231_5": {"mean_frequency": {"0.1": 2.5031289111404815, "0.2": 6.876123981809303, "0.4": 9.736599364565345, "0.8": 19.879702314214676}, "ISI_CV": {"0.1": 0.07269774995063888, "0.2": 0.33509013850787495, "0.4": 0.3477689268469388, "0.8": 0.1650454527652754}, "time_to_first_spike": {"0.1": 108.6000000001153, "0.2": 14.70000000009395, "0.4": 5.3000000000918135, "0.8": 2.2000000000911086}, "time_to_second_spike": {"0.1": 430.80000000006703, "0.2": 42.300000000100226, "0.4": 20.2000000000952, "0.8": 10.100000000092905}, "AP_height": {"0.1": 27.07545194259388, "0.2": 34.52603499108065, "0.4": 39.687082467785665, "0.8": 42.675168863014726}, "AP_width": {"0.1": 1.1000000000002501, "0.2": 1.1000000000002501, "0.4": 1.2000000000002728, "0.8": 1.2000000000002728}, "AP_amplitude": {"0.1": 77.68735744433246, "0.2": 88.14272329756432, "0.4": 93.41139093401665, "0.8": 115.08182822342724}, "voltage_base": {"0.1": -72.40647133185985, "0.2": -72.40647133185985, "0.4": -72.40647133185985, "0.8": -72.40647133185985}}}, "NetPyNE": {"L6_UTPC_cADpyr231_5": {"mean_frequency": {"0.1": 2.477393781743157, "0.2": 6.81234606718477, "0.4": 9.602749418787463, "0.8": 19.579296149418386}, "ISI_CV": {"0.1": 0.07024992477896308, "0.2": 0.3353661237712321, "0.4": 0.345466617479298, "0.8": 0.1708296438536597}, "time_to_first_spike": {"0.1": 109.20000000011544, "0.2": 14.800000000093974, "0.4": 5.400000000091836, "0.8": 2.2000000000911086}, "time_to_second_spike": {"0.1": 432.9000000000651, "0.2": 42.40000000010025, "0.4": 20.2000000000952, "0.8": 10.200000000092928}, "AP_height": {"0.1": 25.865607900315833, "0.2": 33.746699258781696, "0.4": 39.326583005107004, "0.8": 41.978442525634165}, "AP_width": {"0.1": 1.1000000000002501, "0.2": 1.1000000000002501, "0.4": 1.2000000000002728, "0.8": 1.2000000000002728}, "AP_amplitude": {"0.1": 76.7492856326, "0.2": 87.09349937882179, "0.4": 93.56462488828124, "0.8": 114.38510147566251}, "voltage_base": {"0.1": -72.40647091699024, "0.2": -72.40647091699024, "0.4": -72.40647091699024, "0.8": -72.40647091699024}}}}