{"BBP": {"L6_NBC_cNAC187_5": {"mean_frequency": {"0.1": 40.106281646390116, "0.2": 65.25776818437242, "0.4": 98.5788630905394, "0.8": 147.36842105273172}, "ISI_CV": {"0.1": 0.01921219303526509, "0.2": 0.017868847196539476, "0.4": 0.014478131292150531, "0.8": 0.025162621124776463}, "time_to_first_spike": {"0.1": 7.800000000092382, "0.2": 3.0000000000912905, "0.4": 1.6000000000909722, "0.8": 0.900000000090813}, "time_to_second_spike": {"0.1": 30.600000000097566, "0.2": 15.800000000094201, "0.4": 9.90000000009286, "0.8": 7.0000000000922}, "AP_height": {"0.1": 23.656942524716946, "0.2": 26.99487357338925, "0.4": 28.66726942120749, "0.8": 28.73628598203323}, "AP_width": {"0.1": 0.6000000000001364, "0.2": 0.7000000000001592, "0.4": 0.7000000000001592, "0.8": 0.8000000000001819}, "AP_amplitude": {"0.1": 79.33781978893485, "0.2": 82.2363184898013, "0.4": 96.78190922433484, "0.8": 96.85092578287501}, "voltage_base": {"0.1": -68.1120739002712, "0.2": -68.1120739002712, "0.4": -68.1120739002712, "0.8": -68.1120739002712}}}, "NetPyNE": {"L6_NBC_cNAC187_5": {"mean_frequency": {"0.1": 39.94943109990064, "0.2": 64.9841317818183, "0.4": 98.12265331671252, "0.8": 146.5952869366084}, "ISI_CV": {"0.1": 0.018818338261622203, "0.2": 0.017253837087766455, "0.4": 0.013980333609177064, "0.8": 0.026301827795043715}, "time_to_first_spike": {"0.1": 7.900000000092405, "0.2": 3.1000000000913133, "0.4": 1.700000000090995, "0.8": 1.0000000000908358}, "time_to_second_spike": {"0.1": 30.900000000097634, "0.2": 16.000000000094246, "0.4": 10.100000000092905, "0.8": 7.100000000092223}, "AP_height": {"0.1": 21.51067705649402, "0.2": 26.381965759547143, "0.4": 24.41134000423196, "0.8": 30.02383966495914}, "AP_width": {"0.1": 0.7000000000001592, "0.2": 0.7000000000001592, "0.4": 0.7000000000001592, "0.8": 0.7000000000001592}, "AP_amplitude": {"0.1": 76.95596503549085, "0.2": 82.1072824122989, "0.4": 92.52597576564422, "0.8": 98.13847524197803}, "voltage_base": {"0.1": -68.11206967259656, "0.2": -68.11206967259656, "0.4": -68.11206967259656, "0.8": -68.11206967259656}}}}