{"BBP": {"L23_BP_bAC217_2": {"mean_frequency": {"0.1": 10.690287110575339, "0.2": 15.163002274460615, "0.4": 21.08433734941191, "0.8": 30.078203328674938}, "ISI_CV": {"0.1": 0.26843363543912807, "0.2": 0.2831600787411108, "0.4": 0.2894931534353454, "0.8": 0.2942700972517942}, "time_to_first_spike": {"0.1": 3.900000000091495, "0.2": 2.100000000091086, "0.4": 1.2000000000908813, "0.8": 0.7000000000907676}, "time_to_second_spike": {"0.1": 23.600000000095974, "0.2": 15.40000000009411, "0.4": 10.400000000092973, "0.8": 7.500000000092314}, "AP_height": {"0.1": 30.994819242017833, "0.2": 31.854344484205903, "0.4": 33.79663226986725, "0.8": 36.14194912546388}, "AP_width": {"0.1": 0.6000000000001364, "0.2": 0.6000000000001364, "0.4": 0.6000000000001364, "0.8": 0.7000000000001592}, "AP_amplitude": {"0.1": 86.23131776947659, "0.2": 106.79418950978493, "0.4": 108.73647729313865, "0.8": 111.08179414412021}, "voltage_base": {"0.1": -74.93637317231305, "0.2": -74.93637317231305, "0.4": -74.93637317231305, "0.8": -74.93637317231305}}}, "NetPyNE": {"L23_BP_bAC217_2": {"mean_frequency": {"0.1": 10.599636583895737, "0.2": 15.029307148950648, "0.4": 20.948293480496464, "0.8": 29.776925406298574}, "ISI_CV": {"0.1": 0.2671512671294311, "0.2": 0.2820467533763882, "0.4": 0.2922690492446692, "0.8": 0.29595370557985484}, "time_to_first_spike": {"0.1": 4.000000000091518, "0.2": 2.100000000091086, "0.4": 1.2000000000908813, "0.8": 0.8000000000907903}, "time_to_second_spike": {"0.1": 23.80000000009602, "0.2": 15.600000000094155, "0.4": 10.500000000092996, "0.8": 7.6000000000923364}, "AP_height": {"0.1": 27.118988906765765, "0.2": 29.538636434788152, "0.4": 32.23681651230002, "0.8": 30.180617648569378}, "AP_width": {"0.1": 0.5000000000001137, "0.2": 0.6000000000001364, "0.4": 0.7000000000001592, "0.8": 0.6000000000001364}, "AP_amplitude": {"0.1": 82.57110736224806, "0.2": 104.47847555903581, "0.4": 107.17665563124288, "0.8": 105.12045688960671}, "voltage_base": {"0.1": -74.93636737203244, "0.2": -74.93636737203244, "0.4": -74.93636737203244, "0.8": -74.93636737203244}}}}