{"BBP": {"L4_LBC_cACint209_1": {"mean_frequency": {"0.1": 24.53987730063006, "0.2": 38.076152304635094, "0.4": 73.96598571002302, "0.8": 165.72372703160516}, "ISI_CV": {"0.1": 0.25763458810062206, "0.2": 0.21615712133234538, "0.4": 0.13339342579643795, "0.8": 0.08171291502083639}, "time_to_first_spike": {"0.1": 22.4000000000957, "0.2": 10.000000000092882, "0.4": 4.500000000091632, "0.8": 2.2000000000911086}, "time_to_second_spike": {"0.1": 38.10000000009927, "0.2": 20.700000000095315, "0.4": 12.900000000093542, "0.8": 9.000000000092655}, "AP_height": {"0.1": 17.711526490922562, "0.2": 21.463426285518214, "0.4": 25.612337031210842, "0.8": 31.765784622225368}, "AP_width": {"0.1": 0.8000000000001819, "0.2": 0.8000000000001819, "0.4": 0.9000000000002046, "0.8": 0.9000000000002046}, "AP_amplitude": {"0.1": 73.39366017124077, "0.2": 76.39764193555804, "0.4": 81.89679120949545, "0.8": 101.56213082843897}, "voltage_base": {"0.1": -69.79578257603265, "0.2": -69.79578257603265, "0.4": -69.79578257603265, "0.8": -69.79578257603265}}}, "NetPyNE": {"L4_LBC_cACint209_1": {"mean_frequency": {"0.1": 24.554941682030073, "0.2": 38.11243167346253, "0.4": 74.17430962767533, "0.8": 165.3886633590058}, "ISI_CV": {"0.1": 0.2585747450237295, "0.2": 0.2162452387824118, "0.4": 0.13249256524264028, "0.8": 0.07672070294267934}, "time_to_first_spike": {"0.1": 22.500000000095724, "0.2": 10.100000000092905, "0.4": 4.500000000091632, "0.8": 2.3000000000911314}, "time_to_second_spike": {"0.1": 38.200000000099294, "0.2": 20.800000000095338, "0.4": 13.100000000093587, "0.8": 9.2000000000927}, "AP_height": {"0.1": 19.189945922117428, "0.2": 21.481048403657756, "0.4": 24.883355404416076, "0.8": 30.282386258087637}, "AP_width": {"0.1": 0.8000000000001819, "0.2": 0.8000000000001819, "0.4": 0.9000000000002046, "0.8": 0.8000000000001819}, "AP_amplitude": {"0.1": 74.57294172367507, "0.2": 77.57534114186609, "0.4": 80.12261310681443, "0.8": 100.0787315200173}, "voltage_base": {"0.1": -69.7957816138994, "0.2": -69.7957816138994, "0.4": -69.7957816138994, "0.8": -69.7957816138994}}}}