{"BBP": {"L5_LBC_bAC217_1": {"mean_frequency": {"0.1": 0, "0.2": 4.7864702441131675, "0.4": 12.575452716306321, "0.8": 18.555667001015614}, "ISI_CV": {"0.1": 0, "0.2": 0.1347139652256779, "0.4": 0.2828706084049083, "0.8": 0.2928929091601166}, "time_to_first_spike": {"0.1": 0, "0.2": 127.70000000011964, "0.4": 4.9000000000917225, "0.8": 2.100000000091086}, "time_to_second_spike": {"0.1": 0, "0.2": 259.0000000001495, "0.4": 32.90000000009809, "0.8": 16.50000000009436}, "AP_height": {"0.1": 0, "0.2": 7.859462929607695, "0.4": 24.62352920098354, "0.8": 25.306443164665573}, "AP_width": {"0.1": 0, "0.2": 0.5000000000001137, "0.4": 0.6000000000001364, "0.8": 0.5000000000001137}, "AP_amplitude": {"0.1": 0, "0.2": 55.149515357374135, "0.4": 76.75673123302059, "0.8": 95.48415810494373}, "voltage_base": {"0.1": -70.17505749329263, "0.2": -70.17505749329263, "0.4": -70.17505749329263, "0.8": -70.17505749329263}}}, "NetPyNE": {"L5_LBC_bAC217_1": {"mean_frequency": {"0.1": 0, "0.2": 4.711548528953002, "0.4": 12.369858777453949, "0.8": 18.327139438998287}, "ISI_CV": {"0.1": 0, "0.2": 0.136483939160273, "0.4": 0.2891317687685123, "0.8": 0.29270769386197165}, "time_to_first_spike": {"0.1": 0, "0.2": 129.60000000012008, "0.4": 5.000000000091745, "0.8": 2.100000000091086}, "time_to_second_spike": {"0.1": 0, "0.2": 261.6000000001501, "0.4": 33.20000000009816, "0.8": 16.700000000094406}, "AP_height": {"0.1": 0, "0.2": 7.989594511958715, "0.4": 24.140029463003355, "0.8": 28.623206294302342}, "AP_width": {"0.1": 0, "0.2": 0.5000000000001137, "0.4": 0.6000000000001364, "0.8": 0.6000000000001364}, "AP_amplitude": {"0.1": 0, "0.2": 54.82477567788156, "0.4": 75.67096413482751, "0.8": 98.80091716041764}, "voltage_base": {"0.1": -70.17505340477842, "0.2": -70.17505340477842, "0.4": -70.17505340477842, "0.8": -70.17505340477842}}}}