{"BBP": {"L4_MC_dNAC222_4": {"mean_frequency": {"0.1": 15.054195102378753, "0.2": 56.131909988511055, "0.4": 93.96512738059744, "0.8": 145.21782674020886}, "ISI_CV": {"0.1": 0.09126188899286253, "0.2": 0.015157632552469004, "0.4": 0.020877820589974967, "0.8": 0.04777424835238666}, "time_to_first_spike": {"0.1": 527.0999999999794, "0.2": 6.500000000092086, "0.4": 2.7000000000912223, "0.8": 1.4000000000909267}, "time_to_second_spike": {"0.1": 597.4999999999154, "0.2": 23.000000000095838, "0.4": 12.000000000093337, "0.8": 8.10000000009245}, "AP_height": {"0.1": 11.67017225382007, "0.2": 18.708859771103036, "0.4": 21.719991959213047, "0.8": 27.014023066676547}, "AP_width": {"0.1": 0.6999999999993634, "0.2": 0.6000000000001364, "0.4": 0.7000000000001592, "0.8": 0.8000000000001819}, "AP_amplitude": {"0.1": 68.13261440083579, "0.2": 75.73901417705659, "0.4": 95.04110709205774, "0.8": 100.33513819734236}, "voltage_base": {"0.1": -73.31690112745554, "0.2": -73.31690112745554, "0.4": -73.31690112745554, "0.8": -73.31690112745554}}}, "NetPyNE": {"L4_MC_dNAC222_4": {"mean_frequency": {"0.1": 15.007503751886142, "0.2": 55.82939342122288, "0.4": 93.46264006840173, "0.8": 144.53613403360666}, "ISI_CV": {"0.1": 0.09160474956536381, "0.2": 0.01561095399491583, "0.4": 0.021549762581193604, "0.8": 0.049238103999207805}, "time_to_first_spike": {"0.1": 527.599999999979, "0.2": 6.600000000092109, "0.4": 2.800000000091245, "0.8": 1.5000000000909495}, "time_to_second_spike": {"0.1": 598.3999999999146, "0.2": 23.300000000095906, "0.4": 12.200000000093382, "0.8": 8.300000000092496}, "AP_height": {"0.1": 10.739921664814663, "0.2": 18.04792409660741, "0.4": 23.994237542250154, "0.8": 26.099768433359078}, "AP_width": {"0.1": 0.5999999999994543, "0.2": 0.6000000000001364, "0.4": 0.7000000000001592, "0.8": 0.7000000000001592}, "AP_amplitude": {"0.1": 67.29981045764916, "0.2": 74.1442765830445, "0.4": 97.31534463939923, "0.8": 99.42087555718818}, "voltage_base": {"0.1": -73.31689309467438, "0.2": -73.31689309467438, "0.4": -73.31689309467438, "0.8": -73.31689309467438}}}}