{"BBP": {"L4_BP_cNAC187_1": {"mean_frequency": {"0.1": 76.33587786264725, "0.2": 108.23812387259309, "0.4": 158.30870196894682, "0.8": 291.8063967167508}, "ISI_CV": {"0.1": 0.0813763154487012, "0.2": 0.05494369299631715, "0.4": 0.014693820028299855, "0.8": 0.03425865437222927}, "time_to_first_spike": {"0.1": 1.4000000000909267, "0.2": 0.900000000090813, "0.4": 0.6000000000907448, "0.8": 0.40000000009069936}, "time_to_second_spike": {"0.1": 10.700000000093041, "0.2": 8.000000000092427, "0.4": 6.200000000092018, "0.8": 4.8000000000917}, "AP_height": {"0.1": 34.51761667661728, "0.2": 33.004825409722514, "0.4": 37.145216962168185, "0.8": 39.44234573812526}, "AP_width": {"0.1": 0.7000000000001592, "0.2": 0.6000000000001364, "0.4": 0.7000000000001592, "0.8": 0.8000000000001819}, "AP_amplitude": {"0.1": 102.03711944337147, "0.2": 100.52432817450129, "0.4": 104.66471972299627, "0.8": 106.96184849105225}, "voltage_base": {"0.1": -67.51677602840256, "0.2": -67.51677602840256, "0.4": -67.51677602840256, "0.8": -67.51677602840256}}}, "NetPyNE": {"L4_BP_cNAC187_1": {"mean_frequency": {"0.1": 76.02074208332198, "0.2": 107.73702144725702, "0.4": 157.27523165550383, "0.8": 286.62898304256396}, "ISI_CV": {"0.1": 0.08103608194152531, "0.2": 0.05385492664272389, "0.4": 0.014607990916637186, "0.8": 0.03425402863710864}, "time_to_first_spike": {"0.1": 1.5000000000909495, "0.2": 1.0000000000908358, "0.4": 0.6000000000907448, "0.8": 0.40000000009069936}, "time_to_second_spike": {"0.1": 10.900000000093087, "0.2": 8.10000000009245, "0.4": 6.300000000092041, "0.8": 4.9000000000917225}, "AP_height": {"0.1": 27.333528235083627, "0.2": 31.612609363330073, "0.4": 32.22880967304903, "0.8": 38.22072750599182}, "AP_width": {"0.1": 0.6000000000001364, "0.2": 0.7000000000001592, "0.4": 0.8000000000001819, "0.8": 0.8000000000001819}, "AP_amplitude": {"0.1": 94.85302634899702, "0.2": 99.1321074549015, "0.4": 99.74830787938026, "0.8": 105.74022565466392}, "voltage_base": {"0.1": -67.51677141828362, "0.2": -67.51677141828362, "0.4": -67.51677141828362, "0.8": -67.51677141828362}}}}