{"BBP": {"L23_BTC_bNAC219_3": {"mean_frequency": {"0.1": 29.013539651857137, "0.2": 86.76898384999375, "0.4": 130.73532358253726, "0.8": 179.61675088819936}, "ISI_CV": {"0.1": 0.14821973077881848, "0.2": 0.038197718634179666, "0.4": 0.024834242597299223, "0.8": 0.012488316466203237}, "time_to_first_spike": {"0.1": 8.200000000092473, "0.2": 3.3000000000913587, "0.4": 1.700000000090995, "0.8": 1.0000000000908358}, "time_to_second_spike": {"0.1": 22.4000000000957, "0.2": 12.50000000009345, "0.4": 8.700000000092587, "0.8": 6.600000000092109}, "AP_height": {"0.1": 18.453457888893738, "0.2": 22.920991080170477, "0.4": 23.71191528603117, "0.8": 27.33326104214978}, "AP_width": {"0.1": 0.6000000000001364, "0.2": 0.6000000000001364, "0.4": 0.6000000000001364, "0.8": 0.6000000000001364}, "AP_amplitude": {"0.1": 74.16128019371871, "0.2": 78.84894886731122, "0.4": 94.25210924800894, "0.8": 97.8734550019094}, "voltage_base": {"0.1": -70.54008156108146, "0.2": -70.54008156108146, "0.4": -70.54008156108146, "0.8": -70.54008156108146}}}, "NetPyNE": {"L23_BTC_bNAC219_3": {"mean_frequency": {"0.1": 28.891479547893248, "0.2": 86.22418287553482, "0.4": 129.66856913997, "0.8": 177.76664997508328}, "ISI_CV": {"0.1": 0.14801320643443072, "0.2": 0.037836552271967736, "0.4": 0.02429088659968998, "0.8": 0.01222996099918706}, "time_to_first_spike": {"0.1": 8.300000000092496, "0.2": 3.4000000000913815, "0.4": 1.700000000090995, "0.8": 1.0000000000908358}, "time_to_second_spike": {"0.1": 22.600000000095747, "0.2": 12.700000000093496, "0.4": 8.80000000009261, "0.8": 6.700000000092132}, "AP_height": {"0.1": 18.103656545674816, "0.2": 21.178052002792214, "0.4": 22.8082891956184, "0.8": 23.73284693158602}, "AP_width": {"0.1": 0.6000000000001364, "0.2": 0.5000000000001137, "0.4": 0.6000000000001364, "0.8": 0.6000000000001364}, "AP_amplitude": {"0.1": 73.20264214563082, "0.2": 76.18340446806707, "0.4": 93.34848288521107, "0.8": 94.27304075086765}, "voltage_base": {"0.1": -70.54008141989618, "0.2": -70.54008141989618, "0.4": -70.54008141989618, "0.8": -70.54008141989618}}}}