{"BBP": {"L23_DBC_cACint209_3": {"mean_frequency": {"0.1": 40.53039779837632, "0.2": 78.05463824682582, "0.4": 169.55934577113516, "0.8": 232.24385604900917}, "ISI_CV": {"0.1": 0.23740467003176652, "0.2": 0.15976837137137737, "0.4": 0.043280064484011664, "0.8": 0.01881715655790678}, "time_to_first_spike": {"0.1": 10.000000000092882, "0.2": 4.300000000091586, "0.4": 1.9000000000910404, "0.8": 1.1000000000908585}, "time_to_second_spike": {"0.1": 18.800000000094883, "0.2": 11.800000000093291, "0.4": 8.300000000092496, "0.8": 6.200000000092018}, "AP_height": {"0.1": 22.72916812889108, "0.2": 26.556792311902452, "0.4": 29.313390801264532, "0.8": 31.293767171664122}, "AP_width": {"0.1": 0.8000000000001819, "0.2": 0.8000000000001819, "0.4": 0.9000000000002046, "0.8": 0.9000000000002046}, "AP_amplitude": {"0.1": 79.3007508729435, "0.2": 83.45206418253484, "0.4": 97.97526984426155, "0.8": 99.95564621182083}, "voltage_base": {"0.1": -68.66120728679638, "0.2": -68.66120728679638, "0.4": -68.66120728679638, "0.8": -68.66120728679638}}}, "NetPyNE": {"L23_DBC_cACint209_3": {"mean_frequency": {"0.1": 40.60964604434726, "0.2": 78.49846525441849, "0.4": 167.852490229596, "0.8": 228.70583525188204}, "ISI_CV": {"0.1": 0.2384647828892898, "0.2": 0.15875368603824472, "0.4": 0.04281987653657212, "0.8": 0.019726349793818123}, "time_to_first_spike": {"0.1": 10.100000000092905, "0.2": 4.400000000091609, "0.4": 2.000000000091063, "0.8": 1.1000000000908585}, "time_to_second_spike": {"0.1": 19.00000000009493, "0.2": 12.000000000093337, "0.4": 8.400000000092518, "0.8": 6.300000000092041}, "AP_height": {"0.1": 21.430761230519693, "0.2": 25.93836094655954, "0.4": 29.95376504540073, "0.8": 31.534288096834562}, "AP_width": {"0.1": 0.8000000000001819, "0.2": 0.8000000000001819, "0.4": 0.9000000000002046, "0.8": 1.0000000000002274}, "AP_amplitude": {"0.1": 77.3960877666588, "0.2": 82.20620187837093, "0.4": 98.61564232132586, "0.8": 100.19616555912629}, "voltage_base": {"0.1": -68.66120566455885, "0.2": -68.66120566455885, "0.4": -68.66120566455885, "0.8": -68.66120566455885}}}}