{"BBP": {"L4_BP_bNAC219_4": {"mean_frequency": {"0.1": 112.08406304736167, "0.2": 154.39370394516482, "0.4": 207.34211448904762, "0.8": 272.3131601343394}, "ISI_CV": {"0.1": 0.04942882808962897, "0.2": 0.02234290107286027, "0.4": 0.011819127825962516, "0.8": 0.011519973236090036}, "time_to_first_spike": {"0.1": 1.6000000000909722, "0.2": 1.0000000000908358, "0.4": 0.7000000000907676, "0.8": 0.40000000009069936}, "time_to_second_spike": {"0.1": 9.000000000092655, "0.2": 7.2000000000922455, "0.4": 5.800000000091927, "0.8": 4.600000000091654}, "AP_height": {"0.1": 28.97893122488229, "0.2": 29.19139972713211, "0.4": 26.995240083026808, "0.8": 33.978248583784776}, "AP_width": {"0.1": 0.6000000000001364, "0.2": 0.6000000000001364, "0.4": 0.6000000000001364, "0.8": 0.7000000000001592}, "AP_amplitude": {"0.1": 98.78372835382156, "0.2": 98.99619685410876, "0.4": 96.8000372060784, "0.8": 103.78304569898725}, "voltage_base": {"0.1": -69.8046840274966, "0.2": -69.8046840274966, "0.4": -69.8046840274966, "0.8": -69.8046840274966}}}, "NetPyNE": {"L4_BP_bNAC219_4": {"mean_frequency": {"0.1": 111.255888543726, "0.2": 152.94353625524383, "0.4": 204.95089196245638, "0.8": 267.2806446770925}, "ISI_CV": {"0.1": 0.04900387804759007, "0.2": 0.021957241967700956, "0.4": 0.010971526111186682, "0.8": 0.013625968531269827}, "time_to_first_spike": {"0.1": 1.700000000090995, "0.2": 1.1000000000908585, "0.4": 0.7000000000907676, "0.8": 0.40000000009069936}, "time_to_second_spike": {"0.1": 9.100000000092678, "0.2": 7.300000000092268, "0.4": 5.90000000009195, "0.8": 4.700000000091677}, "AP_height": {"0.1": 21.376354764357806, "0.2": 24.79221302619386, "0.4": 31.2036437676027, "0.8": 29.575472030537497}, "AP_width": {"0.1": 0.5000000000001137, "0.2": 0.5000000000001137, "0.4": 0.6000000000001364, "0.8": 0.6000000000001364}, "AP_amplitude": {"0.1": 91.18115168948015, "0.2": 94.59700997826677, "0.4": 101.00844075153127, "0.8": 99.38026910426728}, "voltage_base": {"0.1": -69.80468398509146, "0.2": -69.80468398509146, "0.4": -69.80468398509146, "0.8": -69.80468398509146}}}}