{"BBP": {"L5_DBC_cIR216_5": {"mean_frequency": {"0.1": 0, "0.2": 13.633980073422858, "0.4": 29.513280976459466, "0.8": 61.7067175036791}, "ISI_CV": {"0.1": 0, "0.2": 0.5152352515739425, "0.4": 0.31556846060218446, "0.8": 0.1437506313698801}, "time_to_first_spike": {"0.1": 0, "0.2": 15.500000000094133, "0.4": 6.200000000092018, "0.8": 3.0000000000912905}, "time_to_second_spike": {"0.1": 0, "0.2": 37.20000000009907, "0.4": 17.300000000094542, "0.8": 10.700000000093041}, "AP_height": {"0.1": 0, "0.2": 22.81493922508443, "0.4": 28.990668879986096, "0.8": 31.452850148602952}, "AP_width": {"0.1": 0, "0.2": 0.8000000000001819, "0.4": 0.9000000000002046, "0.8": 0.9000000000002046}, "AP_amplitude": {"0.1": 0, "0.2": 78.24693340594413, "0.4": 84.7830624322256, "0.8": 109.2158454187454}, "voltage_base": {"0.1": -77.8359007085605, "0.2": -77.8359007085605, "0.4": -77.8359007085605, "0.8": -77.8359007085605}}}, "NetPyNE": {"L5_DBC_cIR216_5": {"mean_frequency": {"0.1": 0, "0.2": 15.015766554892835, "0.4": 30.818976405820916, "0.8": 63.767824864473916}, "ISI_CV": {"0.1": 0, "0.2": 0.24851966611576906, "0.4": 0.2010911470573605, "0.8": 0.1217859561636688}, "time_to_first_spike": {"0.1": 0, "0.2": 15.200000000094064, "0.4": 6.100000000091995, "0.8": 3.0000000000912905}, "time_to_second_spike": {"0.1": 0, "0.2": 37.8000000000992, "0.4": 17.000000000094474, "0.8": 10.700000000093041}, "AP_height": {"0.1": 0, "0.2": 22.114191773783677, "0.4": 28.95602099835671, "0.8": 29.72459399163109}, "AP_width": {"0.1": 0, "0.2": 0.9000000000002046, "0.4": 0.9000000000002046, "0.8": 1.0000000000002274}, "AP_amplitude": {"0.1": 0, "0.2": 76.51508600313356, "0.4": 84.19214521914861, "0.8": 107.44906831102338}, "voltage_base": {"0.1": -77.72432188600759, "0.2": -77.72432188600759, "0.4": -77.72432188600759, "0.8": -77.72432188600759}}}}