{"BBP": {"L5_NBC_cACint209_5": {"mean_frequency": {"0.1": 23.872409589613873, "0.2": 38.173690290849166, "0.4": 68.89961778318899, "0.8": 131.39418254773219}, "ISI_CV": {"0.1": 0.26747548379124053, "0.2": 0.2278866273081946, "0.4": 0.17812183850426044, "0.8": 0.10616692432350743}, "time_to_first_spike": {"0.1": 8.900000000092632, "0.2": 4.300000000091586, "0.4": 2.3000000000911314, "0.8": 1.300000000090904}, "time_to_second_spike": {"0.1": 23.600000000095974, "0.2": 14.400000000093883, "0.4": 9.90000000009286, "0.8": 7.300000000092268}, "AP_height": {"0.1": 28.126260310062616, "0.2": 31.810147243319715, "0.4": 34.684521289399285, "0.8": 33.57809493193367}, "AP_width": {"0.1": 0.9000000000002046, "0.2": 0.8000000000001819, "0.4": 0.9000000000002046, "0.8": 1.0000000000002274}, "AP_amplitude": {"0.1": 84.07020276034045, "0.2": 87.58318000952534, "0.4": 104.16587163207599, "0.8": 104.94813672273875}, "voltage_base": {"0.1": -71.36940107853043, "0.2": -71.36940107853043, "0.4": -71.36940107853043, "0.8": -71.36940107853043}}}, "NetPyNE": {"L5_NBC_cACint209_5": {"mean_frequency": {"0.1": 23.821591485064275, "0.2": 38.15835718233249, "0.4": 68.98982777726505, "0.8": 131.26910165848892}, "ISI_CV": {"0.1": 0.267402480544044, "0.2": 0.22771370080379189, "0.4": 0.17703950719377085, "0.8": 0.10403483807764535}, "time_to_first_spike": {"0.1": 9.000000000092655, "0.2": 4.400000000091609, "0.4": 2.400000000091154, "0.8": 1.4000000000909267}, "time_to_second_spike": {"0.1": 23.700000000095997, "0.2": 14.500000000093905, "0.4": 10.000000000092882, "0.8": 7.400000000092291}, "AP_height": {"0.1": 26.940217768807916, "0.2": 30.546352815086447, "0.4": 32.262108579048885, "0.8": 36.18441638142158}, "AP_width": {"0.1": 0.9000000000002046, "0.2": 0.8000000000001819, "0.4": 0.9000000000002046, "0.8": 0.9000000000002046}, "AP_amplitude": {"0.1": 82.1627072698626, "0.2": 86.58834446311339, "0.4": 101.79034802134065, "0.8": 107.55445738871634}, "voltage_base": {"0.1": -71.36940029626909, "0.2": -71.36940029626909, "0.4": -71.36940029626909, "0.8": -71.36940029626909}}}}