{"BBP": {"L5_LBC_cSTUT189_1": {"mean_frequency": {"0.1": 0, "0.2": 41.20603015078174, "0.4": 79.81927710848794, "0.8": 127.37575848762478}, "ISI_CV": {"0.1": 0, "0.2": 0.09210895929466106, "0.4": 0.021682654930850667, "0.8": 0.031190501484567517}, "time_to_first_spike": {"0.1": 0, "0.2": 7.900000000092405, "0.4": 3.3000000000913587, "0.8": 1.6000000000909722}, "time_to_second_spike": {"0.1": 0, "0.2": 30.300000000097498, "0.4": 14.200000000093837, "0.8": 8.600000000092564}, "AP_height": {"0.1": 0, "0.2": 15.634151549438496, "0.4": 21.54286510520902, "0.8": 27.217378250068094}, "AP_width": {"0.1": 0, "0.2": 0.7000000000001592, "0.4": 0.8000000000001819, "0.8": 0.8000000000001819}, "AP_amplitude": {"0.1": 0, "0.2": 71.42445681665295, "0.4": 97.13879649574025, "0.8": 102.97061031573358}, "voltage_base": {"0.1": -75.8894409936912, "0.2": -75.8894409936912, "0.4": -75.8894409936912, "0.8": -75.8894409936912}}}, "NetPyNE": {"L5_LBC_cSTUT189_1": {"mean_frequency": {"0.1": 0, "0.2": 41.18947156924637, "0.4": 79.3252334572283, "0.8": 126.57594556742647}, "ISI_CV": {"0.1": 0, "0.2": 0.013198513728792095, "0.4": 0.012707977617078436, "0.8": 0.031597340704890634}, "time_to_first_spike": {"0.1": 0, "0.2": 8.300000000092496, "0.4": 3.4000000000913815, "0.8": 1.6000000000909722}, "time_to_second_spike": {"0.1": 0, "0.2": 31.400000000097748, "0.4": 14.30000000009386, "0.8": 8.80000000009261}, "AP_height": {"0.1": 0, "0.2": 17.79843542616548, "0.4": 20.06612944828065, "0.8": 22.55491676603792}, "AP_width": {"0.1": 0, "0.2": 0.7000000000001592, "0.4": 0.8000000000001819, "0.8": 0.8000000000001819}, "AP_amplitude": {"0.1": 0, "0.2": 72.35323968293842, "0.4": 95.41483960568725, "0.8": 97.90362693036292}, "voltage_base": {"0.1": -75.3480470238374, "0.2": -75.3480470238374, "0.4": -75.3480470238374, "0.8": -75.3480470238374}}}}