{"BBP": {"L6_IPC_cADpyr231_1": {"mean_frequency": {"0.1": 3.962637984718114, "0.2": 7.771618050883413, "0.4": 11.672756800657512, "0.8": 26.888539394265063}, "ISI_CV": {"0.1": 0.22407831751860305, "0.2": 0.33919716652252624, "0.4": 0.3194355456712933, "0.8": 0.20696438273403475}, "time_to_first_spike": {"0.1": 51.000000000102204, "0.2": 10.600000000093019, "0.4": 3.500000000091404, "0.8": 1.6000000000909722}, "time_to_second_spike": {"0.1": 133.00000000012085, "0.2": 32.70000000009804, "0.4": 15.500000000094133, "0.8": 8.400000000092518}, "AP_height": {"0.1": 31.762825024049217, "0.2": 37.24148362985285, "0.4": 42.45091272156176, "0.8": 44.21117099794961}, "AP_width": {"0.1": 1.1000000000002501, "0.2": 1.1000000000002501, "0.4": 1.2000000000002728, "0.8": 1.3000000000002956}, "AP_amplitude": {"0.1": 83.52716616173176, "0.2": 90.56030226946069, "0.4": 96.68569807785607, "0.8": 116.44964776102861}, "voltage_base": {"0.1": -72.23828506409782, "0.2": -72.23828506409782, "0.4": -72.23828506409782, "0.8": -72.23828506409782}}}, "NetPyNE": {"L6_IPC_cADpyr231_1": {"mean_frequency": {"0.1": 3.9507845129272794, "0.2": 7.745533409072647, "0.4": 11.627319144641618, "0.8": 26.76767676769491}, "ISI_CV": {"0.1": 0.2228825614381487, "0.2": 0.33902181574398266, "0.4": 0.31784938459570716, "0.8": 0.20850451436488576}, "time_to_first_spike": {"0.1": 51.20000000010225, "0.2": 10.800000000093064, "0.4": 3.600000000091427, "0.8": 1.700000000090995}, "time_to_second_spike": {"0.1": 133.00000000012085, "0.2": 32.800000000098066, "0.4": 15.500000000094133, "0.8": 8.500000000092541}, "AP_height": {"0.1": 32.10721543372206, "0.2": 36.8998907067483, "0.4": 41.8922275001804, "0.8": 44.58976211310498}, "AP_width": {"0.1": 1.1000000000002501, "0.2": 1.1000000000002501, "0.4": 1.2000000000002728, "0.8": 1.2000000000002728}, "AP_amplitude": {"0.1": 83.59133511287173, "0.2": 89.73844034724571, "0.4": 96.39089897099052, "0.8": 116.82823840715548}, "voltage_base": {"0.1": -72.23828459023981, "0.2": -72.23828459023981, "0.4": -72.23828459023981, "0.8": -72.23828459023981}}}}