{"BBP": {"L6_ChC_cNAC187_1": {"mean_frequency": {"0.1": 39.778449144035044, "0.2": 67.80852880611366, "0.4": 111.30609175239451, "0.8": 200.235571260047}, "ISI_CV": {"0.1": 0.014514886729470811, "0.2": 0.028436980659451546, "0.4": 0.050419488049620605, "0.8": 0.11523753811483908}, "time_to_first_spike": {"0.1": 13.100000000093587, "0.2": 5.600000000091882, "0.4": 2.6000000000911996, "0.8": 1.4000000000909267}, "time_to_second_spike": {"0.1": 37.30000000009909, "0.2": 18.70000000009486, "0.4": 11.00000000009311, "0.8": 7.6000000000923364}, "AP_height": {"0.1": 9.317052359753616, "0.2": 12.859847606984353, "0.4": 17.340645337779883, "0.8": 19.936783667384162}, "AP_width": {"0.1": 0.7000000000001592, "0.2": 0.8000000000001819, "0.4": 0.7000000000001592, "0.8": 0.8000000000001819}, "AP_amplitude": {"0.1": 64.55436752054962, "0.2": 68.69857671574816, "0.4": 72.62147460402188, "0.8": 87.53851991163548}, "voltage_base": {"0.1": -67.59959127115017, "0.2": -67.59959127115017, "0.4": -67.59959127115017, "0.8": -67.59959127115017}}}, "NetPyNE": {"L6_ChC_cNAC187_1": {"mean_frequency": {"0.1": 39.72843852152558, "0.2": 67.77108433739542, "0.4": 111.65631884646083, "0.8": 200.50125313255884}, "ISI_CV": {"0.1": 0.0151377976475896, "0.2": 0.02960589006760826, "0.4": 0.05355009040989182, "0.8": 0.11915093175928947}, "time_to_first_spike": {"0.1": 13.20000000009361, "0.2": 5.700000000091904, "0.4": 2.7000000000912223, "0.8": 1.5000000000909495}, "time_to_second_spike": {"0.1": 37.500000000099135, "0.2": 18.900000000094906, "0.4": 11.100000000093132, "0.8": 7.700000000092359}, "AP_height": {"0.1": 8.200705299267115, "0.2": 12.445047059855344, "0.4": 16.406134374405383, "0.8": 19.957848381614667}, "AP_width": {"0.1": 0.7000000000001592, "0.2": 0.8000000000001819, "0.4": 0.8000000000001819, "0.8": 0.8000000000001819}, "AP_amplitude": {"0.1": 62.944606045168435, "0.2": 67.62693713687976, "0.4": 71.85276431379259, "0.8": 87.55958129642381}, "voltage_base": {"0.1": -67.5995879388617, "0.2": -67.5995879388617, "0.4": -67.5995879388617, "0.8": -67.5995879388617}}}}