{"BBP": {"L5_NGC_cACint209_2": {"mean_frequency": {"0.1": 26.706979087949584, "0.2": 43.99271844663175, "0.4": 83.59195114631771, "0.8": 246.91358024593677}, "ISI_CV": {"0.1": 0.25673710124510757, "0.2": 0.22370926525451024, "0.4": 0.15596493468435543, "0.8": 0.21398718979600403}, "time_to_first_spike": {"0.1": 8.10000000009245, "0.2": 4.300000000091586, "0.4": 2.400000000091154, "0.8": 1.4000000000909267}, "time_to_second_spike": {"0.1": 22.500000000095724, "0.2": 14.30000000009386, "0.4": 9.800000000092837, "0.8": 7.100000000092223}, "AP_height": {"0.1": 23.78164261571782, "0.2": 27.934960786236477, "0.4": 30.17786826173577, "0.8": 32.87708491847014}, "AP_width": {"0.1": 1.0000000000002274, "0.2": 0.9000000000002046, "0.4": 1.0000000000002274, "0.8": 1.0000000000002274}, "AP_amplitude": {"0.1": 77.72593784303535, "0.2": 82.80197915039396, "0.4": 101.9698354095578, "0.8": 104.66905206445094}, "voltage_base": {"0.1": -71.79126675552273, "0.2": -71.79126675552273, "0.4": -71.79126675552273, "0.8": -71.79126675552273}}}, "NetPyNE": {"L5_NGC_cACint209_2": {"mean_frequency": {"0.1": 26.7703808465683, "0.2": 44.097013429574965, "0.4": 84.02515723276143, "0.8": 234.74178403650674}, "ISI_CV": {"0.1": 0.2568085665034282, "0.2": 0.22214234022549373, "0.4": 0.15373033211029646, "0.8": 0.11846307154957493}, "time_to_first_spike": {"0.1": 8.200000000092473, "0.2": 4.400000000091609, "0.4": 2.500000000091177, "0.8": 1.5000000000909495}, "time_to_second_spike": {"0.1": 22.600000000095747, "0.2": 14.500000000093905, "0.4": 9.90000000009286, "0.8": 7.2000000000922455}, "AP_height": {"0.1": 24.406376402815823, "0.2": 27.321105938875885, "0.4": 30.073339386867833, "0.8": 30.583448103956098}, "AP_width": {"0.1": 1.0000000000002274, "0.2": 0.9000000000002046, "0.4": 0.9000000000002046, "0.8": 1.0000000000002274}, "AP_amplitude": {"0.1": 79.12953616627341, "0.2": 82.42545766203921, "0.4": 85.03014144179204, "0.8": 102.37541432367753}, "voltage_base": {"0.1": -71.79126582065324, "0.2": -71.79126582065324, "0.4": -71.79126582065324, "0.8": -71.79126582065324}}}}