{"BBP": {"L23_BP_dSTUT214_5": {"mean_frequency": {"0.1": 55.78169757278022, "0.2": 87.39326971377105, "0.4": 129.3816759441228, "0.8": 201.88357879985668}, "ISI_CV": {"0.1": 0.10467629389460048, "0.2": 0.05457661722489738, "0.4": 0.017463068881250272, "0.8": 0.06445528070976081}, "time_to_first_spike": {"0.1": 4.000000000091518, "0.2": 2.000000000091063, "0.4": 1.2000000000908813, "0.8": 0.7000000000907676}, "time_to_second_spike": {"0.1": 18.0000000000947, "0.2": 11.00000000009311, "0.4": 7.900000000092405, "0.8": 6.000000000091973}, "AP_height": {"0.1": 23.628651194396863, "0.2": 27.936120583676022, "0.4": 27.541954286846785, "0.8": 31.796257580769304}, "AP_width": {"0.1": 0.7000000000001592, "0.2": 0.7000000000001592, "0.4": 0.7000000000001592, "0.8": 0.8000000000001819}, "AP_amplitude": {"0.1": 79.85876563821354, "0.2": 102.40817120777263, "0.4": 101.93223061208923, "0.8": 107.17951191356444}, "voltage_base": {"0.1": -75.15677038067824, "0.2": -75.15677038067824, "0.4": -75.15677038067824, "0.8": -75.15677038067824}}}, "NetPyNE": {"L23_BP_dSTUT214_5": {"mean_frequency": {"0.1": 56.04764049445836, "0.2": 87.00435021757005, "0.4": 128.6415056563093, "0.8": 200.41084222670065}, "ISI_CV": {"0.1": 0.06207050924796826, "0.2": 0.047942885962069214, "0.4": 0.015503823354474705, "0.8": 0.06525933171511837}, "time_to_first_spike": {"0.1": 4.000000000091518, "0.2": 2.100000000091086, "0.4": 1.2000000000908813, "0.8": 0.8000000000907903}, "time_to_second_spike": {"0.1": 18.400000000094792, "0.2": 11.200000000093155, "0.4": 8.000000000092427, "0.8": 6.100000000091995}, "AP_height": {"0.1": 26.983252085974026, "0.2": 29.520453120190865, "0.4": 29.17296061793615, "0.8": 29.416742505769257}, "AP_width": {"0.1": 0.7000000000001592, "0.2": 0.7000000000001592, "0.4": 0.8000000000001819, "0.8": 0.8000000000001819}, "AP_amplitude": {"0.1": 83.00044456343728, "0.2": 104.56936382276665, "0.4": 104.2218713262383, "0.8": 104.46565315196037}, "voltage_base": {"0.1": -75.04652817479096, "0.2": -75.04652817479096, "0.4": -75.04652817479096, "0.8": -75.04652817479096}}}}