{"BBP": {"L6_MC_bSTUT213_4": {"mean_frequency": {"0.1": 0, "0.2": 1.051193104173939, "0.4": 80.5281848647574, "0.8": 134.27526429188944}, "ISI_CV": {"0.1": 0, "0.2": 0, "0.4": 0.0343565850433165, "0.8": 0.015620454407043358}, "time_to_first_spike": {"0.1": 0, "0.2": 1114.0999999994456, "0.4": 5.500000000091859, "0.8": 2.500000000091177}, "time_to_second_spike": {"0.1": 0, "0.2": 1902.5999999987284, "0.4": 15.600000000094155, "0.8": 9.600000000092791}, "AP_height": {"0.1": 0, "0.2": -0.3776794321086969, "0.4": 11.777401635373225, "0.8": 19.46981833569911}, "AP_width": {"0.1": 0, "0.2": 0.6999999999993634, "0.4": 0.7000000000001592, "0.8": 0.7000000000001592}, "AP_amplitude": {"0.1": 0, "0.2": 48.34185452924507, "0.4": 64.44542030571327, "0.8": 93.84925606096544}, "voltage_base": {"0.1": -74.36650754540992, "0.2": -74.36650754540992, "0.4": -74.36650754540992, "0.8": -74.36650754540992}}}, "NetPyNE": {"L6_MC_bSTUT213_4": {"mean_frequency": {"0.1": 0, "0.2": 0, "0.4": 71.90627042796655, "0.8": 129.14852079900655}, "ISI_CV": {"0.1": 0, "0.2": 0, "0.4": 0.026536439124481004, "0.8": 0.01434457030092305}, "time_to_first_spike": {"0.1": 0, "0.2": 0, "0.4": 5.800000000091927, "0.8": 2.6000000000911996}, "time_to_second_spike": {"0.1": 0, "0.2": 0, "0.4": 16.400000000094337, "0.8": 9.90000000009286}, "AP_height": {"0.1": 0, "0.2": 0, "0.4": 13.602613111299583, "0.8": 19.00842558917189}, "AP_width": {"0.1": 0, "0.2": 0, "0.4": 0.6000000000001364, "0.8": 0.7000000000001592}, "AP_amplitude": {"0.1": 0, "0.2": 0, "0.4": 66.24924711021694, "0.8": 93.90909462326172}, "voltage_base": {"0.1": -74.90063951432822, "0.2": -74.90063951432822, "0.4": -74.90063951432822, "0.8": -74.90063951432822}}}}