{"BBP": {"L5_LBC_dSTUT214_3": {"mean_frequency": {"0.1": 0, "0.2": 33.555366354507704, "0.4": 74.79919678719939, "0.8": 115.3865449255788}, "ISI_CV": {"0.1": 0, "0.2": 0.1578662536343855, "0.4": 0.0323091290027126, "0.8": 0.016191957545151625}, "time_to_first_spike": {"0.1": 0, "0.2": 7.100000000092223, "0.4": 2.800000000091245, "0.8": 1.5000000000909495}, "time_to_second_spike": {"0.1": 0, "0.2": 35.50000000009868, "0.4": 13.800000000093746, "0.8": 9.000000000092655}, "AP_height": {"0.1": 0, "0.2": 21.926776071978853, "0.4": 23.504306079429007, "0.8": 30.853965641007125}, "AP_width": {"0.1": 0, "0.2": 0.6000000000001364, "0.4": 0.6000000000001364, "0.8": 0.7000000000001592}, "AP_amplitude": {"0.1": 0, "0.2": 77.53318062522966, "0.4": 99.28925283779904, "0.8": 106.88838163655932}, "voltage_base": {"0.1": -76.02653063901165, "0.2": -76.02653063901165, "0.4": -76.02653063901165, "0.8": -76.02653063901165}}}, "NetPyNE": {"L5_LBC_dSTUT214_3": {"mean_frequency": {"0.1": 0, "0.2": 30.442944847552184, "0.4": 74.01480296064246, "0.8": 114.18841087802623}, "ISI_CV": {"0.1": 0, "0.2": 0.03354202767151247, "0.4": 0.02301234199780378, "0.8": 0.015034356803266466}, "time_to_first_spike": {"0.1": 0, "0.2": 7.100000000092223, "0.4": 2.900000000091268, "0.8": 1.5000000000909495}, "time_to_second_spike": {"0.1": 0, "0.2": 44.00000000010061, "0.4": 14.200000000093837, "0.8": 9.100000000092678}, "AP_height": {"0.1": 0, "0.2": 20.356718267430914, "0.4": 24.052169697922263, "0.8": 28.117110508651}, "AP_width": {"0.1": 0, "0.2": 0.6000000000001364, "0.4": 0.7000000000001592, "0.8": 0.8000000000001819}, "AP_amplitude": {"0.1": 0, "0.2": 76.40317645662836, "0.4": 99.98035453079514, "0.8": 104.04529543002394}, "voltage_base": {"0.1": -75.92574865323007, "0.2": -75.92574865323007, "0.4": -75.92574865323007, "0.8": -75.92574865323007}}}}