{"BBP": {"L6_BP_dSTUT214_2": {"mean_frequency": {"0.1": 17.080277303337226, "0.2": 79.33718302792232, "0.4": 135.95545076013852, "0.8": 266.6066426572441}, "ISI_CV": {"0.1": 0.4602628963453263, "0.2": 0.04108095023540409, "0.4": 0.05270555404798633, "0.8": 0.1049403720498348}, "time_to_first_spike": {"0.1": 273.0000000001527, "0.2": 4.400000000091609, "0.4": 1.8000000000910177, "0.8": 0.900000000090813}, "time_to_second_spike": {"0.1": 313.900000000162, "0.2": 16.10000000009427, "0.4": 8.900000000092632, "0.8": 6.200000000092018}, "AP_height": {"0.1": 14.38173941109834, "0.2": 19.55012011936806, "0.4": 22.96464723521918, "0.8": 28.865313528818753}, "AP_width": {"0.1": 0.6000000000001364, "0.2": 0.7000000000001592, "0.4": 0.7000000000001592, "0.8": 0.8000000000001819}, "AP_amplitude": {"0.1": 70.42366797525425, "0.2": 94.76640877661296, "0.4": 98.36986209532945, "0.8": 104.77723167773263}, "voltage_base": {"0.1": -75.93589797045848, "0.2": -75.93589797045848, "0.4": -75.93589797045848, "0.8": -75.93589797045848}}}, "NetPyNE": {"L6_BP_dSTUT214_2": {"mean_frequency": {"0.1": 0, "0.2": 70.10866843612357, "0.4": 127.29277337885767, "0.8": 246.73439767796165}, "ISI_CV": {"0.1": 0, "0.2": 0.03191370652472884, "0.4": 0.044136370562365405, "0.8": 0.09545672771464143}, "time_to_first_spike": {"0.1": 0, "0.2": 5.3000000000918135, "0.4": 2.000000000091063, "0.8": 1.0000000000908358}, "time_to_second_spike": {"0.1": 0, "0.2": 18.200000000094747, "0.4": 9.400000000092746, "0.8": 6.400000000092064}, "AP_height": {"0.1": 0, "0.2": 18.598741408055897, "0.4": 24.694191245806216, "0.8": 27.661215156690098}, "AP_width": {"0.1": 0, "0.2": 0.6000000000001364, "0.4": 0.7000000000001592, "0.8": 0.8000000000001819}, "AP_amplitude": {"0.1": 0, "0.2": 95.34966401778544, "0.4": 101.44511392353445, "0.8": 104.41213774847523}, "voltage_base": {"0.1": -76.74878331714991, "0.2": -76.74878331714991, "0.4": -76.74878331714991, "0.8": -76.74878331714991}}}}