{"BBP": {"L5_NGC_cSTUT189_5": {"mean_frequency": {"0.1": 0, "0.2": 59.114793856143535, "0.4": 96.58209478062915, "0.8": 152.25334957368727}, "ISI_CV": {"0.1": 0, "0.2": 0.06949200774265828, "0.4": 0.022248763038008722, "0.8": 0.08799443416059947}, "time_to_first_spike": {"0.1": 0, "0.2": 5.90000000009195, "0.4": 3.0000000000912905, "0.8": 1.700000000090995}, "time_to_second_spike": {"0.1": 0, "0.2": 20.600000000095292, "0.4": 12.200000000093382, "0.8": 8.200000000092473}, "AP_height": {"0.1": 0, "0.2": 13.53056421601123, "0.4": 17.500193072028175, "0.8": 20.63626322815078}, "AP_width": {"0.1": 0, "0.2": 0.8000000000001819, "0.4": 0.8000000000001819, "0.8": 0.9000000000002046}, "AP_amplitude": {"0.1": 0, "0.2": 67.91494935146733, "0.4": 92.9902145642391, "0.8": 96.82393150390236}, "voltage_base": {"0.1": -75.93216751226299, "0.2": -75.93216751226299, "0.4": -75.93216751226299, "0.8": -75.93216751226299}}}, "NetPyNE": {"L5_NGC_cSTUT189_5": {"mean_frequency": {"0.1": 0, "0.2": 58.57321652069063, "0.4": 95.55733440070536, "0.8": 150.3759398496206}, "ISI_CV": {"0.1": 0, "0.2": 0.013379652529523148, "0.4": 0.017686412518901427, "0.8": 0.08604224718122444}, "time_to_first_spike": {"0.1": 0, "0.2": 6.000000000091973, "0.4": 3.1000000000913133, "0.8": 1.8000000000910177}, "time_to_second_spike": {"0.1": 0, "0.2": 21.500000000095497, "0.4": 12.600000000093473, "0.8": 8.300000000092496}, "AP_height": {"0.1": 0, "0.2": 13.204007954682112, "0.4": 15.555732835934194, "0.8": 19.28498064705298}, "AP_width": {"0.1": 0, "0.2": 0.8000000000001819, "0.4": 0.8000000000001819, "0.8": 0.9000000000002046}, "AP_amplitude": {"0.1": 0, "0.2": 68.23089571740769, "0.4": 70.8526508021246, "0.8": 95.22617490160329}, "voltage_base": {"0.1": -75.9405014896037, "0.2": -75.9405014896037, "0.4": -75.9405014896037, "0.8": -75.9405014896037}}}}