{"BBP": {"L6_MC_cIR216_3": {"mean_frequency": {"0.1": 0, "0.2": 24.068595497183278, "0.4": 44.116909811029124, "0.8": 87.42400643125063}, "ISI_CV": {"0.1": 0, "0.2": 0.37321821681126954, "0.4": 0.2217412263155616, "0.8": 0.14109728857719064}, "time_to_first_spike": {"0.1": 0, "0.2": 11.600000000093246, "0.4": 4.200000000091563, "0.8": 1.9000000000910404}, "time_to_second_spike": {"0.1": 0, "0.2": 25.60000000009643, "0.4": 13.000000000093564, "0.8": 8.500000000092541}, "AP_height": {"0.1": 0, "0.2": 30.70846127122631, "0.4": 30.665484776372328, "0.8": 32.92736702031111}, "AP_width": {"0.1": 0, "0.2": 0.8000000000001819, "0.4": 0.8000000000001819, "0.8": 0.9000000000002046}, "AP_amplitude": {"0.1": 0, "0.2": 86.03016223795498, "0.4": 86.04535125443931, "0.8": 108.30339431000554}, "voltage_base": {"0.1": -75.29946455648172, "0.2": -75.29946455648172, "0.4": -75.29946455648172, "0.8": -75.29946455648172}}}, "NetPyNE": {"L6_MC_cIR216_3": {"mean_frequency": {"0.1": 0, "0.2": 17.418032786896994, "0.4": 37.55257360306979, "0.8": 78.14848211607355}, "ISI_CV": {"0.1": 0, "0.2": 0.2565736205345265, "0.4": 0.18897211153755733, "0.8": 0.1272132547666164}, "time_to_first_spike": {"0.1": 0, "0.2": 13.900000000093769, "0.4": 4.600000000091654, "0.8": 2.100000000091086}, "time_to_second_spike": {"0.1": 0, "0.2": 32.90000000009809, "0.4": 13.900000000093769, "0.8": 8.900000000092632}, "AP_height": {"0.1": 0, "0.2": 26.64569110115508, "0.4": 34.19060562643878, "0.8": 34.698022170149024}, "AP_width": {"0.1": 0, "0.2": 0.8000000000001819, "0.4": 0.9000000000002046, "0.8": 0.9000000000002046}, "AP_amplitude": {"0.1": 0, "0.2": 81.32063497015665, "0.4": 89.58749255040169, "0.8": 111.69350038369836}, "voltage_base": {"0.1": -76.99536251849442, "0.2": -76.99536251849442, "0.4": -76.99536251849442, "0.8": -76.99536251849442}}}}