{"BBP": {"L6_DBC_cNAC187_2": {"mean_frequency": {"0.1": 24.950353887689353, "0.2": 45.14672686233315, "0.4": 74.07407407412444, "0.8": 118.37881219911733}, "ISI_CV": {"0.1": 0.007938849284164176, "0.2": 0.011154592209641016, "0.4": 0.020880992908609283, "0.8": 0.04188888042894122}, "time_to_first_spike": {"0.1": 22.00000000009561, "0.2": 9.300000000092723, "0.4": 4.100000000091541, "0.8": 2.000000000091063}, "time_to_second_spike": {"0.1": 61.600000000104615, "0.2": 30.100000000097452, "0.4": 16.000000000094246, "0.8": 9.800000000092837}, "AP_height": {"0.1": 7.628586033668158, "0.2": 10.276943765292472, "0.4": 15.260403859138721, "0.8": 19.116897276093862}, "AP_width": {"0.1": 0.7000000000001592, "0.2": 0.8000000000001819, "0.4": 0.8000000000001819, "0.8": 0.8000000000001819}, "AP_amplitude": {"0.1": 61.48294269715425, "0.2": 64.04924884298595, "0.4": 70.2064461118637, "0.8": 86.53876935390166}, "voltage_base": {"0.1": -67.4196725736928, "0.2": -67.4196725736928, "0.4": -67.4196725736928, "0.8": -67.4196725736928}}}, "NetPyNE": {"L6_DBC_cNAC187_2": {"mean_frequency": {"0.1": 24.918633035004643, "0.2": 45.09469886765265, "0.4": 74.00370018505957, "0.8": 118.53556066828106}, "ISI_CV": {"0.1": 0.007807192024731918, "0.2": 0.011699634581429481, "0.4": 0.02193269227437921, "0.8": 0.04405738437002857}, "time_to_first_spike": {"0.1": 22.200000000095656, "0.2": 9.400000000092746, "0.4": 4.200000000091563, "0.8": 2.100000000091086}, "time_to_second_spike": {"0.1": 61.80000000010466, "0.2": 30.300000000097498, "0.4": 16.10000000009427, "0.8": 10.000000000092882}, "AP_height": {"0.1": 7.173975887193193, "0.2": 10.375132180035628, "0.4": 14.56651762516474, "0.8": 19.029748170040726}, "AP_width": {"0.1": 0.7000000000001592, "0.2": 0.8000000000001819, "0.4": 0.8000000000001819, "0.8": 0.7000000000001592}, "AP_amplitude": {"0.1": 60.77627691788535, "0.2": 64.81810600950008, "0.4": 68.72729776027658, "0.8": 86.4516169338776}, "voltage_base": {"0.1": -67.41966925664448, "0.2": -67.41966925664448, "0.4": -67.41966925664448, "0.8": -67.41966925664448}}}}