{"BBP": {"L5_SBC_dNAC222_1": {"mean_frequency": {"0.1": 36.235530951207274, "0.2": 64.37012823740854, "0.4": 96.89241427789099, "0.8": 139.53488372102512}, "ISI_CV": {"0.1": 0.014618474172881013, "0.2": 0.013177930902254687, "0.4": 0.01106135537602149, "0.8": 0.03788697151835253}, "time_to_first_spike": {"0.1": 11.500000000093223, "0.2": 4.8000000000917, "0.4": 2.6000000000911996, "0.8": 1.5000000000909495}, "time_to_second_spike": {"0.1": 37.70000000009918, "0.2": 18.500000000094815, "0.4": 11.700000000093269, "0.8": 8.600000000092564}, "AP_height": {"0.1": 14.089482379062968, "0.2": 18.196910083238922, "0.4": 20.952607865577157, "0.8": 26.448507572324225}, "AP_width": {"0.1": 0.6000000000001364, "0.2": 0.6000000000001364, "0.4": 0.6000000000001364, "0.8": 0.7000000000001592}, "AP_amplitude": {"0.1": 71.96751849415452, "0.2": 76.19398066561934, "0.4": 93.88127165232888, "0.8": 99.37717135716417}, "voltage_base": {"0.1": -72.92452645259435, "0.2": -72.92452645259435, "0.4": -72.92452645259435, "0.8": -72.92452645259435}}}, "NetPyNE": {"L5_SBC_dNAC222_1": {"mean_frequency": {"0.1": 36.03783973174281, "0.2": 63.99596875791693, "0.4": 96.32268098135275, "0.8": 138.81928435410856}, "ISI_CV": {"0.1": 0.014498300125792084, "0.2": 0.01322391160855312, "0.4": 0.011398519594959146, "0.8": 0.0389064502283666}, "time_to_first_spike": {"0.1": 11.600000000093246, "0.2": 4.8000000000917, "0.4": 2.6000000000911996, "0.8": 1.6000000000909722}, "time_to_second_spike": {"0.1": 38.00000000009925, "0.2": 18.600000000094838, "0.4": 11.800000000093291, "0.8": 8.700000000092587}, "AP_height": {"0.1": 13.591494240044023, "0.2": 17.628931427446336, "0.4": 23.238670669586924, "0.8": 23.488938930050555}, "AP_width": {"0.1": 0.6000000000001364, "0.2": 0.7000000000001592, "0.4": 0.7000000000001592, "0.8": 0.8000000000001819}, "AP_amplitude": {"0.1": 72.35379316158081, "0.2": 74.74209612297271, "0.4": 96.16732604433007, "0.8": 96.41759442990882}, "voltage_base": {"0.1": -72.92451814144026, "0.2": -72.92451814144026, "0.4": -72.92451814144026, "0.8": -72.92451814144026}}}}