{"BBP": {"L6_IPC_cADpyr231_4": {"mean_frequency": {"0.1": 4.171384303679431, "0.2": 7.8414972032045815, "0.4": 11.63673159626389, "0.8": 25.32158411831959}, "ISI_CV": {"0.1": 0.25171487362938927, "0.2": 0.34423606981886407, "0.4": 0.32414442147604017, "0.8": 0.22951910818501134}, "time_to_first_spike": {"0.1": 47.9000000001015, "0.2": 10.400000000092973, "0.4": 3.4000000000913815, "0.8": 1.6000000000909722}, "time_to_second_spike": {"0.1": 120.60000000011803, "0.2": 31.80000000009784, "0.4": 15.000000000094019, "0.8": 8.200000000092473}, "AP_height": {"0.1": 32.42354354193556, "0.2": 37.14768887341812, "0.4": 42.647709797255665, "0.8": 44.455461234987915}, "AP_width": {"0.1": 1.0000000000002274, "0.2": 1.1000000000002501, "0.4": 1.2000000000002728, "0.8": 1.3000000000002956}, "AP_amplitude": {"0.1": 84.10602671933034, "0.2": 89.52119184545941, "0.4": 97.2511285868328, "0.8": 116.67655190783958}, "voltage_base": {"0.1": -72.22090008002539, "0.2": -72.22090008002539, "0.4": -72.22090008002539, "0.8": -72.22090008002539}}}, "NetPyNE": {"L6_IPC_cADpyr231_4": {"mean_frequency": {"0.1": 4.1627021883946576, "0.2": 7.8247261345905335, "0.4": 11.603987552093827, "0.8": 24.53803395264325}, "ISI_CV": {"0.1": 0.25104075791107006, "0.2": 0.3435106984705969, "0.4": 0.3334903362828377, "0.8": 0.19953785831913032}, "time_to_first_spike": {"0.1": 48.100000000101545, "0.2": 10.600000000093019, "0.4": 3.500000000091404, "0.8": 1.700000000090995}, "time_to_second_spike": {"0.1": 120.9000000001181, "0.2": 31.80000000009784, "0.4": 15.100000000094042, "0.8": 8.300000000092496}, "AP_height": {"0.1": 31.580847435692405, "0.2": 36.8241417033274, "0.4": 42.51598839146621, "0.8": 44.61971843778713}, "AP_width": {"0.1": 1.1000000000002501, "0.2": 1.1000000000002501, "0.4": 1.2000000000002728, "0.8": 1.2000000000002728}, "AP_amplitude": {"0.1": 82.81043405075208, "0.2": 90.42670614572447, "0.4": 96.20976760292567, "0.8": 116.84080866075324}, "voltage_base": {"0.1": -72.22089962560827, "0.2": -72.22089962560827, "0.4": -72.22089962560827, "0.8": -72.22089962560827}}}}