{"BBP": {"L23_BTC_cACint209_1": {"mean_frequency": {"0.1": 23.80831771441762, "0.2": 35.446627506606944, "0.4": 59.65809394900529, "0.8": 110.01155372489511}, "ISI_CV": {"0.1": 0.25658600160085016, "0.2": 0.23228551362748912, "0.4": 0.18154816855978878, "0.8": 0.1313506862352134}, "time_to_first_spike": {"0.1": 16.200000000094292, "0.2": 6.600000000092109, "0.4": 2.6000000000911996, "0.8": 1.300000000090904}, "time_to_second_spike": {"0.1": 33.800000000098294, "0.2": 17.20000000009452, "0.4": 10.600000000093019, "0.8": 7.6000000000923364}, "AP_height": {"0.1": 29.834936433836774, "0.2": 31.20896086039407, "0.4": 36.295635314638716, "0.8": 38.441736318006114}, "AP_width": {"0.1": 0.8000000000001819, "0.2": 0.8000000000001819, "0.4": 0.9000000000002046, "0.8": 0.9000000000002046}, "AP_amplitude": {"0.1": 84.9690509950862, "0.2": 86.37425867605013, "0.4": 92.0484425583202, "0.8": 108.51766503723584}, "voltage_base": {"0.1": -70.07532430243248, "0.2": -70.07532430243248, "0.4": -70.07532430243248, "0.8": -70.07532430243248}}}, "NetPyNE": {"L23_BTC_cACint209_1": {"mean_frequency": {"0.1": 23.725391216573378, "0.2": 35.36246526903129, "0.4": 59.619238476994425, "0.8": 109.95631872277387}, "ISI_CV": {"0.1": 0.25669327775548867, "0.2": 0.23235604177179525, "0.4": 0.18113472558774074, "0.8": 0.12912535741735412}, "time_to_first_spike": {"0.1": 16.300000000094315, "0.2": 6.700000000092132, "0.4": 2.7000000000912223, "0.8": 1.4000000000909267}, "time_to_second_spike": {"0.1": 33.900000000098316, "0.2": 17.400000000094565, "0.4": 10.800000000093064, "0.8": 7.700000000092359}, "AP_height": {"0.1": 26.99606591901736, "0.2": 30.576657578541294, "0.4": 34.62070792510673, "0.8": 35.67402115794033}, "AP_width": {"0.1": 0.8000000000001819, "0.2": 0.8000000000001819, "0.4": 0.8000000000001819, "0.8": 0.8000000000001819}, "AP_amplitude": {"0.1": 81.74264200563569, "0.2": 84.71983533749764, "0.4": 89.5026009491528, "0.8": 105.74994906760793}, "voltage_base": {"0.1": -70.0753234901208, "0.2": -70.0753234901208, "0.4": -70.0753234901208, "0.8": -70.0753234901208}}}}