{"BBP": {"L4_LBC_cACint209_2": {"mean_frequency": {"0.1": 29.08608460480609, "0.2": 46.37564270594939, "0.4": 107.25741780279942, "0.8": 205.10255127577727}, "ISI_CV": {"0.1": 0.2943690247827595, "0.2": 0.25232323855257677, "0.4": 0.1361725154079244, "0.8": 0.03656459500838674}, "time_to_first_spike": {"0.1": 23.200000000095883, "0.2": 10.700000000093041, "0.4": 4.8000000000917, "0.8": 2.3000000000911314}, "time_to_second_spike": {"0.1": 33.30000000009818, "0.2": 19.200000000094974, "0.4": 12.300000000093405, "0.8": 8.600000000092564}, "AP_height": {"0.1": 15.407431037033225, "0.2": 18.134638150299946, "0.4": 21.337122613887946, "0.8": 26.7393975979605}, "AP_width": {"0.1": 0.9000000000002046, "0.2": 0.9000000000002046, "0.4": 0.9000000000002046, "0.8": 0.9000000000002046}, "AP_amplitude": {"0.1": 70.0317906722214, "0.2": 73.92340009689202, "0.4": 76.72638276833885, "0.8": 95.52520928172993}, "voltage_base": {"0.1": -68.7851724304437, "0.2": -68.7851724304437, "0.4": -68.7851724304437, "0.8": -68.7851724304437}}}, "NetPyNE": {"L4_LBC_cACint209_2": {"mean_frequency": {"0.1": 29.135479981935692, "0.2": 46.88681623396172, "0.4": 108.02160432093763, "0.8": 202.3338508540465}, "ISI_CV": {"0.1": 0.2970265823524322, "0.2": 0.25296522848382524, "0.4": 0.1321347168284756, "0.8": 0.0357252785163069}, "time_to_first_spike": {"0.1": 23.300000000095906, "0.2": 10.800000000093064, "0.4": 4.9000000000917225, "0.8": 2.400000000091154}, "time_to_second_spike": {"0.1": 33.4000000000982, "0.2": 19.300000000094997, "0.4": 12.400000000093428, "0.8": 8.80000000009261}, "AP_height": {"0.1": 14.009465875689292, "0.2": 17.74991067168155, "0.4": 21.59996550686126, "0.8": 26.031554681396784}, "AP_width": {"0.1": 0.8000000000001819, "0.2": 0.9000000000002046, "0.4": 0.9000000000002046, "0.8": 1.0000000000002274}, "AP_amplitude": {"0.1": 68.30658540410039, "0.2": 73.12297471474898, "0.4": 77.37266673747631, "0.8": 94.817364489485}, "voltage_base": {"0.1": -68.78517050893325, "0.2": -68.78517050893325, "0.4": -68.78517050893325, "0.8": -68.78517050893325}}}}