{"BBP": {"L5_NBC_cIR216_5": {"mean_frequency": {"0.1": 16.941321423082417, "0.2": 29.819063984655806, "0.4": 57.119951899026695, "0.8": 117.28735401742219}, "ISI_CV": {"0.1": 0.3834772092203852, "0.2": 0.3034373501088742, "0.4": 0.20411923737205123, "0.8": 0.10099865798010979}, "time_to_first_spike": {"0.1": 14.800000000093974, "0.2": 5.700000000091904, "0.4": 3.0000000000912905, "0.8": 1.5000000000909495}, "time_to_second_spike": {"0.1": 35.20000000009861, "0.2": 16.400000000094337, "0.4": 10.800000000093064, "0.8": 7.6000000000923364}, "AP_height": {"0.1": 27.22242484578411, "0.2": 30.62672686217769, "0.4": 30.292281525211898, "0.8": 34.56906479215743}, "AP_width": {"0.1": 0.8000000000001819, "0.2": 0.9000000000002046, "0.4": 0.9000000000002046, "0.8": 1.0000000000002274}, "AP_amplitude": {"0.1": 83.33675133911632, "0.2": 86.99365857279189, "0.4": 104.8200415035466, "0.8": 109.63009128722518}, "voltage_base": {"0.1": -75.21676823840366, "0.2": -75.21676823840366, "0.4": -75.21676823840366, "0.8": -75.21676823840366}}}, "NetPyNE": {"L5_NBC_cIR216_5": {"mean_frequency": {"0.1": 5.499037668411643, "0.2": 24.0830866489552, "0.4": 48.91578416543912, "0.8": 106.07425197645559}, "ISI_CV": {"0.1": 0.2570120034829072, "0.2": 0.21670114811709362, "0.4": 0.16220043100122714, "0.8": 0.09262275467356144}, "time_to_first_spike": {"0.1": 21.900000000095588, "0.2": 6.600000000092109, "0.4": 3.200000000091336, "0.8": 1.8000000000910177}, "time_to_second_spike": {"0.1": 64.40000000010525, "0.2": 18.0000000000947, "0.4": 11.200000000093155, "0.8": 7.900000000092405}, "AP_height": {"0.1": 25.665041325513183, "0.2": 31.186248143195687, "0.4": 34.29109001272866, "0.8": 32.5108864441455}, "AP_width": {"0.1": 0.8000000000001819, "0.2": 0.9000000000002046, "0.4": 0.9000000000002046, "0.8": 1.0000000000002274}, "AP_amplitude": {"0.1": 81.05832698708889, "0.2": 86.3497329668703, "0.4": 110.123781373661, "0.8": 110.17718483744008}, "voltage_base": {"0.1": -77.66614844205986, "0.2": -77.66614844205986, "0.4": -77.66614844205986, "0.8": -77.66614844205986}}}}