{"BBP": {"L23_NBC_bNAC219_3": {"mean_frequency": {"0.1": 47.46036554582637, "0.2": 91.72012830800138, "0.4": 172.91066282371668, "0.8": 252.1008403341576}, "ISI_CV": {"0.1": 0.053492263883588416, "0.2": 0.019028016899556438, "0.4": 0.07565186709392628, "0.8": 0}, "time_to_first_spike": {"0.1": 9.90000000009286, "0.2": 5.000000000091745, "0.4": 2.7000000000912223, "0.8": 1.6000000000909722}, "time_to_second_spike": {"0.1": 23.700000000095997, "0.2": 14.400000000093883, "0.4": 9.90000000009286, "0.8": 7.300000000092268}, "AP_height": {"0.1": 2.3024070815572055, "0.2": 5.8260363550139935, "0.4": 9.151570328822029, "0.8": 12.818351200561564}, "AP_width": {"0.1": 0.8000000000001819, "0.2": 0.8000000000001819, "0.4": 0.8000000000001819, "0.8": 0.8000000000001819}, "AP_amplitude": {"0.1": 58.461369999389724, "0.2": 61.55628483415224, "0.4": 64.67219872413116, "0.8": 82.81012117991509}, "voltage_base": {"0.1": -69.9916536701832, "0.2": -69.9916536701832, "0.4": -69.9916536701832, "0.8": -69.9916536701832}}}, "NetPyNE": {"L23_NBC_bNAC219_3": {"mean_frequency": {"0.1": 47.46276192883803, "0.2": 91.66499699465257, "0.4": 170.648464163256, "0.8": 247.9338842956077}, "ISI_CV": {"0.1": 0.053525757285070225, "0.2": 0.019051503446537693, "0.4": 0.046875, "0.8": 0}, "time_to_first_spike": {"0.1": 10.000000000092882, "0.2": 5.100000000091768, "0.4": 2.800000000091245, "0.8": 1.700000000090995}, "time_to_second_spike": {"0.1": 23.900000000096043, "0.2": 14.600000000093928, "0.4": 10.100000000092905, "0.8": 7.400000000092291}, "AP_height": {"0.1": 2.123888062110504, "0.2": 5.222540430132984, "0.4": 9.782993376574055, "0.8": 12.859232195434}, "AP_width": {"0.1": 0.8000000000001819, "0.2": 0.8000000000001819, "0.4": 0.8000000000001819, "0.8": 0.8000000000001819}, "AP_amplitude": {"0.1": 57.74161373971167, "0.2": 59.960842779584, "0.4": 64.28056389071654, "0.8": 82.85100207120162}, "voltage_base": {"0.1": -69.99165356583046, "0.2": -69.99165356583046, "0.4": -69.99165356583046, "0.8": -69.99165356583046}}}}