{"BBP": {"L6_ChC_dNAC222_1": {"mean_frequency": {"0.1": 0, "0.2": 43.41899328523163, "0.4": 88.23381962205825, "0.8": 160.0880484267435}, "ISI_CV": {"0.1": 0, "0.2": 0.07753350330569646, "0.4": 0.045362034309808674, "0.8": 0.12733262823498975}, "time_to_first_spike": {"0.1": 0, "0.2": 13.700000000093723, "0.4": 4.500000000091632, "0.8": 2.000000000091063}, "time_to_second_spike": {"0.1": 0, "0.2": 40.100000000099726, "0.4": 14.800000000093974, "0.8": 8.900000000092632}, "AP_height": {"0.1": 0, "0.2": 6.82181079605814, "0.4": 13.162852406498448, "0.8": 20.609959892158663}, "AP_width": {"0.1": 0, "0.2": 0.7000000000001592, "0.4": 0.8000000000001819, "0.8": 0.8000000000001819}, "AP_amplitude": {"0.1": 0, "0.2": 62.589955767422154, "0.4": 69.34164408619766, "0.8": 94.4232275768301}, "voltage_base": {"0.1": -73.80910098889827, "0.2": -73.80910098889827, "0.4": -73.80910098889827, "0.8": -73.80910098889827}}}, "NetPyNE": {"L6_ChC_dNAC222_1": {"mean_frequency": {"0.1": 0, "0.2": 43.27261749021755, "0.4": 87.95737836757077, "0.8": 161.35498095821748}, "ISI_CV": {"0.1": 0, "0.2": 0.07856450012808913, "0.4": 0.04655957127325408, "0.8": 0.1359263847277213}, "time_to_first_spike": {"0.1": 0, "0.2": 13.800000000093746, "0.4": 4.500000000091632, "0.8": 2.100000000091086}, "time_to_second_spike": {"0.1": 0, "0.2": 40.50000000009982, "0.4": 15.000000000094019, "0.8": 9.100000000092678}, "AP_height": {"0.1": 0, "0.2": 7.6791375894000105, "0.4": 13.859114160528827, "0.8": 19.75472917843371}, "AP_width": {"0.1": 0, "0.2": 0.7000000000001592, "0.4": 0.7000000000001592, "0.8": 0.8000000000001819}, "AP_amplitude": {"0.1": 0, "0.2": 63.30317889527518, "0.4": 69.2830684986849, "0.8": 93.5679895048714}, "voltage_base": {"0.1": -73.80909360506217, "0.2": -73.80909360506217, "0.4": -73.80909360506217, "0.8": -73.80909360506217}}}}