{"BBP": {"L5_SBC_cACint209_5": {"mean_frequency": {"0.1": 20.36245163919112, "0.2": 30.59944820669247, "0.4": 49.517457430178574, "0.8": 88.37115886730243}, "ISI_CV": {"0.1": 0.2822371300054724, "0.2": 0.25117984984771474, "0.4": 0.21557625748427514, "0.8": 0.1718740702482534}, "time_to_first_spike": {"0.1": 13.20000000009361, "0.2": 5.800000000091927, "0.4": 2.7000000000912223, "0.8": 1.5000000000909495}, "time_to_second_spike": {"0.1": 31.400000000097748, "0.2": 17.100000000094496, "0.4": 11.00000000009311, "0.8": 7.800000000092382}, "AP_height": {"0.1": 31.943981678221512, "0.2": 34.3723503999199, "0.4": 34.317167723822735, "0.8": 34.692774156280315}, "AP_width": {"0.1": 0.8000000000001819, "0.2": 0.9000000000002046, "0.4": 0.9000000000002046, "0.8": 0.9000000000002046}, "AP_amplitude": {"0.1": 87.11053380932023, "0.2": 90.12753799050503, "0.4": 89.19354993059204, "0.8": 106.63285524094289}, "voltage_base": {"0.1": -71.93940930366023, "0.2": -71.93940930366023, "0.4": -71.93940930366023, "0.8": -71.93940930366023}}}, "NetPyNE": {"L5_SBC_cACint209_5": {"mean_frequency": {"0.1": 20.297356269359653, "0.2": 30.53817271591563, "0.4": 49.44001614371226, "0.8": 88.27364830982023}, "ISI_CV": {"0.1": 0.28229092317889304, "0.2": 0.2514801744227089, "0.4": 0.2155000209422942, "0.8": 0.1707357687958117}, "time_to_first_spike": {"0.1": 13.300000000093632, "0.2": 5.90000000009195, "0.4": 2.800000000091245, "0.8": 1.5000000000909495}, "time_to_second_spike": {"0.1": 31.600000000097793, "0.2": 17.300000000094542, "0.4": 11.200000000093155, "0.8": 8.000000000092427}, "AP_height": {"0.1": 29.580854965357993, "0.2": 33.93140422001612, "0.4": 36.40440462205548, "0.8": 38.4614615215127}, "AP_width": {"0.1": 0.8000000000001819, "0.2": 0.8000000000001819, "0.4": 0.9000000000002046, "0.8": 0.9000000000002046}, "AP_amplitude": {"0.1": 84.12171893120879, "0.2": 88.99354498918872, "0.4": 91.42516258716184, "0.8": 110.40154176113795}, "voltage_base": {"0.1": -71.93940846027216, "0.2": -71.93940846027216, "0.4": -71.93940846027216, "0.8": -71.93940846027216}}}}