{"BBP": {"L4_ChC_dNAC222_1": {"mean_frequency": {"0.1": 0, "0.2": 42.62147119292872, "0.4": 87.96179944715698, "0.8": 159.39050674162502}, "ISI_CV": {"0.1": 0, "0.2": 0.0821961048595861, "0.4": 0.045926039167161294, "0.8": 0.12404073205043106}, "time_to_first_spike": {"0.1": 0, "0.2": 14.200000000093837, "0.4": 4.500000000091632, "0.8": 2.000000000091063}, "time_to_second_spike": {"0.1": 0, "0.2": 41.60000000010007, "0.4": 14.900000000093996, "0.8": 8.900000000092632}, "AP_height": {"0.1": 0, "0.2": 7.213414510421159, "0.4": 15.074145105180607, "0.8": 20.096917198107377}, "AP_width": {"0.1": 0, "0.2": 0.7000000000001592, "0.4": 0.7000000000001592, "0.8": 0.8000000000001819}, "AP_amplitude": {"0.1": 0, "0.2": 62.99962364289944, "0.4": 70.19691362540709, "0.8": 93.84401762810843}, "voltage_base": {"0.1": -73.74297398683778, "0.2": -73.74297398683778, "0.4": -73.74297398683778, "0.8": -73.74297398683778}}}, "NetPyNE": {"L4_ChC_dNAC222_1": {"mean_frequency": {"0.1": 0, "0.2": 42.443534940153064, "0.4": 87.71050521256963, "0.8": 160.74916119996905}, "ISI_CV": {"0.1": 0, "0.2": 0.08339632614562165, "0.4": 0.047148405942824816, "0.8": 0.1326236177279784}, "time_to_first_spike": {"0.1": 0, "0.2": 14.30000000009386, "0.4": 4.600000000091654, "0.8": 2.100000000091086}, "time_to_second_spike": {"0.1": 0, "0.2": 41.900000000100135, "0.4": 15.100000000094042, "0.8": 9.100000000092678}, "AP_height": {"0.1": 0, "0.2": 6.779833395811517, "0.4": 14.12200959522999, "0.8": 19.87479389289367}, "AP_width": {"0.1": 0, "0.2": 0.7000000000001592, "0.4": 0.8000000000001819, "0.8": 0.7000000000001592}, "AP_amplitude": {"0.1": 0, "0.2": 62.45874203126747, "0.4": 69.86108576773665, "0.8": 93.62188707777312}, "voltage_base": {"0.1": -73.74296671669426, "0.2": -73.74296671669426, "0.4": -73.74296671669426, "0.8": -73.74296671669426}}}}