{"BBP": {"L4_SP_cADpyr230_2": {"mean_frequency": {"0.1": 4.669624095263328, "0.2": 7.518393211969971, "0.4": 15.297537096537793, "0.8": 27.375038020904668}, "ISI_CV": {"0.1": 0.1815087891640642, "0.2": 0.233829303007462, "0.4": 0.16093803157974615, "0.8": 0.13743502416679934}, "time_to_first_spike": {"0.1": 44.100000000100636, "0.2": 15.500000000094133, "0.4": 6.200000000092018, "0.8": 2.500000000091177}, "time_to_second_spike": {"0.1": 122.60000000011848, "0.2": 48.500000000101636, "0.4": 26.30000000009659, "0.8": 14.70000000009395}, "AP_height": {"0.1": 27.356858375929743, "0.2": 30.246286824124073, "0.4": 33.62358288900985, "0.8": 36.76879739750684}, "AP_width": {"0.1": 1.0000000000002274, "0.2": 1.0000000000002274, "0.4": 1.0000000000002274, "0.8": 1.1000000000002501}, "AP_amplitude": {"0.1": 81.86234544627595, "0.2": 85.99898027118338, "0.4": 89.15034792356855, "0.8": 109.66987979958725}, "voltage_base": {"0.1": -72.90046781553905, "0.2": -72.90046781553905, "0.4": -72.90046781553905, "0.8": -72.90046781553905}}}, "NetPyNE": {"L4_SP_cADpyr230_2": {"mean_frequency": {"0.1": 4.662004662007655, "0.2": 7.504288164670503, "0.4": 15.21375323293286, "0.8": 27.172545664991016}, "ISI_CV": {"0.1": 0.18066239696523012, "0.2": 0.232829099041283, "0.4": 0.16038904897419612, "0.8": 0.13744302851183604}, "time_to_first_spike": {"0.1": 44.30000000010068, "0.2": 15.600000000094155, "0.4": 6.300000000092041, "0.8": 2.6000000000911996}, "time_to_second_spike": {"0.1": 123.20000000011862, "0.2": 48.800000000101704, "0.4": 26.40000000009661, "0.8": 14.800000000093974}, "AP_height": {"0.1": 27.2351726263745, "0.2": 29.841154567964562, "0.4": 33.227643596284274, "0.8": 36.47473463296227}, "AP_width": {"0.1": 1.0000000000002274, "0.2": 1.0000000000002274, "0.4": 1.0000000000002274, "0.8": 1.1000000000002501}, "AP_amplitude": {"0.1": 82.2939399701545, "0.2": 85.30337094507088, "0.4": 87.73599805398692, "0.8": 109.3758155988663}, "voltage_base": {"0.1": -72.9004663442738, "0.2": -72.9004663442738, "0.4": -72.9004663442738, "0.8": -72.9004663442738}}}}