{"BBP": {"L4_ChC_cNAC187_2": {"mean_frequency": {"0.1": 36.046860919219455, "0.2": 59.67604433081633, "0.4": 93.14903846160178, "0.8": 147.20608852403356}, "ISI_CV": {"0.1": 0.0111377180264268, "0.2": 0.008696176450412443, "0.4": 0.014945558052491759, "0.8": 0.04873549844113952}, "time_to_first_spike": {"0.1": 11.300000000093178, "0.2": 4.9000000000917225, "0.4": 2.500000000091177, "0.8": 1.4000000000909267}, "time_to_second_spike": {"0.1": 37.500000000099135, "0.2": 19.700000000095088, "0.4": 11.600000000093246, "0.8": 8.000000000092427}, "AP_height": {"0.1": 11.49465786578713, "0.2": 14.564831794609505, "0.4": 18.232819946101905, "0.8": 22.2546977395101}, "AP_width": {"0.1": 0.7000000000001592, "0.2": 0.7000000000001592, "0.4": 0.8000000000001819, "0.8": 0.8000000000001819}, "AP_amplitude": {"0.1": 66.22008310771967, "0.2": 70.18797211586023, "0.4": 72.87865601535655, "0.8": 90.346676799835}, "voltage_base": {"0.1": -68.08948632870447, "0.2": -68.08948632870447, "0.4": -68.08948632870447, "0.8": -68.08948632870447}}}, "NetPyNE": {"L4_ChC_cNAC187_2": {"mean_frequency": {"0.1": 35.927537698637835, "0.2": 59.45782525449967, "0.4": 92.78764168929968, "0.8": 147.4201474202476}, "ISI_CV": {"0.1": 0.01086660854182868, "0.2": 0.008796804203538643, "0.4": 0.015654627998170474, "0.8": 0.0527159946100978}, "time_to_first_spike": {"0.1": 11.4000000000932, "0.2": 5.000000000091745, "0.4": 2.500000000091177, "0.8": 1.5000000000909495}, "time_to_second_spike": {"0.1": 37.70000000009918, "0.2": 19.80000000009511, "0.4": 11.700000000093269, "0.8": 8.10000000009245}, "AP_height": {"0.1": 11.758432216580546, "0.2": 15.186166949162098, "0.4": 18.75358990632145, "0.8": 22.081443647187555}, "AP_width": {"0.1": 0.7000000000001592, "0.2": 0.7000000000001592, "0.4": 0.7000000000001592, "0.8": 0.8000000000001819}, "AP_amplitude": {"0.1": 67.2821395472888, "0.2": 69.79208767920254, "0.4": 73.6482665051351, "0.8": 90.17341874991435}, "voltage_base": {"0.1": -68.08948236699915, "0.2": -68.08948236699915, "0.4": -68.08948236699915, "0.8": -68.08948236699915}}}}