{"BBP": {"L1_NGC-SA_cNAC187_3": {"mean_frequency": {"0.1": 48.60449967433278, "0.2": 67.84601467488775, "0.4": 94.5661963375005, "0.8": 136.00321188406306}, "ISI_CV": {"0.1": 0.09956625296730043, "0.2": 0.09451840875063405, "0.4": 0.08110991699659995, "0.8": 0.04654095005644445}, "time_to_first_spike": {"0.1": 3.0000000000912905, "0.2": 1.700000000090995, "0.4": 1.1000000000908585, "0.8": 0.7000000000907676}, "time_to_second_spike": {"0.1": 18.70000000009486, "0.2": 12.200000000093382, "0.4": 8.600000000092564, "0.8": 6.400000000092064}, "AP_height": {"0.1": 32.94665492975307, "0.2": 33.72133357486899, "0.4": 31.91373686314146, "0.8": 36.2088964674276}, "AP_width": {"0.1": 0.7000000000001592, "0.2": 0.8000000000001819, "0.4": 0.7000000000001592, "0.8": 0.8000000000001819}, "AP_amplitude": {"0.1": 87.70343850316114, "0.2": 101.43276809740046, "0.4": 101.06411871731163, "0.8": 105.35927831898996}, "voltage_base": {"0.1": -69.14714684487332, "0.2": -69.14714684487332, "0.4": -69.14714684487332, "0.8": -69.14714684487332}}}, "NetPyNE": {"L1_NGC-SA_cNAC187_3": {"mean_frequency": {"0.1": 48.54614412139825, "0.2": 67.69292483582797, "0.4": 94.37751004022473, "0.8": 135.52175877136142}, "ISI_CV": {"0.1": 0.09859869578539544, "0.2": 0.09317789035421624, "0.4": 0.07922853242952585, "0.8": 0.04427210360326123}, "time_to_first_spike": {"0.1": 3.1000000000913133, "0.2": 1.8000000000910177, "0.4": 1.1000000000908585, "0.8": 0.7000000000907676}, "time_to_second_spike": {"0.1": 18.800000000094883, "0.2": 12.300000000093405, "0.4": 8.700000000092587, "0.8": 6.500000000092086}, "AP_height": {"0.1": 32.22886292367752, "0.2": 32.953576134196574, "0.4": 35.61865205966901, "0.8": 36.27849279270451}, "AP_width": {"0.1": 0.7000000000001592, "0.2": 0.7000000000001592, "0.4": 0.8000000000001819, "0.8": 0.8000000000001819}, "AP_amplitude": {"0.1": 87.07888231886221, "0.2": 100.68325352739936, "0.4": 104.7690279049134, "0.8": 105.42886862230942}, "voltage_base": {"0.1": -69.14714081430603, "0.2": -69.14714081430603, "0.4": -69.14714081430603, "0.8": -69.14714081430603}}}}