{"BBP": {"L6_LBC_bAC217_2": {"mean_frequency": {"0.1": 3.9707300470840914, "0.2": 9.902538176897242, "0.4": 14.66868993425374, "0.8": 20.498103925400724}, "ISI_CV": {"0.1": 0.06411633702732097, "0.2": 0.3006004750696561, "0.4": 0.30405299836808836, "0.8": 0.32414451678292583}, "time_to_first_spike": {"0.1": 30.70000000009759, "0.2": 6.700000000092132, "0.4": 3.0000000000912905, "0.8": 1.6000000000909722}, "time_to_second_spike": {"0.1": 167.00000000012858, "0.2": 32.70000000009804, "0.4": 19.00000000009493, "0.8": 11.800000000093291}, "AP_height": {"0.1": 15.376789609781836, "0.2": 18.986758481236127, "0.4": 22.636130365374875, "0.8": 27.083715535779003}, "AP_width": {"0.1": 0.5000000000001137, "0.2": 0.5000000000001137, "0.4": 0.6000000000001364, "0.8": 0.6000000000001364}, "AP_amplitude": {"0.1": 67.60486019308415, "0.2": 73.27850049328055, "0.4": 77.31030168615297, "0.8": 97.8668214164654}, "voltage_base": {"0.1": -70.78031150219705, "0.2": -70.78031150219705, "0.4": -70.78031150219705, "0.8": -70.78031150219705}}}, "NetPyNE": {"L6_LBC_bAC217_2": {"mean_frequency": {"0.1": 3.8893210356731758, "0.2": 9.806451612909822, "0.4": 14.510883162381646, "0.8": 20.15316404676901}, "ISI_CV": {"0.1": 0.07567623607407042, "0.2": 0.3000856513132387, "0.4": 0.3032096197211754, "0.8": 0.3399742023245899}, "time_to_first_spike": {"0.1": 31.000000000097657, "0.2": 6.8000000000921546, "0.4": 3.0000000000912905, "0.8": 1.6000000000909722}, "time_to_second_spike": {"0.1": 184.90000000013265, "0.2": 33.100000000098134, "0.4": 19.200000000094974, "0.8": 12.000000000093337}, "AP_height": {"0.1": 15.168599370539898, "0.2": 21.99113163665582, "0.4": 22.848292321163072, "0.8": 28.08358777701021}, "AP_width": {"0.1": 0.5000000000001137, "0.2": 0.5000000000001137, "0.4": 0.6000000000001364, "0.8": 0.6000000000001364}, "AP_amplitude": {"0.1": 68.08640099150064, "0.2": 75.89607171621458, "0.4": 77.79087987047885, "0.8": 98.86668940764532}, "voltage_base": {"0.1": -70.78030723650961, "0.2": -70.78030723650961, "0.4": -70.78030723650961, "0.8": -70.78030723650961}}}}