{"BBP": {"L4_DBC_bAC217_3": {"mean_frequency": {"0.1": 1.6024785000811885, "0.2": 9.513239257973684, "0.4": 14.634638675827443, "0.8": 20.529768163851518}, "ISI_CV": {"0.1": 0, "0.2": 0.2884248721432591, "0.4": 0.2908004230369376, "0.8": 0.2938932483248687}, "time_to_first_spike": {"0.1": 498.1000000000058, "0.2": 5.700000000091904, "0.4": 2.400000000091154, "0.8": 1.300000000090904}, "time_to_second_spike": {"0.1": 1110.5999999994488, "0.2": 34.200000000098385, "0.4": 19.40000000009502, "0.8": 11.900000000093314}, "AP_height": {"0.1": 15.473049059527419, "0.2": 26.987105195805764, "0.4": 31.325257880504946, "0.8": 32.6400531931006}, "AP_width": {"0.1": 0.49999999999954525, "0.2": 0.6000000000001364, "0.4": 0.6000000000001364, "0.8": 0.6000000000001364}, "AP_amplitude": {"0.1": 69.82433109167265, "0.2": 82.41221575425627, "0.4": 101.25619840868099, "0.8": 104.4193303751924}, "voltage_base": {"0.1": -71.7762479723784, "0.2": -71.7762479723784, "0.4": -71.7762479723784, "0.8": -71.7762479723784}}}, "NetPyNE": {"L4_DBC_bAC217_3": {"mean_frequency": {"0.1": 1.5909211433430548, "0.2": 9.391631013258928, "0.4": 14.540167211932697, "0.8": 20.339672531286}, "ISI_CV": {"0.1": 0, "0.2": 0.2855337385051383, "0.4": 0.29529190560549745, "0.8": 0.29698196845857194}, "time_to_first_spike": {"0.1": 498.7000000000053, "0.2": 5.800000000091927, "0.4": 2.500000000091177, "0.8": 1.4000000000909267}, "time_to_second_spike": {"0.1": 1117.7999999994422, "0.2": 34.50000000009845, "0.4": 19.600000000095065, "0.8": 12.10000000009336}, "AP_height": {"0.1": 20.242495513854177, "0.2": 26.951081878751808, "0.4": 29.55309020445858, "0.8": 30.9865936602398}, "AP_width": {"0.1": 0.49999999999954525, "0.2": 0.5000000000001137, "0.4": 0.6000000000001364, "0.8": 0.6000000000001364}, "AP_amplitude": {"0.1": 74.51105371993621, "0.2": 82.87060412247172, "0.4": 99.52892496977032, "0.8": 102.76586616820671}, "voltage_base": {"0.1": -71.77624328062488, "0.2": -71.77624328062488, "0.4": -71.77624328062488, "0.8": -71.77624328062488}}}}