{"BBP": {"L4_NBC_cIR216_5": {"mean_frequency": {"0.1": 17.196034796693827, "0.2": 30.37667071691, "0.4": 57.41626794262268, "0.8": 131.73052842483284}, "ISI_CV": {"0.1": 0.3084945545218647, "0.2": 0.24882620369961825, "0.4": 0.16041341240898818, "0.8": 0.04789185905443318}, "time_to_first_spike": {"0.1": 19.10000000009495, "0.2": 7.400000000092291, "0.4": 3.600000000091427, "0.8": 1.8000000000910177}, "time_to_second_spike": {"0.1": 42.300000000100226, "0.2": 19.40000000009502, "0.4": 11.800000000093291, "0.8": 8.10000000009245}, "AP_height": {"0.1": 25.093573120368134, "0.2": 27.450270077545202, "0.4": 30.010074412211456, "0.8": 33.54333758677303}, "AP_width": {"0.1": 0.8000000000001819, "0.2": 0.8000000000001819, "0.4": 0.9000000000002046, "0.8": 1.0000000000002274}, "AP_amplitude": {"0.1": 81.07844650787098, "0.2": 82.437880085146, "0.4": 85.7035006511065, "0.8": 109.51882247080803}, "voltage_base": {"0.1": -76.06675384918326, "0.2": -76.06675384918326, "0.4": -76.06675384918326, "0.8": -76.06675384918326}}}, "NetPyNE": {"L4_NBC_cIR216_5": {"mean_frequency": {"0.1": 0, "0.2": 24.205748865371937, "0.4": 45.55922699512459, "0.8": 111.36192626042178}, "ISI_CV": {"0.1": 0, "0.2": 0.21500161812201585, "0.4": 0.15900179738734316, "0.8": 0.04796941160910756}, "time_to_first_spike": {"0.1": 0, "0.2": 8.80000000009261, "0.4": 4.000000000091518, "0.8": 2.000000000091063}, "time_to_second_spike": {"0.1": 0, "0.2": 22.4000000000957, "0.4": 12.700000000093496, "0.8": 8.600000000092564}, "AP_height": {"0.1": 0, "0.2": 27.953503782057282, "0.4": 31.657350944167938, "0.8": 33.001237518428006}, "AP_width": {"0.1": 0, "0.2": 0.9000000000002046, "0.4": 0.9000000000002046, "0.8": 1.0000000000002274}, "AP_amplitude": {"0.1": 0, "0.2": 84.27396402058406, "0.4": 87.1754252074955, "0.8": 110.67407134285278}, "voltage_base": {"0.1": -77.6726908527287, "0.2": -77.6726908527287, "0.4": -77.6726908527287, "0.8": -77.6726908527287}}}}