{"BBP": {"L6_NBC_dSTUT214_1": {"mean_frequency": {"0.1": 0, "0.2": 16.01120784550273, "0.4": 70.86851628472844, "0.8": 113.14709121866107}, "ISI_CV": {"0.1": 0, "0.2": 0.5585760107405119, "0.4": 0.02805658002759736, "0.8": 0.017125265302320943}, "time_to_first_spike": {"0.1": 0, "0.2": 331.60000000015725, "0.4": 3.1000000000913133, "0.8": 1.5000000000909495}, "time_to_second_spike": {"0.1": 0, "0.2": 407.3000000000884, "0.4": 15.200000000094064, "0.8": 8.900000000092632}, "AP_height": {"0.1": 0, "0.2": 18.95516653729692, "0.4": 24.758991274267867, "0.8": 29.213538421138768}, "AP_width": {"0.1": 0, "0.2": 0.5999999999994543, "0.4": 0.8000000000001819, "0.8": 0.8000000000001819}, "AP_amplitude": {"0.1": 0, "0.2": 73.31962945359393, "0.4": 98.29307227743386, "0.8": 104.74254408095499}, "voltage_base": {"0.1": -75.38889472718562, "0.2": -75.38889472718562, "0.4": -75.38889472718562, "0.8": -75.38889472718562}}}, "NetPyNE": {"L6_NBC_dSTUT214_1": {"mean_frequency": {"0.1": 0, "0.2": 0, "0.4": 69.12442396318062, "0.8": 111.31725417447267}, "ISI_CV": {"0.1": 0, "0.2": 0, "0.4": 0.013475554476464396, "0.8": 0.015259314353329584}, "time_to_first_spike": {"0.1": 0, "0.2": 0, "0.4": 3.3000000000913587, "0.8": 1.6000000000909722}, "time_to_second_spike": {"0.1": 0, "0.2": 0, "0.4": 15.900000000094224, "0.8": 9.2000000000927}, "AP_height": {"0.1": 0, "0.2": 0, "0.4": 25.50643583703126, "0.8": 30.080197833936722}, "AP_width": {"0.1": 0, "0.2": 0, "0.4": 0.7000000000001592, "0.8": 0.7000000000001592}, "AP_amplitude": {"0.1": 0, "0.2": 0, "0.4": 99.57794159753394, "0.8": 105.89520806346395}, "voltage_base": {"0.1": -75.81275796072833, "0.2": -75.81275796072833, "0.4": -75.81275796072833, "0.8": -75.81275796072833}}}}