{"BBP": {"L6_TPC_L1_cADpyr231_1": {"mean_frequency": {"0.1": 0, "0.2": 0, "0.4": 7.615759545090449, "0.8": 14.433733697622992}, "ISI_CV": {"0.1": 0, "0.2": 0, "0.4": 0.2875804749474195, "0.8": 0.2504358370106764}, "time_to_first_spike": {"0.1": 0, "0.2": 0, "0.4": 17.300000000094542, "0.8": 5.700000000091904}, "time_to_second_spike": {"0.1": 0, "0.2": 0, "0.4": 50.60000000010211, "0.8": 22.100000000095633}, "AP_height": {"0.1": 0, "0.2": 0, "0.4": 22.662379641624604, "0.8": 31.248292904063494}, "AP_width": {"0.1": 0, "0.2": 0, "0.4": 1.2000000000002728, "0.8": 1.2000000000002728}, "AP_amplitude": {"0.1": 0, "0.2": 0, "0.4": 73.9144897709408, "0.8": 83.53102152670422}, "voltage_base": {"0.1": -72.25957978800649, "0.2": -72.25957978800649, "0.4": -72.25957978800649, "0.8": -72.25957978800649}}}, "NetPyNE": {"L6_TPC_L1_cADpyr231_1": {"mean_frequency": {"0.1": 0, "0.2": 0, "0.4": 7.566585956421595, "0.8": 14.351614556647299}, "ISI_CV": {"0.1": 0, "0.2": 0, "0.4": 0.2855871091221792, "0.8": 0.24956750215162996}, "time_to_first_spike": {"0.1": 0, "0.2": 0, "0.4": 17.500000000094587, "0.8": 5.800000000091927}, "time_to_second_spike": {"0.1": 0, "0.2": 0, "0.4": 50.90000000010218, "0.8": 22.30000000009568}, "AP_height": {"0.1": 0, "0.2": 0, "0.4": 21.682835185784167, "0.8": 30.641877169360942}, "AP_width": {"0.1": 0, "0.2": 0, "0.4": 1.2000000000002728, "0.8": 1.2000000000002728}, "AP_amplitude": {"0.1": 0, "0.2": 0, "0.4": 72.68450073254516, "0.8": 83.55635215951547}, "voltage_base": {"0.1": -72.25957947861393, "0.2": -72.25957947861393, "0.4": -72.25957947861393, "0.8": -72.25957947861393}}}}