{"BBP": {"L4_BTC_dNAC222_3": {"mean_frequency": {"0.1": 37.92667509484238, "0.2": 67.13763214594472, "0.4": 102.68483269892774, "0.8": 155.03875969002792}, "ISI_CV": {"0.1": 0.019874964425594287, "0.2": 0.023184108354088788, "0.4": 0.014480537591658646, "0.8": 0.0349372579015471}, "time_to_first_spike": {"0.1": 9.000000000092655, "0.2": 3.600000000091427, "0.4": 1.9000000000910404, "0.8": 1.1000000000908585}, "time_to_second_spike": {"0.1": 33.70000000009827, "0.2": 16.10000000009427, "0.4": 10.000000000092882, "0.8": 7.100000000092223}, "AP_height": {"0.1": 16.594047234914022, "0.2": 20.282790232169983, "0.4": 27.146907630610343, "0.8": 28.97772071862409}, "AP_width": {"0.1": 0.7000000000001592, "0.2": 0.7000000000001592, "0.4": 0.7000000000001592, "0.8": 0.8000000000001819}, "AP_amplitude": {"0.1": 72.86161706651758, "0.2": 76.92705392363813, "0.4": 100.02739340378406, "0.8": 101.85820648951201}, "voltage_base": {"0.1": -72.87624256351508, "0.2": -72.87624256351508, "0.4": -72.87624256351508, "0.8": -72.87624256351508}}}, "NetPyNE": {"L4_BTC_dNAC222_3": {"mean_frequency": {"0.1": 37.69601930038747, "0.2": 66.76706827313771, "0.4": 102.09699214260482, "0.8": 154.12329863901593}, "ISI_CV": {"0.1": 0.019387229319579525, "0.2": 0.02251991659228346, "0.4": 0.014206844684768715, "0.8": 0.03602863593537938}, "time_to_first_spike": {"0.1": 9.100000000092678, "0.2": 3.7000000000914497, "0.4": 2.000000000091063, "0.8": 1.2000000000908813}, "time_to_second_spike": {"0.1": 33.900000000098316, "0.2": 16.300000000094315, "0.4": 10.200000000092928, "0.8": 7.2000000000922455}, "AP_height": {"0.1": 17.9340333727436, "0.2": 23.08543940373092, "0.4": 24.820315245809294, "0.8": 26.677309597782227}, "AP_width": {"0.1": 0.7000000000001592, "0.2": 0.7000000000001592, "0.4": 0.7000000000001592, "0.8": 0.7000000000001592}, "AP_amplitude": {"0.1": 73.65407455659954, "0.2": 78.84491761491847, "0.4": 97.70079247221913, "0.8": 99.55778685189158}, "voltage_base": {"0.1": -72.87623402090178, "0.2": -72.87623402090178, "0.4": -72.87623402090178, "0.8": -72.87623402090178}}}}