{"BBP": {"L4_SBC_dNAC222_2": {"mean_frequency": {"0.1": 35.71608229792655, "0.2": 67.34683620650901, "0.4": 105.69024243645732, "0.8": 165.831663326766}, "ISI_CV": {"0.1": 0.017052690585201907, "0.2": 0.009633290457269988, "0.4": 0.014810356013507251, "0.8": 0.054891742083320566}, "time_to_first_spike": {"0.1": 12.800000000093519, "0.2": 4.700000000091677, "0.4": 2.3000000000911314, "0.8": 1.2000000000908813}, "time_to_second_spike": {"0.1": 41.500000000100044, "0.2": 17.800000000094656, "0.4": 10.500000000092996, "0.8": 7.2000000000922455}, "AP_height": {"0.1": 12.435542192694797, "0.2": 19.359937260848074, "0.4": 19.642173025147585, "0.8": 24.12120042317206}, "AP_width": {"0.1": 0.7000000000001592, "0.2": 0.7000000000001592, "0.4": 0.8000000000001819, "0.8": 0.8000000000001819}, "AP_amplitude": {"0.1": 67.61729457833938, "0.2": 74.8423350545891, "0.4": 92.94549993318675, "0.8": 97.4245273289547}, "voltage_base": {"0.1": -73.29915126521992, "0.2": -73.29915126521992, "0.4": -73.29915126521992, "0.8": -73.29915126521992}}}, "NetPyNE": {"L4_SBC_dNAC222_2": {"mean_frequency": {"0.1": 35.58897243110188, "0.2": 67.09057227261357, "0.4": 105.24733122845822, "0.8": 165.39695268655987}, "ISI_CV": {"0.1": 0.01780116911155128, "0.2": 0.009478621960737269, "0.4": 0.015633285016054516, "0.8": 0.05727981451704765}, "time_to_first_spike": {"0.1": 13.000000000093564, "0.2": 4.8000000000917, "0.4": 2.3000000000911314, "0.8": 1.300000000090904}, "time_to_second_spike": {"0.1": 41.80000000010011, "0.2": 18.0000000000947, "0.4": 10.600000000093019, "0.8": 7.400000000092291}, "AP_height": {"0.1": 12.555927724865594, "0.2": 18.116653355607447, "0.4": 22.911156758681365, "0.8": 25.265842689075125}, "AP_width": {"0.1": 0.7000000000001592, "0.2": 0.8000000000001819, "0.4": 0.8000000000001819, "0.8": 0.8000000000001819}, "AP_amplitude": {"0.1": 67.34813548601373, "0.2": 73.85470568315382, "0.4": 96.2144754284522, "0.8": 98.56916131147543}, "voltage_base": {"0.1": -73.29914295480049, "0.2": -73.29914295480049, "0.4": -73.29914295480049, "0.8": -73.29914295480049}}}}