{"BBP": {"L5_NGC_cNAC187_3": {"mean_frequency": {"0.1": 47.48194170837183, "0.2": 72.78385704251505, "0.4": 110.17076468533705, "0.8": 191.63763066167482}, "ISI_CV": {"0.1": 0.023244104686661576, "0.2": 0.013708138645799102, "0.4": 0.01983631520084349, "0.8": 0.06196147814739359}, "time_to_first_spike": {"0.1": 6.600000000092109, "0.2": 3.600000000091427, "0.4": 2.100000000091086, "0.8": 1.300000000090904}, "time_to_second_spike": {"0.1": 25.60000000009643, "0.2": 15.40000000009411, "0.4": 10.200000000092928, "0.8": 7.2000000000922455}, "AP_height": {"0.1": 12.36614453802109, "0.2": 15.331890367971706, "0.4": 17.361540034991265, "0.8": 20.99049625186835}, "AP_width": {"0.1": 0.8000000000001819, "0.2": 0.8000000000001819, "0.4": 0.8000000000001819, "0.8": 0.8000000000001819}, "AP_amplitude": {"0.1": 66.95723145847764, "0.2": 70.6251001380278, "0.4": 86.21999446031639, "0.8": 89.84895067534639}, "voltage_base": {"0.1": -68.85560341924005, "0.2": -68.85560341924005, "0.4": -68.85560341924005, "0.8": -68.85560341924005}}}, "NetPyNE": {"L5_NGC_cNAC187_3": {"mean_frequency": {"0.1": 47.33370260338576, "0.2": 72.53263968790885, "0.4": 109.86254640320496, "0.8": 192.3076923073135}, "ISI_CV": {"0.1": 0.022368177047219925, "0.2": 0.0129429476839267, "0.4": 0.02136372236513619, "0.8": 0.06657931178012036}, "time_to_first_spike": {"0.1": 6.700000000092132, "0.2": 3.7000000000914497, "0.4": 2.2000000000911086, "0.8": 1.300000000090904}, "time_to_second_spike": {"0.1": 25.800000000096475, "0.2": 15.600000000094155, "0.4": 10.400000000092973, "0.8": 7.300000000092268}, "AP_height": {"0.1": 12.333353002005184, "0.2": 15.333013513990778, "0.4": 18.06284226795777, "0.8": 19.682925789784395}, "AP_width": {"0.1": 0.8000000000001819, "0.2": 0.8000000000001819, "0.4": 0.9000000000002046, "0.8": 0.8000000000001819}, "AP_amplitude": {"0.1": 66.30764509892337, "0.2": 69.84636041017497, "0.4": 72.23863310004825, "0.8": 88.54137550893805}, "voltage_base": {"0.1": -68.85559870958356, "0.2": -68.85559870958356, "0.4": -68.85559870958356, "0.8": -68.85559870958356}}}}