{"BBP": {"L5_LBC_dSTUT214_5": {"mean_frequency": {"0.1": 2.611784371084073, "0.2": 62.39935587765909, "0.4": 102.06634312309937, "0.8": 158.738107160849}, "ISI_CV": {"0.1": 0.4590519239417075, "0.2": 0.044308112386430364, "0.4": 0.018948075073909994, "0.8": 0.045886030873285494}, "time_to_first_spike": {"0.1": 1637.3999999989696, "0.2": 4.300000000091586, "0.4": 2.2000000000911086, "0.8": 1.2000000000908813}, "time_to_second_spike": {"0.1": 1703.8999999989092, "0.2": 18.900000000094906, "0.4": 10.800000000093064, "0.8": 7.2000000000922455}, "AP_height": {"0.1": 15.56392342325951, "0.2": 22.60677886779389, "0.4": 24.66575663018277, "0.8": 26.255477163109177}, "AP_width": {"0.1": 0.6999999999993634, "0.2": 0.7000000000001592, "0.4": 0.7000000000001592, "0.8": 0.7000000000001592}, "AP_amplitude": {"0.1": 72.19229849841116, "0.2": 78.91220996305795, "0.4": 100.54525048203105, "0.8": 101.81472204012155}, "voltage_base": {"0.1": -75.7985221554465, "0.2": -75.7985221554465, "0.4": -75.7985221554465, "0.8": -75.7985221554465}}}, "NetPyNE": {"L5_LBC_dSTUT214_5": {"mean_frequency": {"0.1": 0, "0.2": 61.051894110035, "0.4": 100.80746276149083, "0.8": 156.8136272546156}, "ISI_CV": {"0.1": 0, "0.2": 0.01525715144236915, "0.4": 0.01384809243147569, "0.8": 0.04535228162633306}, "time_to_first_spike": {"0.1": 0, "0.2": 4.600000000091654, "0.4": 2.2000000000911086, "0.8": 1.2000000000908813}, "time_to_second_spike": {"0.1": 0, "0.2": 18.900000000094906, "0.4": 10.800000000093064, "0.8": 7.400000000092291}, "AP_height": {"0.1": 0, "0.2": 22.177328627118303, "0.4": 21.038625248872915, "0.8": 26.883628215083423}, "AP_width": {"0.1": 0, "0.2": 0.7000000000001592, "0.4": 0.8000000000001819, "0.8": 0.8000000000001819}, "AP_amplitude": {"0.1": 0, "0.2": 77.71116163347884, "0.4": 97.03393576654312, "0.8": 102.8789386909119}, "voltage_base": {"0.1": -75.99302336786404, "0.2": -75.99302336786404, "0.4": -75.99302336786404, "0.8": -75.99302336786404}}}}