{"BBP": {"L6_BP_cNAC187_3": {"mean_frequency": {"0.1": 68.7923675621858, "0.2": 110.11011011018496, "0.4": 220.7207207208708, "0.8": 305.1643192484324}, "ISI_CV": {"0.1": 0.02080094738248692, "0.2": 0.03308623991548249, "0.4": 0.1269895596934083, "0.8": 0.060313606568153315}, "time_to_first_spike": {"0.1": 4.9000000000917225, "0.2": 2.100000000091086, "0.4": 1.1000000000908585, "0.8": 0.7000000000907676}, "time_to_second_spike": {"0.1": 16.90000000009445, "0.2": 10.100000000092905, "0.4": 7.2000000000922455, "0.8": 5.400000000091836}, "AP_height": {"0.1": 16.948241209950417, "0.2": 21.820818254324674, "0.4": 22.632176108667466, "0.8": 28.2080835351436}, "AP_width": {"0.1": 0.7000000000001592, "0.2": 0.7000000000001592, "0.4": 0.8000000000001819, "0.8": 0.8000000000001819}, "AP_amplitude": {"0.1": 73.62056929622844, "0.2": 89.61657894317133, "0.4": 90.42793679540398, "0.8": 96.0038442176598}, "voltage_base": {"0.1": -67.79358781422809, "0.2": -67.79358781422809, "0.4": -67.79358781422809, "0.8": -67.79358781422809}}}, "NetPyNE": {"L6_BP_cNAC187_3": {"mean_frequency": {"0.1": 68.654472563314, "0.2": 109.91768721147798, "0.4": 219.87378543538935, "0.8": 298.91304347782494}, "ISI_CV": {"0.1": 0.021541650446119394, "0.2": 0.03433783100899995, "0.4": 0.1221789218593537, "0.8": 0.05986626316395316}, "time_to_first_spike": {"0.1": 5.000000000091745, "0.2": 2.2000000000911086, "0.4": 1.2000000000908813, "0.8": 0.7000000000907676}, "time_to_second_spike": {"0.1": 17.100000000094496, "0.2": 10.200000000092928, "0.4": 7.300000000092268, "0.8": 5.500000000091859}, "AP_height": {"0.1": 16.572776552331653, "0.2": 19.85764479553975, "0.4": 25.16437109448818, "0.8": 24.819234524086472}, "AP_width": {"0.1": 0.7000000000001592, "0.2": 0.8000000000001819, "0.4": 0.7000000000001592, "0.8": 0.8000000000001819}, "AP_amplitude": {"0.1": 72.1685026786287, "0.2": 87.65340215399496, "0.4": 92.96012836321398, "0.8": 92.61499187732555}, "voltage_base": {"0.1": -67.79358448159758, "0.2": -67.79358448159758, "0.4": -67.79358448159758, "0.8": -67.79358448159758}}}}