{"BBP": {"L23_SBC_bNAC219_1": {"mean_frequency": {"0.1": 110.31992779066768, "0.2": 161.1530954407782, "0.4": 215.94268249926995, "0.8": 280.0420063011356}, "ISI_CV": {"0.1": 0.02059589607337782, "0.2": 0.011512973012750932, "0.4": 0.013461162213295887, "0.8": 0.012950256519350008}, "time_to_first_spike": {"0.1": 3.900000000091495, "0.2": 1.8000000000910177, "0.4": 1.1000000000908585, "0.8": 0.7000000000907676}, "time_to_second_spike": {"0.1": 11.600000000093246, "0.2": 8.300000000092496, "0.4": 6.400000000092064, "0.8": 5.000000000091745}, "AP_height": {"0.1": 11.085056408274834, "0.2": 15.139691580426279, "0.4": 14.832901282982979, "0.8": 19.276321241507322}, "AP_width": {"0.1": 0.6000000000001364, "0.2": 0.6000000000001364, "0.4": 0.7000000000001592, "0.8": 0.8000000000001819}, "AP_amplitude": {"0.1": 67.35736315655706, "0.2": 83.34543711668228, "0.4": 83.03864681672934, "0.8": 87.48206677023454}, "voltage_base": {"0.1": -68.20560294779257, "0.2": -68.20560294779257, "0.4": -68.20560294779257, "0.8": -68.20560294779257}}}, "NetPyNE": {"L23_SBC_bNAC219_1": {"mean_frequency": {"0.1": 110.04401760711764, "0.2": 159.8837209303412, "0.4": 213.09589315206327, "0.8": 275.1513332334654}, "ISI_CV": {"0.1": 0.02063656997961332, "0.2": 0.009730646770690124, "0.4": 0.011520461269828999, "0.8": 0.015027893530384397}, "time_to_first_spike": {"0.1": 4.000000000091518, "0.2": 1.9000000000910404, "0.4": 1.1000000000908585, "0.8": 0.7000000000907676}, "time_to_second_spike": {"0.1": 11.800000000093291, "0.2": 8.400000000092518, "0.4": 6.500000000092086, "0.8": 5.100000000091768}, "AP_height": {"0.1": 11.11525600192176, "0.2": 13.44657909429971, "0.4": 17.7659430543743, "0.8": 21.235532493288208}, "AP_width": {"0.1": 0.6000000000001364, "0.2": 0.7000000000001592, "0.4": 0.7000000000001592, "0.8": 0.7000000000001592}, "AP_amplitude": {"0.1": 67.73662400731936, "0.2": 81.65232477190953, "0.4": 85.97168831865498, "0.8": 89.44127766744559}, "voltage_base": {"0.1": -68.20560259275491, "0.2": -68.20560259275491, "0.4": -68.20560259275491, "0.8": -68.20560259275491}}}}