{"BBP": {"L23_LBC_cACint209_2": {"mean_frequency": {"0.1": 32.0398718405343, "0.2": 58.27681487067509, "0.4": 180.22528160212502, "0.8": 272.72727272608745}, "ISI_CV": {"0.1": 0.2394072928150122, "0.2": 0.17639408232342932, "0.4": 0.5718114207704543, "0.8": 0.17399597153659954}, "time_to_first_spike": {"0.1": 10.200000000092928, "0.2": 5.200000000091791, "0.4": 2.800000000091245, "0.8": 1.6000000000909722}, "time_to_second_spike": {"0.1": 22.70000000009577, "0.2": 14.600000000093928, "0.4": 10.100000000092905, "0.8": 7.400000000092291}, "AP_height": {"0.1": 18.095540513612445, "0.2": 22.267282051733655, "0.4": 26.496066926358147, "0.8": 28.69128627766949}, "AP_width": {"0.1": 0.9000000000002046, "0.2": 1.0000000000002274, "0.4": 1.0000000000002274, "0.8": 1.0000000000002274}, "AP_amplitude": {"0.1": 74.23828305609248, "0.2": 77.79822360114777, "0.4": 82.288762724636, "0.8": 99.40268684088431}, "voltage_base": {"0.1": -70.71075221235016, "0.2": -70.71075221235016, "0.4": -70.71075221235016, "0.8": -70.71075221235016}}}, "NetPyNE": {"L23_LBC_cACint209_2": {"mean_frequency": {"0.1": 32.02401801353191, "0.2": 58.54150895789989, "0.4": 178.26740110177366, "0.8": 267.85714285599846}, "ISI_CV": {"0.1": 0.2377410839359846, "0.2": 0.1753761576163341, "0.4": 0.5293655848846316, "0.8": 0.15711006591569968}, "time_to_first_spike": {"0.1": 10.30000000009295, "0.2": 5.3000000000918135, "0.4": 2.900000000091268, "0.8": 1.700000000090995}, "time_to_second_spike": {"0.1": 22.800000000095793, "0.2": 14.70000000009395, "0.4": 10.30000000009295, "0.8": 7.500000000092314}, "AP_height": {"0.1": 17.89621936764769, "0.2": 21.17392642337497, "0.4": 26.140867528568737, "0.8": 29.38658888741037}, "AP_width": {"0.1": 0.9000000000002046, "0.2": 0.9000000000002046, "0.4": 1.0000000000002274, "0.8": 1.0000000000002274}, "AP_amplitude": {"0.1": 73.36549785123208, "0.2": 77.25656487639047, "0.4": 80.986637267447, "0.8": 100.09798820561257}, "voltage_base": {"0.1": -70.71075094363219, "0.2": -70.71075094363219, "0.4": -70.71075094363219, "0.8": -70.71075094363219}}}}