{"BBP": {"L5_BTC_cACint209_1": {"mean_frequency": {"0.1": 27.05410821645125, "0.2": 41.51245373614906, "0.4": 71.54292575550191, "0.8": 138.24192336598426}, "ISI_CV": {"0.1": 0.25104602076793925, "0.2": 0.22570095271058918, "0.4": 0.1817488457495666, "0.8": 0.09418856987581324}, "time_to_first_spike": {"0.1": 9.500000000092768, "0.2": 4.100000000091541, "0.4": 2.000000000091063, "0.8": 1.1000000000908585}, "time_to_second_spike": {"0.1": 23.600000000095974, "0.2": 13.700000000093723, "0.4": 9.300000000092723, "0.8": 6.700000000092132}, "AP_height": {"0.1": 26.583390629704137, "0.2": 32.877889478791104, "0.4": 35.330009307912206, "0.8": 37.18926571720108}, "AP_width": {"0.1": 0.9000000000002046, "0.2": 0.9000000000002046, "0.4": 0.9000000000002046, "0.8": 0.9000000000002046}, "AP_amplitude": {"0.1": 82.51327028541536, "0.2": 88.75078662731671, "0.4": 106.02951079964474, "0.8": 107.88876720677747}, "voltage_base": {"0.1": -70.69882323885066, "0.2": -70.69882323885066, "0.4": -70.69882323885066, "0.8": -70.69882323885066}}}, "NetPyNE": {"L5_BTC_cACint209_1": {"mean_frequency": {"0.1": 27.08124373121198, "0.2": 41.560262380479905, "0.4": 71.70435741869186, "0.8": 137.90682513423943}, "ISI_CV": {"0.1": 0.25076504950107403, "0.2": 0.22566815184274333, "0.4": 0.18056639326982052, "0.8": 0.09282170841270936}, "time_to_first_spike": {"0.1": 9.600000000092791, "0.2": 4.200000000091563, "0.4": 2.100000000091086, "0.8": 1.2000000000908813}, "time_to_second_spike": {"0.1": 23.700000000095997, "0.2": 13.900000000093769, "0.4": 9.400000000092746, "0.8": 6.8000000000921546}, "AP_height": {"0.1": 27.929595898809865, "0.2": 32.4454015560281, "0.4": 33.607097178735366, "0.8": 34.562139822496675}, "AP_width": {"0.1": 0.9000000000002046, "0.2": 0.8000000000001819, "0.4": 0.9000000000002046, "0.8": 1.0000000000002274}, "AP_amplitude": {"0.1": 83.30994161330392, "0.2": 87.31559107299663, "0.4": 104.30659766481097, "0.8": 105.26164033548339}, "voltage_base": {"0.1": -70.69882225711193, "0.2": -70.69882225711193, "0.4": -70.69882225711193, "0.8": -70.69882225711193}}}}