{"BBP": {"L23_SBC_cACint209_1": {"mean_frequency": {"0.1": 21.75562863649336, "0.2": 33.579241923197465, "0.4": 56.086934748898855, "0.8": 105.53165949792111}, "ISI_CV": {"0.1": 0.2621463741051644, "0.2": 0.243735744473857, "0.4": 0.20541388594498308, "0.8": 0.14022853658377818}, "time_to_first_spike": {"0.1": 11.500000000093223, "0.2": 5.600000000091882, "0.4": 2.900000000091268, "0.8": 1.6000000000909722}, "time_to_second_spike": {"0.1": 28.800000000097157, "0.2": 17.100000000094496, "0.4": 11.300000000093178, "0.8": 7.900000000092405}, "AP_height": {"0.1": 25.59122963272638, "0.2": 31.73896552178205, "0.4": 30.34015311694076, "0.8": 35.23004998146628}, "AP_width": {"0.1": 0.9000000000002046, "0.2": 0.9000000000002046, "0.4": 1.0000000000002274, "0.8": 1.0000000000002274}, "AP_amplitude": {"0.1": 79.29643144520337, "0.2": 85.96124945979173, "0.4": 85.13476812283824, "0.8": 107.33310429071436}, "voltage_base": {"0.1": -72.1023834364444, "0.2": -72.1023834364444, "0.4": -72.1023834364444, "0.8": -72.1023834364444}}}, "NetPyNE": {"L23_SBC_cACint209_1": {"mean_frequency": {"0.1": 21.778768233402104, "0.2": 33.50837709429636, "0.4": 56.16568878194478, "0.8": 105.50000000007175}, "ISI_CV": {"0.1": 0.26196089272710626, "0.2": 0.24398574522446256, "0.4": 0.20483727853884284, "0.8": 0.13875384210262526}, "time_to_first_spike": {"0.1": 11.600000000093246, "0.2": 5.700000000091904, "0.4": 3.0000000000912905, "0.8": 1.700000000090995}, "time_to_second_spike": {"0.1": 29.000000000097202, "0.2": 17.300000000094542, "0.4": 11.4000000000932, "0.8": 8.10000000009245}, "AP_height": {"0.1": 27.55190498394146, "0.2": 31.30233665431241, "0.4": 33.16088971786581, "0.8": 35.256541446704205}, "AP_width": {"0.1": 0.8000000000001819, "0.2": 0.9000000000002046, "0.4": 0.9000000000002046, "0.8": 0.9000000000002046}, "AP_amplitude": {"0.1": 80.86682349760571, "0.2": 85.91785854533128, "0.4": 88.11729922843799, "0.8": 107.35959502965405}, "voltage_base": {"0.1": -72.10238270994185, "0.2": -72.10238270994185, "0.4": -72.10238270994185, "0.8": -72.10238270994185}}}}