{"BBP": {"L4_LBC_dNAC222_3": {"mean_frequency": {"0.1": 30.54734839002527, "0.2": 65.99496221666945, "0.4": 105.32122975081131, "0.8": 177.7221526909844}, "ISI_CV": {"0.1": 0.050562335432188035, "0.2": 0.011754559141285323, "0.4": 0.02058077696944175, "0.8": 0.11967883082529102}, "time_to_first_spike": {"0.1": 16.000000000094246, "0.2": 4.9000000000917225, "0.4": 2.400000000091154, "0.8": 1.300000000090904}, "time_to_second_spike": {"0.1": 53.10000000010268, "0.2": 18.30000000009477, "0.4": 10.700000000093041, "0.8": 7.500000000092314}, "AP_height": {"0.1": 12.490704803758659, "0.2": 19.46389874221064, "0.4": 19.24118415848721, "0.8": 26.77951706705941}, "AP_width": {"0.1": 0.6000000000001364, "0.2": 0.7000000000001592, "0.4": 0.8000000000001819, "0.8": 0.8000000000001819}, "AP_amplitude": {"0.1": 69.18754968288393, "0.2": 75.7581560168833, "0.4": 92.62495372677475, "0.8": 100.1632866329908}, "voltage_base": {"0.1": -73.37952189023764, "0.2": -73.37952189023764, "0.4": -73.37952189023764, "0.8": -73.37952189023764}}}, "NetPyNE": {"L4_LBC_dNAC222_3": {"mean_frequency": {"0.1": 30.373595221241587, "0.2": 65.64112842616076, "0.4": 104.76190476197594, "0.8": 179.7966644965413}, "ISI_CV": {"0.1": 0.05110650869769313, "0.2": 0.012171941799981587, "0.4": 0.02129645310010122, "0.8": 0.1339057610507906}, "time_to_first_spike": {"0.1": 16.200000000094292, "0.2": 5.000000000091745, "0.4": 2.400000000091154, "0.8": 1.300000000090904}, "time_to_second_spike": {"0.1": 53.600000000102796, "0.2": 18.500000000094815, "0.4": 10.900000000093087, "0.8": 7.6000000000923364}, "AP_height": {"0.1": 10.253770733989029, "0.2": 18.75505538182678, "0.4": 23.11027439466984, "0.8": 22.949715732664316}, "AP_width": {"0.1": 0.7000000000001592, "0.2": 0.6000000000001364, "0.4": 0.7000000000001592, "0.8": 0.8000000000001819}, "AP_amplitude": {"0.1": 67.11020875124868, "0.2": 75.5590500632251, "0.4": 96.49403580029491, "0.8": 96.33347711684104}, "voltage_base": {"0.1": -73.37951368225954, "0.2": -73.37951368225954, "0.4": -73.37951368225954, "0.8": -73.37951368225954}}}}