{"BBP": {"L1_HAC_cNAC187_1": {"mean_frequency": {"0.1": 43.2182521735054, "0.2": 65.78286632524302, "0.4": 97.37489333942266, "0.8": 146.02190328559212}, "ISI_CV": {"0.1": 0.0400985475613773, "0.2": 0.03159298115708295, "0.4": 0.01564833083999958, "0.8": 0.030989999405844237}, "time_to_first_spike": {"0.1": 6.500000000092086, "0.2": 3.4000000000913815, "0.4": 2.000000000091063, "0.8": 1.2000000000908813}, "time_to_second_spike": {"0.1": 27.10000000009677, "0.2": 16.200000000094292, "0.4": 10.600000000093019, "0.8": 7.6000000000923364}, "AP_height": {"0.1": 17.40308736105676, "0.2": 21.21177142444004, "0.4": 22.942771598383846, "0.8": 25.202975337087484}, "AP_width": {"0.1": 0.7000000000001592, "0.2": 0.7000000000001592, "0.4": 0.7000000000001592, "0.8": 0.8000000000001819}, "AP_amplitude": {"0.1": 74.00561719132281, "0.2": 77.3564641764854, "0.4": 91.97905525831027, "0.8": 94.23925899510796}, "voltage_base": {"0.1": -69.03317320739629, "0.2": -69.03317320739629, "0.4": -69.03317320739629, "0.8": -69.03317320739629}}}, "NetPyNE": {"L1_HAC_cNAC187_1": {"mean_frequency": {"0.1": 43.023663014687315, "0.2": 65.50438375495726, "0.4": 96.90700943971233, "0.8": 145.35612250022407}, "ISI_CV": {"0.1": 0.03985508351640391, "0.2": 0.031077044881208143, "0.4": 0.01489089847720833, "0.8": 0.03227893004232333}, "time_to_first_spike": {"0.1": 6.600000000092109, "0.2": 3.500000000091404, "0.4": 2.000000000091063, "0.8": 1.300000000090904}, "time_to_second_spike": {"0.1": 27.300000000096816, "0.2": 16.300000000094315, "0.4": 10.700000000093041, "0.8": 7.700000000092359}, "AP_height": {"0.1": 16.451964741930322, "0.2": 20.2964764399249, "0.4": 21.59020774828151, "0.8": 24.665392473721667}, "AP_width": {"0.1": 0.7000000000001592, "0.2": 0.7000000000001592, "0.4": 0.8000000000001819, "0.8": 0.7000000000001592}, "AP_amplitude": {"0.1": 72.28373202383294, "0.2": 75.38625346100324, "0.4": 90.62648610094719, "0.8": 93.7016708369302}, "voltage_base": {"0.1": -69.03316790614633, "0.2": -69.03316790614633, "0.4": -69.03316790614633, "0.8": -69.03316790614633}}}}