{"BBP": {"L1_HAC_bNAC219_5": {"mean_frequency": {"0.1": 44.27004728848965, "0.2": 85.43572218319198, "0.4": 127.43327312872393, "0.8": 176.88915614363594}, "ISI_CV": {"0.1": 0.0655128766882483, "0.2": 0.044306083494140565, "0.4": 0.021387276356934434, "0.8": 0.010461913001829165}, "time_to_first_spike": {"0.1": 7.0000000000922, "0.2": 3.600000000091427, "0.4": 2.100000000091086, "0.8": 1.300000000090904}, "time_to_second_spike": {"0.1": 21.20000000009543, "0.2": 13.20000000009361, "0.4": 9.2000000000927, "0.8": 6.900000000092177}, "AP_height": {"0.1": 13.22306164319237, "0.2": 16.954943861746326, "0.4": 17.48074597589053, "0.8": 19.93022054632236}, "AP_width": {"0.1": 0.7000000000001592, "0.2": 0.6000000000001364, "0.4": 0.7000000000001592, "0.8": 0.8000000000001819}, "AP_amplitude": {"0.1": 68.8744337007249, "0.2": 72.73660056032521, "0.4": 86.8414530259399, "0.8": 91.23970080029811}, "voltage_base": {"0.1": -71.30935438502134, "0.2": -71.30935438502134, "0.4": -71.30935438502134, "0.8": -71.30935438502134}}}, "NetPyNE": {"L1_HAC_bNAC219_5": {"mean_frequency": {"0.1": 44.09259444837148, "0.2": 85.00850085014282, "0.4": 126.52530506109824, "0.8": 175.38584886762771}, "ISI_CV": {"0.1": 0.06525756369998335, "0.2": 0.043217060461736866, "0.4": 0.02107511204233173, "0.8": 0.011688939790921352}, "time_to_first_spike": {"0.1": 7.100000000092223, "0.2": 3.7000000000914497, "0.4": 2.100000000091086, "0.8": 1.300000000090904}, "time_to_second_spike": {"0.1": 21.400000000095474, "0.2": 13.300000000093632, "0.4": 9.300000000092723, "0.8": 7.0000000000922}, "AP_height": {"0.1": 12.752155819337343, "0.2": 15.467938613839427, "0.4": 19.446297466426437, "0.8": 22.043252781421003}, "AP_width": {"0.1": 0.7000000000001592, "0.2": 0.7000000000001592, "0.4": 0.7000000000001592, "0.8": 0.7000000000001592}, "AP_amplitude": {"0.1": 67.31929806945416, "0.2": 70.35295843661757, "0.4": 88.8528595728063, "0.8": 93.35273281105236}, "voltage_base": {"0.1": -71.30935415987614, "0.2": -71.30935415987614, "0.4": -71.30935415987614, "0.8": -71.30935415987614}}}}