{"BBP": {"L6_MC_bAC217_3": {"mean_frequency": {"0.1": 0, "0.2": 7.85998742402538, "0.4": 12.931257435481717, "0.8": 17.827127795051013}, "ISI_CV": {"0.1": 0, "0.2": 0.2759484988812055, "0.4": 0.3024072991230529, "0.8": 0.3045453743220924}, "time_to_first_spike": {"0.1": 0, "0.2": 13.6000000000937, "0.4": 4.100000000091541, "0.8": 2.000000000091063}, "time_to_second_spike": {"0.1": 0, "0.2": 49.900000000101954, "0.4": 25.400000000096384, "0.8": 14.100000000093814}, "AP_height": {"0.1": 0, "0.2": 9.301918262399896, "0.4": 23.53482197800019, "0.8": 26.2966316782733}, "AP_width": {"0.1": 0, "0.2": 0.6000000000001364, "0.4": 0.6000000000001364, "0.8": 0.7000000000001592}, "AP_amplitude": {"0.1": 0, "0.2": 57.816537616961256, "0.4": 76.06121418815957, "0.8": 96.7432889628706}, "voltage_base": {"0.1": -70.44395376424613, "0.2": -70.44395376424613, "0.4": -70.44395376424613, "0.8": -70.44395376424613}}}, "NetPyNE": {"L6_MC_bAC217_3": {"mean_frequency": {"0.1": 0, "0.2": 7.78452436556649, "0.4": 12.795577848304262, "0.8": 17.643796945114552}, "ISI_CV": {"0.1": 0, "0.2": 0.27426632256646016, "0.4": 0.30152437588445263, "0.8": 0.30402334553041965}, "time_to_first_spike": {"0.1": 0, "0.2": 13.6000000000937, "0.4": 4.200000000091563, "0.8": 2.100000000091086}, "time_to_second_spike": {"0.1": 0, "0.2": 50.20000000010202, "0.4": 25.500000000096406, "0.8": 14.30000000009386}, "AP_height": {"0.1": 0, "0.2": 9.538319647758685, "0.4": 23.90546756312604, "0.8": 27.723632074924804}, "AP_width": {"0.1": 0, "0.2": 0.5000000000001137, "0.4": 0.6000000000001364, "0.8": 0.6000000000001364}, "AP_amplitude": {"0.1": 0, "0.2": 57.99764414439826, "0.4": 75.60683308888059, "0.8": 98.17028555604729}, "voltage_base": {"0.1": -70.44394994576736, "0.2": -70.44394994576736, "0.4": -70.44394994576736, "0.8": -70.44394994576736}}}}