{"BBP": {"L6_NBC_bSTUT213_1": {"mean_frequency": {"0.1": 0, "0.2": 17.513134851150262, "0.4": 94.03761504608235, "0.8": 151.5530435653509}, "ISI_CV": {"0.1": 0, "0.2": 0.43375951642877514, "0.4": 0.023644725049623436, "0.8": 0.01149060197276674}, "time_to_first_spike": {"0.1": 0, "0.2": 9.500000000092768, "0.4": 4.300000000091586, "0.8": 2.2000000000911086}, "time_to_second_spike": {"0.1": 0, "0.2": 22.600000000095747, "0.4": 13.000000000093564, "0.8": 8.900000000092632}, "AP_height": {"0.1": 0, "0.2": 4.8992834315451645, "0.4": 12.56761022245861, "0.8": 16.794316779594794}, "AP_width": {"0.1": 0, "0.2": 0.6000000000001364, "0.4": 0.6000000000001364, "0.8": 0.7000000000001592}, "AP_amplitude": {"0.1": 0, "0.2": 62.02862657594691, "0.4": 69.10372964184839, "0.8": 91.51659533382477}, "voltage_base": {"0.1": -74.7517712936805, "0.2": -74.7517712936805, "0.4": -74.7517712936805, "0.8": -74.7517712936805}}}, "NetPyNE": {"L6_NBC_bSTUT213_1": {"mean_frequency": {"0.1": 0, "0.2": 14.231257941559814, "0.4": 87.74128854355422, "0.8": 144.83311616728295}, "ISI_CV": {"0.1": 0, "0.2": 0.15857032114349082, "0.4": 0.01730199411718673, "0.8": 0.00956974857526511}, "time_to_first_spike": {"0.1": 0, "0.2": 10.200000000092928, "0.4": 4.500000000091632, "0.8": 2.3000000000911314}, "time_to_second_spike": {"0.1": 0, "0.2": 25.500000000096406, "0.4": 13.400000000093655, "0.8": 9.100000000092678}, "AP_height": {"0.1": 0, "0.2": 5.44109567930806, "0.4": 10.813870550490153, "0.8": 15.474405774485511}, "AP_width": {"0.1": 0, "0.2": 0.7000000000001592, "0.4": 0.7000000000001592, "0.8": 0.7000000000001592}, "AP_amplitude": {"0.1": 0, "0.2": 62.53492292866944, "0.4": 67.27968930122346, "0.8": 90.86058192636608}, "voltage_base": {"0.1": -75.38613588151817, "0.2": -75.38613588151817, "0.4": -75.38613588151817, "0.8": -75.38613588151817}}}}