{"BBP": {"L5_BP_dSTUT214_2": {"mean_frequency": {"0.1": 29.00870261080296, "0.2": 81.81088134918225, "0.4": 137.8791677112995, "0.8": 267.442511050362}, "ISI_CV": {"0.1": 0.16578385258179312, "0.2": 0.04029435899637478, "0.4": 0.05300502212159342, "0.8": 0.10580543988889539}, "time_to_first_spike": {"0.1": 42.80000000010034, "0.2": 4.300000000091586, "0.4": 1.700000000090995, "0.8": 0.900000000090813}, "time_to_second_spike": {"0.1": 120.70000000011805, "0.2": 14.900000000093996, "0.4": 8.80000000009261, "0.8": 6.100000000091995}, "AP_height": {"0.1": 13.895834680249001, "0.2": 18.88849867119116, "0.4": 25.130687552105506, "0.8": 28.422104082061434}, "AP_width": {"0.1": 0.6000000000001364, "0.2": 0.7000000000001592, "0.4": 0.8000000000001819, "0.8": 0.8000000000001819}, "AP_amplitude": {"0.1": 70.44109584808702, "0.2": 94.20989841348863, "0.4": 100.3706321639022, "0.8": 103.95276410470618}, "voltage_base": {"0.1": -75.49796331544223, "0.2": -75.49796331544223, "0.4": -75.49796331544223, "0.8": -75.49796331544223}}}, "NetPyNE": {"L5_BP_dSTUT214_2": {"mean_frequency": {"0.1": 0, "0.2": 71.57515391165585, "0.4": 127.80673616688716, "0.8": 247.1853890419494}, "ISI_CV": {"0.1": 0, "0.2": 0.02997260246733077, "0.4": 0.04340539460587602, "0.8": 0.09600291489185164}, "time_to_first_spike": {"0.1": 0, "0.2": 5.000000000091745, "0.4": 2.000000000091063, "0.8": 1.0000000000908358}, "time_to_second_spike": {"0.1": 0, "0.2": 17.60000000009461, "0.4": 9.300000000092723, "0.8": 6.400000000092064}, "AP_height": {"0.1": 0, "0.2": 18.859631228316978, "0.4": 21.064593954361563, "0.8": 27.277526474268424}, "AP_width": {"0.1": 0, "0.2": 0.7000000000001592, "0.4": 0.8000000000001819, "0.8": 0.8000000000001819}, "AP_amplitude": {"0.1": 0, "0.2": 95.61526613413636, "0.4": 97.82022891533927, "0.8": 104.03316137609455}, "voltage_base": {"0.1": -76.75348071176144, "0.2": -76.75348071176144, "0.4": -76.75348071176144, "0.8": -76.75348071176144}}}}