{"BBP": {"L23_LBC_bNAC219_2": {"mean_frequency": {"0.1": 49.631523537407766, "0.2": 92.71788703459416, "0.4": 138.06903451735252, "0.8": 243.2432432428901}, "ISI_CV": {"0.1": 0.051209788578157396, "0.2": 0.023946793523004425, "0.4": 0.013980236949069354, "0.8": 0.08534156338913039}, "time_to_first_spike": {"0.1": 7.2000000000922455, "0.2": 3.500000000091404, "0.4": 1.9000000000910404, "0.8": 1.1000000000908585}, "time_to_second_spike": {"0.1": 20.700000000095315, "0.2": 12.700000000093496, "0.4": 8.80000000009261, "0.8": 6.500000000092086}, "AP_height": {"0.1": 11.717509671292241, "0.2": 15.379697738379312, "0.4": 18.541427752854354, "0.8": 20.8432418175594}, "AP_width": {"0.1": 0.7000000000001592, "0.2": 0.7000000000001592, "0.4": 0.7000000000001592, "0.8": 0.7000000000001592}, "AP_amplitude": {"0.1": 67.44115319294829, "0.2": 71.06182271399634, "0.4": 89.18583290061932, "0.8": 91.4876469630906}, "voltage_base": {"0.1": -70.64428505779325, "0.2": -70.64428505779325, "0.4": -70.64428505779325, "0.8": -70.64428505779325}}}, "NetPyNE": {"L23_LBC_bNAC219_2": {"mean_frequency": {"0.1": 49.467467568556074, "0.2": 92.22595358634906, "0.4": 137.09596717711713, "0.8": 240.32042723596973}, "ISI_CV": {"0.1": 0.051312428707853984, "0.2": 0.023200495024282133, "0.4": 0.013307943706958779, "0.8": 0.08412478839010344}, "time_to_first_spike": {"0.1": 7.300000000092268, "0.2": 3.600000000091427, "0.4": 2.000000000091063, "0.8": 1.2000000000908813}, "time_to_second_spike": {"0.1": 20.90000000009536, "0.2": 12.800000000093519, "0.4": 8.900000000092632, "0.8": 6.600000000092109}, "AP_height": {"0.1": 11.754488554655364, "0.2": 16.472912543048135, "0.4": 19.151327988867024, "0.8": 20.78351003293222}, "AP_width": {"0.1": 0.7000000000001592, "0.2": 0.6000000000001364, "0.4": 0.6000000000001364, "0.8": 0.8000000000001819}, "AP_amplitude": {"0.1": 66.49608508798553, "0.2": 72.30974230923846, "0.4": 89.79573292089466, "0.8": 91.42791493148903}, "voltage_base": {"0.1": -70.64428481001671, "0.2": -70.64428481001671, "0.4": -70.64428481001671, "0.8": -70.64428481001671}}}}