{"BBP": {"L5_ChC_cACint209_4": {"mean_frequency": {"0.1": 24.03244379914516, "0.2": 36.952670210098425, "0.4": 66.04292790318195, "0.8": 126.37279975937577}, "ISI_CV": {"0.1": 0.2572758456578159, "0.2": 0.22637638645506294, "0.4": 0.16567770432886625, "0.8": 0.09572732058150998}, "time_to_first_spike": {"0.1": 12.900000000093542, "0.2": 5.800000000091927, "0.4": 2.800000000091245, "0.8": 1.5000000000909495}, "time_to_second_spike": {"0.1": 29.70000000009736, "0.2": 16.600000000094383, "0.4": 10.800000000093064, "0.8": 7.800000000092382}, "AP_height": {"0.1": 26.413338673238346, "0.2": 27.198780330922098, "0.4": 32.44532495497244, "0.8": 32.002268823117774}, "AP_width": {"0.1": 0.8000000000001819, "0.2": 0.9000000000002046, "0.4": 0.9000000000002046, "0.8": 1.0000000000002274}, "AP_amplitude": {"0.1": 81.6528880789194, "0.2": 82.361549921685, "0.4": 87.45629887316167, "0.8": 102.65844045325606}, "voltage_base": {"0.1": -70.65552312294409, "0.2": -70.65552312294409, "0.4": -70.65552312294409, "0.8": -70.65552312294409}}}, "NetPyNE": {"L5_ChC_cACint209_4": {"mean_frequency": {"0.1": 24.076635418283747, "0.2": 36.92089823996027, "0.4": 66.14552014436245, "0.8": 126.55049465182098}, "ISI_CV": {"0.1": 0.25991790480163973, "0.2": 0.22636911675800195, "0.4": 0.16477351024434464, "0.8": 0.093037750409415}, "time_to_first_spike": {"0.1": 13.000000000093564, "0.2": 5.90000000009195, "0.4": 2.900000000091268, "0.8": 1.6000000000909722}, "time_to_second_spike": {"0.1": 29.900000000097407, "0.2": 16.80000000009443, "0.4": 11.00000000009311, "0.8": 7.900000000092405}, "AP_height": {"0.1": 25.95545679797269, "0.2": 27.960394751276972, "0.4": 31.824354191021975, "0.8": 34.40123969190777}, "AP_width": {"0.1": 0.8000000000001819, "0.2": 0.9000000000002046, "0.4": 0.9000000000002046, "0.8": 0.9000000000002046}, "AP_amplitude": {"0.1": 80.54349172466287, "0.2": 83.49224466760955, "0.4": 86.99496759327593, "0.8": 105.05741042601036}, "voltage_base": {"0.1": -70.65552222475658, "0.2": -70.65552222475658, "0.4": -70.65552222475658, "0.8": -70.65552222475658}}}}