{"BBP": {"L4_BP_bIR215_2": {"mean_frequency": {"0.1": 12.925908691389694, "0.2": 18.665186904113952, "0.4": 26.939107451476996, "0.8": 42.58943781944973}, "ISI_CV": {"0.1": 0.3177281820074866, "0.2": 0.30729257898596646, "0.4": 0.2995894437775028, "0.8": 0.3064731801575312}, "time_to_first_spike": {"0.1": 1.8000000000910177, "0.2": 1.1000000000908585, "0.4": 0.7000000000907676, "0.8": 0.40000000009069936}, "time_to_second_spike": {"0.1": 20.10000000009518, "0.2": 13.300000000093632, "0.4": 9.2000000000927, "0.8": 6.8000000000921546}, "AP_height": {"0.1": 34.636611549564336, "0.2": 35.204591338965095, "0.4": 37.23083981306267, "0.8": 39.844917691862555}, "AP_width": {"0.1": 0.5000000000001137, "0.2": 0.5000000000001137, "0.4": 0.6000000000001364, "0.8": 0.6000000000001364}, "AP_amplitude": {"0.1": 107.82542025804727, "0.2": 108.52882661629195, "0.4": 110.66425810335245, "0.8": 112.69619249461314}, "voltage_base": {"0.1": -72.7112668673722, "0.2": -72.7112668673722, "0.4": -72.7112668673722, "0.8": -72.7112668673722}}}, "NetPyNE": {"L4_BP_bIR215_2": {"mean_frequency": {"0.1": 12.028659588941686, "0.2": 17.940437746693117, "0.4": 26.022118800998527, "0.8": 40.975313638230915}, "ISI_CV": {"0.1": 0.28201524631240105, "0.2": 0.28487505481904274, "0.4": 0.2835626532577125, "0.8": 0.29770723380625996}, "time_to_first_spike": {"0.1": 2.100000000091086, "0.2": 1.2000000000908813, "0.4": 0.8000000000907903, "0.8": 0.5000000000907221}, "time_to_second_spike": {"0.1": 21.500000000095497, "0.2": 14.000000000093792, "0.4": 9.600000000092791, "0.8": 7.100000000092223}, "AP_height": {"0.1": 35.50506514074797, "0.2": 35.612741101643664, "0.4": 31.808723977700247, "0.8": 35.60178484654891}, "AP_width": {"0.1": 0.6000000000001364, "0.2": 0.5000000000001137, "0.4": 0.6000000000001364, "0.8": 0.6000000000001364}, "AP_amplitude": {"0.1": 110.81110480533478, "0.2": 110.9187807061541, "0.4": 107.1147636859647, "0.8": 110.90782455957996}, "voltage_base": {"0.1": -75.30410609473124, "0.2": -75.30410609473124, "0.4": -75.30410609473124, "0.8": -75.30410609473124}}}}