{"BBP": {"L6_MC_bIR215_2": {"mean_frequency": {"0.1": 3.7435156960290117, "0.2": 10.709368147286545, "0.4": 16.039737155285785, "0.8": 22.03856749312793}, "ISI_CV": {"0.1": 0.15384851919504622, "0.2": 0.30834579394321815, "0.4": 0.30740367874255786, "0.8": 0.30794358749442957}, "time_to_first_spike": {"0.1": 23.000000000095838, "0.2": 5.600000000091882, "0.4": 2.500000000091177, "0.8": 1.300000000090904}, "time_to_second_spike": {"0.1": 158.3000000001266, "0.2": 28.90000000009718, "0.4": 16.600000000094383, "0.8": 10.400000000092973}, "AP_height": {"0.1": 16.608502943419666, "0.2": 23.201633810112575, "0.4": 24.22935918940254, "0.8": 27.804221625821555}, "AP_width": {"0.1": 0.5000000000001137, "0.2": 0.6000000000001364, "0.4": 0.6000000000001364, "0.8": 0.6000000000001364}, "AP_amplitude": {"0.1": 70.56733732975603, "0.2": 78.11766542557359, "0.4": 96.99629664435408, "0.8": 100.81495915870613}, "voltage_base": {"0.1": -73.05500912145558, "0.2": -73.05500912145558, "0.4": -73.05500912145558, "0.8": -73.05500912145558}}}, "NetPyNE": {"L6_MC_bIR215_2": {"mean_frequency": {"0.1": 0, "0.2": 8.771929824567305, "0.4": 14.950765582316603, "0.8": 21.16188844663097}, "ISI_CV": {"0.1": 0, "0.2": 0.2622447686025156, "0.4": 0.2847120668297361, "0.8": 0.28889798426609264}, "time_to_first_spike": {"0.1": 0, "0.2": 6.900000000092177, "0.4": 2.900000000091268, "0.8": 1.4000000000909267}, "time_to_second_spike": {"0.1": 0, "0.2": 34.200000000098385, "0.4": 18.30000000009477, "0.8": 11.100000000093132}, "AP_height": {"0.1": 0, "0.2": 23.678139913892647, "0.4": 28.646263732689608, "0.8": 27.249287928739385}, "AP_width": {"0.1": 0, "0.2": 0.6000000000001364, "0.4": 0.6000000000001364, "0.8": 0.7000000000001592}, "AP_amplitude": {"0.1": 0, "0.2": 78.91057952852452, "0.4": 103.80612143492958, "0.8": 102.40914570358169}, "voltage_base": {"0.1": -75.15861975728734, "0.2": -75.15861975728734, "0.4": -75.15861975728734, "0.8": -75.15861975728734}}}}