{"BBP": {"L4_SBC_cACint209_1": {"mean_frequency": {"0.1": 28.683574879246517, "0.2": 46.513954186287506, "0.4": 102.20440881770473, "0.8": 212.70206696376005}, "ISI_CV": {"0.1": 0.23742294477967096, "0.2": 0.19230371259578968, "0.4": 0.09327806050328986, "0.8": 0.02353984423667435}, "time_to_first_spike": {"0.1": 14.800000000093974, "0.2": 6.500000000092086, "0.4": 3.0000000000912905, "0.8": 1.6000000000909722}, "time_to_second_spike": {"0.1": 27.900000000096952, "0.2": 16.10000000009427, "0.4": 10.700000000093041, "0.8": 7.700000000092359}, "AP_height": {"0.1": 22.961501973886804, "0.2": 28.093645872485443, "0.4": 28.517502830534703, "0.8": 31.135309762693293}, "AP_width": {"0.1": 0.7000000000001592, "0.2": 0.8000000000001819, "0.4": 0.8000000000001819, "0.8": 0.9000000000002046}, "AP_amplitude": {"0.1": 79.07331849954343, "0.2": 85.03516857382282, "0.4": 84.98074951782726, "0.8": 101.02509542418062}, "voltage_base": {"0.1": -69.88920733486263, "0.2": -69.88920733486263, "0.4": -69.88920733486263, "0.8": -69.88920733486263}}}, "NetPyNE": {"L4_SBC_cACint209_1": {"mean_frequency": {"0.1": 28.636021100245518, "0.2": 46.50697604643859, "0.4": 102.39935749429704, "0.8": 209.73070377429414}, "ISI_CV": {"0.1": 0.23756607411528094, "0.2": 0.19219857094976803, "0.4": 0.09222378858267805, "0.8": 0.021896193995576366}, "time_to_first_spike": {"0.1": 14.900000000093996, "0.2": 6.600000000092109, "0.4": 3.0000000000912905, "0.8": 1.6000000000909722}, "time_to_second_spike": {"0.1": 28.000000000096975, "0.2": 16.300000000094315, "0.4": 10.800000000093064, "0.8": 7.900000000092405}, "AP_height": {"0.1": 23.66719488701705, "0.2": 27.50632145323997, "0.4": 29.972669924339, "0.8": 34.294489631885575}, "AP_width": {"0.1": 0.7000000000001592, "0.2": 0.8000000000001819, "0.4": 0.9000000000002046, "0.8": 0.9000000000002046}, "AP_amplitude": {"0.1": 79.09876449684651, "0.2": 83.91414641669815, "0.4": 85.54181063570778, "0.8": 104.18427450211487}, "voltage_base": {"0.1": -69.88920652667201, "0.2": -69.88920652667201, "0.4": -69.88920652667201, "0.8": -69.88920652667201}}}}