{"BBP": {"L23_LBC_cNAC187_5": {"mean_frequency": {"0.1": 42.84490145675571, "0.2": 67.88695564723506, "0.4": 103.4240385581584, "0.8": 161.5969581750148}, "ISI_CV": {"0.1": 0.0138050258364166, "0.2": 0.01037803592743692, "0.4": 0.012969501914423818, "0.8": 0.04568277270095565}, "time_to_first_spike": {"0.1": 7.700000000092359, "0.2": 3.500000000091404, "0.4": 1.8000000000910177, "0.8": 1.1000000000908585}, "time_to_second_spike": {"0.1": 29.200000000097248, "0.2": 16.000000000094246, "0.4": 9.90000000009286, "0.8": 7.0000000000922}, "AP_height": {"0.1": 17.540456097107924, "0.2": 18.976122413813872, "0.4": 22.139958273612972, "0.8": 22.986998268917784}, "AP_width": {"0.1": 0.7000000000001592, "0.2": 0.8000000000001819, "0.4": 0.7000000000001592, "0.8": 0.8000000000001819}, "AP_amplitude": {"0.1": 72.9026666940122, "0.2": 73.7223637572276, "0.4": 90.3259285743215, "0.8": 91.17296856754965}, "voltage_base": {"0.1": -68.18345754036108, "0.2": -68.18345754036108, "0.4": -68.18345754036108, "0.8": -68.18345754036108}}}, "NetPyNE": {"L23_LBC_cNAC187_5": {"mean_frequency": {"0.1": 42.70069325834307, "0.2": 67.6454376910817, "0.4": 103.01545231791773, "0.8": 161.209572444287}, "ISI_CV": {"0.1": 0.01363419284987792, "0.2": 0.010033425538919203, "0.4": 0.013322615419083424, "0.8": 0.04772106297225744}, "time_to_first_spike": {"0.1": 7.800000000092382, "0.2": 3.500000000091404, "0.4": 1.8000000000910177, "0.8": 1.1000000000908585}, "time_to_second_spike": {"0.1": 29.400000000097293, "0.2": 16.200000000094292, "0.4": 10.000000000092882, "0.8": 7.2000000000922455}, "AP_height": {"0.1": 17.531015318353656, "0.2": 19.824969470530966, "0.4": 23.44826143874346, "0.8": 26.6434398110971}, "AP_width": {"0.1": 0.7000000000001592, "0.2": 0.7000000000001592, "0.4": 0.8000000000001819, "0.8": 0.8000000000001819}, "AP_amplitude": {"0.1": 71.97982727122884, "0.2": 75.06319843641677, "0.4": 91.63422754837917, "0.8": 94.82940579346818}, "voltage_base": {"0.1": -68.18345321958378, "0.2": -68.18345321958378, "0.4": -68.18345321958378, "0.8": -68.18345321958378}}}}