{"BBP": {"L6_TPC_L1_cADpyr231_4": {"mean_frequency": {"0.1": 2.5046963055745075, "0.2": 6.543185021143961, "0.4": 9.5959595959661, "0.8": 30.20843822376433}, "ISI_CV": {"0.1": 0.08301092988773386, "0.2": 0.30877699035899664, "0.4": 0.3249557017174797, "0.8": 0.12331193365740574}, "time_to_first_spike": {"0.1": 170.50000000012938, "0.2": 18.400000000094792, "0.4": 6.400000000092064, "0.8": 2.400000000091154}, "time_to_second_spike": {"0.1": 476.0000000000259, "0.2": 42.80000000010034, "0.4": 18.500000000094815, "0.8": 9.000000000092655}, "AP_height": {"0.1": 22.625193145118608, "0.2": 29.933751776258315, "0.4": 36.398838602501854, "0.8": 41.012829760140384}, "AP_width": {"0.1": 1.1000000000002501, "0.2": 1.2000000000002728, "0.4": 1.2000000000002728, "0.8": 1.2000000000002728}, "AP_amplitude": {"0.1": 74.32779056449985, "0.2": 83.27331689682902, "0.4": 90.76054400342329, "0.8": 113.84222739907997}, "voltage_base": {"0.1": -72.82921939520291, "0.2": -72.82921939520291, "0.4": -72.82921939520291, "0.8": -72.82921939520291}}}, "NetPyNE": {"L6_TPC_L1_cADpyr231_4": {"mean_frequency": {"0.1": 2.4874074995351636, "0.2": 6.646726487209407, "0.4": 9.63339577201603, "0.8": 30.185641696453548}, "ISI_CV": {"0.1": 0.08077284580985092, "0.2": 0.3243090611416169, "0.4": 0.32424559284619725, "0.8": 0.12444540705448591}, "time_to_first_spike": {"0.1": 171.0000000001295, "0.2": 18.500000000094815, "0.4": 6.500000000092086, "0.8": 2.500000000091177}, "time_to_second_spike": {"0.1": 478.8000000000234, "0.2": 42.70000000010032, "0.4": 18.500000000094815, "0.8": 9.100000000092678}, "AP_height": {"0.1": 22.129584462888516, "0.2": 29.1365744151758, "0.4": 35.974073934584325, "0.8": 40.44366089784797}, "AP_width": {"0.1": 1.2000000000002728, "0.2": 1.1000000000002501, "0.4": 1.2000000000002728, "0.8": 1.3000000000002956}, "AP_amplitude": {"0.1": 74.07114208760785, "0.2": 82.23074857287857, "0.4": 89.67298111522194, "0.8": 113.27305811429181}, "voltage_base": {"0.1": -72.82921896577034, "0.2": -72.82921896577034, "0.4": -72.82921896577034, "0.8": -72.82921896577034}}}}