{"BBP": {"L23_LBC_dNAC222_3": {"mean_frequency": {"0.1": 37.33979210820979, "0.2": 65.38906493641579, "0.4": 99.41256213291885, "0.8": 148.73053232520502}, "ISI_CV": {"0.1": 0.03544746834885587, "0.2": 0.03639041263481994, "0.4": 0.020261413440655244, "0.8": 0.028507238042006094}, "time_to_first_spike": {"0.1": 9.100000000092678, "0.2": 4.100000000091541, "0.4": 2.3000000000911314, "0.8": 1.4000000000909267}, "time_to_second_spike": {"0.1": 33.4000000000982, "0.2": 16.80000000009443, "0.4": 10.600000000093019, "0.8": 7.6000000000923364}, "AP_height": {"0.1": 13.413263068675267, "0.2": 19.212247436271436, "0.4": 20.806731032442663, "0.8": 22.733060406280934}, "AP_width": {"0.1": 0.7000000000001592, "0.2": 0.7000000000001592, "0.4": 0.8000000000001819, "0.8": 0.8000000000001819}, "AP_amplitude": {"0.1": 69.60037254865829, "0.2": 75.23193515296725, "0.4": 93.85856521043775, "0.8": 95.78489458243584}, "voltage_base": {"0.1": -73.04742937846869, "0.2": -73.04742937846869, "0.4": -73.04742937846869, "0.8": -73.04742937846869}}}, "NetPyNE": {"L23_LBC_dNAC222_3": {"mean_frequency": {"0.1": 37.13554473832, "0.2": 65.04553187235484, "0.4": 98.905512601734, "0.8": 147.95867188293732}, "ISI_CV": {"0.1": 0.03467998949179728, "0.2": 0.03546089685206776, "0.4": 0.019240261329442974, "0.8": 0.029649142965040606}, "time_to_first_spike": {"0.1": 9.2000000000927, "0.2": 4.200000000091563, "0.4": 2.3000000000911314, "0.8": 1.4000000000909267}, "time_to_second_spike": {"0.1": 33.70000000009827, "0.2": 17.000000000094474, "0.4": 10.800000000093064, "0.8": 7.700000000092359}, "AP_height": {"0.1": 14.253320130384886, "0.2": 16.92329306635634, "0.4": 23.19064183087883, "0.8": 26.183586563271728}, "AP_width": {"0.1": 0.7000000000001592, "0.2": 0.7000000000001592, "0.4": 0.7000000000001592, "0.8": 0.7000000000001592}, "AP_amplitude": {"0.1": 69.91739288513219, "0.2": 73.16919150479536, "0.4": 94.25586108245413, "0.8": 99.23541165419846}, "voltage_base": {"0.1": -73.04742026551865, "0.2": -73.04742026551865, "0.4": -73.04742026551865, "0.8": -73.04742026551865}}}}