{"BBP": {"L5_DBC_bIR215_2": {"mean_frequency": {"0.1": 0, "0.2": 2.519399375190664, "0.4": 9.723146205420818, "0.8": 14.980112609132446}, "ISI_CV": {"0.1": 0, "0.2": 0.12597953003025344, "0.4": 0.28556259545955726, "0.8": 0.3041379234333537}, "time_to_first_spike": {"0.1": 0, "0.2": 16.600000000094383, "0.4": 5.3000000000918135, "0.8": 2.6000000000911996}, "time_to_second_spike": {"0.1": 0, "0.2": 371.0000000001214, "0.4": 26.40000000009661, "0.8": 15.500000000094133}, "AP_height": {"0.1": 0, "0.2": 13.476412314185508, "0.4": 20.158743760955005, "0.8": 25.16467279803323}, "AP_width": {"0.1": 0, "0.2": 0.6000000000001364, "0.4": 0.7000000000001592, "0.8": 0.6000000000001364}, "AP_amplitude": {"0.1": 0, "0.2": 68.27688983976286, "0.4": 74.39690451047042, "0.8": 99.27946158877896}, "voltage_base": {"0.1": -74.13073518830582, "0.2": -74.13073518830582, "0.4": -74.13073518830582, "0.8": -74.13073518830582}}}, "NetPyNE": {"L5_DBC_bIR215_2": {"mean_frequency": {"0.1": 0, "0.2": 0, "0.4": 9.203395030172896, "0.8": 14.429270806502883}, "ISI_CV": {"0.1": 0, "0.2": 0, "0.4": 0.25783701723857516, "0.8": 0.28342495732027606}, "time_to_first_spike": {"0.1": 0, "0.2": 0, "0.4": 5.800000000091927, "0.8": 2.900000000091268}, "time_to_second_spike": {"0.1": 0, "0.2": 0, "0.4": 28.20000000009702, "0.8": 16.200000000094292}, "AP_height": {"0.1": 0, "0.2": 0, "0.4": 20.982895393132114, "0.8": 23.38111190961676}, "AP_width": {"0.1": 0, "0.2": 0, "0.4": 0.6000000000001364, "0.8": 0.6000000000001364}, "AP_amplitude": {"0.1": 0, "0.2": 0, "0.4": 75.40948297308579, "0.8": 99.11311767140862}, "voltage_base": {"0.1": -75.730651619506, "0.2": -75.730651619506, "0.4": -75.730651619506, "0.8": -75.730651619506}}}}