{"BBP": {"L5_SBC_dNAC222_2": {"mean_frequency": {"0.1": 0, "0.2": 42.073628850516954, "0.4": 73.50349896798019, "0.8": 112.3257446595889}, "ISI_CV": {"0.1": 0, "0.2": 0.0085785782713028, "0.4": 0.0162322402761313, "0.8": 0.01387202290390668}, "time_to_first_spike": {"0.1": 0, "0.2": 8.000000000092427, "0.4": 3.200000000091336, "0.8": 1.6000000000909722}, "time_to_second_spike": {"0.1": 0, "0.2": 30.80000000009761, "0.4": 14.600000000093928, "0.8": 9.100000000092678}, "AP_height": {"0.1": 0, "0.2": 21.573965850503505, "0.4": 26.314278370116323, "0.8": 29.13901515005313}, "AP_width": {"0.1": 0, "0.2": 0.7000000000001592, "0.4": 0.7000000000001592, "0.8": 0.8000000000001819}, "AP_amplitude": {"0.1": 0, "0.2": 76.47946251232949, "0.4": 81.88706046557874, "0.8": 102.37075126603939}, "voltage_base": {"0.1": -73.2273689726708, "0.2": -73.2273689726708, "0.4": -73.2273689726708, "0.8": -73.2273689726708}}}, "NetPyNE": {"L5_SBC_dNAC222_2": {"mean_frequency": {"0.1": 0, "0.2": 41.8684422921995, "0.4": 73.16095409906755, "0.8": 111.7738459225861}, "ISI_CV": {"0.1": 0, "0.2": 0.008108028609330757, "0.4": 0.01554157760590256, "0.8": 0.014263279122704036}, "time_to_first_spike": {"0.1": 0, "0.2": 8.10000000009245, "0.4": 3.3000000000913587, "0.8": 1.700000000090995}, "time_to_second_spike": {"0.1": 0, "0.2": 31.10000000009768, "0.4": 14.800000000093974, "0.8": 9.300000000092723}, "AP_height": {"0.1": 0, "0.2": 20.766710866693202, "0.4": 24.97412020719304, "0.8": 26.90683756781505}, "AP_width": {"0.1": 0, "0.2": 0.7000000000001592, "0.4": 0.7000000000001592, "0.8": 0.7000000000001592}, "AP_amplitude": {"0.1": 0, "0.2": 76.64907604209887, "0.4": 79.37171538802215, "0.8": 100.13856487229597}, "voltage_base": {"0.1": -73.22736013374994, "0.2": -73.22736013374994, "0.4": -73.22736013374994, "0.8": -73.22736013374994}}}}