{"BBP": {"L6_LBC_bSTUT213_3": {"mean_frequency": {"0.1": 0, "0.2": 22.59538848663773, "0.4": 99.36766034333759, "0.8": 147.91415964711214}, "ISI_CV": {"0.1": 0, "0.2": 0.49594750931468873, "0.4": 0.034485523294048595, "0.8": 0.0187079379896293}, "time_to_first_spike": {"0.1": 0, "0.2": 7.900000000092405, "0.4": 3.1000000000913133, "0.8": 1.6000000000909722}, "time_to_second_spike": {"0.1": 0, "0.2": 21.800000000095565, "0.4": 11.600000000093246, "0.8": 8.000000000092427}, "AP_height": {"0.1": 0, "0.2": 17.780266877309856, "0.4": 19.155182809736292, "0.8": 21.36655343430541}, "AP_width": {"0.1": 0, "0.2": 0.5000000000001137, "0.4": 0.6000000000001364, "0.8": 0.6000000000001364}, "AP_amplitude": {"0.1": 0, "0.2": 72.83958512380339, "0.4": 74.15497949082695, "0.8": 94.86678139931809}, "voltage_base": {"0.1": -73.43042148352434, "0.2": -73.43042148352434, "0.4": -73.43042148352434, "0.8": -73.43042148352434}}}, "NetPyNE": {"L6_LBC_bSTUT213_3": {"mean_frequency": {"0.1": 0, "0.2": 13.717421124837811, "0.4": 94.63722397482773, "0.8": 143.7803717249612}, "ISI_CV": {"0.1": 0, "0.2": 0.16765231164803862, "0.4": 0.03277510196156925, "0.8": 0.01812384278997716}, "time_to_first_spike": {"0.1": 0, "0.2": 9.400000000092746, "0.4": 3.4000000000913815, "0.8": 1.700000000090995}, "time_to_second_spike": {"0.1": 0, "0.2": 24.800000000096247, "0.4": 12.200000000093382, "0.8": 8.300000000092496}, "AP_height": {"0.1": 0, "0.2": 15.8931573556916, "0.4": 18.849162936153956, "0.8": 25.898602876946843}, "AP_width": {"0.1": 0, "0.2": 0.5000000000001137, "0.4": 0.6000000000001364, "0.8": 0.6000000000001364}, "AP_amplitude": {"0.1": 0, "0.2": 71.36387529026649, "0.4": 74.35816562944431, "0.8": 100.64247728676253}, "voltage_base": {"0.1": -74.74382964455788, "0.2": -74.74382964455788, "0.4": -74.74382964455788, "0.8": -74.74382964455788}}}}