{"BBP": {"L4_MC_bNAC219_2": {"mean_frequency": {"0.1": 30.909551558166353, "0.2": 87.47674827817511, "0.4": 139.06257816026664, "0.8": 211.38048487291465}, "ISI_CV": {"0.1": 0.1501055136834436, "0.2": 0.024699953506596317, "0.4": 0.012528034375582664, "0.8": 0.016828676786105085}, "time_to_first_spike": {"0.1": 13.800000000093746, "0.2": 5.200000000091791, "0.4": 2.100000000091086, "0.8": 1.1000000000908585}, "time_to_second_spike": {"0.1": 28.400000000097066, "0.2": 14.400000000093883, "0.4": 9.2000000000927, "0.8": 6.700000000092132}, "AP_height": {"0.1": 10.789495863969535, "0.2": 15.05359044069345, "0.4": 19.398191859210456, "0.8": 21.772724093402164}, "AP_width": {"0.1": 0.5000000000001137, "0.2": 0.6000000000001364, "0.4": 0.6000000000001364, "0.8": 0.6000000000001364}, "AP_amplitude": {"0.1": 66.25490760667918, "0.2": 70.27009415128431, "0.4": 87.82690806406107, "0.8": 90.20144029619597}, "voltage_base": {"0.1": -68.42861864633652, "0.2": -68.42861864633652, "0.4": -68.42861864633652, "0.8": -68.42861864633652}}}, "NetPyNE": {"L4_MC_bNAC219_2": {"mean_frequency": {"0.1": 30.898591834688126, "0.2": 87.30995032370826, "0.4": 138.1796335236746, "0.8": 209.50000000014248}, "ISI_CV": {"0.1": 0.1500303035914665, "0.2": 0.024098976473750762, "0.4": 0.012189805022038081, "0.8": 0.015814337794172652}, "time_to_first_spike": {"0.1": 13.900000000093769, "0.2": 5.3000000000918135, "0.4": 2.2000000000911086, "0.8": 1.2000000000908813}, "time_to_second_spike": {"0.1": 28.50000000009709, "0.2": 14.500000000093905, "0.4": 9.300000000092723, "0.8": 6.900000000092177}, "AP_height": {"0.1": 10.535713104421239, "0.2": 14.558793195649812, "0.4": 17.81047193361211, "0.8": 20.82560873200028}, "AP_width": {"0.1": 0.5000000000001137, "0.2": 0.6000000000001364, "0.4": 0.6000000000001364, "0.8": 0.6000000000001364}, "AP_amplitude": {"0.1": 65.65243433019539, "0.2": 70.28082146563193, "0.4": 86.23899580443093, "0.8": 89.25432468104975}, "voltage_base": {"0.1": -68.42861839192219, "0.2": -68.42861839192219, "0.4": -68.42861839192219, "0.8": -68.42861839192219}}}}