{"BBP": {"L23_BTC_cACint209_2": {"mean_frequency": {"0.1": 21.67229474322321, "0.2": 33.257747543484385, "0.4": 58.770343580510065, "0.8": 113.40257915608085}, "ISI_CV": {"0.1": 0.26860449077025966, "0.2": 0.23346129096060914, "0.4": 0.18002757834894, "0.8": 0.11460345731530305}, "time_to_first_spike": {"0.1": 10.400000000092973, "0.2": 5.000000000091745, "0.4": 2.6000000000911996, "0.8": 1.4000000000909267}, "time_to_second_spike": {"0.1": 27.40000000009684, "0.2": 16.10000000009427, "0.4": 10.700000000093041, "0.8": 7.700000000092359}, "AP_height": {"0.1": 30.372908668036317, "0.2": 32.7416961544665, "0.4": 32.61149149813195, "0.8": 37.227742973962116}, "AP_width": {"0.1": 0.8000000000001819, "0.2": 0.9000000000002046, "0.4": 0.9000000000002046, "0.8": 1.0000000000002274}, "AP_amplitude": {"0.1": 85.43648587295542, "0.2": 88.4619913885688, "0.4": 87.49415648207932, "0.8": 109.27246282546491}, "voltage_base": {"0.1": -72.04398763111841, "0.2": -72.04398763111841, "0.4": -72.04398763111841, "0.8": -72.04398763111841}}}, "NetPyNE": {"L23_BTC_cACint209_2": {"mean_frequency": {"0.1": 21.6112981856708, "0.2": 33.192516596280825, "0.4": 58.74378671490659, "0.8": 113.26049914811746}, "ISI_CV": {"0.1": 0.26874212998482055, "0.2": 0.2336272583264463, "0.4": 0.1793678409498818, "0.8": 0.11255189710278925}, "time_to_first_spike": {"0.1": 10.500000000092996, "0.2": 5.100000000091768, "0.4": 2.6000000000911996, "0.8": 1.5000000000909495}, "time_to_second_spike": {"0.1": 27.600000000096884, "0.2": 16.300000000094315, "0.4": 10.800000000093064, "0.8": 7.800000000092382}, "AP_height": {"0.1": 29.99223855495271, "0.2": 32.79147671807247, "0.4": 33.891855581104934, "0.8": 34.55018280201484}, "AP_width": {"0.1": 0.8000000000001819, "0.2": 0.9000000000002046, "0.4": 0.9000000000002046, "0.8": 0.9000000000002046}, "AP_amplitude": {"0.1": 85.42864145116663, "0.2": 87.61780661842155, "0.4": 88.88166363019585, "0.8": 106.5949015807303}, "voltage_base": {"0.1": -72.04398655933791, "0.2": -72.04398655933791, "0.4": -72.04398655933791, "0.8": -72.04398655933791}}}}