{"BBP": {"L4_NBC_dNAC222_3": {"mean_frequency": {"0.1": 18.19652244239001, "0.2": 64.65193204033862, "0.4": 111.36751279228996, "0.8": 199.6697192615079}, "ISI_CV": {"0.1": 0.11874151470808941, "0.2": 0.03393670362944135, "0.4": 0.03711822254106251, "0.8": 0.12995606934581258}, "time_to_first_spike": {"0.1": 467.2000000000339, "0.2": 6.500000000092086, "0.4": 2.400000000091154, "0.8": 1.1000000000908585}, "time_to_second_spike": {"0.1": 532.6999999999744, "0.2": 20.800000000095338, "0.4": 10.500000000092996, "0.8": 6.900000000092177}, "AP_height": {"0.1": 11.72078802022379, "0.2": 18.452492085438774, "0.4": 24.224326050004247, "0.8": 25.350064911574698}, "AP_width": {"0.1": 0.6999999999993634, "0.2": 0.7000000000001592, "0.4": 0.7000000000001592, "0.8": 0.8000000000001819}, "AP_amplitude": {"0.1": 66.86908846984018, "0.2": 74.07307038672475, "0.4": 97.9864903431992, "0.8": 99.11222920191949}, "voltage_base": {"0.1": -73.7580277471357, "0.2": -73.7580277471357, "0.4": -73.7580277471357, "0.8": -73.7580277471357}}}, "NetPyNE": {"L4_NBC_dNAC222_3": {"mean_frequency": {"0.1": 18.14973531637228, "0.2": 64.3960356191009, "0.4": 110.91036836301822, "0.8": 200.1501125845744}, "ISI_CV": {"0.1": 0.11941713620564781, "0.2": 0.03489390765860862, "0.4": 0.038223315389401935, "0.8": 0.13489463159495013}, "time_to_first_spike": {"0.1": 467.70000000003347, "0.2": 6.600000000092109, "0.4": 2.500000000091177, "0.8": 1.2000000000908813}, "time_to_second_spike": {"0.1": 533.4999999999736, "0.2": 21.000000000095383, "0.4": 10.600000000093019, "0.8": 7.100000000092223}, "AP_height": {"0.1": 13.502473281143143, "0.2": 18.67493185991108, "0.4": 22.70501270862863, "0.8": 26.907318486593276}, "AP_width": {"0.1": 0.5999999999994543, "0.2": 0.7000000000001592, "0.4": 0.7000000000001592, "0.8": 0.8000000000001819}, "AP_amplitude": {"0.1": 68.82087131417323, "0.2": 75.07498452483776, "0.4": 96.46716969166178, "0.8": 100.6694754771292}, "voltage_base": {"0.1": -73.75802042188326, "0.2": -73.75802042188326, "0.4": -73.75802042188326, "0.8": -73.75802042188326}}}}