{"BBP": {"L23_BTC_bIR215_5": {"mean_frequency": {"0.1": 5.189712835893094, "0.2": 11.112233558952878, "0.4": 16.30240969994479, "0.8": 22.690601048825393}, "ISI_CV": {"0.1": 0.1438435473834509, "0.2": 0.3019185117614153, "0.4": 0.313575731413106, "0.8": 0.31583256426076317}, "time_to_first_spike": {"0.1": 16.600000000094383, "0.2": 5.3000000000918135, "0.4": 2.400000000091154, "0.8": 1.300000000090904}, "time_to_second_spike": {"0.1": 67.30000000010591, "0.2": 27.50000000009686, "0.4": 16.50000000009436, "0.8": 10.30000000009295}, "AP_height": {"0.1": 16.04417346489346, "0.2": 22.8602096372959, "0.4": 27.800084472258945, "0.8": 30.48749515981242}, "AP_width": {"0.1": 0.5000000000001137, "0.2": 0.6000000000001364, "0.4": 0.6000000000001364, "0.8": 0.6000000000001364}, "AP_amplitude": {"0.1": 71.9260385106675, "0.2": 77.97565534252722, "0.4": 100.42063425528796, "0.8": 103.19183366270235}, "voltage_base": {"0.1": -72.6391412715615, "0.2": -72.6391412715615, "0.4": -72.6391412715615, "0.8": -72.6391412715615}}}, "NetPyNE": {"L23_BTC_bIR215_5": {"mean_frequency": {"0.1": 0, "0.2": 8.427706083755957, "0.4": 14.952307295704829, "0.8": 21.515291224849303}, "ISI_CV": {"0.1": 0, "0.2": 0.25766974645121377, "0.4": 0.2882670727742401, "0.8": 0.2957079733830178}, "time_to_first_spike": {"0.1": 0, "0.2": 6.8000000000921546, "0.4": 2.900000000091268, "0.8": 1.5000000000909495}, "time_to_second_spike": {"0.1": 0, "0.2": 34.7000000000985, "0.4": 18.200000000094747, "0.8": 11.100000000093132}, "AP_height": {"0.1": 0, "0.2": 22.648859123336734, "0.4": 28.07384211295749, "0.8": 30.789476149108356}, "AP_width": {"0.1": 0, "0.2": 0.6000000000001364, "0.4": 0.6000000000001364, "0.8": 0.6000000000001364}, "AP_amplitude": {"0.1": 0, "0.2": 78.52959146082497, "0.4": 103.24668884306088, "0.8": 105.96232285998765}, "voltage_base": {"0.1": -75.17156705019697, "0.2": -75.17156705019697, "0.4": -75.17156705019697, "0.8": -75.17156705019697}}}}