{"BBP": {"L5_NBC_cSTUT189_5": {"mean_frequency": {"0.1": 0, "0.2": 43.35114426860486, "0.4": 74.64555883978822, "0.8": 111.52788197056846}, "ISI_CV": {"0.1": 0, "0.2": 0.08385277380563692, "0.4": 0.039555676791110723, "0.8": 0.02279964717914932}, "time_to_first_spike": {"0.1": 0, "0.2": 5.000000000091745, "0.4": 2.3000000000911314, "0.8": 1.2000000000908813}, "time_to_second_spike": {"0.1": 0, "0.2": 25.700000000096452, "0.4": 12.900000000093542, "0.8": 8.500000000092541}, "AP_height": {"0.1": 0, "0.2": 22.883684816896213, "0.4": 30.13776496860753, "0.8": 33.709759612988115}, "AP_width": {"0.1": 0, "0.2": 0.7000000000001592, "0.4": 0.7000000000001592, "0.8": 0.8000000000001819}, "AP_amplitude": {"0.1": 0, "0.2": 78.29444166977758, "0.4": 104.8250352514146, "0.8": 107.95010339534633}, "voltage_base": {"0.1": -74.50098546073546, "0.2": -74.50098546073546, "0.4": -74.50098546073546, "0.8": -74.50098546073546}}}, "NetPyNE": {"L5_NBC_cSTUT189_5": {"mean_frequency": {"0.1": 0, "0.2": 44.207776549814, "0.4": 74.3830728250995, "0.8": 111.08887109695303}, "ISI_CV": {"0.1": 0, "0.2": 0.04141980207036877, "0.4": 0.03485440626500313, "0.8": 0.020790195515573352}, "time_to_first_spike": {"0.1": 0, "0.2": 5.200000000091791, "0.4": 2.3000000000911314, "0.8": 1.300000000090904}, "time_to_second_spike": {"0.1": 0, "0.2": 25.30000000009636, "0.4": 13.20000000009361, "0.8": 8.600000000092564}, "AP_height": {"0.1": 0, "0.2": 27.92861123292718, "0.4": 25.332508972026723, "0.8": 30.825839308398297}, "AP_width": {"0.1": 0, "0.2": 0.7000000000001592, "0.4": 0.8000000000001819, "0.8": 0.7000000000001592}, "AP_amplitude": {"0.1": 0, "0.2": 83.4300314522053, "0.4": 99.95045168738801, "0.8": 105.44378199006823}, "voltage_base": {"0.1": -74.61683288456929, "0.2": -74.61683288456929, "0.4": -74.61683288456929, "0.8": -74.61683288456929}}}}