{"BBP": {"L23_SBC_cACint209_3": {"mean_frequency": {"0.1": 35.10883739595123, "0.2": 62.716371481654164, "0.4": 120.67497871922478, "0.8": 251.06276569159357}, "ISI_CV": {"0.1": 0.2304709844647275, "0.2": 0.1782966408428716, "0.4": 0.11777280656112986, "0.8": 0.027099067648035755}, "time_to_first_spike": {"0.1": 4.000000000091518, "0.2": 1.9000000000910404, "0.4": 1.1000000000908585, "0.8": 0.7000000000907676}, "time_to_second_spike": {"0.1": 14.200000000093837, "0.2": 9.600000000092791, "0.4": 7.100000000092223, "0.8": 5.500000000091859}, "AP_height": {"0.1": 35.489325413806824, "0.2": 33.645108012992594, "0.4": 38.871868893541645, "0.8": 38.33194237512461}, "AP_width": {"0.1": 0.9000000000002046, "0.2": 0.8000000000001819, "0.4": 0.9000000000002046, "0.8": 0.9000000000002046}, "AP_amplitude": {"0.1": 92.07439038607657, "0.2": 104.3056165983767, "0.4": 109.53237747677402, "0.8": 108.99245095405355}, "voltage_base": {"0.1": -70.6598313613532, "0.2": -70.6598313613532, "0.4": -70.6598313613532, "0.8": -70.6598313613532}}}, "NetPyNE": {"L23_SBC_cACint209_3": {"mean_frequency": {"0.1": 35.04205046057648, "0.2": 62.67863410724812, "0.4": 120.42751768787346, "0.8": 248.00000000016865}, "ISI_CV": {"0.1": 0.23044344490826568, "0.2": 0.17782471135237618, "0.4": 0.11567349079945306, "0.8": 0.02601097028825125}, "time_to_first_spike": {"0.1": 4.100000000091541, "0.2": 2.000000000091063, "0.4": 1.2000000000908813, "0.8": 0.7000000000907676}, "time_to_second_spike": {"0.1": 14.30000000009386, "0.2": 9.800000000092837, "0.4": 7.2000000000922455, "0.8": 5.500000000091859}, "AP_height": {"0.1": 34.355682151569766, "0.2": 37.208519337842255, "0.4": 34.79513707668564, "0.8": 40.178100857337576}, "AP_width": {"0.1": 0.8000000000001819, "0.2": 0.9000000000002046, "0.4": 1.0000000000002274, "0.8": 1.0000000000002274}, "AP_amplitude": {"0.1": 90.09180671161893, "0.2": 107.86902668254817, "0.4": 105.45564484741271, "0.8": 110.83860825874663}, "voltage_base": {"0.1": -70.6598301825211, "0.2": -70.6598301825211, "0.4": -70.6598301825211, "0.8": -70.6598301825211}}}}