{"BBP": {"L6_DBC_cNAC187_4": {"mean_frequency": {"0.1": 39.83059392964282, "0.2": 66.36834431097068, "0.4": 102.7362934750623, "0.8": 159.93707393807577}, "ISI_CV": {"0.1": 0.00802564977727868, "0.2": 0.019501387599801252, "0.4": 0.0308049314255217, "0.8": 0.10842468459778694}, "time_to_first_spike": {"0.1": 10.600000000093019, "0.2": 4.600000000091654, "0.4": 2.400000000091154, "0.8": 1.4000000000909267}, "time_to_second_spike": {"0.1": 34.7000000000985, "0.2": 18.200000000094747, "0.4": 11.300000000093178, "0.8": 7.900000000092405}, "AP_height": {"0.1": 9.591421969917032, "0.2": 16.5980764186949, "0.4": 20.676503890938477, "0.8": 23.676191799830438}, "AP_width": {"0.1": 0.7000000000001592, "0.2": 0.6000000000001364, "0.4": 0.7000000000001592, "0.8": 0.7000000000001592}, "AP_amplitude": {"0.1": 66.4226473954179, "0.2": 73.03097112784464, "0.4": 75.73204341610234, "0.8": 91.25864917718273}, "voltage_base": {"0.1": -67.5799859698472, "0.2": -67.5799859698472, "0.4": -67.5799859698472, "0.8": -67.5799859698472}}}, "NetPyNE": {"L6_DBC_cNAC187_4": {"mean_frequency": {"0.1": 39.68054648654058, "0.2": 66.11570247938378, "0.4": 102.34798314275466, "0.8": 158.68263473046525}, "ISI_CV": {"0.1": 0.00826516004381824, "0.2": 0.020584949557156614, "0.4": 0.03199908722370716, "0.8": 0.10200704885068275}, "time_to_first_spike": {"0.1": 10.700000000093041, "0.2": 4.700000000091677, "0.4": 2.500000000091177, "0.8": 1.4000000000909267}, "time_to_second_spike": {"0.1": 35.00000000009857, "0.2": 18.400000000094792, "0.4": 11.500000000093223, "0.8": 8.10000000009245}, "AP_height": {"0.1": 11.001211255117546, "0.2": 16.349813728540685, "0.4": 18.520110231377103, "0.8": 22.95806400028569}, "AP_width": {"0.1": 0.7000000000001592, "0.2": 0.6000000000001364, "0.4": 0.7000000000001592, "0.8": 0.7000000000001592}, "AP_amplitude": {"0.1": 67.6698393871702, "0.2": 72.1638065909788, "0.4": 73.81165830863398, "0.8": 90.54051760222544}, "voltage_base": {"0.1": -67.57998219092279, "0.2": -67.57998219092279, "0.4": -67.57998219092279, "0.8": -67.57998219092279}}}}