{"BBP": {"L4_LBC_cSTUT189_5": {"mean_frequency": {"0.1": 0, "0.2": 20.462451401691727, "0.4": 75.03751875943071, "0.8": 123.94620634291839}, "ISI_CV": {"0.1": 0, "0.2": 0.4115970342747724, "0.4": 0.02595340890679385, "0.8": 0.031972160121598626}, "time_to_first_spike": {"0.1": 0, "0.2": 10.400000000092973, "0.4": 3.500000000091404, "0.8": 1.6000000000909722}, "time_to_second_spike": {"0.1": 0, "0.2": 44.90000000010082, "0.4": 15.300000000094087, "0.8": 8.600000000092564}, "AP_height": {"0.1": 0, "0.2": 15.413198856185886, "0.4": 20.42072132842531, "0.8": 28.14032145722365}, "AP_width": {"0.1": 0, "0.2": 0.7000000000001592, "0.4": 0.8000000000001819, "0.8": 0.8000000000001819}, "AP_amplitude": {"0.1": 0, "0.2": 71.19206319064111, "0.4": 96.76890126957275, "0.8": 104.37400412366918}, "voltage_base": {"0.1": -76.36706677916375, "0.2": -76.36706677916375, "0.4": -76.36706677916375, "0.8": -76.36706677916375}}}, "NetPyNE": {"L4_LBC_cSTUT189_5": {"mean_frequency": {"0.1": 0, "0.2": 35.01471633007545, "0.4": 76.96564213496848, "0.8": 125.61305174665732}, "ISI_CV": {"0.1": 0, "0.2": 0.014573089377761328, "0.4": 0.015036153308426753, "0.8": 0.03252152011741672}, "time_to_first_spike": {"0.1": 0, "0.2": 9.800000000092837, "0.4": 3.500000000091404, "0.8": 1.6000000000909722}, "time_to_second_spike": {"0.1": 0, "0.2": 37.40000000009911, "0.4": 14.70000000009395, "0.8": 8.700000000092587}, "AP_height": {"0.1": 0, "0.2": 17.538231627595213, "0.4": 24.559959211288255, "0.8": 27.615761334742174}, "AP_width": {"0.1": 0, "0.2": 0.7000000000001592, "0.4": 0.7000000000001592, "0.8": 0.8000000000001819}, "AP_amplitude": {"0.1": 0, "0.2": 72.13619064074145, "0.4": 100.12919046294087, "0.8": 103.1849926896499}, "voltage_base": {"0.1": -75.56862949957484, "0.2": -75.56862949957484, "0.4": -75.56862949957484, "0.8": -75.56862949957484}}}}