{"BBP": {"L5_LBC_cIR216_4": {"mean_frequency": {"0.1": 20.774219700054598, "0.2": 38.54046749089161, "0.4": 75.85652567070358, "0.8": 155.48979284757516}, "ISI_CV": {"0.1": 0.33789257330894945, "0.2": 0.27932314207445047, "0.4": 0.15793585746825584, "0.8": 0.0718144361909551}, "time_to_first_spike": {"0.1": 9.600000000092791, "0.2": 4.000000000091518, "0.4": 2.100000000091086, "0.8": 1.1000000000908585}, "time_to_second_spike": {"0.1": 23.700000000095997, "0.2": 13.500000000093678, "0.4": 8.900000000092632, "0.8": 6.500000000092086}, "AP_height": {"0.1": 28.12203363837748, "0.2": 34.296377023750864, "0.4": 36.525152366492776, "0.8": 39.2506384329237}, "AP_width": {"0.1": 0.8000000000001819, "0.2": 0.9000000000002046, "0.4": 0.9000000000002046, "0.8": 1.0000000000002274}, "AP_amplitude": {"0.1": 83.92719158515992, "0.2": 90.06234717155857, "0.4": 112.56718005211575, "0.8": 114.63165052268243}, "voltage_base": {"0.1": -75.14646579998349, "0.2": -75.14646579998349, "0.4": -75.14646579998349, "0.8": -75.14646579998349}}}, "NetPyNE": {"L5_LBC_cIR216_4": {"mean_frequency": {"0.1": 15.176042088233672, "0.2": 32.9564467880363, "0.4": 68.30395258906752, "0.8": 143.20765109418377}, "ISI_CV": {"0.1": 0.252952339887069, "0.2": 0.20167691544683675, "0.4": 0.138292682284148, "0.8": 0.06388933194109249}, "time_to_first_spike": {"0.1": 11.500000000093223, "0.2": 4.700000000091677, "0.4": 2.3000000000911314, "0.8": 1.2000000000908813}, "time_to_second_spike": {"0.1": 29.200000000097248, "0.2": 14.400000000093883, "0.4": 9.300000000092723, "0.8": 6.700000000092132}, "AP_height": {"0.1": 31.470523169443982, "0.2": 31.443791129619182, "0.4": 35.813245041427905, "0.8": 38.361480176478906}, "AP_width": {"0.1": 0.8000000000001819, "0.2": 0.8000000000001819, "0.4": 0.9000000000002046, "0.8": 1.0000000000002274}, "AP_amplitude": {"0.1": 87.06768469946124, "0.2": 86.88312199705969, "0.4": 113.14171306345878, "0.8": 115.68994817129106}, "voltage_base": {"0.1": -77.32833151929474, "0.2": -77.32833151929474, "0.4": -77.32833151929474, "0.8": -77.32833151929474}}}}