{"BBP": {"L5_LBC_cACint209_1": {"mean_frequency": {"0.1": 19.324654190411763, "0.2": 28.548532505278345, "0.4": 46.35227730756873, "0.8": 83.19134008224557}, "ISI_CV": {"0.1": 0.27045380238638606, "0.2": 0.2586950008784163, "0.4": 0.21641337678517672, "0.8": 0.1667302282746044}, "time_to_first_spike": {"0.1": 17.90000000009468, "0.2": 7.900000000092405, "0.4": 3.7000000000914497, "0.8": 1.9000000000910404}, "time_to_second_spike": {"0.1": 40.60000000009984, "0.2": 21.100000000095406, "0.4": 12.900000000093542, "0.8": 9.000000000092655}, "AP_height": {"0.1": 26.556134526714835, "0.2": 28.848170967984046, "0.4": 32.27108084342594, "0.8": 34.81580784326887}, "AP_width": {"0.1": 0.8000000000001819, "0.2": 0.8000000000001819, "0.4": 0.9000000000002046, "0.8": 0.9000000000002046}, "AP_amplitude": {"0.1": 81.34884960401186, "0.2": 82.72394012252086, "0.4": 87.04822328735284, "0.8": 105.5864614927535}, "voltage_base": {"0.1": -70.77003133070971, "0.2": -70.77003133070971, "0.4": -70.77003133070971, "0.8": -70.77003133070971}}}, "NetPyNE": {"L5_LBC_cACint209_1": {"mean_frequency": {"0.1": 19.278575414756084, "0.2": 28.517110266179085, "0.4": 46.37330510613559, "0.8": 83.29987956649576}, "ISI_CV": {"0.1": 0.27046194276526386, "0.2": 0.25880986550723584, "0.4": 0.216277470188279, "0.8": 0.1651530851023831}, "time_to_first_spike": {"0.1": 18.0000000000947, "0.2": 8.000000000092427, "0.4": 3.8000000000914724, "0.8": 2.000000000091063}, "time_to_second_spike": {"0.1": 40.70000000009986, "0.2": 21.30000000009545, "0.4": 13.100000000093587, "0.8": 9.100000000092678}, "AP_height": {"0.1": 25.119184649109883, "0.2": 28.689452710566755, "0.4": 31.06278407247285, "0.8": 34.411345649515006}, "AP_width": {"0.1": 0.8000000000001819, "0.2": 0.8000000000001819, "0.4": 0.8000000000001819, "0.8": 0.9000000000002046}, "AP_amplitude": {"0.1": 79.6084519850483, "0.2": 83.43332553258625, "0.4": 86.03093803520599, "0.8": 105.18199840520751}, "voltage_base": {"0.1": -70.77003043823315, "0.2": -70.77003043823315, "0.4": -70.77003043823315, "0.8": -70.77003043823315}}}}