{"BBP": {"L4_PC_cADpyr230_2": {"mean_frequency": {"0.1": 2.9030946989509467, "0.2": 6.827731092441539, "0.4": 11.449388498576505, "0.8": 24.23508027871985}, "ISI_CV": {"0.1": 0.08073734038702472, "0.2": 0.2513057807269134, "0.4": 0.2454133099020006, "0.8": 0.15082976057728842}, "time_to_first_spike": {"0.1": 108.00000000011516, "0.2": 22.200000000095656, "0.4": 7.900000000092405, "0.8": 2.800000000091245}, "time_to_second_spike": {"0.1": 356.10000000013497, "0.2": 55.000000000103114, "0.4": 27.50000000009686, "0.8": 15.100000000094042}, "AP_height": {"0.1": 27.447722298210252, "0.2": 28.363688407217538, "0.4": 32.24962385965764, "0.8": 37.006709794966}, "AP_width": {"0.1": 0.9000000000002046, "0.2": 0.9000000000002046, "0.4": 1.0000000000002274, "0.8": 1.0000000000002274}, "AP_amplitude": {"0.1": 83.19801137400171, "0.2": 85.01022957444897, "0.4": 88.38984217649211, "0.8": 109.69899387544397}, "voltage_base": {"0.1": -72.69191875925404, "0.2": -72.69191875925404, "0.4": -72.69191875925404, "0.8": -72.69191875925404}}}, "NetPyNE": {"L4_PC_cADpyr230_2": {"mean_frequency": {"0.1": 2.8900063580158495, "0.2": 6.79489859921007, "0.4": 11.361875742402932, "0.8": 24.00720216066452}, "ISI_CV": {"0.1": 0.0799904178916375, "0.2": 0.24944899722195008, "0.4": 0.24363006547983374, "0.8": 0.15039112830976084}, "time_to_first_spike": {"0.1": 108.30000000011523, "0.2": 22.4000000000957, "0.4": 8.000000000092427, "0.8": 2.900000000091268}, "time_to_second_spike": {"0.1": 358.9000000001324, "0.2": 55.30000000010318, "0.4": 27.600000000096884, "0.8": 15.200000000094064}, "AP_height": {"0.1": 26.00867950696314, "0.2": 29.319572885099532, "0.4": 32.43009323264169, "0.8": 37.163379722154296}, "AP_width": {"0.1": 0.9000000000002046, "0.2": 0.8000000000001819, "0.4": 1.0000000000002274, "0.8": 1.0000000000002274}, "AP_amplitude": {"0.1": 80.94532233410092, "0.2": 85.80616549884775, "0.4": 89.22857336308792, "0.8": 109.85566297900763}, "voltage_base": {"0.1": -72.69191791728439, "0.2": -72.69191791728439, "0.4": -72.69191791728439, "0.8": -72.69191791728439}}}}