{"BBP": {"L23_LBC_cSTUT189_1": {"mean_frequency": {"0.1": 0, "0.2": 26.082954022418257, "0.4": 71.89903967021824, "0.8": 114.23418006921938}, "ISI_CV": {"0.1": 0, "0.2": 0.3382046665285555, "0.4": 0.026943853211733308, "0.8": 0.018803809226096486}, "time_to_first_spike": {"0.1": 0, "0.2": 11.500000000093223, "0.4": 3.500000000091404, "0.8": 1.8000000000910177}, "time_to_second_spike": {"0.1": 0, "0.2": 60.00000000010425, "0.4": 15.600000000094155, "0.8": 9.400000000092746}, "AP_height": {"0.1": 0, "0.2": 15.683380213058522, "0.4": 22.671189828929542, "0.8": 25.04911388564994}, "AP_width": {"0.1": 0, "0.2": 0.7000000000001592, "0.4": 0.7000000000001592, "0.8": 0.7000000000001592}, "AP_amplitude": {"0.1": 0, "0.2": 71.16289379652908, "0.4": 78.60269422987264, "0.8": 100.61075033729131}, "voltage_base": {"0.1": -75.52538188456448, "0.2": -75.52538188456448, "0.4": -75.52538188456448, "0.8": -75.52538188456448}}}, "NetPyNE": {"L23_LBC_cSTUT189_1": {"mean_frequency": {"0.1": 0, "0.2": 36.32327716680901, "0.4": 73.24904675903029, "0.8": 115.07479861918065}, "ISI_CV": {"0.1": 0, "0.2": 0.028572062770505186, "0.4": 0.014008007471272212, "0.8": 0.01814887257231159}, "time_to_first_spike": {"0.1": 0, "0.2": 8.600000000092564, "0.4": 3.4000000000913815, "0.8": 1.8000000000910177}, "time_to_second_spike": {"0.1": 0, "0.2": 34.200000000098385, "0.4": 15.100000000094042, "0.8": 9.300000000092723}, "AP_height": {"0.1": 0, "0.2": 17.879259982950774, "0.4": 22.713969510474126, "0.8": 26.44927884131655}, "AP_width": {"0.1": 0, "0.2": 0.7000000000001592, "0.4": 0.7000000000001592, "0.8": 0.7000000000001592}, "AP_amplitude": {"0.1": 0, "0.2": 73.8272746215085, "0.4": 77.25262380152623, "0.8": 101.6059250189052}, "voltage_base": {"0.1": -75.15584041351012, "0.2": -75.15584041351012, "0.4": -75.15584041351012, "0.8": -75.15584041351012}}}}