{"BBP": {"L23_NGC_cACint209_5": {"mean_frequency": {"0.1": 26.696217196411602, "0.2": 42.238648363281044, "0.4": 84.73726434021, "0.8": 249.99999999913416}, "ISI_CV": {"0.1": 0.25231959503007195, "0.2": 0.21912149894742444, "0.4": 0.13647974884781724, "0.8": 0.22569337606584733}, "time_to_first_spike": {"0.1": 14.500000000093905, "0.2": 6.900000000092177, "0.4": 3.4000000000913815, "0.8": 1.8000000000910177}, "time_to_second_spike": {"0.1": 30.100000000097452, "0.2": 17.300000000094542, "0.4": 11.300000000093178, "0.8": 8.000000000092427}, "AP_height": {"0.1": 19.97072857717929, "0.2": 24.038301911977808, "0.4": 27.29694276518026, "0.8": 30.08536782038638}, "AP_width": {"0.1": 0.9000000000002046, "0.2": 0.9000000000002046, "0.4": 0.9000000000002046, "0.8": 1.0000000000002274}, "AP_amplitude": {"0.1": 74.79270000235168, "0.2": 79.38455080201399, "0.4": 82.90128470259367, "0.8": 100.54276470901138}, "voltage_base": {"0.1": -70.45670044764267, "0.2": -70.45670044764267, "0.4": -70.45670044764267, "0.8": -70.45670044764267}}}, "NetPyNE": {"L23_NGC_cACint209_5": {"mean_frequency": {"0.1": 26.665325015111677, "0.2": 42.293942903205775, "0.4": 85.20022051827571, "0.8": 247.34982332070658}, "ISI_CV": {"0.1": 0.2524673153394947, "0.2": 0.21914190353399018, "0.4": 0.13530304828718887, "0.8": 0.22860890869344194}, "time_to_first_spike": {"0.1": 14.70000000009395, "0.2": 7.0000000000922, "0.4": 3.500000000091404, "0.8": 1.9000000000910404}, "time_to_second_spike": {"0.1": 30.300000000097498, "0.2": 17.500000000094587, "0.4": 11.4000000000932, "0.8": 8.10000000009245}, "AP_height": {"0.1": 18.307547779795648, "0.2": 23.749478446856443, "0.4": 26.181130427838227, "0.8": 27.852499066995936}, "AP_width": {"0.1": 0.9000000000002046, "0.2": 0.9000000000002046, "0.4": 1.0000000000002274, "0.8": 1.0000000000002274}, "AP_amplitude": {"0.1": 72.3049146751911, "0.2": 79.40153375498858, "0.4": 80.79442014261645, "0.8": 98.3098945043014}, "voltage_base": {"0.1": -70.45669896177884, "0.2": -70.45669896177884, "0.4": -70.45669896177884, "0.8": -70.45669896177884}}}}