{"BBP": {"L23_ChC_cNAC187_4": {"mean_frequency": {"0.1": 33.942955570213975, "0.2": 53.430112404895354, "0.4": 79.9879263507938, "0.8": 118.2957393484513}, "ISI_CV": {"0.1": 0.036438717627132224, "0.2": 0.03179450844755902, "0.4": 0.023905242077232464, "0.8": 0.012753837373346835}, "time_to_first_spike": {"0.1": 9.700000000092814, "0.2": 4.600000000091654, "0.4": 2.500000000091177, "0.8": 1.4000000000909267}, "time_to_second_spike": {"0.1": 36.70000000009895, "0.2": 20.90000000009536, "0.4": 12.700000000093496, "0.8": 8.600000000092564}, "AP_height": {"0.1": 15.821658801032816, "0.2": 20.971963046672446, "0.4": 22.54951037989263, "0.8": 24.791273907024557}, "AP_width": {"0.1": 0.7000000000001592, "0.2": 0.7000000000001592, "0.4": 0.7000000000001592, "0.8": 0.8000000000001819}, "AP_amplitude": {"0.1": 69.10135802794298, "0.2": 75.98720888074537, "0.4": 77.37221389260282, "0.8": 93.57318524642922}, "voltage_base": {"0.1": -68.77893663786041, "0.2": -68.77893663786041, "0.4": -68.77893663786041, "0.8": -68.77893663786041}}}, "NetPyNE": {"L23_ChC_cNAC187_4": {"mean_frequency": {"0.1": 33.81276810499391, "0.2": 53.223538863261695, "0.4": 79.66730133285301, "0.8": 117.76497118524665}, "ISI_CV": {"0.1": 0.03588699181527499, "0.2": 0.030958495139475583, "0.4": 0.022899718179883555, "0.8": 0.012882797009886987}, "time_to_first_spike": {"0.1": 9.800000000092837, "0.2": 4.700000000091677, "0.4": 2.500000000091177, "0.8": 1.5000000000909495}, "time_to_second_spike": {"0.1": 36.900000000099, "0.2": 21.100000000095406, "0.4": 12.900000000093542, "0.8": 8.700000000092587}, "AP_height": {"0.1": 17.530037000937867, "0.2": 20.7360834452462, "0.4": 20.729367340697156, "0.8": 25.957733763559098}, "AP_width": {"0.1": 0.7000000000001592, "0.2": 0.7000000000001592, "0.4": 0.8000000000001819, "0.8": 0.7000000000001592}, "AP_amplitude": {"0.1": 70.46845898838929, "0.2": 75.1070110715421, "0.4": 75.72933744181049, "0.8": 94.73964023249252}, "voltage_base": {"0.1": -68.77893176153479, "0.2": -68.77893176153479, "0.4": -68.77893176153479, "0.8": -68.77893176153479}}}}