{"BBP": {"L6_SBC_bNAC219_4": {"mean_frequency": {"0.1": 0, "0.2": 112.51125112518902, "0.4": 155.41963300923024, "0.8": 243.90243902343641}, "ISI_CV": {"0.1": 0, "0.2": 0.015058394795172845, "0.4": 0.010432741159005632, "0.8": 0.03732951098710237}, "time_to_first_spike": {"0.1": 0, "0.2": 3.200000000091336, "0.4": 1.700000000090995, "0.8": 1.0000000000908358}, "time_to_second_spike": {"0.1": 0, "0.2": 11.500000000093223, "0.4": 8.300000000092496, "0.8": 6.300000000092041}, "AP_height": {"0.1": 0, "0.2": 13.1711751482378, "0.4": 20.961225358444313, "0.8": 26.431734456500152}, "AP_width": {"0.1": 0, "0.2": 0.6000000000001364, "0.4": 0.6000000000001364, "0.8": 0.6000000000001364}, "AP_amplitude": {"0.1": 0, "0.2": 68.56059896857558, "0.4": 92.09803037370298, "0.8": 97.56853946885141}, "voltage_base": {"0.1": -71.13670646717803, "0.2": -71.13670646717803, "0.4": -71.13670646717803, "0.8": -71.13670646717803}}}, "NetPyNE": {"L6_SBC_bNAC219_4": {"mean_frequency": {"0.1": 0, "0.2": 111.72904454138562, "0.4": 154.10787551296377, "0.8": 240.96385542075512}, "ISI_CV": {"0.1": 0, "0.2": 0.014695201764724636, "0.4": 0.010979461738576661, "0.8": 0.03692594870616072}, "time_to_first_spike": {"0.1": 0, "0.2": 3.200000000091336, "0.4": 1.8000000000910177, "0.8": 1.0000000000908358}, "time_to_second_spike": {"0.1": 0, "0.2": 11.600000000093246, "0.4": 8.400000000092518, "0.8": 6.400000000092064}, "AP_height": {"0.1": 0, "0.2": 15.862145238820716, "0.4": 19.672500463758197, "0.8": 25.496176609219095}, "AP_width": {"0.1": 0, "0.2": 0.5000000000001137, "0.4": 0.5000000000001137, "0.8": 0.6000000000001364}, "AP_amplitude": {"0.1": 0, "0.2": 71.33920580581898, "0.4": 90.80930543778689, "0.8": 96.63298154428527}, "voltage_base": {"0.1": -71.1367063892909, "0.2": -71.1367063892909, "0.4": -71.1367063892909, "0.8": -71.1367063892909}}}}