{"BBP": {"L5_BTC_cACint209_4": {"mean_frequency": {"0.1": 27.43763020173595, "0.2": 44.53892094344549, "0.4": 95.79697060895263, "0.8": 207.68691822654498}, "ISI_CV": {"0.1": 0.23827663057041706, "0.2": 0.19152608833693913, "0.4": 0.0960419485937684, "0.8": 0.027930392779780416}, "time_to_first_spike": {"0.1": 14.70000000009395, "0.2": 6.400000000092064, "0.4": 2.900000000091268, "0.8": 1.6000000000909722}, "time_to_second_spike": {"0.1": 28.300000000097043, "0.2": 16.300000000094315, "0.4": 10.800000000093064, "0.8": 7.800000000092382}, "AP_height": {"0.1": 23.97275956220998, "0.2": 28.31811999802538, "0.4": 30.675043358366835, "0.8": 32.850951111196615}, "AP_width": {"0.1": 0.8000000000001819, "0.2": 0.8000000000001819, "0.4": 0.9000000000002046, "0.8": 0.9000000000002046}, "AP_amplitude": {"0.1": 79.86700220836056, "0.2": 85.25510589091925, "0.4": 86.78548767011128, "0.8": 103.23325776518703}, "voltage_base": {"0.1": -70.3817182895866, "0.2": -70.3817182895866, "0.4": -70.3817182895866, "0.8": -70.3817182895866}}}, "NetPyNE": {"L5_BTC_cACint209_4": {"mean_frequency": {"0.1": 27.391701329023306, "0.2": 44.50288257310591, "0.4": 95.89797660296718, "0.8": 205.0717751214319}, "ISI_CV": {"0.1": 0.23849204752902634, "0.2": 0.19205301111772397, "0.4": 0.09485033883328993, "0.8": 0.027869385134812498}, "time_to_first_spike": {"0.1": 14.900000000093996, "0.2": 6.500000000092086, "0.4": 3.0000000000912905, "0.8": 1.6000000000909722}, "time_to_second_spike": {"0.1": 28.50000000009709, "0.2": 16.400000000094337, "0.4": 10.900000000093087, "0.8": 7.900000000092405}, "AP_height": {"0.1": 21.444131154432586, "0.2": 28.199088657258223, "0.4": 32.404564324561946, "0.8": 34.86993461976834}, "AP_width": {"0.1": 0.8000000000001819, "0.2": 0.8000000000001819, "0.4": 0.9000000000002046, "0.8": 0.9000000000002046}, "AP_amplitude": {"0.1": 78.25628795249582, "0.2": 84.38067250329621, "0.4": 88.66611677532174, "0.8": 105.25224047397381}, "voltage_base": {"0.1": -70.38171747172166, "0.2": -70.38171747172166, "0.4": -70.38171747172166, "0.8": -70.38171747172166}}}}