{"BBP": {"L4_LBC_cACint209_3": {"mean_frequency": {"0.1": 32.35918697544916, "0.2": 54.21686746991634, "0.4": 125.0062754155174, "0.8": 222.62244234344018}, "ISI_CV": {"0.1": 0.2431881694482512, "0.2": 0.1935274968783496, "0.4": 0.0874083111994581, "0.8": 0.019628472673706716}, "time_to_first_spike": {"0.1": 13.400000000093655, "0.2": 5.90000000009195, "0.4": 2.7000000000912223, "0.8": 1.5000000000909495}, "time_to_second_spike": {"0.1": 24.400000000096156, "0.2": 14.600000000093928, "0.4": 9.90000000009286, "0.8": 7.300000000092268}, "AP_height": {"0.1": 20.753933808626435, "0.2": 25.679969971473966, "0.4": 28.992391611655687, "0.8": 29.714064183422796}, "AP_width": {"0.1": 0.9000000000002046, "0.2": 0.8000000000001819, "0.4": 0.9000000000002046, "0.8": 0.9000000000002046}, "AP_amplitude": {"0.1": 76.32478447865591, "0.2": 81.99910210604193, "0.4": 84.82948854731853, "0.8": 98.8387605667746}, "voltage_base": {"0.1": -69.12411353484606, "0.2": -69.12411353484606, "0.4": -69.12411353484606, "0.8": -69.12411353484606}}}, "NetPyNE": {"L4_LBC_cACint209_3": {"mean_frequency": {"0.1": 32.355915065744874, "0.2": 54.41902650411834, "0.4": 125.06878783339336, "0.8": 219.41689209512958}, "ISI_CV": {"0.1": 0.24352886428624385, "0.2": 0.19339077244500788, "0.4": 0.08538994943287827, "0.8": 0.02063151511849359}, "time_to_first_spike": {"0.1": 13.500000000093678, "0.2": 6.000000000091973, "0.4": 2.800000000091245, "0.8": 1.5000000000909495}, "time_to_second_spike": {"0.1": 24.50000000009618, "0.2": 14.70000000009395, "0.4": 10.000000000092882, "0.8": 7.400000000092291}, "AP_height": {"0.1": 21.339216273990562, "0.2": 25.03581867067064, "0.4": 26.94580357819232, "0.8": 32.35042900626037}, "AP_width": {"0.1": 0.9000000000002046, "0.2": 0.8000000000001819, "0.4": 0.9000000000002046, "0.8": 0.9000000000002046}, "AP_amplitude": {"0.1": 77.78311472034878, "0.2": 80.17667001873183, "0.4": 82.95774486948321, "0.8": 101.4751247102969}, "voltage_base": {"0.1": -69.12411283550824, "0.2": -69.12411283550824, "0.4": -69.12411283550824, "0.8": -69.12411283550824}}}}