{"BBP": {"L4_DBC_cIR216_4": {"mean_frequency": {"0.1": 10.377750103784468, "0.2": 23.169134683202984, "0.4": 44.227773031140245, "0.8": 95.38152610448245}, "ISI_CV": {"0.1": 0.5182339905611382, "0.2": 0.3765967492687687, "0.4": 0.33270743858524676, "0.8": 0.16937404851803572}, "time_to_first_spike": {"0.1": 26.200000000096566, "0.2": 4.9000000000917225, "0.4": 2.2000000000911086, "0.8": 1.1000000000908585}, "time_to_second_spike": {"0.1": 49.80000000010193, "0.2": 14.70000000009395, "0.4": 9.400000000092746, "0.8": 6.900000000092177}, "AP_height": {"0.1": 33.08592631257908, "0.2": 37.43354517390278, "0.4": 35.58289479897992, "0.8": 42.376250712649956}, "AP_width": {"0.1": 0.8000000000001819, "0.2": 0.8000000000001819, "0.4": 0.9000000000002046, "0.8": 1.0000000000002274}, "AP_amplitude": {"0.1": 88.67682652970822, "0.2": 93.43832802493296, "0.4": 113.1372834282503, "0.8": 119.64354097509033}, "voltage_base": {"0.1": -77.09896312037719, "0.2": -77.09896312037719, "0.4": -77.09896312037719, "0.8": -77.09896312037719}}}, "NetPyNE": {"L4_DBC_cIR216_4": {"mean_frequency": {"0.1": 0, "0.2": 21.825195411648103, "0.4": 42.69640345592612, "0.8": 93.06980235182711}, "ISI_CV": {"0.1": 0, "0.2": 0.21298242721042399, "0.4": 0.17456215235868133, "0.8": 0.129174625497262}, "time_to_first_spike": {"0.1": 0, "0.2": 5.200000000091791, "0.4": 2.2000000000911086, "0.8": 1.2000000000908813}, "time_to_second_spike": {"0.1": 0, "0.2": 15.100000000094042, "0.4": 9.500000000092768, "0.8": 7.0000000000922}, "AP_height": {"0.1": 0, "0.2": 37.34198319086059, "0.4": 37.91248554074959, "0.8": 40.32382423274916}, "AP_width": {"0.1": 0, "0.2": 0.9000000000002046, "0.4": 0.9000000000002046, "0.8": 0.9000000000002046}, "AP_amplitude": {"0.1": 0, "0.2": 93.1711285606367, "0.4": 115.81113817121982, "0.8": 118.22247686117801}, "voltage_base": {"0.1": -77.89851024642617, "0.2": -77.89851024642617, "0.4": -77.89851024642617, "0.8": -77.89851024642617}}}}