{"BBP": {"L6_DBC_cACint209_4": {"mean_frequency": {"0.1": 28.729838709696903, "0.2": 48.209712248312755, "0.4": 85.31566797155247, "0.8": 181.22653316658128}, "ISI_CV": {"0.1": 0.23512894267550752, "0.2": 0.20102357501216236, "0.4": 0.14952413966943146, "0.8": 0.20156026853721595}, "time_to_first_spike": {"0.1": 11.200000000093155, "0.2": 4.9000000000917225, "0.4": 2.500000000091177, "0.8": 1.4000000000909267}, "time_to_second_spike": {"0.1": 25.800000000096475, "0.2": 15.200000000094064, "0.4": 10.200000000092928, "0.8": 7.400000000092291}, "AP_height": {"0.1": 28.793620086634817, "0.2": 31.294539908398544, "0.4": 31.391466852548106, "0.8": 34.505062733075626}, "AP_width": {"0.1": 0.8000000000001819, "0.2": 0.8000000000001819, "0.4": 0.8000000000001819, "0.8": 0.9000000000002046}, "AP_amplitude": {"0.1": 85.37508689583694, "0.2": 86.85424511651479, "0.4": 86.5717188821789, "0.8": 103.76404265980725}, "voltage_base": {"0.1": -69.25847128446448, "0.2": -69.25847128446448, "0.4": -69.25847128446448, "0.8": -69.25847128446448}}}, "NetPyNE": {"L6_DBC_cACint209_4": {"mean_frequency": {"0.1": 28.63314412017818, "0.2": 48.09860213440816, "0.4": 85.3113865610054, "0.8": 182.72841051326563}, "ISI_CV": {"0.1": 0.23519341071747704, "0.2": 0.2008235026131636, "0.4": 0.14809942098109535, "0.8": 0.19797238111179613}, "time_to_first_spike": {"0.1": 11.300000000093178, "0.2": 5.000000000091745, "0.4": 2.500000000091177, "0.8": 1.4000000000909267}, "time_to_second_spike": {"0.1": 26.00000000009652, "0.2": 15.300000000094087, "0.4": 10.30000000009295, "0.8": 7.500000000092314}, "AP_height": {"0.1": 27.57090659416532, "0.2": 30.217486853608328, "0.4": 31.811612953783733, "0.8": 35.87751048155448}, "AP_width": {"0.1": 0.8000000000001819, "0.2": 0.8000000000001819, "0.4": 0.9000000000002046, "0.8": 0.9000000000002046}, "AP_amplitude": {"0.1": 83.91556722190657, "0.2": 86.48701520018874, "0.4": 87.19242848929133, "0.8": 105.13648972551957}, "voltage_base": {"0.1": -69.25847059913399, "0.2": -69.25847059913399, "0.4": -69.25847059913399, "0.8": -69.25847059913399}}}}