{"BBP": {"L5_ChC_cACint209_1": {"mean_frequency": {"0.1": 29.24713831881364, "0.2": 45.78155657295455, "0.4": 88.65514650644643, "0.8": 203.30495743629243}, "ISI_CV": {"0.1": 0.2475495698334146, "0.2": 0.21189491740124144, "0.4": 0.12733594959622097, "0.8": 0.059969648961267594}, "time_to_first_spike": {"0.1": 15.000000000094019, "0.2": 6.500000000092086, "0.4": 2.900000000091268, "0.8": 1.5000000000909495}, "time_to_second_spike": {"0.1": 29.30000000009727, "0.2": 16.300000000094315, "0.4": 10.500000000092996, "0.8": 7.500000000092314}, "AP_height": {"0.1": 22.85184147479397, "0.2": 25.37723740143363, "0.4": 29.60005058094164, "0.8": 32.3319015934913}, "AP_width": {"0.1": 0.8000000000001819, "0.2": 0.8000000000001819, "0.4": 0.9000000000002046, "0.8": 0.9000000000002046}, "AP_amplitude": {"0.1": 77.47465487059193, "0.2": 80.8301712546351, "0.4": 84.10377049141424, "0.8": 101.37178973928408}, "voltage_base": {"0.1": -69.03927790690011, "0.2": -69.03927790690011, "0.4": -69.03927790690011, "0.8": -69.03927790690011}}}, "NetPyNE": {"L5_ChC_cACint209_1": {"mean_frequency": {"0.1": 29.19414103792186, "0.2": 45.809212182261135, "0.4": 89.02077151341354, "0.8": 202.00000000013736}, "ISI_CV": {"0.1": 0.2479446807870812, "0.2": 0.21211109558026803, "0.4": 0.12592145922989953, "0.8": 0.05789303425502694}, "time_to_first_spike": {"0.1": 15.100000000094042, "0.2": 6.600000000092109, "0.4": 3.0000000000912905, "0.8": 1.6000000000909722}, "time_to_second_spike": {"0.1": 29.400000000097293, "0.2": 16.50000000009436, "0.4": 10.700000000093041, "0.8": 7.700000000092359}, "AP_height": {"0.1": 22.8428335049167, "0.2": 25.18044964885129, "0.4": 28.395444522716264, "0.8": 29.882997790034718}, "AP_width": {"0.1": 0.8000000000001819, "0.2": 0.9000000000002046, "0.4": 0.9000000000002046, "0.8": 1.0000000000002274}, "AP_amplitude": {"0.1": 76.77661642608734, "0.2": 79.6878106812459, "0.4": 83.45795191926061, "0.8": 98.92288471967863}, "voltage_base": {"0.1": -69.03927666628863, "0.2": -69.03927666628863, "0.4": -69.03927666628863, "0.8": -69.03927666628863}}}}