{"BBP": {"L6_NBC_dSTUT214_3": {"mean_frequency": {"0.1": 40.75471698115973, "0.2": 72.65985167373148, "0.4": 110.27568922313257, "0.8": 167.32628625831723}, "ISI_CV": {"0.1": 0.08797351966313989, "0.2": 0.04232177022973878, "0.4": 0.020088929055065305, "0.8": 0.036437661648552874}, "time_to_first_spike": {"0.1": 7.300000000092268, "0.2": 3.3000000000913587, "0.4": 1.8000000000910177, "0.8": 1.1000000000908585}, "time_to_second_spike": {"0.1": 31.80000000009784, "0.2": 14.500000000093905, "0.4": 9.400000000092746, "0.8": 6.700000000092132}, "AP_height": {"0.1": 19.96423654554593, "0.2": 20.967437822766072, "0.4": 25.64393900494475, "0.8": 24.783038996633948}, "AP_width": {"0.1": 0.7000000000001592, "0.2": 0.8000000000001819, "0.4": 0.7000000000001592, "0.8": 0.8000000000001819}, "AP_amplitude": {"0.1": 75.62428910365901, "0.2": 77.09980942086077, "0.4": 99.99784558945049, "0.8": 99.27297639082217}, "voltage_base": {"0.1": -74.4677463967934, "0.2": -74.4677463967934, "0.4": -74.4677463967934, "0.8": -74.4677463967934}}}, "NetPyNE": {"L6_NBC_dSTUT214_3": {"mean_frequency": {"0.1": 15.559905636711868, "0.2": 68.48970136480449, "0.4": 106.61727900698008, "0.8": 162.02430364565703}, "ISI_CV": {"0.1": 0.10157919988557293, "0.2": 0.03398763804974097, "0.4": 0.01787243500795397, "0.8": 0.035332961161170476}, "time_to_first_spike": {"0.1": 9.500000000092768, "0.2": 3.7000000000914497, "0.4": 2.000000000091063, "0.8": 1.1000000000908585}, "time_to_second_spike": {"0.1": 583.2999999999283, "0.2": 15.800000000094201, "0.4": 9.90000000009286, "0.8": 7.0000000000922}, "AP_height": {"0.1": 16.44590592691589, "0.2": 23.704977555255812, "0.4": 24.60610461344362, "0.8": 25.578371133112544}, "AP_width": {"0.1": 0.7000000000001592, "0.2": 0.7000000000001592, "0.4": 0.7000000000001592, "0.8": 0.8000000000001819}, "AP_amplitude": {"0.1": 72.91165099310223, "0.2": 79.82935677600068, "0.4": 100.55515345602188, "0.8": 101.5274199470949}, "voltage_base": {"0.1": -75.94665271977348, "0.2": -75.94665271977348, "0.4": -75.94665271977348, "0.8": -75.94665271977348}}}}