{"BBP": {"L1_NGC-DA_cNAC187_4": {"mean_frequency": {"0.1": 46.82072194535725, "0.2": 67.3096242716953, "0.4": 96.39038104329052, "0.8": 141.71256885337624}, "ISI_CV": {"0.1": 0.10443077975405489, "0.2": 0.09471840697735798, "0.4": 0.07247530337247378, "0.8": 0.02440349375444146}, "time_to_first_spike": {"0.1": 3.900000000091495, "0.2": 2.3000000000911314, "0.4": 1.5000000000909495, "0.8": 1.0000000000908358}, "time_to_second_spike": {"0.1": 20.000000000095156, "0.2": 12.900000000093542, "0.4": 9.100000000092678, "0.8": 6.8000000000921546}, "AP_height": {"0.1": 22.51251043955627, "0.2": 28.06360056097694, "0.4": 26.89152296500282, "0.8": 28.690280101686707}, "AP_width": {"0.1": 0.7000000000001592, "0.2": 0.7000000000001592, "0.4": 0.7000000000001592, "0.8": 0.7000000000001592}, "AP_amplitude": {"0.1": 77.95897850067253, "0.2": 83.16812669243056, "0.4": 96.29742492446064, "0.8": 98.09618205916614}, "voltage_base": {"0.1": -69.40237476264494, "0.2": -69.40237476264494, "0.4": -69.40237476264494, "0.8": -69.40237476264494}}}, "NetPyNE": {"L1_NGC-DA_cNAC187_4": {"mean_frequency": {"0.1": 46.55819774721563, "0.2": 67.00927045550696, "0.4": 95.94133011861045, "0.8": 140.8803770180442}, "ISI_CV": {"0.1": 0.1039518678322932, "0.2": 0.0937544516106842, "0.4": 0.07085190400592137, "0.8": 0.0228917228856811}, "time_to_first_spike": {"0.1": 3.900000000091495, "0.2": 2.3000000000911314, "0.4": 1.5000000000909495, "0.8": 1.0000000000908358}, "time_to_second_spike": {"0.1": 20.2000000000952, "0.2": 13.000000000093564, "0.4": 9.2000000000927, "0.8": 6.900000000092177}, "AP_height": {"0.1": 25.128524198031187, "0.2": 24.01685520364852, "0.4": 29.94076415610736, "0.8": 31.60542313926765}, "AP_width": {"0.1": 0.7000000000001592, "0.2": 0.7000000000001592, "0.4": 0.7000000000001592, "0.8": 0.7000000000001592}, "AP_amplitude": {"0.1": 80.95856975226107, "0.2": 79.15117211727794, "0.4": 99.34665987246828, "0.8": 101.011318819608}, "voltage_base": {"0.1": -69.4023684774113, "0.2": -69.4023684774113, "0.4": -69.4023684774113, "0.8": -69.4023684774113}}}}