{"BBP": {"L6_BP_bAC217_2": {"mean_frequency": {"0.1": 12.71811568398886, "0.2": 17.424281248410253, "0.4": 23.576624028107315, "0.8": 34.15369161227834}, "ISI_CV": {"0.1": 0.3170386445845241, "0.2": 0.3324699389853804, "0.4": 0.3385177246021, "0.8": 0.3241608584239921}, "time_to_first_spike": {"0.1": 6.000000000091973, "0.2": 2.3000000000911314, "0.4": 1.2000000000908813, "0.8": 0.7000000000907676}, "time_to_second_spike": {"0.1": 29.100000000097225, "0.2": 16.400000000094337, "0.4": 10.000000000092882, "0.8": 7.0000000000922}, "AP_height": {"0.1": 23.990222465637192, "0.2": 27.209959513352178, "0.4": 29.167925219147147, "0.8": 31.873208729091964}, "AP_width": {"0.1": 0.6000000000001364, "0.2": 0.6000000000001364, "0.4": 0.6000000000001364, "0.8": 0.7000000000001592}, "AP_amplitude": {"0.1": 80.48101258362935, "0.2": 96.52063865047243, "0.4": 98.47860435411214, "0.8": 101.18388785974662}, "voltage_base": {"0.1": -69.30827590863208, "0.2": -69.30827590863208, "0.4": -69.30827590863208, "0.8": -69.30827590863208}}}, "NetPyNE": {"L6_BP_bAC217_2": {"mean_frequency": {"0.1": 12.575452716306321, "0.2": 17.216933360351945, "0.4": 23.360926311528676, "0.8": 33.836674915431246}, "ISI_CV": {"0.1": 0.31565160393733227, "0.2": 0.33113397923152665, "0.4": 0.34161178622104116, "0.8": 0.32515983477448956}, "time_to_first_spike": {"0.1": 6.100000000091995, "0.2": 2.400000000091154, "0.4": 1.2000000000908813, "0.8": 0.8000000000907903}, "time_to_second_spike": {"0.1": 29.30000000009727, "0.2": 16.600000000094383, "0.4": 10.200000000092928, "0.8": 7.2000000000922455}, "AP_height": {"0.1": 23.80022711136615, "0.2": 24.951163797971727, "0.4": 24.762131169835854, "0.8": 27.611387751525353}, "AP_width": {"0.1": 0.6000000000001364, "0.2": 0.6000000000001364, "0.4": 0.7000000000001592, "0.8": 0.6000000000001364}, "AP_amplitude": {"0.1": 79.50486086404459, "0.2": 94.26183937779378, "0.4": 94.07280643764425, "0.8": 96.92206343394615}, "voltage_base": {"0.1": -69.30827244705284, "0.2": -69.30827244705284, "0.4": -69.30827244705284, "0.8": -69.30827244705284}}}}