{"BBP": {"L5_MC_cSTUT189_2": {"mean_frequency": {"0.1": 0, "0.2": 0, "0.4": 69.4164989940109, "0.8": 120.50602530134701}, "ISI_CV": {"0.1": 0, "0.2": 0, "0.4": 0.03309105820907754, "0.8": 0.035827796773152454}, "time_to_first_spike": {"0.1": 0, "0.2": 0, "0.4": 4.200000000091563, "0.8": 1.8000000000910177}, "time_to_second_spike": {"0.1": 0, "0.2": 0, "0.4": 17.500000000094587, "0.8": 9.2000000000927}, "AP_height": {"0.1": 0, "0.2": 0, "0.4": 16.790213249844243, "0.8": 20.535551666842014}, "AP_width": {"0.1": 0, "0.2": 0, "0.4": 0.8000000000001819, "0.8": 0.8000000000001819}, "AP_amplitude": {"0.1": 0, "0.2": 0, "0.4": 72.82411115047344, "0.8": 95.81784519561617}, "voltage_base": {"0.1": -75.42169959134083, "0.2": -75.42169959134083, "0.4": -75.42169959134083, "0.8": -75.42169959134083}}}, "NetPyNE": {"L5_MC_cSTUT189_2": {"mean_frequency": {"0.1": 0, "0.2": 52.910052909787225, "0.4": 71.3316923695667, "0.8": 122.16492264565457}, "ISI_CV": {"0.1": 0, "0.2": 0, "0.4": 0.017876153849841314, "0.8": 0.03644458046734644}, "time_to_first_spike": {"0.1": 0, "0.2": 18.900000000094906, "0.4": 4.400000000091609, "0.8": 1.9000000000910404}, "time_to_second_spike": {"0.1": 0, "0.2": 0, "0.4": 16.80000000009443, "0.8": 9.400000000092746}, "AP_height": {"0.1": 0, "0.2": 10.662478812089427, "0.4": 19.777987267559556, "0.8": 21.74372840978735}, "AP_width": {"0.1": 0, "0.2": 0.7000000000001592, "0.4": 0.7000000000001592, "0.8": 0.8000000000001819}, "AP_amplitude": {"0.1": 0, "0.2": 65.54597576772062, "0.4": 75.52843785983423, "0.8": 97.2798768028434}, "voltage_base": {"0.1": -75.53568264500977, "0.2": -75.53568264500977, "0.4": -75.53568264500977, "0.8": -75.53568264500977}}}}