{"BBP": {"L6_IPC_cADpyr231_2": {"mean_frequency": {"0.1": 0, "0.2": 6.217938753307457, "0.4": 10.379904504885523, "0.8": 29.891579694011522}, "ISI_CV": {"0.1": 0, "0.2": 0.29082442624589894, "0.4": 0.2915063448117923, "0.8": 0.16488940143700037}, "time_to_first_spike": {"0.1": 0, "0.2": 20.10000000009518, "0.4": 6.700000000092132, "0.8": 2.6000000000911996}, "time_to_second_spike": {"0.1": 0, "0.2": 55.400000000103205, "0.4": 24.20000000009611, "0.8": 11.500000000093223}, "AP_height": {"0.1": 0, "0.2": 26.308477407933548, "0.4": 33.274677865347805, "0.8": 38.778408615687994}, "AP_width": {"0.1": 0, "0.2": 1.2000000000002728, "0.4": 1.3000000000002956, "0.8": 1.3000000000002956}, "AP_amplitude": {"0.1": 0, "0.2": 78.3929022721704, "0.4": 86.17770348099643, "0.8": 111.27101202046178}, "voltage_base": {"0.1": -72.49246265779219, "0.2": -72.49246265779219, "0.4": -72.49246265779219, "0.8": -72.49246265779219}}}, "NetPyNE": {"L6_IPC_cADpyr231_2": {"mean_frequency": {"0.1": 0, "0.2": 6.1961067795776685, "0.4": 10.32098255754642, "0.8": 29.853767140636524}, "ISI_CV": {"0.1": 0, "0.2": 0.28980984070685495, "0.4": 0.28851721531179086, "0.8": 0.1641132052289296}, "time_to_first_spike": {"0.1": 0, "0.2": 20.300000000095224, "0.4": 6.8000000000921546, "0.8": 2.7000000000912223}, "time_to_second_spike": {"0.1": 0, "0.2": 55.000000000103114, "0.4": 24.000000000096065, "0.8": 11.500000000093223}, "AP_height": {"0.1": 0, "0.2": 26.043556367625214, "0.4": 33.03323659095035, "0.8": 38.33348017679734}, "AP_width": {"0.1": 0, "0.2": 1.2000000000002728, "0.4": 1.3000000000002956, "0.8": 1.3000000000002956}, "AP_amplitude": {"0.1": 0, "0.2": 78.13685068564203, "0.4": 86.703943779512, "0.8": 110.82608337388126}, "voltage_base": {"0.1": -72.49246244550967, "0.2": -72.49246244550967, "0.4": -72.49246244550967, "0.8": -72.49246244550967}}}}