{"BBP": {"L6_NGC_cNAC187_2": {"mean_frequency": {"0.1": 47.967684928080985, "0.2": 73.17562149162951, "0.4": 109.98945306621903, "0.8": 179.82799061750177}, "ISI_CV": {"0.1": 0.026312923126434743, "0.2": 0.016409485812746382, "0.4": 0.01660780181336851, "0.8": 0.0633075217454279}, "time_to_first_spike": {"0.1": 6.300000000092041, "0.2": 3.500000000091404, "0.4": 2.100000000091086, "0.8": 1.300000000090904}, "time_to_second_spike": {"0.1": 25.000000000096293, "0.2": 15.200000000094064, "0.4": 10.100000000092905, "0.8": 7.100000000092223}, "AP_height": {"0.1": 12.965403035952882, "0.2": 16.325372251511116, "0.4": 17.736853614924396, "0.8": 19.67391974865378}, "AP_width": {"0.1": 0.8000000000001819, "0.2": 0.7000000000001592, "0.4": 0.8000000000001819, "0.8": 0.9000000000002046}, "AP_amplitude": {"0.1": 68.18450843304619, "0.2": 71.4958582895968, "0.4": 86.61947218142743, "0.8": 88.55653831330207}, "voltage_base": {"0.1": -68.87973699407561, "0.2": -68.87973699407561, "0.4": -68.87973699407561, "0.8": -68.87973699407561}}}, "NetPyNE": {"L6_NGC_cNAC187_2": {"mean_frequency": {"0.1": 47.8011472275659, "0.2": 72.91561902851173, "0.4": 109.60412391779636, "0.8": 182.1493624770396}, "ISI_CV": {"0.1": 0.025451507357324762, "0.2": 0.015420621383340967, "0.4": 0.017697002434426172, "0.8": 0.07320597668098328}, "time_to_first_spike": {"0.1": 6.400000000092064, "0.2": 3.600000000091427, "0.4": 2.100000000091086, "0.8": 1.300000000090904}, "time_to_second_spike": {"0.1": 25.20000000009634, "0.2": 15.300000000094087, "0.4": 10.200000000092928, "0.8": 7.2000000000922455}, "AP_height": {"0.1": 12.450250681625107, "0.2": 15.561342404238115, "0.4": 18.47988982722442, "0.8": 22.009277886884732}, "AP_width": {"0.1": 0.8000000000001819, "0.2": 0.8000000000001819, "0.4": 0.8000000000001819, "0.8": 0.8000000000001819}, "AP_amplitude": {"0.1": 67.16308339458908, "0.2": 69.89451449629932, "0.4": 85.3661942905658, "0.8": 90.89189167332282}, "voltage_base": {"0.1": -68.87973221039807, "0.2": -68.87973221039807, "0.4": -68.87973221039807, "0.8": -68.87973221039807}}}}