{"BBP": {"L5_NGC_bNAC219_4": {"mean_frequency": {"0.1": 53.928733430811235, "0.2": 94.1223590668508, "0.4": 147.72158237366074, "0.8": 258.6206896530935}, "ISI_CV": {"0.1": 0.0358487932449039, "0.2": 0.017719949768342628, "0.4": 0.019331168671793422, "0.8": 0}, "time_to_first_spike": {"0.1": 7.700000000092359, "0.2": 4.100000000091541, "0.4": 2.3000000000911314, "0.8": 1.4000000000909267}, "time_to_second_spike": {"0.1": 21.000000000095383, "0.2": 13.300000000093632, "0.4": 9.400000000092746, "0.8": 6.8000000000921546}, "AP_height": {"0.1": 5.4830156097539895, "0.2": 9.427981515230622, "0.4": 11.780256274535102, "0.8": 16.4622114768948}, "AP_width": {"0.1": 0.7000000000001592, "0.2": 0.8000000000001819, "0.4": 0.7000000000001592, "0.8": 0.7000000000001592}, "AP_amplitude": {"0.1": 60.345135788343974, "0.2": 63.98557351120551, "0.4": 82.33914408178462, "0.8": 87.02109928229723}, "voltage_base": {"0.1": -70.55877419818762, "0.2": -70.55877419818762, "0.4": -70.55877419818762, "0.8": -70.55877419818762}}}, "NetPyNE": {"L5_NGC_bNAC219_4": {"mean_frequency": {"0.1": 53.8446054750768, "0.2": 93.83781613816089, "0.4": 147.64025824543344, "0.8": 256.4102564082124}, "ISI_CV": {"0.1": 0.03525258633063467, "0.2": 0.017594129690767436, "0.4": 0.02038743095747477, "0.8": 0}, "time_to_first_spike": {"0.1": 7.800000000092382, "0.2": 4.200000000091563, "0.4": 2.400000000091154, "0.8": 1.4000000000909267}, "time_to_second_spike": {"0.1": 21.100000000095406, "0.2": 13.500000000093678, "0.4": 9.500000000092768, "0.8": 6.900000000092177}, "AP_height": {"0.1": 5.664756149282683, "0.2": 8.533687715374054, "0.4": 13.293445224179958, "0.8": 15.192456913396393}, "AP_width": {"0.1": 0.7000000000001592, "0.2": 0.7000000000001592, "0.4": 0.8000000000001819, "0.8": 0.8000000000001819}, "AP_amplitude": {"0.1": 60.0063792168487, "0.2": 63.43595441815013, "0.4": 67.51010206210144, "0.8": 85.75134465202696}, "voltage_base": {"0.1": -70.5587741306953, "0.2": -70.5587741306953, "0.4": -70.5587741306953, "0.8": -70.5587741306953}}}}