{"BBP": {"L5_BP_bIR215_4": {"mean_frequency": {"0.1": 11.928841865056503, "0.2": 16.977055252609436, "0.4": 23.15047810771576, "0.8": 33.73445445850937}, "ISI_CV": {"0.1": 0.3179224565447648, "0.2": 0.32583383158835394, "0.4": 0.3322508574981751, "0.8": 0.31761731785254715}, "time_to_first_spike": {"0.1": 8.300000000092496, "0.2": 2.800000000091245, "0.4": 1.300000000090904, "0.8": 0.8000000000907903}, "time_to_second_spike": {"0.1": 33.4000000000982, "0.2": 17.700000000094633, "0.4": 10.500000000092996, "0.8": 7.300000000092268}, "AP_height": {"0.1": 20.82408753012621, "0.2": 25.530750931837098, "0.4": 30.14501223854417, "0.8": 28.70959456382702}, "AP_width": {"0.1": 0.6000000000001364, "0.2": 0.6000000000001364, "0.4": 0.6000000000001364, "0.8": 0.6000000000001364}, "AP_amplitude": {"0.1": 77.38320117062378, "0.2": 96.60316352440663, "0.4": 101.05365272671547, "0.8": 99.95256848170153}, "voltage_base": {"0.1": -71.11338597214987, "0.2": -71.11338597214987, "0.4": -71.11338597214987, "0.8": -71.11338597214987}}}, "NetPyNE": {"L5_BP_bIR215_4": {"mean_frequency": {"0.1": 7.014136182156364, "0.2": 14.763528992526396, "0.4": 21.476784618545892, "0.8": 31.51102886012246}, "ISI_CV": {"0.1": 0.25656022127707223, "0.2": 0.2985847374735642, "0.4": 0.3060884606089923, "0.8": 0.29319773360863927}, "time_to_first_spike": {"0.1": 13.100000000093587, "0.2": 4.000000000091518, "0.4": 1.700000000090995, "0.8": 0.900000000090813}, "time_to_second_spike": {"0.1": 51.60000000010234, "0.2": 21.500000000095497, "0.4": 12.10000000009336, "0.8": 7.900000000092405}, "AP_height": {"0.1": 18.397799273087937, "0.2": 23.405301324893884, "0.4": 25.634201783972316, "0.8": 32.41134300034358}, "AP_width": {"0.1": 0.5000000000001137, "0.2": 0.5000000000001137, "0.4": 0.6000000000001364, "0.8": 0.6000000000001364}, "AP_amplitude": {"0.1": 74.58586491756799, "0.2": 97.91586375878056, "0.4": 100.144764126911, "0.8": 106.92190545989915}, "voltage_base": {"0.1": -74.50970715351895, "0.2": -74.50970715351895, "0.4": -74.50970715351895, "0.8": -74.50970715351895}}}}