{"BBP": {"L23_ChC_cACint209_1": {"mean_frequency": {"0.1": 32.6337985741762, "0.2": 51.27431759919029, "0.4": 92.36020479877772, "0.8": 179.29583813304117}, "ISI_CV": {"0.1": 0.22680471180216819, "0.2": 0.20158647647520297, "0.4": 0.14909327134056619, "0.8": 0.06700663813953692}, "time_to_first_spike": {"0.1": 8.300000000092496, "0.2": 3.500000000091404, "0.4": 1.6000000000909722, "0.8": 0.900000000090813}, "time_to_second_spike": {"0.1": 20.800000000095338, "0.2": 12.300000000093405, "0.4": 8.300000000092496, "0.8": 6.100000000091995}, "AP_height": {"0.1": 32.368448890788244, "0.2": 31.972178392560412, "0.4": 37.0172747928502, "0.8": 38.414187137905614}, "AP_width": {"0.1": 0.8000000000001819, "0.2": 0.9000000000002046, "0.4": 0.9000000000002046, "0.8": 0.9000000000002046}, "AP_amplitude": {"0.1": 88.48632116733444, "0.2": 87.71318878715331, "0.4": 107.60381180790809, "0.8": 109.0007241501608}, "voltage_base": {"0.1": -70.5858642312228, "0.2": -70.5858642312228, "0.4": -70.5858642312228, "0.8": -70.5858642312228}}}, "NetPyNE": {"L23_ChC_cACint209_1": {"mean_frequency": {"0.1": 32.5634988227264, "0.2": 51.215103434459365, "0.4": 92.34629861988707, "0.8": 178.58036116264458}, "ISI_CV": {"0.1": 0.22696237371641576, "0.2": 0.20117557997693736, "0.4": 0.14738149875703235, "0.8": 0.06492223383348938}, "time_to_first_spike": {"0.1": 8.400000000092518, "0.2": 3.600000000091427, "0.4": 1.700000000090995, "0.8": 0.900000000090813}, "time_to_second_spike": {"0.1": 21.000000000095383, "0.2": 12.400000000093428, "0.4": 8.400000000092518, "0.8": 6.200000000092018}, "AP_height": {"0.1": 31.493932956791777, "0.2": 33.214692499951134, "0.4": 36.44566258333968, "0.8": 34.89529263686706}, "AP_width": {"0.1": 0.8000000000001819, "0.2": 0.9000000000002046, "0.4": 0.9000000000002046, "0.8": 1.0000000000002274}, "AP_amplitude": {"0.1": 87.01399619571366, "0.2": 89.17703290648672, "0.4": 107.03219855309212, "0.8": 105.48182864356093}, "voltage_base": {"0.1": -70.58586321805018, "0.2": -70.58586321805018, "0.4": -70.58586321805018, "0.8": -70.58586321805018}}}}