{"BBP": {"L23_PC_cADpyr229_1": {"mean_frequency": {"0.1": 2.645362679225085, "0.2": 4.0492855903306, "0.4": 8.66451016636418, "0.8": 15.765651223120052}, "ISI_CV": {"0.1": 0.0027745151674724087, "0.2": 0.007584961637823215, "0.4": 0.8057729775933532, "0.8": 0.2493183958990965}, "time_to_first_spike": {"0.1": 48.90000000010173, "0.2": 17.20000000009452, "0.4": 6.700000000092132, "0.8": 2.500000000091177}, "time_to_second_spike": {"0.1": 435.40000000006285, "0.2": 160.000000000127, "0.4": 36.30000000009886, "0.8": 11.700000000093269}, "AP_height": {"0.1": 34.46471697990311, "0.2": 34.58359103908288, "0.4": 36.90807846046571, "0.8": 39.71397548678161}, "AP_width": {"0.1": 1.1000000000002501, "0.2": 1.2000000000002728, "0.4": 1.1000000000002501, "0.8": 1.2000000000002728}, "AP_amplitude": {"0.1": 91.17124342371885, "0.2": 91.30279713821182, "0.4": 93.14740757958316, "0.8": 112.72540476012449}, "voltage_base": {"0.1": -73.00776469744616, "0.2": -73.00776469744616, "0.4": -73.00776469744616, "0.8": -73.00776469744616}}}, "NetPyNE": {"L23_PC_cADpyr229_1": {"mean_frequency": {"0.1": 2.6260504201698227, "0.2": 4.010771787087908, "0.4": 8.019246190863386, "0.8": 12.721998880472698}, "ISI_CV": {"0.1": 0.002756890173580678, "0.2": 0.00746000091157251, "0.4": 0.8348112183926955, "0.8": 0.35989700241902123}, "time_to_first_spike": {"0.1": 49.10000000010177, "0.2": 17.300000000094542, "0.4": 6.8000000000921546, "0.8": 2.6000000000911996}, "time_to_second_spike": {"0.1": 440.00000000005866, "0.2": 163.90000000012787, "0.4": 36.60000000009893, "0.8": 11.800000000093291}, "AP_height": {"0.1": 33.81806005266342, "0.2": 34.90959887896981, "0.4": 36.75511719304951, "0.8": 39.52600970313959}, "AP_width": {"0.1": 1.2000000000002728, "0.2": 1.1000000000002501, "0.4": 1.1000000000002501, "0.8": 1.2000000000002728}, "AP_amplitude": {"0.1": 90.8851402498432, "0.2": 91.23581070853228, "0.4": 93.71785324880716, "0.8": 112.53743098290428}, "voltage_base": {"0.1": -73.00775661666046, "0.2": -73.00775661666046, "0.4": -73.00775661666046, "0.8": -73.00775661666046}}}}