{"BBP": {"L6_DBC_cIR216_4": {"mean_frequency": {"0.1": 0, "0.2": 21.099166080593047, "0.4": 54.28226779255796, "0.8": 165.51655165527808}, "ISI_CV": {"0.1": 0, "0.2": 0.3109671711189286, "0.4": 0.2100868792290375, "0.8": 0.04230907096909234}, "time_to_first_spike": {"0.1": 0, "0.2": 14.900000000093996, "0.4": 4.9000000000917225, "0.8": 2.2000000000911086}, "time_to_second_spike": {"0.1": 0, "0.2": 30.500000000097543, "0.4": 12.700000000093496, "0.8": 8.10000000009245}, "AP_height": {"0.1": 0, "0.2": 23.351890850453056, "0.4": 27.57898730324158, "0.8": 31.714065506245884}, "AP_width": {"0.1": 0, "0.2": 0.8000000000001819, "0.4": 0.8000000000001819, "0.8": 0.9000000000002046}, "AP_amplitude": {"0.1": 0, "0.2": 79.41136201417649, "0.4": 104.43472258615957, "0.8": 109.01297372236769}, "voltage_base": {"0.1": -77.19564260479272, "0.2": -77.19564260479272, "0.4": -77.19564260479272, "0.8": -77.19564260479272}}}, "NetPyNE": {"L6_DBC_cIR216_4": {"mean_frequency": {"0.1": 0, "0.2": 19.895928986851516, "0.4": 52.13032581457176, "0.8": 160.89419076748942}, "ISI_CV": {"0.1": 0, "0.2": 0.2349574940229987, "0.4": 0.16474907153198862, "0.8": 0.040274400081768205}, "time_to_first_spike": {"0.1": 0, "0.2": 13.900000000093769, "0.4": 5.100000000091768, "0.8": 2.2000000000911086}, "time_to_second_spike": {"0.1": 0, "0.2": 30.200000000097475, "0.4": 13.300000000093632, "0.8": 8.200000000092473}, "AP_height": {"0.1": 0, "0.2": 23.172902093615537, "0.4": 25.408878979576837, "0.8": 32.990728091486496}, "AP_width": {"0.1": 0, "0.2": 0.8000000000001819, "0.4": 0.9000000000002046, "0.8": 0.9000000000002046}, "AP_amplitude": {"0.1": 0, "0.2": 78.55627309778234, "0.4": 102.42949348389739, "0.8": 110.01134260669909}, "voltage_base": {"0.1": -77.0205465073804, "0.2": -77.0205465073804, "0.4": -77.0205465073804, "0.8": -77.0205465073804}}}}