{"BBP": {"L4_DBC_cIR216_1": {"mean_frequency": {"0.1": 8.183724617672137, "0.2": 27.70920449394796, "0.4": 60.26214031039095, "0.8": 130.2148545100299}, "ISI_CV": {"0.1": 0.5950295090055543, "0.2": 0.39568848386166094, "0.4": 0.23541115949588048, "0.8": 0.08513618899059652}, "time_to_first_spike": {"0.1": 33.100000000098134, "0.2": 6.000000000091973, "0.4": 2.2000000000911086, "0.8": 1.2000000000908813}, "time_to_second_spike": {"0.1": 69.10000000010632, "0.2": 16.90000000009445, "0.4": 9.700000000092814, "0.8": 6.900000000092177}, "AP_height": {"0.1": 31.519406992557133, "0.2": 34.3553910657384, "0.4": 36.38439687536475, "0.8": 39.47775439074588}, "AP_width": {"0.1": 0.8000000000001819, "0.2": 0.8000000000001819, "0.4": 0.8000000000001819, "0.8": 0.9000000000002046}, "AP_amplitude": {"0.1": 87.7334524383355, "0.2": 91.37719347010062, "0.4": 111.91209420540574, "0.8": 116.00462785782588}, "voltage_base": {"0.1": -76.60918029327507, "0.2": -76.60918029327507, "0.4": -76.60918029327507, "0.8": -76.60918029327507}}}, "NetPyNE": {"L4_DBC_cIR216_1": {"mean_frequency": {"0.1": 0, "0.2": 27.02973270599495, "0.4": 58.447120471647445, "0.8": 128.05762593175632}, "ISI_CV": {"0.1": 0, "0.2": 0.21455720474415876, "0.4": 0.14877196346088467, "0.8": 0.08480481776609217}, "time_to_first_spike": {"0.1": 0, "0.2": 6.300000000092041, "0.4": 2.500000000091177, "0.8": 1.2000000000908813}, "time_to_second_spike": {"0.1": 0, "0.2": 17.000000000094474, "0.4": 10.000000000092882, "0.8": 7.0000000000922}, "AP_height": {"0.1": 0, "0.2": 34.90962440665871, "0.4": 33.84743373501368, "0.8": 38.123602226265255}, "AP_width": {"0.1": 0, "0.2": 0.8000000000001819, "0.4": 0.8000000000001819, "0.8": 1.0000000000002274}, "AP_amplitude": {"0.1": 0, "0.2": 91.52712563881522, "0.4": 110.31434283482007, "0.8": 114.5905113077344}, "voltage_base": {"0.1": -76.46680062365773, "0.2": -76.46680062365773, "0.4": -76.46680062365773, "0.8": -76.46680062365773}}}}