{"BBP": {"L1_NGC-DA_bNAC219_1": {"mean_frequency": {"0.1": 65.21848191445758, "0.2": 113.49369758456962, "0.4": 156.68018220964748, "0.8": 203.67312215396922}, "ISI_CV": {"0.1": 0.10823799537490196, "0.2": 0.04357381042618709, "0.4": 0.01751766128375998, "0.8": 0.012072709603101445}, "time_to_first_spike": {"0.1": 2.6000000000911996, "0.2": 1.4000000000909267, "0.4": 0.8000000000907903, "0.8": 0.5000000000907221}, "time_to_second_spike": {"0.1": 11.700000000093269, "0.2": 8.600000000092564, "0.4": 6.700000000092132, "0.8": 5.400000000091836}, "AP_height": {"0.1": 31.59421865507547, "0.2": 34.33029316479171, "0.4": 32.76539621431685, "0.8": 35.82039039036921}, "AP_width": {"0.1": 0.7000000000001592, "0.2": 0.6000000000001364, "0.4": 0.7000000000001592, "0.8": 0.7000000000001592}, "AP_amplitude": {"0.1": 87.91586821602057, "0.2": 106.82604803466995, "0.4": 105.26115108205876, "0.8": 108.31614525383844}, "voltage_base": {"0.1": -72.49556749664603, "0.2": -72.49556749664603, "0.4": -72.49556749664603, "0.8": -72.49556749664603}}}, "NetPyNE": {"L1_NGC-DA_bNAC219_1": {"mean_frequency": {"0.1": 64.98085835184743, "0.2": 112.70286515735971, "0.4": 155.3028405391567, "0.8": 201.3927157959387}, "ISI_CV": {"0.1": 0.10731824557390109, "0.2": 0.04332007316889088, "0.4": 0.01696595927895394, "0.8": 0.009185274963425792}, "time_to_first_spike": {"0.1": 2.6000000000911996, "0.2": 1.5000000000909495, "0.4": 0.900000000090813, "0.8": 0.6000000000907448}, "time_to_second_spike": {"0.1": 11.800000000093291, "0.2": 8.700000000092587, "0.4": 6.8000000000921546, "0.8": 5.400000000091836}, "AP_height": {"0.1": 31.31407414012904, "0.2": 30.22642859414353, "0.4": 32.9904739517176, "0.8": 32.2011998898951}, "AP_width": {"0.1": 0.6000000000001364, "0.2": 0.7000000000001592, "0.4": 0.7000000000001592, "0.8": 0.7000000000001592}, "AP_amplitude": {"0.1": 87.69091848620563, "0.2": 102.72218313497648, "0.4": 105.48622848743364, "0.8": 104.69695442752877}, "voltage_base": {"0.1": -72.49556716930431, "0.2": -72.49556716930431, "0.4": -72.49556716930431, "0.8": -72.49556716930431}}}}