{"BBP": {"L6_DBC_cACint209_3": {"mean_frequency": {"0.1": 19.242454932158058, "0.2": 28.67924528303833, "0.4": 47.652487961509095, "0.8": 93.02091713602452}, "ISI_CV": {"0.1": 0.258524382325225, "0.2": 0.24728432248641596, "0.4": 0.1949709461777961, "0.8": 0.11878294022970644}, "time_to_first_spike": {"0.1": 17.300000000094542, "0.2": 8.200000000092473, "0.4": 4.100000000091541, "0.8": 2.2000000000911086}, "time_to_second_spike": {"0.1": 40.70000000009986, "0.2": 22.200000000095656, "0.4": 13.700000000093723, "0.8": 9.400000000092746}, "AP_height": {"0.1": 21.70948266665174, "0.2": 27.365037376155282, "0.4": 30.24719621469379, "0.8": 30.59002660933637}, "AP_width": {"0.1": 0.9000000000002046, "0.2": 0.9000000000002046, "0.4": 0.9000000000002046, "0.8": 0.9000000000002046}, "AP_amplitude": {"0.1": 76.84730982424996, "0.2": 82.79015471432572, "0.4": 84.63923213069486, "0.8": 101.94026307092972}, "voltage_base": {"0.1": -71.34954401168788, "0.2": -71.34954401168788, "0.4": -71.34954401168788, "0.8": -71.34954401168788}}}, "NetPyNE": {"L6_DBC_cACint209_3": {"mean_frequency": {"0.1": 19.193857965464066, "0.2": 28.63314412017818, "0.4": 47.65726898769165, "0.8": 93.12105737465026}, "ISI_CV": {"0.1": 0.25850539649871607, "0.2": 0.24718610648842818, "0.4": 0.1945338351451741, "0.8": 0.11666903809008888}, "time_to_first_spike": {"0.1": 17.400000000094565, "0.2": 8.300000000092496, "0.4": 4.200000000091563, "0.8": 2.2000000000911086}, "time_to_second_spike": {"0.1": 40.800000000099885, "0.2": 22.30000000009568, "0.4": 13.800000000093746, "0.8": 9.500000000092768}, "AP_height": {"0.1": 22.456533506488004, "0.2": 27.01824787810279, "0.4": 28.709133775846674, "0.8": 32.12449852037178}, "AP_width": {"0.1": 0.9000000000002046, "0.2": 0.9000000000002046, "0.4": 1.0000000000002274, "0.8": 1.0000000000002274}, "AP_amplitude": {"0.1": 77.19979118483168, "0.2": 81.7955122581493, "0.4": 83.54846733331318, "0.8": 103.47473414201104}, "voltage_base": {"0.1": -71.34954317031193, "0.2": -71.34954317031193, "0.4": -71.34954317031193, "0.8": -71.34954317031193}}}}