{"BBP": {"L23_MC_bAC217_5": {"mean_frequency": {"0.1": 6.2814070351800835, "0.2": 12.082370245858044, "0.4": 17.29575745244836, "0.8": 23.837297763367555}, "ISI_CV": {"0.1": 0.27540143362753794, "0.2": 0.30786138320138473, "0.4": 0.31275351536939566, "0.8": 0.31887778028307545}, "time_to_first_spike": {"0.1": 27.200000000096793, "0.2": 6.000000000091973, "0.4": 2.100000000091086, "0.8": 1.1000000000908585}, "time_to_second_spike": {"0.1": 87.10000000011041, "0.2": 32.800000000098066, "0.4": 18.0000000000947, "0.8": 10.800000000093064}, "AP_height": {"0.1": 21.307687350045157, "0.2": 24.791059434391894, "0.4": 27.486512285283116, "0.8": 31.16634719916783}, "AP_width": {"0.1": 0.5000000000001137, "0.2": 0.6000000000001364, "0.4": 0.6000000000001364, "0.8": 0.6000000000001364}, "AP_amplitude": {"0.1": 76.95298436193985, "0.2": 80.42209293122504, "0.4": 96.37934328445172, "0.8": 100.05917819624945}, "voltage_base": {"0.1": -68.89045002114125, "0.2": -68.89045002114125, "0.4": -68.89045002114125, "0.8": -68.89045002114125}}}, "NetPyNE": {"L23_MC_bAC217_5": {"mean_frequency": {"0.1": 6.19418778713058, "0.2": 11.914011914019918, "0.4": 17.052863878033452, "0.8": 23.5704037712805}, "ISI_CV": {"0.1": 0.27286941646405166, "0.2": 0.3061475185689369, "0.4": 0.3113125700515872, "0.8": 0.3213656989370206}, "time_to_first_spike": {"0.1": 27.40000000009684, "0.2": 6.100000000091995, "0.4": 2.2000000000911086, "0.8": 1.2000000000908813}, "time_to_second_spike": {"0.1": 87.60000000011053, "0.2": 33.100000000098134, "0.4": 18.200000000094747, "0.8": 10.900000000093087}, "AP_height": {"0.1": 18.829705596052587, "0.2": 23.186746283273482, "0.4": 24.071165544721744, "0.8": 30.71651534065663}, "AP_width": {"0.1": 0.5000000000001137, "0.2": 0.6000000000001364, "0.4": 0.5000000000001137, "0.8": 0.6000000000001364}, "AP_amplitude": {"0.1": 74.68431186273382, "0.2": 79.50810157293321, "0.4": 92.96399269976868, "0.8": 99.60934235618294}, "voltage_base": {"0.1": -68.89044602734701, "0.2": -68.89044602734701, "0.4": -68.89044602734701, "0.8": -68.89044602734701}}}}