{"BBP": {"L23_BTC_cACint209_4": {"mean_frequency": {"0.1": 27.04357587510756, "0.2": 42.924957075072015, "0.4": 91.37922377874358, "0.8": 203.0406081217624}, "ISI_CV": {"0.1": 0.24389806572274733, "0.2": 0.19805849451741583, "0.4": 0.10150284478586596, "0.8": 0.03003876913867182}, "time_to_first_spike": {"0.1": 15.500000000094133, "0.2": 7.100000000092223, "0.4": 3.4000000000913815, "0.8": 1.8000000000910177}, "time_to_second_spike": {"0.1": 29.500000000097316, "0.2": 17.100000000094496, "0.4": 11.300000000093178, "0.8": 8.200000000092473}, "AP_height": {"0.1": 20.502164520479216, "0.2": 26.36903832326142, "0.4": 27.181657372855412, "0.8": 32.588151958744476}, "AP_width": {"0.1": 0.8000000000001819, "0.2": 0.8000000000001819, "0.4": 0.9000000000002046, "0.8": 0.9000000000002046}, "AP_amplitude": {"0.1": 77.1420171568732, "0.2": 83.01712786524484, "0.4": 83.67594162822297, "0.8": 102.69790200034413}, "voltage_base": {"0.1": -70.10918608939609, "0.2": -70.10918608939609, "0.4": -70.10918608939609, "0.8": -70.10918608939609}}}, "NetPyNE": {"L23_BTC_cACint209_4": {"mean_frequency": {"0.1": 27.033919918406426, "0.2": 42.9119547657803, "0.4": 91.5137270591211, "0.8": 200.43092649209393}, "ISI_CV": {"0.1": 0.2441686403031425, "0.2": 0.1979662322700225, "0.4": 0.10058507338723202, "0.8": 0.030523827634120076}, "time_to_first_spike": {"0.1": 15.700000000094178, "0.2": 7.2000000000922455, "0.4": 3.4000000000913815, "0.8": 1.8000000000910177}, "time_to_second_spike": {"0.1": 29.60000000009734, "0.2": 17.300000000094542, "0.4": 11.500000000093223, "0.8": 8.300000000092496}, "AP_height": {"0.1": 19.256487669733414, "0.2": 25.990497439871984, "0.4": 29.26356100767251, "0.8": 31.623516182661696}, "AP_width": {"0.1": 0.8000000000001819, "0.2": 0.8000000000001819, "0.4": 0.9000000000002046, "0.8": 0.9000000000002046}, "AP_amplitude": {"0.1": 75.43358316868702, "0.2": 81.72122984613613, "0.4": 84.85379383018163, "0.8": 101.73326562779522}, "voltage_base": {"0.1": -70.10918548792496, "0.2": -70.10918548792496, "0.4": -70.10918548792496, "0.8": -70.10918548792496}}}}