{"BBP": {"L4_BP_dSTUT214_1": {"mean_frequency": {"0.1": 67.67595748951861, "0.2": 101.19733480293436, "0.4": 149.3285227501516, "0.8": 278.89044662546496}, "ISI_CV": {"0.1": 0.08649961821449957, "0.2": 0.04903760546487581, "0.4": 0.01990040340064256, "0.8": 0.07097889424648351}, "time_to_first_spike": {"0.1": 1.9000000000910404, "0.2": 1.2000000000908813, "0.4": 0.7000000000907676, "0.8": 0.40000000009069936}, "time_to_second_spike": {"0.1": 13.000000000093564, "0.2": 9.000000000092655, "0.4": 6.8000000000921546, "0.8": 5.200000000091791}, "AP_height": {"0.1": 30.56865524910243, "0.2": 32.850718490945056, "0.4": 34.717664530620276, "0.8": 33.00609109628156}, "AP_width": {"0.1": 0.7000000000001592, "0.2": 0.7000000000001592, "0.4": 0.7000000000001592, "0.8": 0.7000000000001592}, "AP_amplitude": {"0.1": 103.82630534338482, "0.2": 107.16615421472609, "0.4": 109.14475970777153, "0.8": 106.48193148800135}, "voltage_base": {"0.1": -73.57453650641759, "0.2": -73.57453650641759, "0.4": -73.57453650641759, "0.8": -73.57453650641759}}}, "NetPyNE": {"L4_BP_dSTUT214_1": {"mean_frequency": {"0.1": 67.92794606022522, "0.2": 100.96443640754293, "0.4": 148.81250626325377, "0.8": 275.1926348445782}, "ISI_CV": {"0.1": 0.06629044939234163, "0.2": 0.045485497236166975, "0.4": 0.019185100886164767, "0.8": 0.06641511007327673}, "time_to_first_spike": {"0.1": 2.000000000091063, "0.2": 1.2000000000908813, "0.4": 0.8000000000907903, "0.8": 0.5000000000907221}, "time_to_second_spike": {"0.1": 13.20000000009361, "0.2": 9.100000000092678, "0.4": 6.900000000092177, "0.8": 5.3000000000918135}, "AP_height": {"0.1": 33.394621006353674, "0.2": 35.263077360650705, "0.4": 30.773513484660725, "0.8": 36.12074813739202}, "AP_width": {"0.1": 0.7000000000001592, "0.2": 0.7000000000001592, "0.4": 0.7000000000001592, "0.8": 0.8000000000001819}, "AP_amplitude": {"0.1": 107.32053257246982, "0.2": 109.18898892231311, "0.4": 104.69942508617483, "0.8": 110.04665963331297}, "voltage_base": {"0.1": -73.92371534254856, "0.2": -73.92371534254856, "0.4": -73.92371534254856, "0.8": -73.92371534254856}}}}