{"BBP": {"L4_DBC_bNAC219_5": {"mean_frequency": {"0.1": 20.16738933146472, "0.2": 77.95604285072938, "0.4": 121.54253988904378, "0.8": 167.65927631261084}, "ISI_CV": {"0.1": 0.19065050473234676, "0.2": 0.03878318302556083, "0.4": 0.028399348288372088, "0.8": 0.014625963170720332}, "time_to_first_spike": {"0.1": 14.000000000093792, "0.2": 4.300000000091586, "0.4": 2.100000000091086, "0.8": 1.2000000000908813}, "time_to_second_spike": {"0.1": 31.200000000097702, "0.2": 14.500000000093905, "0.4": 9.600000000092791, "0.8": 7.2000000000922455}, "AP_height": {"0.1": 14.040598671060122, "0.2": 16.34709497818673, "0.4": 22.404724971784187, "0.8": 24.146878182642293}, "AP_width": {"0.1": 0.5000000000001137, "0.2": 0.6000000000001364, "0.4": 0.6000000000001364, "0.8": 0.6000000000001364}, "AP_amplitude": {"0.1": 69.37001979494994, "0.2": 72.08945463671147, "0.4": 90.4137181101845, "0.8": 94.01347360624767}, "voltage_base": {"0.1": -69.86649625382539, "0.2": -69.86649625382539, "0.4": -69.86649625382539, "0.8": -69.86649625382539}}}, "NetPyNE": {"L4_DBC_bNAC219_5": {"mean_frequency": {"0.1": 20.079313287499204, "0.2": 77.50387519381239, "0.4": 120.60854769300563, "0.8": 166.04981494459625}, "ISI_CV": {"0.1": 0.1904043350668143, "0.2": 0.038166689493916106, "0.4": 0.027920756719557273, "0.8": 0.013626990394628792}, "time_to_first_spike": {"0.1": 14.100000000093814, "0.2": 4.400000000091609, "0.4": 2.2000000000911086, "0.8": 1.300000000090904}, "time_to_second_spike": {"0.1": 31.400000000097748, "0.2": 14.600000000093928, "0.4": 9.700000000092814, "0.8": 7.300000000092268}, "AP_height": {"0.1": 11.851913633692792, "0.2": 17.50913259487729, "0.4": 18.662939450330843, "0.8": 23.122521530897366}, "AP_width": {"0.1": 0.6000000000001364, "0.2": 0.6000000000001364, "0.4": 0.6000000000001364, "0.8": 0.6000000000001364}, "AP_amplitude": {"0.1": 66.9172912325186, "0.2": 73.62639332251743, "0.4": 86.71603453681877, "0.8": 92.98911692216407}, "voltage_base": {"0.1": -69.86649622090341, "0.2": -69.86649622090341, "0.4": -69.86649622090341, "0.8": -69.86649622090341}}}}