{"BBP": {"L4_LBC_dSTUT214_3": {"mean_frequency": {"0.1": 0, "0.2": 36.57497870637287, "0.4": 88.71735752599884, "0.8": 142.41299769340736}, "ISI_CV": {"0.1": 0, "0.2": 0.20702174273327856, "0.4": 0.026529986492145153, "0.8": 0.03856586097131892}, "time_to_first_spike": {"0.1": 0, "0.2": 9.300000000092723, "0.4": 3.0000000000912905, "0.8": 1.4000000000909267}, "time_to_second_spike": {"0.1": 0, "0.2": 34.900000000098544, "0.4": 12.600000000093473, "0.8": 8.10000000009245}, "AP_height": {"0.1": 0, "0.2": 14.930763221428498, "0.4": 21.395729062426025, "0.8": 25.106494083927796}, "AP_width": {"0.1": 0, "0.2": 0.7000000000001592, "0.4": 0.7000000000001592, "0.8": 0.8000000000001819}, "AP_amplitude": {"0.1": 0, "0.2": 71.5817545205548, "0.4": 97.75243847168181, "0.8": 101.38437499786966}, "voltage_base": {"0.1": -76.303276725485, "0.2": -76.303276725485, "0.4": -76.303276725485, "0.8": -76.303276725485}}}, "NetPyNE": {"L4_LBC_dSTUT214_3": {"mean_frequency": {"0.1": 0, "0.2": 39.27294698154822, "0.4": 88.73514814263812, "0.8": 142.1919591449422}, "ISI_CV": {"0.1": 0, "0.2": 0.062206121803544595, "0.4": 0.018532801007452245, "0.8": 0.039561925293277934}, "time_to_first_spike": {"0.1": 0, "0.2": 8.600000000092564, "0.4": 3.1000000000913133, "0.8": 1.5000000000909495}, "time_to_second_spike": {"0.1": 0, "0.2": 38.00000000009925, "0.4": 12.900000000093542, "0.8": 8.200000000092473}, "AP_height": {"0.1": 0, "0.2": 17.01630164803837, "0.4": 18.959529217521254, "0.8": 26.878428683743902}, "AP_width": {"0.1": 0, "0.2": 0.6000000000001364, "0.4": 0.7000000000001592, "0.8": 0.7000000000001592}, "AP_amplitude": {"0.1": 0, "0.2": 72.66067997702021, "0.4": 95.32818065207422, "0.8": 103.24707867899201}, "voltage_base": {"0.1": -76.36644084450967, "0.2": -76.36644084450967, "0.4": -76.36644084450967, "0.8": -76.36644084450967}}}}