{"BBP": {"L23_LBC_dNAC222_5": {"mean_frequency": {"0.1": 0, "0.2": 45.66897520830162, "0.4": 83.39194212805823, "0.8": 134.05362144867058}, "ISI_CV": {"0.1": 0, "0.2": 0.033189633551361876, "0.4": 0.023084286131758915, "0.8": 0.04551632241541315}, "time_to_first_spike": {"0.1": 0, "0.2": 10.400000000092973, "0.4": 4.000000000091518, "0.8": 2.000000000091063}, "time_to_second_spike": {"0.1": 0, "0.2": 32.800000000098066, "0.4": 14.600000000093928, "0.8": 9.000000000092655}, "AP_height": {"0.1": 0, "0.2": 12.354955187214642, "0.4": 18.203710234066502, "0.8": 20.242757110812093}, "AP_width": {"0.1": 0, "0.2": 0.8000000000001819, "0.4": 0.8000000000001819, "0.8": 0.8000000000001819}, "AP_amplitude": {"0.1": 0, "0.2": 68.02672986096198, "0.4": 73.17015665363968, "0.8": 94.17590320498347}, "voltage_base": {"0.1": -73.92880528507175, "0.2": -73.92880528507175, "0.4": -73.92880528507175, "0.8": -73.92880528507175}}}, "NetPyNE": {"L23_LBC_dNAC222_5": {"mean_frequency": {"0.1": 0, "0.2": 45.500000000030944, "0.4": 83.09555989393445, "0.8": 133.6938560914233}, "ISI_CV": {"0.1": 0, "0.2": 0.03432521283259439, "0.4": 0.02427030601178694, "0.8": 0.04744370430177176}, "time_to_first_spike": {"0.1": 0, "0.2": 10.500000000092996, "0.4": 4.100000000091541, "0.8": 2.000000000091063}, "time_to_second_spike": {"0.1": 0, "0.2": 33.100000000098134, "0.4": 14.800000000093974, "0.8": 9.2000000000927}, "AP_height": {"0.1": 0, "0.2": 12.6390950199204, "0.4": 18.124138274770115, "0.8": 21.00124292312919}, "AP_width": {"0.1": 0, "0.2": 0.7000000000001592, "0.4": 0.7000000000001592, "0.8": 0.8000000000001819}, "AP_amplitude": {"0.1": 0, "0.2": 68.01416771773046, "0.4": 73.6750947497443, "0.8": 94.93438080942096}, "voltage_base": {"0.1": -73.92879704909554, "0.2": -73.92879704909554, "0.4": -73.92879704909554, "0.8": -73.92879704909554}}}}