{"BBP": {"L1_NGC-DA_bNAC219_3": {"mean_frequency": {"0.1": 34.67685194494263, "0.2": 78.76385892746032, "0.4": 118.92217371677505, "0.8": 167.96189521194665}, "ISI_CV": {"0.1": 0.08893271970923859, "0.2": 0.03360436208599389, "0.4": 0.019917514747636516, "0.8": 0.010997967950214564}, "time_to_first_spike": {"0.1": 8.80000000009261, "0.2": 4.400000000091609, "0.4": 2.500000000091177, "0.8": 1.6000000000909722}, "time_to_second_spike": {"0.1": 24.800000000096247, "0.2": 14.800000000093974, "0.4": 10.200000000092928, "0.8": 7.6000000000923364}, "AP_height": {"0.1": 8.903385043517828, "0.2": 11.493862080839923, "0.4": 15.186564174708888, "0.8": 17.183371284709533}, "AP_width": {"0.1": 0.6000000000001364, "0.2": 0.7000000000001592, "0.4": 0.7000000000001592, "0.8": 0.7000000000001592}, "AP_amplitude": {"0.1": 64.40883027704658, "0.2": 67.12949299786395, "0.4": 70.63268241685057, "0.8": 88.40251164695438}, "voltage_base": {"0.1": -71.21902425974524, "0.2": -71.21902425974524, "0.4": -71.21902425974524, "0.8": -71.21902425974524}}}, "NetPyNE": {"L1_NGC-DA_bNAC219_3": {"mean_frequency": {"0.1": 34.53453453455801, "0.2": 78.38408200186208, "0.4": 118.15359967966377, "0.8": 166.80024043289237}, "ISI_CV": {"0.1": 0.08913952169951798, "0.2": 0.033303611484839575, "0.4": 0.01969069926867403, "0.8": 0.011618271163206594}, "time_to_first_spike": {"0.1": 8.900000000092632, "0.2": 4.500000000091632, "0.4": 2.6000000000911996, "0.8": 1.6000000000909722}, "time_to_second_spike": {"0.1": 25.000000000096293, "0.2": 15.000000000094019, "0.4": 10.30000000009295, "0.8": 7.700000000092359}, "AP_height": {"0.1": 8.978021079275834, "0.2": 13.18989607503477, "0.4": 16.475992011621006, "0.8": 19.585617354520945}, "AP_width": {"0.1": 0.6000000000001364, "0.2": 0.6000000000001364, "0.4": 0.7000000000001592, "0.8": 0.6000000000001364}, "AP_amplitude": {"0.1": 65.23750010081864, "0.2": 69.10281171645347, "0.4": 71.95007506269351, "0.8": 90.80475750418633}, "voltage_base": {"0.1": -71.21902404648044, "0.2": -71.21902404648044, "0.4": -71.21902404648044, "0.8": -71.21902404648044}}}}