{"BBP": {"L23_NGC_cNAC187_5": {"mean_frequency": {"0.1": 39.011703511079844, "0.2": 64.63897379370029, "0.4": 108.65211295821526, "0.8": 193.54838709635305}, "ISI_CV": {"0.1": 0.008636824044329547, "0.2": 0.023220736907820737, "0.4": 0.06222633538348607, "0.8": 0.092709445701687}, "time_to_first_spike": {"0.1": 11.800000000093291, "0.2": 5.600000000091882, "0.4": 2.900000000091268, "0.8": 1.6000000000909722}, "time_to_second_spike": {"0.1": 36.50000000009891, "0.2": 19.700000000095088, "0.4": 11.700000000093269, "0.8": 8.000000000092427}, "AP_height": {"0.1": 6.813946290479171, "0.2": 10.112547960363566, "0.4": 13.935217840165162, "0.8": 18.25831301920237}, "AP_width": {"0.1": 0.8000000000001819, "0.2": 0.8000000000001819, "0.4": 0.9000000000002046, "0.8": 0.8000000000001819}, "AP_amplitude": {"0.1": 61.83828730473654, "0.2": 66.14194662579506, "0.4": 69.67862915918319, "0.8": 86.60794113525318}, "voltage_base": {"0.1": -68.34721075829948, "0.2": -68.34721075829948, "0.4": -68.34721075829948, "0.8": -68.34721075829948}}}, "NetPyNE": {"L23_NGC_cNAC187_5": {"mean_frequency": {"0.1": 38.95578265711431, "0.2": 64.58072590742813, "0.4": 109.32250137914252, "0.8": 192.71948608095272}, "ISI_CV": {"0.1": 0.009217491031289805, "0.2": 0.024253526023496046, "0.4": 0.06717787218169645, "0.8": 0.09563294093200088}, "time_to_first_spike": {"0.1": 11.900000000093314, "0.2": 5.700000000091904, "0.4": 2.900000000091268, "0.8": 1.700000000090995}, "time_to_second_spike": {"0.1": 36.60000000009893, "0.2": 19.80000000009511, "0.4": 11.800000000093291, "0.8": 8.10000000009245}, "AP_height": {"0.1": 6.104869494446068, "0.2": 10.379227588570439, "0.4": 12.849295056326058, "0.8": 16.492529933365663}, "AP_width": {"0.1": 0.8000000000001819, "0.2": 0.8000000000001819, "0.4": 0.8000000000001819, "0.8": 0.9000000000002046}, "AP_amplitude": {"0.1": 61.77751258471332, "0.2": 65.77469956770196, "0.4": 67.65193465051699, "0.8": 84.842154096335}, "voltage_base": {"0.1": -68.34720680118265, "0.2": -68.34720680118265, "0.4": -68.34720680118265, "0.8": -68.34720680118265}}}}