{"BBP": {"L4_DBC_cNAC187_1": {"mean_frequency": {"0.1": 45.24204494046202, "0.2": 72.60164229926826, "0.4": 109.96736128553789, "0.8": 173.6649817327641}, "ISI_CV": {"0.1": 0.013839079106187197, "0.2": 0.011519520928907463, "0.4": 0.013066973249288056, "0.8": 0.054597394930032586}, "time_to_first_spike": {"0.1": 6.100000000091995, "0.2": 2.500000000091177, "0.4": 1.4000000000909267, "0.8": 0.900000000090813}, "time_to_second_spike": {"0.1": 26.100000000096543, "0.2": 13.900000000093769, "0.4": 9.100000000092678, "0.8": 6.600000000092109}, "AP_height": {"0.1": 22.550569667975147, "0.2": 25.1615685365374, "0.4": 28.365151765322803, "0.8": 28.840584260089347}, "AP_width": {"0.1": 0.6000000000001364, "0.2": 0.7000000000001592, "0.4": 0.7000000000001592, "0.8": 0.7000000000001592}, "AP_amplitude": {"0.1": 78.16486558655109, "0.2": 81.66431223894409, "0.4": 95.47953650326782, "0.8": 95.95496899537528}, "voltage_base": {"0.1": -67.1120641997449, "0.2": -67.1120641997449, "0.4": -67.1120641997449, "0.8": -67.1120641997449}}}, "NetPyNE": {"L4_DBC_cNAC187_1": {"mean_frequency": {"0.1": 45.020259116633085, "0.2": 72.26013649141801, "0.4": 109.40479775175552, "0.8": 173.54338584657964}, "ISI_CV": {"0.1": 0.013686929791185487, "0.2": 0.011243313795735052, "0.4": 0.012633088797107726, "0.8": 0.05821282891987257}, "time_to_first_spike": {"0.1": 6.200000000092018, "0.2": 2.6000000000911996, "0.4": 1.5000000000909495, "0.8": 0.900000000090813}, "time_to_second_spike": {"0.1": 26.30000000009659, "0.2": 14.100000000093814, "0.4": 9.2000000000927, "0.8": 6.8000000000921546}, "AP_height": {"0.1": 22.098646207631855, "0.2": 25.46937019407916, "0.4": 25.889163906544116, "0.8": 29.458130567607117}, "AP_width": {"0.1": 0.6000000000001364, "0.2": 0.7000000000001592, "0.4": 0.6000000000001364, "0.8": 0.7000000000001592}, "AP_amplitude": {"0.1": 78.81967980384408, "0.2": 81.13321753729741, "0.4": 93.0035452309763, "0.8": 96.57251178022257}, "voltage_base": {"0.1": -67.1120606738309, "0.2": -67.1120606738309, "0.4": -67.1120606738309, "0.8": -67.1120606738309}}}}