{"BBP": {"L6_BPC_cADpyr231_3": {"mean_frequency": {"0.1": 0, "0.2": 4.006009013523004, "0.4": 7.634364820852066, "0.8": 12.084909625901311}, "ISI_CV": {"0.1": 0, "0.2": 0.19779067325508431, "0.4": 0.32128132706174445, "0.8": 0.30134338006546435}, "time_to_first_spike": {"0.1": 0, "0.2": 43.10000000010041, "0.4": 12.600000000093473, "0.8": 4.700000000091677}, "time_to_second_spike": {"0.1": 0, "0.2": 118.3000000001175, "0.4": 38.30000000009932, "0.8": 19.80000000009511}, "AP_height": {"0.1": 0, "0.2": 27.62052641129411, "0.4": 33.38714160409959, "0.8": 38.8194623614764}, "AP_width": {"0.1": 0, "0.2": 1.2000000000002728, "0.4": 1.1000000000002501, "0.8": 1.2000000000002728}, "AP_amplitude": {"0.1": 0, "0.2": 79.33778744398296, "0.4": 86.55369875551287, "0.8": 93.09186874567285}, "voltage_base": {"0.1": -73.06457431835359, "0.2": -73.06457431835359, "0.4": -73.06457431835359, "0.8": -73.06457431835359}}}, "NetPyNE": {"L6_BPC_cADpyr231_3": {"mean_frequency": {"0.1": 0, "0.2": 4.193374468342684, "0.4": 7.596475235495876, "0.8": 12.009816719761583}, "ISI_CV": {"0.1": 0, "0.2": 0.21870561465976857, "0.4": 0.319838005767427, "0.8": 0.2993142399934178}, "time_to_first_spike": {"0.1": 0, "0.2": 43.300000000100454, "0.4": 12.700000000093496, "0.8": 4.8000000000917}, "time_to_second_spike": {"0.1": 0, "0.2": 118.90000000011764, "0.4": 38.600000000099385, "0.8": 19.900000000095133}, "AP_height": {"0.1": 0, "0.2": 27.047642527825623, "0.4": 32.510380814648755, "0.8": 38.47724343543247}, "AP_width": {"0.1": 0, "0.2": 1.2000000000002728, "0.4": 1.1000000000002501, "0.8": 1.2000000000002728}, "AP_amplitude": {"0.1": 0, "0.2": 78.04584846966196, "0.4": 85.27999451322427, "0.8": 92.05108783841831}, "voltage_base": {"0.1": -73.06457391870953, "0.2": -73.06457391870953, "0.4": -73.06457391870953, "0.8": -73.06457391870953}}}}