{"BBP": {"L4_MC_cACint209_3": {"mean_frequency": {"0.1": 30.144694533782523, "0.2": 48.09619238480223, "0.4": 106.52731018549014, "0.8": 211.42284569152645}, "ISI_CV": {"0.1": 0.26983038795182096, "0.2": 0.21320184023210992, "0.4": 0.1109756927985269, "0.8": 0.03069234458187649}, "time_to_first_spike": {"0.1": 21.20000000009543, "0.2": 9.000000000092655, "0.4": 3.8000000000914724, "0.8": 1.9000000000910404}, "time_to_second_spike": {"0.1": 31.000000000097657, "0.2": 18.0000000000947, "0.4": 11.600000000093246, "0.8": 8.400000000092518}, "AP_height": {"0.1": 12.312270061014857, "0.2": 19.202375700294002, "0.4": 25.97715986594389, "0.8": 30.670108572093927}, "AP_width": {"0.1": 0.8000000000001819, "0.2": 0.8000000000001819, "0.4": 0.8000000000001819, "0.8": 0.9000000000002046}, "AP_amplitude": {"0.1": 68.80527793478542, "0.2": 74.30292473773277, "0.4": 82.33040003766041, "0.8": 98.83032372127184}, "voltage_base": {"0.1": -68.15970523823793, "0.2": -68.15970523823793, "0.4": -68.15970523823793, "0.8": -68.15970523823793}}}, "NetPyNE": {"L4_MC_cACint209_3": {"mean_frequency": {"0.1": 30.293850348399815, "0.2": 48.42370744013372, "0.4": 107.15001001409246, "0.8": 208.54170834181014}, "ISI_CV": {"0.1": 0.2713820632948378, "0.2": 0.2137231557497637, "0.4": 0.10988254949453655, "0.8": 0.03081288097558131}, "time_to_first_spike": {"0.1": 21.400000000095474, "0.2": 9.100000000092678, "0.4": 3.900000000091495, "0.8": 2.000000000091063}, "time_to_second_spike": {"0.1": 31.10000000009768, "0.2": 18.200000000094747, "0.4": 11.800000000093291, "0.8": 8.500000000092541}, "AP_height": {"0.1": 12.505572715877932, "0.2": 17.619634284175003, "0.4": 26.043453221431772, "0.8": 29.773016657536377}, "AP_width": {"0.1": 0.8000000000001819, "0.2": 0.8000000000001819, "0.4": 0.8000000000001819, "0.8": 0.8000000000001819}, "AP_amplitude": {"0.1": 68.84179428003229, "0.2": 73.92165200274387, "0.4": 81.30732352167948, "0.8": 97.93323078549763}, "voltage_base": {"0.1": -68.15970419631171, "0.2": -68.15970419631171, "0.4": -68.15970419631171, "0.8": -68.15970419631171}}}}