{"BBP": {"L1_HAC_cNAC187_2": {"mean_frequency": {"0.1": 48.08173895625826, "0.2": 72.51485547391363, "0.4": 106.48985332536867, "0.8": 173.86791228758543}, "ISI_CV": {"0.1": 0.0336028709048079, "0.2": 0.02108048789148211, "0.4": 0.011328037530982132, "0.8": 0.1627644466959998}, "time_to_first_spike": {"0.1": 5.90000000009195, "0.2": 3.3000000000913587, "0.4": 2.000000000091063, "0.8": 1.300000000090904}, "time_to_second_spike": {"0.1": 24.400000000096156, "0.2": 15.100000000094042, "0.4": 10.200000000092928, "0.8": 7.500000000092314}, "AP_height": {"0.1": 14.641262637277926, "0.2": 18.768638079020963, "0.4": 21.987913512411236, "0.8": 21.487642557647455}, "AP_width": {"0.1": 0.7000000000001592, "0.2": 0.7000000000001592, "0.4": 0.7000000000001592, "0.8": 0.8000000000001819}, "AP_amplitude": {"0.1": 71.71807382493502, "0.2": 74.92217339537994, "0.4": 91.05292324668737, "0.8": 90.5526522898981}, "voltage_base": {"0.1": -69.06187800374914, "0.2": -69.06187800374914, "0.4": -69.06187800374914, "0.8": -69.06187800374914}}}, "NetPyNE": {"L1_HAC_cNAC187_2": {"mean_frequency": {"0.1": 47.8710002519851, "0.2": 72.13706041483712, "0.4": 105.91837759155831, "0.8": 175.85730435880748}, "ISI_CV": {"0.1": 0.03332560988469626, "0.2": 0.02064396518624359, "0.4": 0.011525879796658157, "0.8": 0.1774918926806512}, "time_to_first_spike": {"0.1": 6.000000000091973, "0.2": 3.4000000000913815, "0.4": 2.000000000091063, "0.8": 1.300000000090904}, "time_to_second_spike": {"0.1": 24.600000000096202, "0.2": 15.200000000094064, "0.4": 10.30000000009295, "0.8": 7.6000000000923364}, "AP_height": {"0.1": 13.118682630847099, "0.2": 16.439791170769528, "0.4": 18.675507163401434, "0.8": 24.828798686837022}, "AP_width": {"0.1": 0.7000000000001592, "0.2": 0.7000000000001592, "0.4": 0.8000000000001819, "0.8": 0.7000000000001592}, "AP_amplitude": {"0.1": 69.16986036417666, "0.2": 72.68047601307224, "0.4": 87.74051156195732, "0.8": 93.89380304079563}, "voltage_base": {"0.1": -69.06187261904309, "0.2": -69.06187261904309, "0.4": -69.06187261904309, "0.8": -69.06187261904309}}}}