{"BBP": {"L6_SBC_dNAC222_2": {"mean_frequency": {"0.1": 37.001368543793106, "0.2": 64.17970316891645, "0.4": 95.4677921817551, "0.8": 136.58194916959457}, "ISI_CV": {"0.1": 0.04543135908407253, "0.2": 0.03606421942807002, "0.4": 0.01965904249293833, "0.8": 0.017833700689010554}, "time_to_first_spike": {"0.1": 7.0000000000922, "0.2": 3.200000000091336, "0.4": 1.8000000000910177, "0.8": 1.0000000000908358}, "time_to_second_spike": {"0.1": 31.400000000097748, "0.2": 16.300000000094315, "0.4": 10.600000000093019, "0.8": 7.6000000000923364}, "AP_height": {"0.1": 23.587533502052736, "0.2": 26.563110719431286, "0.4": 27.527082993522118, "0.8": 31.804136096781548}, "AP_width": {"0.1": 0.6000000000001364, "0.2": 0.6000000000001364, "0.4": 0.7000000000001592, "0.8": 0.7000000000001592}, "AP_amplitude": {"0.1": 81.69643539785584, "0.2": 82.6257417544982, "0.4": 99.99218025216832, "0.8": 104.26923335283675}, "voltage_base": {"0.1": -72.46070381953706, "0.2": -72.46070381953706, "0.4": -72.46070381953706, "0.8": -72.46070381953706}}}, "NetPyNE": {"L6_SBC_dNAC222_2": {"mean_frequency": {"0.1": 36.73695334912664, "0.2": 63.78383807949688, "0.4": 94.84618858841189, "0.8": 135.64242454586528}, "ISI_CV": {"0.1": 0.04537396614900412, "0.2": 0.03574632014254598, "0.4": 0.01927109352850592, "0.8": 0.018386664762824224}, "time_to_first_spike": {"0.1": 7.100000000092223, "0.2": 3.200000000091336, "0.4": 1.8000000000910177, "0.8": 1.1000000000908585}, "time_to_second_spike": {"0.1": 31.700000000097816, "0.2": 16.50000000009436, "0.4": 10.700000000093041, "0.8": 7.700000000092359}, "AP_height": {"0.1": 23.20067140745422, "0.2": 22.544876993638443, "0.4": 30.859582767107323, "0.8": 30.358930670032127}, "AP_width": {"0.1": 0.6000000000001364, "0.2": 0.7000000000001592, "0.4": 0.7000000000001592, "0.8": 0.7000000000001592}, "AP_amplitude": {"0.1": 80.86453601447656, "0.2": 78.82332482382704, "0.4": 103.3246710976895, "0.8": 102.82401874223847}, "voltage_base": {"0.1": -72.46069461118753, "0.2": -72.46069461118753, "0.4": -72.46069461118753, "0.8": -72.46069461118753}}}}