{"BBP": {"L4_MC_cNAC187_3": {"mean_frequency": {"0.1": 37.67897513190199, "0.2": 63.71024380459831, "0.4": 100.95429432452862, "0.8": 164.63170536440336}, "ISI_CV": {"0.1": 0.006477708377510903, "0.2": 0.01242223993334651, "0.4": 0.02071278823693135, "0.8": 0.06298394644207424}, "time_to_first_spike": {"0.1": 11.500000000093223, "0.2": 4.500000000091632, "0.4": 1.9000000000910404, "0.8": 1.1000000000908585}, "time_to_second_spike": {"0.1": 36.60000000009893, "0.2": 18.0000000000947, "0.4": 10.30000000009295, "0.8": 7.2000000000922455}, "AP_height": {"0.1": 17.52586648991877, "0.2": 18.706503346249743, "0.4": 24.932295505316524, "0.8": 23.612871539830913}, "AP_width": {"0.1": 0.7000000000001592, "0.2": 0.7000000000001592, "0.4": 0.7000000000001592, "0.8": 0.7000000000001592}, "AP_amplitude": {"0.1": 72.47173582037573, "0.2": 73.30352198526714, "0.4": 92.33917646855491, "0.8": 91.01975250101165}, "voltage_base": {"0.1": -67.40466255288874, "0.2": -67.40466255288874, "0.4": -67.40466255288874, "0.8": -67.40466255288874}}}, "NetPyNE": {"L4_MC_cNAC187_3": {"mean_frequency": {"0.1": 37.558215233637625, "0.2": 63.50635063510669, "0.4": 100.62578222785314, "0.8": 165.31409678400175}, "ISI_CV": {"0.1": 0.006572661904455422, "0.2": 0.01283234980517612, "0.4": 0.0215257173403277, "0.8": 0.06861018146590037}, "time_to_first_spike": {"0.1": 11.600000000093246, "0.2": 4.600000000091654, "0.4": 2.000000000091063, "0.8": 1.1000000000908585}, "time_to_second_spike": {"0.1": 36.800000000098976, "0.2": 18.200000000094747, "0.4": 10.400000000092973, "0.8": 7.300000000092268}, "AP_height": {"0.1": 15.227519214482536, "0.2": 18.072209909111205, "0.4": 22.90161013824574, "0.8": 26.939811844767654}, "AP_width": {"0.1": 0.7000000000001592, "0.2": 0.7000000000001592, "0.4": 0.7000000000001592, "0.8": 0.7000000000001592}, "AP_amplitude": {"0.1": 69.50138827335122, "0.2": 73.53631454698511, "0.4": 90.30839857937762, "0.8": 94.3466893554444}, "voltage_base": {"0.1": -67.40465909926951, "0.2": -67.40465909926951, "0.4": -67.40465909926951, "0.8": -67.40465909926951}}}}