{"BBP": {"L6_LBC_bSTUT213_1": {"mean_frequency": {"0.1": 9.760608240014795, "0.2": 76.72634271104957, "0.4": 120.45169385202661, "0.8": 166.90056134734678}, "ISI_CV": {"0.1": 0.512067336578606, "0.2": 0.07193008085486477, "0.4": 0.03908986214529571, "0.8": 0.018083733397260056}, "time_to_first_spike": {"0.1": 9.800000000092837, "0.2": 3.7000000000914497, "0.4": 1.9000000000910404, "0.8": 1.1000000000908585}, "time_to_second_spike": {"0.1": 27.40000000009684, "0.2": 13.400000000093655, "0.4": 9.2000000000927, "0.8": 6.900000000092177}, "AP_height": {"0.1": 19.26336760348223, "0.2": 18.991350352378095, "0.4": 27.049878080025035, "0.8": 29.545412127537787}, "AP_width": {"0.1": 0.5000000000001137, "0.2": 0.5000000000001137, "0.4": 0.6000000000001364, "0.8": 0.6000000000001364}, "AP_amplitude": {"0.1": 74.43226996352985, "0.2": 74.42209694391936, "0.4": 100.37950812957168, "0.8": 102.8230527523853}, "voltage_base": {"0.1": -73.35940207981221, "0.2": -73.35940207981221, "0.4": -73.35940207981221, "0.8": -73.35940207981221}}}, "NetPyNE": {"L6_LBC_bSTUT213_1": {"mean_frequency": {"0.1": 70.42253521080224, "0.2": 72.56894049351813, "0.4": 117.8535606821262, "0.8": 164.01640164027555}, "ISI_CV": {"0.1": 0, "0.2": 0.06494722639326164, "0.4": 0.03944932762742674, "0.8": 0.01777915544665574}, "time_to_first_spike": {"0.1": 14.200000000093837, "0.2": 4.000000000091518, "0.4": 2.100000000091086, "0.8": 1.2000000000908813}, "time_to_second_spike": {"0.1": 0, "0.2": 14.000000000093792, "0.4": 9.500000000092768, "0.8": 7.100000000092223}, "AP_height": {"0.1": 13.743281735198325, "0.2": 23.748024894421828, "0.4": 21.41972339248052, "0.8": 28.118832584243663}, "AP_width": {"0.1": 0.5000000000001137, "0.2": 0.6000000000001364, "0.4": 0.5000000000001137, "0.8": 0.6000000000001364}, "AP_amplitude": {"0.1": 68.58486089427502, "0.2": 79.46636421882543, "0.4": 95.62473417555037, "0.8": 102.32384337808843}, "voltage_base": {"0.1": -74.20494759875542, "0.2": -74.20494759875542, "0.4": -74.20494759875542, "0.8": -74.20494759875542}}}}