{"BBP": {"L6_NBC_cNAC187_1": {"mean_frequency": {"0.1": 34.89430565391258, "0.2": 56.36070853465982, "0.4": 86.79945813060937, "0.8": 136.20430645978212}, "ISI_CV": {"0.1": 0.01655015654360616, "0.2": 0.00902067268834475, "0.4": 0.013891554347684947, "0.8": 0.05176410425186361}, "time_to_first_spike": {"0.1": 11.00000000009311, "0.2": 5.3000000000918135, "0.4": 2.800000000091245, "0.8": 1.6000000000909722}, "time_to_second_spike": {"0.1": 38.10000000009927, "0.2": 21.100000000095406, "0.4": 12.700000000093496, "0.8": 8.80000000009261}, "AP_height": {"0.1": 11.32398017853211, "0.2": 15.027063656777429, "0.4": 18.827326538056912, "0.8": 21.281284937163193}, "AP_width": {"0.1": 0.7000000000001592, "0.2": 0.7000000000001592, "0.4": 0.7000000000001592, "0.8": 0.8000000000001819}, "AP_amplitude": {"0.1": 67.71354451223326, "0.2": 71.97765692567069, "0.4": 75.18883367484021, "0.8": 89.86089474856352}, "voltage_base": {"0.1": -68.5768830854377, "0.2": -68.5768830854377, "0.4": -68.5768830854377, "0.8": -68.5768830854377}}}, "NetPyNE": {"L6_NBC_cNAC187_1": {"mean_frequency": {"0.1": 34.743202416942, "0.2": 56.1037920152663, "0.4": 86.41044963582858, "0.8": 136.30669005271102}, "ISI_CV": {"0.1": 0.01655185563998163, "0.2": 0.008915107807538649, "0.4": 0.014424396100056833, "0.8": 0.05592002390230524}, "time_to_first_spike": {"0.1": 11.100000000093132, "0.2": 5.400000000091836, "0.4": 2.800000000091245, "0.8": 1.700000000090995}, "time_to_second_spike": {"0.1": 38.30000000009932, "0.2": 21.30000000009545, "0.4": 12.800000000093519, "0.8": 8.900000000092632}, "AP_height": {"0.1": 11.09248450755971, "0.2": 13.335849975830152, "0.4": 16.526605382410917, "0.8": 21.870127784194743}, "AP_width": {"0.1": 0.7000000000001592, "0.2": 0.7000000000001592, "0.4": 0.7000000000001592, "0.8": 0.7000000000001592}, "AP_amplitude": {"0.1": 68.06859982542207, "0.2": 69.46180438055742, "0.4": 71.94826714423537, "0.8": 90.44973304148996}, "voltage_base": {"0.1": -68.57687852624564, "0.2": -68.57687852624564, "0.4": -68.57687852624564, "0.8": -68.57687852624564}}}}