{"BBP": {"L6_BPC_cADpyr231_1": {"mean_frequency": {"0.1": 0, "0.2": 3.639672429483644, "0.4": 7.04863558554501, "0.8": 10.820837842023051}, "ISI_CV": {"0.1": 0, "0.2": 0.189498541648566, "0.4": 0.33047027487734265, "0.8": 0.31188981322169895}, "time_to_first_spike": {"0.1": 0, "0.2": 41.70000000010009, "0.4": 12.50000000009345, "0.8": 4.8000000000917}, "time_to_second_spike": {"0.1": 0, "0.2": 127.10000000011951, "0.4": 37.70000000009918, "0.8": 19.500000000095042}, "AP_height": {"0.1": 0, "0.2": 19.39010660917567, "0.4": 30.85316476285371, "0.8": 38.109299337119}, "AP_width": {"0.1": 0, "0.2": 1.2000000000002728, "0.4": 1.2000000000002728, "0.8": 1.2000000000002728}, "AP_amplitude": {"0.1": 0, "0.2": 70.80163469414214, "0.4": 84.16666401783698, "0.8": 92.17829733631002}, "voltage_base": {"0.1": -73.01480493537541, "0.2": -73.01480493537541, "0.4": -73.01480493537541, "0.8": -73.01480493537541}}}, "NetPyNE": {"L6_BPC_cADpyr231_1": {"mean_frequency": {"0.1": 0, "0.2": 3.6324010170745793, "0.4": 7.1131538629943964, "0.8": 10.694642493386734}, "ISI_CV": {"0.1": 0, "0.2": 0.1844340309506272, "0.4": 0.3476321819961396, "0.8": 0.30965518419985527}, "time_to_first_spike": {"0.1": 0, "0.2": 41.80000000010011, "0.4": 12.700000000093496, "0.8": 4.9000000000917225}, "time_to_second_spike": {"0.1": 0, "0.2": 118.60000000011757, "0.4": 37.900000000099226, "0.8": 19.600000000095065}, "AP_height": {"0.1": 0, "0.2": 19.45213988805103, "0.4": 30.861381437383674, "0.8": 37.69824567544175}, "AP_width": {"0.1": 0, "0.2": 1.1000000000002501, "0.4": 1.2000000000002728, "0.8": 1.3000000000002956}, "AP_amplitude": {"0.1": 0, "0.2": 71.6867265487526, "0.4": 83.73792014584693, "0.8": 90.68360052199654}, "voltage_base": {"0.1": -73.014804545877, "0.2": -73.014804545877, "0.4": -73.014804545877, "0.8": -73.014804545877}}}}