{"BBP": {"L4_NBC_cNAC187_5": {"mean_frequency": {"0.1": 24.506126531649574, "0.2": 43.77799023804108, "0.4": 70.14379477934523, "0.8": 108.73377762196095}, "ISI_CV": {"0.1": 0.02116337633523014, "0.2": 0.010270971845550059, "0.4": 0.009756192953813726, "0.8": 0.023566071911969372}, "time_to_first_spike": {"0.1": 18.800000000094883, "0.2": 7.700000000092359, "0.4": 3.600000000091427, "0.8": 1.9000000000910404}, "time_to_second_spike": {"0.1": 58.000000000103796, "0.2": 28.90000000009718, "0.4": 15.800000000094201, "0.8": 9.800000000092837}, "AP_height": {"0.1": 11.264665482197428, "0.2": 16.44470800132783, "0.4": 17.915304236601365, "0.8": 22.8780026324754}, "AP_width": {"0.1": 0.7000000000001592, "0.2": 0.7000000000001592, "0.4": 0.7000000000001592, "0.8": 0.7000000000001592}, "AP_amplitude": {"0.1": 67.03372105924622, "0.2": 71.647511367381, "0.4": 73.25884661929673, "0.8": 91.50747851178241}, "voltage_base": {"0.1": -68.62661584880779, "0.2": -68.62661584880779, "0.4": -68.62661584880779, "0.8": -68.62661584880779}}}, "NetPyNE": {"L4_NBC_cNAC187_5": {"mean_frequency": {"0.1": 24.412572474841042, "0.2": 43.56316659158737, "0.4": 69.81416373686308, "0.8": 108.23812387259309}, "ISI_CV": {"0.1": 0.020896716858235263, "0.2": 0.010054120606157482, "0.4": 0.010113817800584932, "0.8": 0.02475922396502113}, "time_to_first_spike": {"0.1": 18.900000000094906, "0.2": 7.800000000092382, "0.4": 3.7000000000914497, "0.8": 1.9000000000910404}, "time_to_second_spike": {"0.1": 58.300000000103864, "0.2": 29.100000000097225, "0.4": 15.900000000094224, "0.8": 10.000000000092882}, "AP_height": {"0.1": 13.311765583404648, "0.2": 14.621769916149821, "0.4": 16.785116838125465, "0.8": 19.906879217544724}, "AP_width": {"0.1": 0.6000000000001364, "0.2": 0.7000000000001592, "0.4": 0.7000000000001592, "0.8": 0.8000000000001819}, "AP_amplitude": {"0.1": 67.66587303633406, "0.2": 69.23598026240303, "0.4": 72.5716396425301, "0.8": 88.53635057384669}, "voltage_base": {"0.1": -68.6266113209285, "0.2": -68.6266113209285, "0.4": -68.6266113209285, "0.8": -68.6266113209285}}}}