{"BBP": {"L5_LBC_cIR216_3": {"mean_frequency": {"0.1": 0, "0.2": 17.618040873866782, "0.4": 32.006401280277814, "0.8": 67.04022413452627}, "ISI_CV": {"0.1": 0, "0.2": 0.3815551761743347, "0.4": 0.23566609649255205, "0.8": 0.12486940041647256}, "time_to_first_spike": {"0.1": 0, "0.2": 19.10000000009495, "0.4": 6.500000000092086, "0.8": 3.0000000000912905}, "time_to_second_spike": {"0.1": 0, "0.2": 38.90000000009945, "0.4": 17.100000000094496, "0.8": 10.700000000093041}, "AP_height": {"0.1": 0, "0.2": 23.75075628151301, "0.4": 26.603057493597188, "0.8": 32.83922534782608}, "AP_width": {"0.1": 0, "0.2": 0.8000000000001819, "0.4": 0.8000000000001819, "0.8": 0.9000000000002046}, "AP_amplitude": {"0.1": 0, "0.2": 80.22407686241695, "0.4": 83.127851263528, "0.8": 109.31767332404013}, "voltage_base": {"0.1": -76.53327856096587, "0.2": -76.53327856096587, "0.4": -76.53327856096587, "0.8": -76.53327856096587}}}, "NetPyNE": {"L5_LBC_cIR216_3": {"mean_frequency": {"0.1": 0, "0.2": 9.01235222393645, "0.4": 27.524772295084272, "0.8": 54.211424555804314}, "ISI_CV": {"0.1": 0, "0.2": 0.2664634073142075, "0.4": 0.20422699810147196, "0.8": 0.13925941704909778}, "time_to_first_spike": {"0.1": 0, "0.2": 24.800000000096247, "0.4": 7.300000000092268, "0.8": 3.200000000091336}, "time_to_second_spike": {"0.1": 0, "0.2": 65.10000000010541, "0.4": 18.900000000094906, "0.8": 11.200000000093155}, "AP_height": {"0.1": 0, "0.2": 23.449384681388786, "0.4": 28.390333081517124, "0.8": 31.023853836701885}, "AP_width": {"0.1": 0, "0.2": 0.8000000000001819, "0.4": 0.9000000000002046, "0.8": 0.9000000000002046}, "AP_amplitude": {"0.1": 0, "0.2": 79.24758557741016, "0.4": 84.91068789246273, "0.8": 108.41879868075684}, "voltage_base": {"0.1": -77.39481858043767, "0.2": -77.39481858043767, "0.4": -77.39481858043767, "0.8": -77.39481858043767}}}}