{"BBP": {"L6_BP_bIR215_3": {"mean_frequency": {"0.1": 11.505072691148797, "0.2": 16.54218256555337, "0.4": 22.875152501032144, "0.8": 33.14584170351789}, "ISI_CV": {"0.1": 0.3339292020219417, "0.2": 0.324803130694541, "0.4": 0.33558018351025154, "0.8": 0.3155694181178385}, "time_to_first_spike": {"0.1": 8.300000000092496, "0.2": 3.200000000091336, "0.4": 1.4000000000909267, "0.8": 0.8000000000907903}, "time_to_second_spike": {"0.1": 34.30000000009841, "0.2": 18.400000000094792, "0.4": 10.600000000093019, "0.8": 7.300000000092268}, "AP_height": {"0.1": 21.17348404458254, "0.2": 26.323286277859577, "0.4": 26.5073379337709, "0.8": 30.14838813270727}, "AP_width": {"0.1": 0.6000000000001364, "0.2": 0.6000000000001364, "0.4": 0.6000000000001364, "0.8": 0.6000000000001364}, "AP_amplitude": {"0.1": 77.51315019475149, "0.2": 97.88477157492412, "0.4": 97.30592785635258, "0.8": 101.5339455003575}, "voltage_base": {"0.1": -71.4453096919041, "0.2": -71.4453096919041, "0.4": -71.4453096919041, "0.8": -71.4453096919041}}}, "NetPyNE": {"L6_BP_bIR215_3": {"mean_frequency": {"0.1": 5.837711617050005, "0.2": 14.48900388099292, "0.4": 21.111893033089633, "0.8": 31.096398836413943}, "ISI_CV": {"0.1": 0.21237427779630746, "0.2": 0.3023711724699715, "0.4": 0.30562864002641416, "0.8": 0.29395010445668784}, "time_to_first_spike": {"0.1": 14.100000000093814, "0.2": 4.400000000091609, "0.4": 1.8000000000910177, "0.8": 0.900000000090813}, "time_to_second_spike": {"0.1": 58.700000000103955, "0.2": 22.4000000000957, "0.4": 12.300000000093405, "0.8": 7.900000000092405}, "AP_height": {"0.1": 17.15752010619889, "0.2": 24.912570088729254, "0.4": 29.22706660117095, "0.8": 31.107129867157017}, "AP_width": {"0.1": 0.6000000000001364, "0.2": 0.6000000000001364, "0.4": 0.6000000000001364, "0.8": 0.7000000000001592}, "AP_amplitude": {"0.1": 73.84623240310773, "0.2": 99.53589378947181, "0.4": 103.85039019670437, "0.8": 105.73045355968013}, "voltage_base": {"0.1": -74.6224535876209, "0.2": -74.6224535876209, "0.4": -74.6224535876209, "0.8": -74.6224535876209}}}}