{"BBP": {"L4_NBC_cIR216_4": {"mean_frequency": {"0.1": 15.191411788545835, "0.2": 32.1478802491679, "0.4": 64.50962604580526, "0.8": 144.5289057812545}, "ISI_CV": {"0.1": 0.47235186649267763, "0.2": 0.24420696012016804, "0.4": 0.15776759991507894, "0.8": 0.05672483745783713}, "time_to_first_spike": {"0.1": 29.400000000097293, "0.2": 7.800000000092382, "0.4": 3.500000000091404, "0.8": 1.700000000090995}, "time_to_second_spike": {"0.1": 55.400000000103205, "0.2": 18.900000000094906, "0.4": 11.300000000093178, "0.8": 7.6000000000923364}, "AP_height": {"0.1": 22.921033680424486, "0.2": 27.254512392182736, "0.4": 30.493808799894335, "0.8": 33.11360139930612}, "AP_width": {"0.1": 0.8000000000001819, "0.2": 0.9000000000002046, "0.4": 0.9000000000002046, "0.8": 1.0000000000002274}, "AP_amplitude": {"0.1": 77.64346707287228, "0.2": 83.3171467924708, "0.4": 85.38727314226097, "0.8": 109.00868738895606}, "voltage_base": {"0.1": -75.98515379334259, "0.2": -75.98515379334259, "0.4": -75.98515379334259, "0.8": -75.98515379334259}}}, "NetPyNE": {"L4_NBC_cIR216_4": {"mean_frequency": {"0.1": 0, "0.2": 26.670692431580097, "0.4": 54.3478260869934, "0.8": 127.33106075805725}, "ISI_CV": {"0.1": 0, "0.2": 0.21140229795275126, "0.4": 0.15312383866177504, "0.8": 0.053732042111083365}, "time_to_first_spike": {"0.1": 0, "0.2": 9.2000000000927, "0.4": 3.900000000091495, "0.8": 1.9000000000910404}, "time_to_second_spike": {"0.1": 0, "0.2": 22.30000000009568, "0.4": 12.10000000009336, "0.8": 7.900000000092405}, "AP_height": {"0.1": 0, "0.2": 26.311198954441974, "0.4": 30.40847942250576, "0.8": 33.47849129678053}, "AP_width": {"0.1": 0, "0.2": 0.8000000000001819, "0.4": 0.9000000000002046, "0.8": 1.0000000000002274}, "AP_amplitude": {"0.1": 0, "0.2": 81.46809942954187, "0.4": 86.09783380452593, "0.8": 110.88304991553301}, "voltage_base": {"0.1": -77.40445082731469, "0.2": -77.40445082731469, "0.4": -77.40445082731469, "0.8": -77.40445082731469}}}}