{"BBP": {"L6_NGC_bNAC219_4": {"mean_frequency": {"0.1": 53.828352953049915, "0.2": 93.5140271041292, "0.4": 144.3609022557372, "0.8": 251.57232704253434}, "ISI_CV": {"0.1": 0.035158173435425946, "0.2": 0.01823359208153885, "0.4": 0.015960990089683647, "0.8": 0.10878565864408424}, "time_to_first_spike": {"0.1": 7.6000000000923364, "0.2": 4.100000000091541, "0.4": 2.3000000000911314, "0.8": 1.4000000000909267}, "time_to_second_spike": {"0.1": 20.90000000009536, "0.2": 13.300000000093632, "0.4": 9.400000000092746, "0.8": 6.8000000000921546}, "AP_height": {"0.1": 6.209464905612002, "0.2": 8.58806675062695, "0.4": 11.566240533523247, "0.8": 16.478551286168727}, "AP_width": {"0.1": 0.8000000000001819, "0.2": 0.7000000000001592, "0.4": 0.8000000000001819, "0.8": 0.7000000000001592}, "AP_amplitude": {"0.1": 61.249429159299375, "0.2": 63.98788191948495, "0.4": 82.18253081419748, "0.8": 87.09484156502516}, "voltage_base": {"0.1": -70.61617604431935, "0.2": -70.61617604431935, "0.4": -70.61617604431935, "0.8": -70.61617604431935}}}, "NetPyNE": {"L6_NGC_bNAC219_4": {"mean_frequency": {"0.1": 53.741838272261504, "0.2": 93.228409603592, "0.4": 144.02880576125017, "0.8": 249.99999999852741}, "ISI_CV": {"0.1": 0.03496427335198802, "0.2": 0.018016573275113475, "0.4": 0.01640740647085984, "0.8": 0.10878565864408424}, "time_to_first_spike": {"0.1": 7.700000000092359, "0.2": 4.100000000091541, "0.4": 2.400000000091154, "0.8": 1.4000000000909267}, "time_to_second_spike": {"0.1": 21.100000000095406, "0.2": 13.500000000093678, "0.4": 9.500000000092768, "0.8": 6.900000000092177}, "AP_height": {"0.1": 6.2331625781101145, "0.2": 9.318479585856878, "0.4": 13.261973660623482, "0.8": 14.401888477598805}, "AP_width": {"0.1": 0.8000000000001819, "0.2": 0.7000000000001592, "0.4": 0.8000000000001819, "0.8": 0.8000000000001819}, "AP_amplitude": {"0.1": 60.777067713028586, "0.2": 63.93533033898887, "0.4": 67.42121977825445, "0.8": 85.01817870492198}, "voltage_base": {"0.1": -70.61617599206743, "0.2": -70.61617599206743, "0.4": -70.61617599206743, "0.8": -70.61617599206743}}}}