{"BBP": {"L1_DAC_bNAC219_2": {"mean_frequency": {"0.1": 55.44354838713438, "0.2": 98.62821668175324, "0.4": 146.42463143124982, "0.8": 238.09523809415666}, "ISI_CV": {"0.1": 0.04051621779455313, "0.2": 0.016845234606507914, "0.4": 0.011201173759032176, "0.8": 0.07671385692476573}, "time_to_first_spike": {"0.1": 7.0000000000922, "0.2": 3.7000000000914497, "0.4": 2.2000000000911086, "0.8": 1.4000000000909267}, "time_to_second_spike": {"0.1": 19.200000000094974, "0.2": 12.50000000009345, "0.4": 9.000000000092655, "0.8": 6.900000000092177}, "AP_height": {"0.1": 6.212939462526518, "0.2": 10.828340748165637, "0.4": 14.818132199926012, "0.8": 16.276653503479974}, "AP_width": {"0.1": 0.7000000000001592, "0.2": 0.6000000000001364, "0.4": 0.7000000000001592, "0.8": 0.7000000000001592}, "AP_amplitude": {"0.1": 62.4137524229983, "0.2": 66.89747391067718, "0.4": 85.56643559339189, "0.8": 87.02495689499783}, "voltage_base": {"0.1": -70.74818602148846, "0.2": -70.74818602148846, "0.4": -70.74818602148846, "0.8": -70.74818602148846}}}, "NetPyNE": {"L1_DAC_bNAC219_2": {"mean_frequency": {"0.1": 55.29305318190141, "0.2": 98.17671809263335, "0.4": 145.79158316643174, "0.8": 235.84905660271195}, "ISI_CV": {"0.1": 0.04029879201334742, "0.2": 0.016614871720242497, "0.4": 0.011628079496298427, "0.8": 0.07419474473839957}, "time_to_first_spike": {"0.1": 7.100000000092223, "0.2": 3.8000000000914724, "0.4": 2.2000000000911086, "0.8": 1.4000000000909267}, "time_to_second_spike": {"0.1": 19.300000000094997, "0.2": 12.600000000093473, "0.4": 9.100000000092678, "0.8": 7.0000000000922}, "AP_height": {"0.1": 5.610627786618283, "0.2": 10.634176875192164, "0.4": 13.86371686076719, "0.8": 18.56128088082315}, "AP_width": {"0.1": 0.7000000000001592, "0.2": 0.7000000000001592, "0.4": 0.7000000000001592, "0.8": 0.6000000000001364}, "AP_amplitude": {"0.1": 62.50300030253729, "0.2": 66.87638316674503, "0.4": 84.61202004755363, "0.8": 89.30958408847006}, "voltage_base": {"0.1": -70.74818583688369, "0.2": -70.74818583688369, "0.4": -70.74818583688369, "0.8": -70.74818583688369}}}}