{"BBP": {"L5_NBC_bIR215_3": {"mean_frequency": {"0.1": 0, "0.2": 7.990624334119953, "0.4": 14.047866805420453, "0.8": 20.347949944056893}, "ISI_CV": {"0.1": 0, "0.2": 0.316354319986508, "0.4": 0.2814036579179371, "0.8": 0.27943887033770654}, "time_to_first_spike": {"0.1": 0, "0.2": 5.700000000091904, "0.4": 2.400000000091154, "0.8": 1.300000000090904}, "time_to_second_spike": {"0.1": 0, "0.2": 37.60000000009916, "0.4": 20.10000000009518, "0.8": 12.700000000093496}, "AP_height": {"0.1": 0, "0.2": 28.30397881950565, "0.4": 31.53858645231041, "0.8": 32.44107533239212}, "AP_width": {"0.1": 0, "0.2": 0.6000000000001364, "0.4": 0.5000000000001137, "0.8": 0.6000000000001364}, "AP_amplitude": {"0.1": 0, "0.2": 83.12443430876684, "0.4": 104.39558648083037, "0.8": 107.3525716210499}, "voltage_base": {"0.1": -74.9675714750895, "0.2": -74.9675714750895, "0.4": -74.9675714750895, "0.8": -74.9675714750895}}}, "NetPyNE": {"L5_NBC_bIR215_3": {"mean_frequency": {"0.1": 0, "0.2": 4.323389537400179, "0.4": 12.850167052180336, "0.8": 19.535266296537937}, "ISI_CV": {"0.1": 0, "0.2": 0.036073883479366256, "0.4": 0.24455140702556397, "0.8": 0.25304283728108673}, "time_to_first_spike": {"0.1": 0, "0.2": 6.700000000092132, "0.4": 2.7000000000912223, "0.8": 1.4000000000909267}, "time_to_second_spike": {"0.1": 0, "0.2": 231.90000000014334, "0.4": 22.100000000095633, "0.8": 13.6000000000937}, "AP_height": {"0.1": 0, "0.2": 29.188759302159777, "0.4": 33.00057363147074, "0.8": 35.17305673373932}, "AP_width": {"0.1": 0, "0.2": 0.5000000000001137, "0.4": 0.6000000000001364, "0.8": 0.6000000000001364}, "AP_amplitude": {"0.1": 0, "0.2": 82.93258812559593, "0.4": 107.37743908378006, "0.8": 111.50551951636075}, "voltage_base": {"0.1": -76.33069496221947, "0.2": -76.33069496221947, "0.4": -76.33069496221947, "0.8": -76.33069496221947}}}}