{"BBP": {"L6_ChC_cACint209_5": {"mean_frequency": {"0.1": 17.591969783216665, "0.2": 24.55032817277083, "0.4": 36.690792119043806, "0.8": 63.90580184173813}, "ISI_CV": {"0.1": 0.2903656430203553, "0.2": 0.2704717777002872, "0.4": 0.24171287668396688, "0.8": 0.19955687106234948}, "time_to_first_spike": {"0.1": 12.600000000093473, "0.2": 5.600000000091882, "0.4": 2.7000000000912223, "0.8": 1.4000000000909267}, "time_to_second_spike": {"0.1": 33.30000000009818, "0.2": 18.500000000094815, "0.4": 11.700000000093269, "0.8": 8.300000000092496}, "AP_height": {"0.1": 31.575256951768957, "0.2": 31.81140006103862, "0.4": 36.73439634745274, "0.8": 38.74276539053595}, "AP_width": {"0.1": 0.8000000000001819, "0.2": 0.9000000000002046, "0.4": 0.9000000000002046, "0.8": 0.9000000000002046}, "AP_amplitude": {"0.1": 84.24225936275622, "0.2": 85.63528277278223, "0.4": 91.72479051684154, "0.8": 110.06500418806674}, "voltage_base": {"0.1": -71.32143857865586, "0.2": -71.32143857865586, "0.4": -71.32143857865586, "0.8": -71.32143857865586}}}, "NetPyNE": {"L6_ChC_cACint209_5": {"mean_frequency": {"0.1": 17.579235820289984, "0.2": 24.542950162801553, "0.4": 36.6815737902867, "0.8": 63.841552304874185}, "ISI_CV": {"0.1": 0.2905907446169634, "0.2": 0.2706917948001, "0.4": 0.2419324695208916, "0.8": 0.1990430182688398}, "time_to_first_spike": {"0.1": 12.700000000093496, "0.2": 5.700000000091904, "0.4": 2.800000000091245, "0.8": 1.5000000000909495}, "time_to_second_spike": {"0.1": 33.500000000098225, "0.2": 18.600000000094838, "0.4": 11.900000000093314, "0.8": 8.400000000092518}, "AP_height": {"0.1": 31.41839102194153, "0.2": 33.86658207273894, "0.4": 34.31889766013094, "0.8": 36.01369857155627}, "AP_width": {"0.1": 0.8000000000001819, "0.2": 0.8000000000001819, "0.4": 0.9000000000002046, "0.8": 1.0000000000002274}, "AP_amplitude": {"0.1": 83.18073508619455, "0.2": 86.74762060974425, "0.4": 89.37428508355781, "0.8": 107.33593620168784}, "voltage_base": {"0.1": -71.32143741125158, "0.2": -71.32143741125158, "0.4": -71.32143741125158, "0.8": -71.32143741125158}}}}