{"BBP": {"L6_BP_bNAC219_5": {"mean_frequency": {"0.1": 92.05523313994652, "0.2": 148.8497970231052, "0.4": 221.62189204077305, "0.8": 326.79738561987307}, "ISI_CV": {"0.1": 0.02438397106564619, "0.2": 0.011374865667861394, "0.4": 0.015897204126791607, "0.8": 0.07668868638496877}, "time_to_first_spike": {"0.1": 5.600000000091882, "0.2": 2.3000000000911314, "0.4": 1.2000000000908813, "0.8": 0.7000000000907676}, "time_to_second_spike": {"0.1": 14.200000000093837, "0.2": 9.300000000092723, "0.4": 6.8000000000921546, "0.8": 5.200000000091791}, "AP_height": {"0.1": 11.631859442239898, "0.2": 14.811348470629062, "0.4": 19.32814396628711, "0.8": 20.993348646590523}, "AP_width": {"0.1": 0.6000000000001364, "0.2": 0.6000000000001364, "0.4": 0.6000000000001364, "0.8": 0.7000000000001592}, "AP_amplitude": {"0.1": 67.10492230659473, "0.2": 83.6424834186418, "0.4": 88.15927891220645, "0.8": 89.82448358832313}, "voltage_base": {"0.1": -68.83102485966614, "0.2": -68.83102485966614, "0.4": -68.83102485966614, "0.8": -68.83102485966614}}}, "NetPyNE": {"L6_BP_bNAC219_5": {"mean_frequency": {"0.1": 92.1889874242823, "0.2": 148.22233350035114, "0.4": 218.8830453294751, "0.8": 319.14893616911473}, "ISI_CV": {"0.1": 0.024099793587928943, "0.2": 0.011006566105063174, "0.4": 0.012858901902266516, "0.8": 0.07634639907972843}, "time_to_first_spike": {"0.1": 5.700000000091904, "0.2": 2.400000000091154, "0.4": 1.300000000090904, "0.8": 0.8000000000907903}, "time_to_second_spike": {"0.1": 14.400000000093883, "0.2": 9.400000000092746, "0.4": 6.900000000092177, "0.8": 5.3000000000918135}, "AP_height": {"0.1": 11.416093703059625, "0.2": 16.274783106362612, "0.4": 19.12220497448897, "0.8": 21.833617115749693}, "AP_width": {"0.1": 0.6000000000001364, "0.2": 0.6000000000001364, "0.4": 0.6000000000001364, "0.8": 0.6000000000001364}, "AP_amplitude": {"0.1": 67.9295899210448, "0.2": 85.10591803179236, "0.4": 87.9533396999928, "0.8": 90.66475204695205}, "voltage_base": {"0.1": -68.83102484820557, "0.2": -68.83102484820557, "0.4": -68.83102484820557, "0.8": -68.83102484820557}}}}