{"BBP": {"L23_DBC_bAC217_4": {"mean_frequency": {"0.1": 11.210191082810123, "0.2": 16.101439066127462, "0.4": 22.235698403087635, "0.8": 31.09327983953968}, "ISI_CV": {"0.1": 0.29620694132825737, "0.2": 0.30097180525901734, "0.4": 0.3078115857404262, "0.8": 0.3130381236666399}, "time_to_first_spike": {"0.1": 4.400000000091609, "0.2": 1.9000000000910404, "0.4": 1.1000000000908585, "0.8": 0.7000000000907676}, "time_to_second_spike": {"0.1": 28.400000000097066, "0.2": 17.100000000094496, "0.4": 10.800000000093064, "0.8": 7.500000000092314}, "AP_height": {"0.1": 24.230659375327853, "0.2": 32.55996161484343, "0.4": 31.94729979889009, "0.8": 30.587635137939206}, "AP_width": {"0.1": 0.5000000000001137, "0.2": 0.6000000000001364, "0.4": 0.6000000000001364, "0.8": 0.6000000000001364}, "AP_amplitude": {"0.1": 80.62271023621553, "0.2": 103.99215922004478, "0.4": 103.37949740193856, "0.8": 102.01983273668215}, "voltage_base": {"0.1": -71.42928191812888, "0.2": -71.42928191812888, "0.4": -71.42928191812888, "0.8": -71.42928191812888}}}, "NetPyNE": {"L23_DBC_bAC217_4": {"mean_frequency": {"0.1": 11.069182389944618, "0.2": 15.994221442586346, "0.4": 22.032074601644208, "0.8": 30.713458536851814}, "ISI_CV": {"0.1": 0.294224152555966, "0.2": 0.3051833244972935, "0.4": 0.3103895873049521, "0.8": 0.3144785160235398}, "time_to_first_spike": {"0.1": 4.400000000091609, "0.2": 2.000000000091063, "0.4": 1.1000000000908585, "0.8": 0.7000000000907676}, "time_to_second_spike": {"0.1": 28.60000000009711, "0.2": 17.300000000094542, "0.4": 10.900000000093087, "0.8": 7.6000000000923364}, "AP_height": {"0.1": 25.32182741547254, "0.2": 31.895525734995516, "0.4": 33.725404307015594, "0.8": 35.47792011975543}, "AP_width": {"0.1": 0.6000000000001364, "0.2": 0.6000000000001364, "0.4": 0.6000000000001364, "0.8": 0.6000000000001364}, "AP_amplitude": {"0.1": 81.9795151035088, "0.2": 103.32771864431952, "0.4": 105.15759755794902, "0.8": 106.91011294008416}, "voltage_base": {"0.1": -71.42927712282201, "0.2": -71.42927712282201, "0.4": -71.42927712282201, "0.8": -71.42927712282201}}}}