{"BBP": {"L5_SBC_cACint209_4": {"mean_frequency": {"0.1": 20.10151263883972, "0.2": 30.571843833028343, "0.4": 49.360330412041144, "0.8": 88.33124215815285}, "ISI_CV": {"0.1": 0.28146625062960096, "0.2": 0.24992425537529295, "0.4": 0.21537512280038987, "0.8": 0.171117341061131}, "time_to_first_spike": {"0.1": 13.100000000093587, "0.2": 5.90000000009195, "0.4": 2.800000000091245, "0.8": 1.5000000000909495}, "time_to_second_spike": {"0.1": 31.300000000097725, "0.2": 17.20000000009452, "0.4": 11.100000000093132, "0.8": 7.900000000092405}, "AP_height": {"0.1": 28.927649477139447, "0.2": 30.917914068979304, "0.4": 36.81210794730728, "0.8": 38.01998344728827}, "AP_width": {"0.1": 0.8000000000001819, "0.2": 0.8000000000001819, "0.4": 0.9000000000002046, "0.8": 0.9000000000002046}, "AP_amplitude": {"0.1": 84.29218470701417, "0.2": 85.64732798241018, "0.4": 92.23481094576584, "0.8": 110.04133849073162}, "voltage_base": {"0.1": -72.0206829490278, "0.2": -72.0206829490278, "0.4": -72.0206829490278, "0.8": -72.0206829490278}}}, "NetPyNE": {"L5_SBC_cACint209_4": {"mean_frequency": {"0.1": 20.05515166709811, "0.2": 30.541230661413643, "0.4": 49.318101756361784, "0.8": 88.26922112448948}, "ISI_CV": {"0.1": 0.2814053063447978, "0.2": 0.249996495054849, "0.4": 0.21512007394770544, "0.8": 0.1698238324054309}, "time_to_first_spike": {"0.1": 13.300000000093632, "0.2": 6.000000000091973, "0.4": 2.900000000091268, "0.8": 1.6000000000909722}, "time_to_second_spike": {"0.1": 31.50000000009777, "0.2": 17.300000000094542, "0.4": 11.200000000093155, "0.8": 8.000000000092427}, "AP_height": {"0.1": 29.34130243393435, "0.2": 30.787575091325134, "0.4": 35.20849557965782, "0.8": 34.17353037255629}, "AP_width": {"0.1": 0.8000000000001819, "0.2": 0.9000000000002046, "0.4": 0.8000000000001819, "0.8": 1.0000000000002274}, "AP_amplitude": {"0.1": 84.12803761436791, "0.2": 86.22036968061649, "0.4": 89.59247883233562, "0.8": 106.19488444171157}, "voltage_base": {"0.1": -72.0206819764029, "0.2": -72.0206819764029, "0.4": -72.0206819764029, "0.8": -72.0206819764029}}}}