{"BBP": {"L4_ChC_cACint209_1": {"mean_frequency": {"0.1": 29.2161998791252, "0.2": 45.685024348642905, "0.4": 88.04145494798952, "0.8": 202.18196376752812}, "ISI_CV": {"0.1": 0.24642751230718504, "0.2": 0.21077596410586358, "0.4": 0.12789402473357706, "0.8": 0.060002671250181834}, "time_to_first_spike": {"0.1": 15.000000000094019, "0.2": 6.500000000092086, "0.4": 2.900000000091268, "0.8": 1.5000000000909495}, "time_to_second_spike": {"0.1": 29.30000000009727, "0.2": 16.400000000094337, "0.4": 10.600000000093019, "0.8": 7.500000000092314}, "AP_height": {"0.1": 22.848279122632317, "0.2": 24.732537221528965, "0.4": 29.765897080083686, "0.8": 32.31923616953195}, "AP_width": {"0.1": 0.8000000000001819, "0.2": 0.9000000000002046, "0.4": 0.9000000000002046, "0.8": 0.9000000000002046}, "AP_amplitude": {"0.1": 77.43572897025157, "0.2": 80.06012713332167, "0.4": 84.33468860622254, "0.8": 101.44525446792532}, "voltage_base": {"0.1": -69.1254030541298, "0.2": -69.1254030541298, "0.4": -69.1254030541298, "0.8": -69.1254030541298}}}, "NetPyNE": {"L4_ChC_cACint209_1": {"mean_frequency": {"0.1": 29.158916092725036, "0.2": 45.7033800412143, "0.4": 88.31794460062201, "0.8": 200.94207255976775}, "ISI_CV": {"0.1": 0.24694208292505998, "0.2": 0.21086299215569138, "0.4": 0.12636279104802567, "0.8": 0.05793860673104423}, "time_to_first_spike": {"0.1": 15.100000000094042, "0.2": 6.600000000092109, "0.4": 3.0000000000912905, "0.8": 1.6000000000909722}, "time_to_second_spike": {"0.1": 29.500000000097316, "0.2": 16.50000000009436, "0.4": 10.700000000093041, "0.8": 7.700000000092359}, "AP_height": {"0.1": 23.004700906121116, "0.2": 24.606604705241075, "0.4": 28.545804343981775, "0.8": 29.72345435173095}, "AP_width": {"0.1": 0.8000000000001819, "0.2": 0.9000000000002046, "0.4": 0.9000000000002046, "0.8": 1.0000000000002274}, "AP_amplitude": {"0.1": 76.88789797909314, "0.2": 78.83164817464984, "0.4": 83.63091717809614, "0.8": 98.8494714173739}, "voltage_base": {"0.1": -69.12540179590981, "0.2": -69.12540179590981, "0.4": -69.12540179590981, "0.8": -69.12540179590981}}}}