{"BBP": {"L4_NGC_cNAC187_3": {"mean_frequency": {"0.1": 39.05076599582108, "0.2": 64.87628243818526, "0.4": 109.52738184553584, "0.8": 192.77108433688468}, "ISI_CV": {"0.1": 0.009345292672173244, "0.2": 0.024368564520704294, "0.4": 0.06543592318958108, "0.8": 0.08849318899119121}, "time_to_first_spike": {"0.1": 12.000000000093337, "0.2": 5.700000000091904, "0.4": 2.900000000091268, "0.8": 1.6000000000909722}, "time_to_second_spike": {"0.1": 36.60000000009893, "0.2": 19.700000000095088, "0.4": 11.800000000093291, "0.8": 8.10000000009245}, "AP_height": {"0.1": 6.636147146235196, "0.2": 10.561490596322937, "0.4": 14.450218983262436, "0.8": 17.0883220478773}, "AP_width": {"0.1": 0.8000000000001819, "0.2": 0.8000000000001819, "0.4": 0.8000000000001819, "0.8": 0.8000000000001819}, "AP_amplitude": {"0.1": 62.22177857108354, "0.2": 66.15118815291646, "0.4": 69.32071388008372, "0.8": 85.42643541934633}, "voltage_base": {"0.1": -68.33570720704122, "0.2": -68.33570720704122, "0.4": -68.33570720704122, "0.8": -68.33570720704122}}}, "NetPyNE": {"L4_NGC_cNAC187_3": {"mean_frequency": {"0.1": 38.99918962725493, "0.2": 64.82737826025809, "0.4": 110.31992779066768, "0.8": 191.8465227813141}, "ISI_CV": {"0.1": 0.0097063423799794, "0.2": 0.02531711071040606, "0.4": 0.07098076728281157, "0.8": 0.09161796569088242}, "time_to_first_spike": {"0.1": 12.10000000009336, "0.2": 5.800000000091927, "0.4": 3.0000000000912905, "0.8": 1.700000000090995}, "time_to_second_spike": {"0.1": 36.800000000098976, "0.2": 19.900000000095133, "0.4": 11.900000000093314, "0.8": 8.200000000092473}, "AP_height": {"0.1": 6.454609110874094, "0.2": 10.230857169368154, "0.4": 13.8992312943627, "0.8": 17.44888297647337}, "AP_width": {"0.1": 0.8000000000001819, "0.2": 0.8000000000001819, "0.4": 0.9000000000002046, "0.8": 0.9000000000002046}, "AP_amplitude": {"0.1": 61.47150039568148, "0.2": 66.09283210084071, "0.4": 69.06591836863697, "0.8": 85.78699241960139}, "voltage_base": {"0.1": -68.33570327472148, "0.2": -68.33570327472148, "0.4": -68.33570327472148, "0.8": -68.33570327472148}}}}