{"BBP": {"L23_MC_cNAC187_3": {"mean_frequency": {"0.1": 49.89919354842094, "0.2": 81.84374372369487, "0.4": 138.83746760459923, "0.8": 263.1578947352136}, "ISI_CV": {"0.1": 0.01474404509964716, "0.2": 0.03182195855423817, "0.4": 0.13542916046172482, "0.8": 0.09866606249114616}, "time_to_first_spike": {"0.1": 8.400000000092518, "0.2": 4.000000000091518, "0.4": 2.000000000091063, "0.8": 1.2000000000908813}, "time_to_second_spike": {"0.1": 26.900000000096725, "0.2": 14.70000000009395, "0.4": 9.300000000092723, "0.8": 6.600000000092109}, "AP_height": {"0.1": 12.1218707118176, "0.2": 15.121128260941306, "0.4": 17.557715483969556, "0.8": 18.492555710540906}, "AP_width": {"0.1": 0.7000000000001592, "0.2": 0.8000000000001819, "0.4": 0.8000000000001819, "0.8": 0.9000000000002046}, "AP_amplitude": {"0.1": 67.46763113821169, "0.2": 71.02956009256465, "0.4": 85.70800538979786, "0.8": 86.64284561417364}, "voltage_base": {"0.1": -68.14798847801103, "0.2": -68.14798847801103, "0.4": -68.14798847801103, "0.8": -68.14798847801103}}}, "NetPyNE": {"L23_MC_cNAC187_3": {"mean_frequency": {"0.1": 49.82385505791, "0.2": 81.82320164655926, "0.4": 138.0430369468098, "0.8": 259.7402597386725}, "ISI_CV": {"0.1": 0.015410506869072771, "0.2": 0.03336410359823165, "0.4": 0.13071479250192236, "0.8": 0.11378729812197316}, "time_to_first_spike": {"0.1": 8.500000000092541, "0.2": 4.100000000091541, "0.4": 2.100000000091086, "0.8": 1.2000000000908813}, "time_to_second_spike": {"0.1": 27.10000000009677, "0.2": 14.800000000093974, "0.4": 9.500000000092768, "0.8": 6.700000000092132}, "AP_height": {"0.1": 11.623113264971499, "0.2": 14.57378404835681, "0.4": 18.374157183808798, "0.8": 21.33093001541023}, "AP_width": {"0.1": 0.7000000000001592, "0.2": 0.8000000000001819, "0.4": 0.8000000000001819, "0.8": 0.8000000000001819}, "AP_amplitude": {"0.1": 66.2488189296877, "0.2": 69.32651084844903, "0.4": 86.52444337486753, "0.8": 89.48121628907359}, "voltage_base": {"0.1": -68.14798484444056, "0.2": -68.14798484444056, "0.4": -68.14798484444056, "0.8": -68.14798484444056}}}}