{"BBP": {"L5_NGC_cNAC187_4": {"mean_frequency": {"0.1": 47.40292486135338, "0.2": 72.71815446343957, "0.4": 110.13215859038324, "0.8": 190.1743264656108}, "ISI_CV": {"0.1": 0.023253815313151356, "0.2": 0.013844925043432928, "0.4": 0.019617257790081277, "0.8": 0.06447245281228627}, "time_to_first_spike": {"0.1": 6.600000000092109, "0.2": 3.600000000091427, "0.4": 2.100000000091086, "0.8": 1.300000000090904}, "time_to_second_spike": {"0.1": 25.700000000096452, "0.2": 15.40000000009411, "0.4": 10.200000000092928, "0.8": 7.2000000000922455}, "AP_height": {"0.1": 12.19828549823534, "0.2": 14.572843907897939, "0.4": 16.121888936731608, "0.8": 20.996717489070743}, "AP_width": {"0.1": 0.8000000000001819, "0.2": 0.8000000000001819, "0.4": 0.8000000000001819, "0.8": 0.8000000000001819}, "AP_amplitude": {"0.1": 67.03232270996756, "0.2": 68.7843653895713, "0.4": 84.97358461037267, "0.8": 89.84841316088873}, "voltage_base": {"0.1": -68.8488494942223, "0.2": -68.8488494942223, "0.4": -68.8488494942223, "0.8": -68.8488494942223}}}, "NetPyNE": {"L5_NGC_cNAC187_4": {"mean_frequency": {"0.1": 47.257553667519886, "0.2": 72.4856538810519, "0.4": 109.8294884654708, "0.8": 189.75332068274255}, "ISI_CV": {"0.1": 0.022371641812078322, "0.2": 0.013057908891988169, "0.4": 0.021217285861131207, "0.8": 0.05137402550524494}, "time_to_first_spike": {"0.1": 6.700000000092132, "0.2": 3.7000000000914497, "0.4": 2.2000000000911086, "0.8": 1.4000000000909267}, "time_to_second_spike": {"0.1": 25.900000000096497, "0.2": 15.600000000094155, "0.4": 10.400000000092973, "0.8": 7.300000000092268}, "AP_height": {"0.1": 11.75506819461522, "0.2": 15.053458438891914, "0.4": 18.004814947206427, "0.8": 18.36361521238589}, "AP_width": {"0.1": 0.8000000000001819, "0.2": 0.8000000000001819, "0.4": 0.8000000000001819, "0.8": 0.9000000000002046}, "AP_amplitude": {"0.1": 66.04433256023505, "0.2": 69.65446665819641, "0.4": 72.25126986109397, "0.8": 87.215306199682}, "voltage_base": {"0.1": -68.84884480437981, "0.2": -68.84884480437981, "0.4": -68.84884480437981, "0.8": -68.84884480437981}}}}