{"BBP": {"L23_BP_cACint209_2": {"mean_frequency": {"0.1": 26.152995020889854, "0.2": 46.52093442052085, "0.4": 100.0100512615012, "0.8": 201.0000000001367}, "ISI_CV": {"0.1": 0.24182251797366638, "0.2": 0.19726399301457606, "0.4": 0.13314361488027956, "0.8": 0.047597409235968724}, "time_to_first_spike": {"0.1": 3.3000000000913587, "0.2": 1.9000000000910404, "0.4": 1.1000000000908585, "0.8": 0.7000000000907676}, "time_to_second_spike": {"0.1": 13.500000000093678, "0.2": 9.600000000092791, "0.4": 7.300000000092268, "0.8": 5.500000000091859}, "AP_height": {"0.1": 34.39719225147151, "0.2": 35.543646849775776, "0.4": 40.08936937827798, "0.8": 39.76310224856765}, "AP_width": {"0.1": 0.8000000000001819, "0.2": 0.9000000000002046, "0.4": 1.0000000000002274, "0.8": 1.0000000000002274}, "AP_amplitude": {"0.1": 90.2567769093699, "0.2": 108.63765193078135, "0.4": 113.18337445698891, "0.8": 112.85710732268943}, "voltage_base": {"0.1": -73.09311055050871, "0.2": -73.09311055050871, "0.4": -73.09311055050871, "0.8": -73.09311055050871}}}, "NetPyNE": {"L23_BP_cACint209_2": {"mean_frequency": {"0.1": 26.091319618683052, "0.2": 46.50222401944113, "0.4": 99.614556740319, "0.8": 198.9775461108008}, "ISI_CV": {"0.1": 0.24195671418564438, "0.2": 0.19826313022342928, "0.4": 0.1318926543639133, "0.8": 0.04714750371791646}, "time_to_first_spike": {"0.1": 3.4000000000913815, "0.2": 1.9000000000910404, "0.4": 1.1000000000908585, "0.8": 0.7000000000907676}, "time_to_second_spike": {"0.1": 13.6000000000937, "0.2": 9.700000000092814, "0.4": 7.400000000092291, "0.8": 5.600000000091882}, "AP_height": {"0.1": 37.83673742236423, "0.2": 39.09741068238269, "0.4": 37.74058903092438, "0.8": 41.452516096004054}, "AP_width": {"0.1": 0.9000000000002046, "0.2": 0.9000000000002046, "0.4": 1.0000000000002274, "0.8": 1.0000000000002274}, "AP_amplitude": {"0.1": 93.77648973918902, "0.2": 112.19141427300428, "0.4": 110.83459267134774, "0.8": 114.54651977103259}, "voltage_base": {"0.1": -73.09310914953035, "0.2": -73.09310914953035, "0.4": -73.09310914953035, "0.8": -73.09310914953035}}}}