{"BBP": {"L4_BP_bAC217_3": {"mean_frequency": {"0.1": 13.577023498703612, "0.2": 19.09739672330174, "0.4": 27.412559013166423, "0.8": 45.49820534859764}, "ISI_CV": {"0.1": 0.30439530515114865, "0.2": 0.30225079976340863, "0.4": 0.30641629637687107, "0.8": 0.2519017153308663}, "time_to_first_spike": {"0.1": 1.700000000090995, "0.2": 1.1000000000908585, "0.4": 0.7000000000907676, "0.8": 0.40000000009069936}, "time_to_second_spike": {"0.1": 18.800000000094883, "0.2": 12.50000000009345, "0.4": 8.80000000009261, "0.8": 6.600000000092109}, "AP_height": {"0.1": 36.17359357232405, "0.2": 30.149957111118955, "0.4": 32.40685395736857, "0.8": 40.47911176128182}, "AP_width": {"0.1": 0.5000000000001137, "0.2": 0.5000000000001137, "0.4": 0.6000000000001364, "0.8": 0.6000000000001364}, "AP_amplitude": {"0.1": 108.18318356896967, "0.2": 102.15954710577165, "0.4": 104.41644394803566, "0.8": 112.48870174397882}, "voltage_base": {"0.1": -72.00635965924529, "0.2": -72.00635965924529, "0.4": -72.00635965924529, "0.8": -72.00635965924529}}}, "NetPyNE": {"L4_BP_bAC217_3": {"mean_frequency": {"0.1": 13.36829657052677, "0.2": 18.89008015521774, "0.4": 27.00000000001836, "0.8": 42.98573884902275}, "ISI_CV": {"0.1": 0.3023898258715359, "0.2": 0.3050051785412891, "0.4": 0.3042539484120093, "0.8": 0.3110488197780182}, "time_to_first_spike": {"0.1": 1.8000000000910177, "0.2": 1.1000000000908585, "0.4": 0.7000000000907676, "0.8": 0.40000000009069936}, "time_to_second_spike": {"0.1": 19.00000000009493, "0.2": 12.700000000093496, "0.4": 9.000000000092655, "0.8": 6.8000000000921546}, "AP_height": {"0.1": 31.519433068137467, "0.2": 36.300481943296624, "0.4": 37.14791089133935, "0.8": 38.524480056744096}, "AP_width": {"0.1": 0.5000000000001137, "0.2": 0.6000000000001364, "0.4": 0.6000000000001364, "0.8": 0.6000000000001364}, "AP_amplitude": {"0.1": 103.52901777788657, "0.2": 108.31006654010727, "0.4": 109.15749568592342, "0.8": 110.53406490813204}, "voltage_base": {"0.1": -72.00635450782171, "0.2": -72.00635450782171, "0.4": -72.00635450782171, "0.8": -72.00635450782171}}}}