{"BBP": {"L23_BTC_bNAC219_5": {"mean_frequency": {"0.1": 40.308358945963754, "0.2": 91.3929898564445, "0.4": 138.2003905664151, "0.8": 207.0931919365122}, "ISI_CV": {"0.1": 0.08825910457473952, "0.2": 0.023116334813528018, "0.4": 0.014385093623696223, "0.8": 0.016917429759590975}, "time_to_first_spike": {"0.1": 9.300000000092723, "0.2": 3.900000000091495, "0.4": 1.9000000000910404, "0.8": 1.1000000000908585}, "time_to_second_spike": {"0.1": 23.300000000095906, "0.2": 13.100000000093587, "0.4": 8.900000000092632, "0.8": 6.600000000092109}, "AP_height": {"0.1": 12.127920143766188, "0.2": 16.45143970954413, "0.4": 18.231212714995586, "0.8": 21.756328291745568}, "AP_width": {"0.1": 0.6000000000001364, "0.2": 0.6000000000001364, "0.4": 0.7000000000001592, "0.8": 0.7000000000001592}, "AP_amplitude": {"0.1": 68.29467888643508, "0.2": 72.73093112602693, "0.4": 87.69799714454948, "0.8": 91.22311271924391}, "voltage_base": {"0.1": -69.46668083167854, "0.2": -69.46668083167854, "0.4": -69.46668083167854, "0.8": -69.46668083167854}}}, "NetPyNE": {"L23_BTC_bNAC219_5": {"mean_frequency": {"0.1": 40.21919461065522, "0.2": 90.92735858541289, "0.4": 137.17146433050627, "0.8": 205.50000000013975}, "ISI_CV": {"0.1": 0.08804800752973331, "0.2": 0.022611200483347884, "0.4": 0.013600396692024314, "0.8": 0.01661374600925297}, "time_to_first_spike": {"0.1": 9.400000000092746, "0.2": 4.000000000091518, "0.4": 2.000000000091063, "0.8": 1.2000000000908813}, "time_to_second_spike": {"0.1": 23.50000000009595, "0.2": 13.20000000009361, "0.4": 9.000000000092655, "0.8": 6.700000000092132}, "AP_height": {"0.1": 10.739229146288567, "0.2": 15.624280057366418, "0.4": 19.81327630716197, "0.8": 20.974363402329036}, "AP_width": {"0.1": 0.6000000000001364, "0.2": 0.7000000000001592, "0.4": 0.6000000000001364, "0.8": 0.6000000000001364}, "AP_amplitude": {"0.1": 66.4261396595602, "0.2": 71.15367147763013, "0.4": 89.28006063456718, "0.8": 90.4411476948555}, "voltage_base": {"0.1": -69.46668069606807, "0.2": -69.46668069606807, "0.4": -69.46668069606807, "0.8": -69.46668069606807}}}}