{"BBP": {"L4_NBC_cACint209_2": {"mean_frequency": {"0.1": 20.44989775052505, "0.2": 30.00900270083065, "0.4": 50.48975058066635, "0.8": 103.44481269465697}, "ISI_CV": {"0.1": 0.2743299037213294, "0.2": 0.24484192881761607, "0.4": 0.20086681848098994, "0.8": 0.11513074960720096}, "time_to_first_spike": {"0.1": 9.000000000092655, "0.2": 4.400000000091609, "0.4": 2.3000000000911314, "0.8": 1.300000000090904}, "time_to_second_spike": {"0.1": 26.100000000096543, "0.2": 15.600000000094155, "0.4": 10.400000000092973, "0.8": 7.500000000092314}, "AP_height": {"0.1": 29.44843467307652, "0.2": 32.19740393286999, "0.4": 33.948451283308685, "0.8": 35.16879066083419}, "AP_width": {"0.1": 0.8000000000001819, "0.2": 0.9000000000002046, "0.4": 0.9000000000002046, "0.8": 0.9000000000002046}, "AP_amplitude": {"0.1": 83.19137398137727, "0.2": 86.79676504181973, "0.4": 89.3661060763601, "0.8": 106.97957937253035}, "voltage_base": {"0.1": -71.80993470910478, "0.2": -71.80993470910478, "0.4": -71.80993470910478, "0.8": -71.80993470910478}}}, "NetPyNE": {"L4_NBC_cACint209_2": {"mean_frequency": {"0.1": 20.422750944566022, "0.2": 30.06982314868756, "0.4": 50.48975058066635, "0.8": 103.24779470736767}, "ISI_CV": {"0.1": 0.27444565805654814, "0.2": 0.24496441742676411, "0.4": 0.20038818365453495, "0.8": 0.11374037118836013}, "time_to_first_spike": {"0.1": 9.100000000092678, "0.2": 4.500000000091632, "0.4": 2.400000000091154, "0.8": 1.300000000090904}, "time_to_second_spike": {"0.1": 26.30000000009659, "0.2": 15.800000000094201, "0.4": 10.500000000092996, "0.8": 7.6000000000923364}, "AP_height": {"0.1": 28.656148652746186, "0.2": 31.649049369910244, "0.4": 30.90064245427922, "0.8": 34.945886267343674}, "AP_width": {"0.1": 0.8000000000001819, "0.2": 0.9000000000002046, "0.4": 1.0000000000002274, "0.8": 1.0000000000002274}, "AP_amplitude": {"0.1": 82.93405624984695, "0.2": 86.45834363721724, "0.4": 86.37175721073723, "0.8": 106.75667388937018}, "voltage_base": {"0.1": -71.80993361909924, "0.2": -71.80993361909924, "0.4": -71.80993361909924, "0.8": -71.80993361909924}}}}