{"BBP": {"L4_DBC_bSTUT213_5": {"mean_frequency": {"0.1": 0, "0.2": 48.09860213440816, "0.4": 130.00650032510467, "0.8": 195.7642817805366}, "ISI_CV": {"0.1": 0, "0.2": 0.2618146551664556, "0.4": 0.0165125246420539, "0.8": 0.012838239764688335}, "time_to_first_spike": {"0.1": 0, "0.2": 5.600000000091882, "0.4": 2.2000000000911086, "0.8": 1.2000000000908813}, "time_to_second_spike": {"0.1": 0, "0.2": 15.600000000094155, "0.4": 9.400000000092746, "0.8": 6.700000000092132}, "AP_height": {"0.1": 0, "0.2": 14.205219083981849, "0.4": 19.40141371077661, "0.8": 20.104942221627333}, "AP_width": {"0.1": 0, "0.2": 0.5000000000001137, "0.4": 0.6000000000001364, "0.8": 0.6000000000001364}, "AP_amplitude": {"0.1": 0, "0.2": 71.17701863930384, "0.4": 93.81424366654973, "0.8": 94.27620233016529}, "voltage_base": {"0.1": -74.33615766463498, "0.2": -74.33615766463498, "0.4": -74.33615766463498, "0.8": -74.33615766463498}}}, "NetPyNE": {"L4_DBC_bSTUT213_5": {"mean_frequency": {"0.1": 0, "0.2": 43.4453144733813, "0.4": 128.456018867065, "0.8": 193.09654827426837}, "ISI_CV": {"0.1": 0, "0.2": 0.10996110900699484, "0.4": 0.01352966237640649, "0.8": 0.010630224770291807}, "time_to_first_spike": {"0.1": 0, "0.2": 5.500000000091859, "0.4": 2.3000000000911314, "0.8": 1.2000000000908813}, "time_to_second_spike": {"0.1": 0, "0.2": 15.600000000094155, "0.4": 9.400000000092746, "0.8": 6.8000000000921546}, "AP_height": {"0.1": 0, "0.2": 16.014969027428812, "0.4": 17.832114046009007, "0.8": 25.56692054896287}, "AP_width": {"0.1": 0, "0.2": 0.6000000000001364, "0.4": 0.6000000000001364, "0.8": 0.6000000000001364}, "AP_amplitude": {"0.1": 0, "0.2": 73.13005629025668, "0.4": 91.92664960790724, "0.8": 99.66145611016252}, "voltage_base": {"0.1": -74.09450689461266, "0.2": -74.09450689461266, "0.4": -74.09450689461266, "0.8": -74.09450689461266}}}}