{"BBP": {"L23_LBC_cNAC187_4": {"mean_frequency": {"0.1": 45.7033800412143, "0.2": 68.69578298154394, "0.4": 101.2429831596518, "0.8": 151.50000000010303}, "ISI_CV": {"0.1": 0.05301674242438499, "0.2": 0.04372065700666377, "0.4": 0.022289454083632965, "0.8": 0.02837511700678129}, "time_to_first_spike": {"0.1": 5.700000000091904, "0.2": 3.1000000000913133, "0.4": 1.9000000000910404, "0.8": 1.2000000000908813}, "time_to_second_spike": {"0.1": 24.600000000096202, "0.2": 15.000000000094019, "0.4": 10.100000000092905, "0.8": 7.300000000092268}, "AP_height": {"0.1": 18.29593376253519, "0.2": 19.35367226650186, "0.4": 23.315379345087212, "0.8": 25.896929910448936}, "AP_width": {"0.1": 0.7000000000001592, "0.2": 0.7000000000001592, "0.4": 0.7000000000001592, "0.8": 0.8000000000001819}, "AP_amplitude": {"0.1": 73.99851949895785, "0.2": 74.46625487704955, "0.4": 92.41204542871209, "0.8": 94.99359599223926}, "voltage_base": {"0.1": -69.09350122753696, "0.2": -69.09350122753696, "0.4": -69.09350122753696, "0.8": -69.09350122753696}}}, "NetPyNE": {"L23_LBC_cNAC187_4": {"mean_frequency": {"0.1": 45.53042950374916, "0.2": 68.40702177963497, "0.4": 100.74682973291392, "0.8": 150.80915877559224}, "ISI_CV": {"0.1": 0.05253192756251938, "0.2": 0.04268859343102051, "0.4": 0.020990564176562157, "0.8": 0.030057052075823244}, "time_to_first_spike": {"0.1": 5.800000000091927, "0.2": 3.200000000091336, "0.4": 1.9000000000910404, "0.8": 1.2000000000908813}, "time_to_second_spike": {"0.1": 24.800000000096247, "0.2": 15.200000000094064, "0.4": 10.200000000092928, "0.8": 7.400000000092291}, "AP_height": {"0.1": 17.74357593299713, "0.2": 20.954151752661662, "0.4": 20.356628130872917, "0.8": 23.77537816341728}, "AP_width": {"0.1": 0.8000000000001819, "0.2": 0.7000000000001592, "0.4": 0.8000000000001819, "0.8": 0.8000000000001819}, "AP_amplitude": {"0.1": 74.04570832706835, "0.2": 76.3807244424657, "0.4": 87.47476711253486, "0.8": 92.8720387472249}, "voltage_base": {"0.1": -69.09349572309848, "0.2": -69.09349572309848, "0.4": -69.09349572309848, "0.8": -69.09349572309848}}}}