{"BBP": {"L4_NBC_dNAC222_5": {"mean_frequency": {"0.1": 0, "0.2": 32.337931382973764, "0.4": 67.34683620650901, "0.8": 106.89551339965105}, "ISI_CV": {"0.1": 0, "0.2": 0.035660584532390883, "0.4": 0.013732373347412397, "0.8": 0.024410177161752405}, "time_to_first_spike": {"0.1": 0, "0.2": 14.100000000093814, "0.4": 4.600000000091654, "0.8": 2.2000000000911086}, "time_to_second_spike": {"0.1": 0, "0.2": 47.50000000010141, "0.4": 17.800000000094656, "0.8": 10.500000000092996}, "AP_height": {"0.1": 0, "0.2": 15.013686192759891, "0.4": 21.673752081960593, "0.8": 24.99101270504202}, "AP_width": {"0.1": 0, "0.2": 0.6000000000001364, "0.4": 0.7000000000001592, "0.8": 0.7000000000001592}, "AP_amplitude": {"0.1": 0, "0.2": 71.23580064913452, "0.4": 78.07708734146627, "0.8": 98.52400577292858}, "voltage_base": {"0.1": -73.52860004642983, "0.2": -73.52860004642983, "0.4": -73.52860004642983, "0.8": -73.52860004642983}}}, "NetPyNE": {"L4_NBC_dNAC222_5": {"mean_frequency": {"0.1": 0, "0.2": 32.1478802491679, "0.4": 66.93507800709122, "0.8": 106.24968676396736}, "ISI_CV": {"0.1": 0, "0.2": 0.03670630361058609, "0.4": 0.014573766447005873, "0.8": 0.025275601024475337}, "time_to_first_spike": {"0.1": 0, "0.2": 14.30000000009386, "0.4": 4.700000000091677, "0.8": 2.3000000000911314}, "time_to_second_spike": {"0.1": 0, "0.2": 48.00000000010152, "0.4": 18.0000000000947, "0.8": 10.700000000093041}, "AP_height": {"0.1": 0, "0.2": 14.451899214019866, "0.4": 21.028105528791365, "0.8": 21.024583274093377}, "AP_width": {"0.1": 0, "0.2": 0.6000000000001364, "0.4": 0.6000000000001364, "0.8": 0.7000000000001592}, "AP_amplitude": {"0.1": 0, "0.2": 70.05133288913336, "0.4": 76.89196108489949, "0.8": 94.55756798462113}, "voltage_base": {"0.1": -73.52859166207418, "0.2": -73.52859166207418, "0.4": -73.52859166207418, "0.8": -73.52859166207418}}}}