{"BBP": {"L5_UTPC_cADpyr232_3": {"mean_frequency": {"0.1": 5.171967933802287, "0.2": 10.362157401177885, "0.4": 22.664316293140534, "0.8": 40.41832971255202}, "ISI_CV": {"0.1": 0.053081791580048616, "0.2": 0.09237301715716618, "0.4": 0.12091721279742655, "0.8": 0.13943540205574134}, "time_to_first_spike": {"0.1": 74.50000000010755, "0.2": 20.800000000095338, "0.4": 6.700000000092132, "0.8": 2.500000000091177}, "time_to_second_spike": {"0.1": 193.60000000013463, "0.2": 50.300000000102045, "0.4": 21.400000000095474, "0.8": 12.000000000093337}, "AP_height": {"0.1": 29.97805764589759, "0.2": 29.515805739658795, "0.4": 36.413937602984284, "0.8": 40.41304972606942}, "AP_width": {"0.1": 0.8000000000001819, "0.2": 0.8000000000001819, "0.4": 0.9000000000002046, "0.8": 1.0000000000002274}, "AP_amplitude": {"0.1": 81.61889745300778, "0.2": 80.43093089355077, "0.4": 88.88156778632327, "0.8": 112.88922666346062}, "voltage_base": {"0.1": -72.47586831823496, "0.2": -72.47586831823496, "0.4": -72.47586831823496, "0.8": -72.47586831823496}}}, "NetPyNE": {"L5_UTPC_cADpyr232_3": {"mean_frequency": {"0.1": 5.132152938161016, "0.2": 10.255884313631856, "0.4": 22.519141270094877, "0.8": 40.120361083277004}, "ISI_CV": {"0.1": 0.050568220524071714, "0.2": 0.09002142086349799, "0.4": 0.12072548534256239, "0.8": 0.14008117119731703}, "time_to_first_spike": {"0.1": 74.7000000001076, "0.2": 20.90000000009536, "0.4": 6.8000000000921546, "0.8": 2.6000000000911996}, "time_to_second_spike": {"0.1": 195.80000000013513, "0.2": 50.700000000102136, "0.4": 21.500000000095497, "0.8": 12.200000000093382}, "AP_height": {"0.1": 29.102053909118165, "0.2": 28.87576516236537, "0.4": 36.09959366826205, "0.8": 39.85839958899096}, "AP_width": {"0.1": 0.8000000000001819, "0.2": 0.9000000000002046, "0.4": 0.9000000000002046, "0.8": 0.9000000000002046}, "AP_amplitude": {"0.1": 80.29637623906765, "0.2": 79.04483254792514, "0.4": 87.87634515798726, "0.8": 112.3345758442594}, "voltage_base": {"0.1": -72.47586762154245, "0.2": -72.47586762154245, "0.4": -72.47586762154245, "0.8": -72.47586762154245}}}}