{"BBP": {"L1_HAC_bNAC219_2": {"mean_frequency": {"0.1": 41.0389870377137, "0.2": 86.077469722809, "0.4": 128.2886494613751, "0.8": 194.5194519453268}, "ISI_CV": {"0.1": 0.06968124827581602, "0.2": 0.025101598361590306, "0.4": 0.01462721729723835, "0.8": 0.017255386571649777}, "time_to_first_spike": {"0.1": 7.900000000092405, "0.2": 4.000000000091518, "0.4": 2.2000000000911086, "0.8": 1.4000000000909267}, "time_to_second_spike": {"0.1": 22.4000000000957, "0.2": 13.700000000093723, "0.4": 9.500000000092768, "0.8": 7.100000000092223}, "AP_height": {"0.1": 8.875297095168822, "0.2": 14.728163181055711, "0.4": 16.208244508725805, "0.8": 17.016598687665184}, "AP_width": {"0.1": 0.6000000000001364, "0.2": 0.6000000000001364, "0.4": 0.7000000000001592, "0.8": 0.7000000000001592}, "AP_amplitude": {"0.1": 65.56279656190848, "0.2": 70.12770769417006, "0.4": 87.33348055435977, "0.8": 88.14183473139359}, "voltage_base": {"0.1": -71.1251200261302, "0.2": -71.1251200261302, "0.4": -71.1251200261302, "0.8": -71.1251200261302}}}, "NetPyNE": {"L1_HAC_bNAC219_2": {"mean_frequency": {"0.1": 40.86987234474742, "0.2": 85.61558103445464, "0.4": 127.41409581147356, "0.8": 193.02895434328275}, "ISI_CV": {"0.1": 0.07017212748473597, "0.2": 0.024536639178151937, "0.4": 0.014434049947422894, "0.8": 0.017621137002472614}, "time_to_first_spike": {"0.1": 8.000000000092427, "0.2": 4.100000000091541, "0.4": 2.3000000000911314, "0.8": 1.4000000000909267}, "time_to_second_spike": {"0.1": 22.600000000095747, "0.2": 13.800000000093746, "0.4": 9.600000000092791, "0.8": 7.2000000000922455}, "AP_height": {"0.1": 9.724302846241304, "0.2": 12.624414091514398, "0.4": 18.073807702560522, "0.8": 20.990356035285203}, "AP_width": {"0.1": 0.6000000000001364, "0.2": 0.7000000000001592, "0.4": 0.6000000000001364, "0.8": 0.6000000000001364}, "AP_amplitude": {"0.1": 65.67749531279836, "0.2": 68.4868389369952, "0.4": 89.19904356062574, "0.8": 92.11559192780318}, "voltage_base": {"0.1": -71.12511987418473, "0.2": -71.12511987418473, "0.4": -71.12511987418473, "0.8": -71.12511987418473}}}}