{"BBP": {"L5_DBC_cACint209_5": {"mean_frequency": {"0.1": 27.769362819366496, "0.2": 47.44359763794666, "0.4": 84.66933867741226, "0.8": 240.62031015524116}, "ISI_CV": {"0.1": 0.23110810191148873, "0.2": 0.19313597084770726, "0.4": 0.13953149671781867, "0.8": 0.04651772004174501}, "time_to_first_spike": {"0.1": 13.300000000093632, "0.2": 6.300000000092041, "0.4": 3.1000000000913133, "0.8": 1.700000000090995}, "time_to_second_spike": {"0.1": 27.40000000009684, "0.2": 16.50000000009436, "0.4": 10.900000000093087, "0.8": 7.800000000092382}, "AP_height": {"0.1": 21.417282010215004, "0.2": 25.804077517166, "0.4": 31.213461373266146, "0.8": 35.24489839550971}, "AP_width": {"0.1": 0.8000000000001819, "0.2": 0.8000000000001819, "0.4": 0.9000000000002046, "0.8": 0.9000000000002046}, "AP_amplitude": {"0.1": 77.35184515215717, "0.2": 82.26623571961974, "0.4": 86.82826361288463, "0.8": 106.11433004053747}, "voltage_base": {"0.1": -70.86889508913936, "0.2": -70.86889508913936, "0.4": -70.86889508913936, "0.8": -70.86889508913936}}}, "NetPyNE": {"L5_DBC_cACint209_5": {"mean_frequency": {"0.1": 27.735753908238678, "0.2": 47.359935509907174, "0.4": 84.71602586601576, "0.8": 238.5596399101397}, "ISI_CV": {"0.1": 0.2314054396355213, "0.2": 0.19292285123863476, "0.4": 0.13799520877579446, "0.8": 0.04579511497859802}, "time_to_first_spike": {"0.1": 13.400000000093655, "0.2": 6.400000000092064, "0.4": 3.200000000091336, "0.8": 1.700000000090995}, "time_to_second_spike": {"0.1": 27.600000000096884, "0.2": 16.700000000094406, "0.4": 11.00000000009311, "0.8": 7.900000000092405}, "AP_height": {"0.1": 23.08654115651529, "0.2": 25.360196910491705, "0.4": 32.28449168600266, "0.8": 31.991948383298308}, "AP_width": {"0.1": 0.7000000000001592, "0.2": 0.8000000000001819, "0.4": 0.8000000000001819, "0.8": 0.9000000000002046}, "AP_amplitude": {"0.1": 78.89707471842219, "0.2": 81.2008606436928, "0.4": 86.9731679829072, "0.8": 102.86137947335891}, "voltage_base": {"0.1": -70.86889453333136, "0.2": -70.86889453333136, "0.4": -70.86889453333136, "0.8": -70.86889453333136}}}}