{"BBP": {"L5_MC_cSTUT189_1": {"mean_frequency": {"0.1": 0, "0.2": 37.400181946856435, "0.4": 77.05393775648189, "0.8": 122.72704503339504}, "ISI_CV": {"0.1": 0, "0.2": 0.11485260666488316, "0.4": 0.021166444342094977, "0.8": 0.02960747776412894}, "time_to_first_spike": {"0.1": 0, "0.2": 9.000000000092655, "0.4": 3.7000000000914497, "0.8": 1.9000000000910404}, "time_to_second_spike": {"0.1": 0, "0.2": 41.00000000009993, "0.4": 15.100000000094042, "0.8": 9.2000000000927}, "AP_height": {"0.1": 0, "0.2": 15.445126598802764, "0.4": 20.698534753017075, "0.8": 21.48002358830835}, "AP_width": {"0.1": 0, "0.2": 0.7000000000001592, "0.4": 0.7000000000001592, "0.8": 0.7000000000001592}, "AP_amplitude": {"0.1": 0, "0.2": 71.68347025550807, "0.4": 77.09016303188413, "0.8": 96.8073764868166}, "voltage_base": {"0.1": -75.34796406989669, "0.2": -75.34796406989669, "0.4": -75.34796406989669, "0.8": -75.34796406989669}}}, "NetPyNE": {"L5_MC_cSTUT189_1": {"mean_frequency": {"0.1": 0, "0.2": 39.67456809966535, "0.4": 77.35972271065684, "0.8": 122.47766288533568}, "ISI_CV": {"0.1": 0, "0.2": 0.019248502343882173, "0.4": 0.011828243580232023, "0.8": 0.030436020049929083}, "time_to_first_spike": {"0.1": 0, "0.2": 8.400000000092518, "0.4": 3.600000000091427, "0.8": 1.9000000000910404}, "time_to_second_spike": {"0.1": 0, "0.2": 32.000000000097884, "0.4": 14.800000000093974, "0.8": 9.300000000092723}, "AP_height": {"0.1": 0, "0.2": 14.45024805877538, "0.4": 20.22437003716763, "0.8": 24.61240162043406}, "AP_width": {"0.1": 0, "0.2": 0.7000000000001592, "0.4": 0.7000000000001592, "0.8": 0.7000000000001592}, "AP_amplitude": {"0.1": 0, "0.2": 70.6588848459148, "0.4": 75.42305851523756, "0.8": 99.73300903066364}, "voltage_base": {"0.1": -75.11988022758834, "0.2": -75.11988022758834, "0.4": -75.11988022758834, "0.8": -75.11988022758834}}}}