{"BBP": {"L23_LBC_dNAC222_4": {"mean_frequency": {"0.1": 49.26603659766063, "0.2": 77.39860280449543, "0.4": 114.35449894681257, "0.8": 172.43107769435275}, "ISI_CV": {"0.1": 0.04162517605395433, "0.2": 0.04103462998301717, "0.4": 0.02304387292544174, "0.8": 0.031624085742845115}, "time_to_first_spike": {"0.1": 4.400000000091609, "0.2": 2.100000000091086, "0.4": 1.1000000000908585, "0.8": 0.7000000000907676}, "time_to_second_spike": {"0.1": 21.900000000095588, "0.2": 12.200000000093382, "0.4": 8.300000000092496, "0.8": 6.000000000091973}, "AP_height": {"0.1": 26.22126504969269, "0.2": 29.169003491484716, "0.4": 28.415944549215396, "0.8": 35.48931861309811}, "AP_width": {"0.1": 0.7000000000001592, "0.2": 0.7000000000001592, "0.4": 0.7000000000001592, "0.8": 0.8000000000001819}, "AP_amplitude": {"0.1": 83.20412400567852, "0.2": 101.96928246367072, "0.4": 101.21622351946054, "0.8": 108.28959757946171}, "voltage_base": {"0.1": -72.79599699791981, "0.2": -72.79599699791981, "0.4": -72.79599699791981, "0.8": -72.79599699791981}}}, "NetPyNE": {"L23_LBC_dNAC222_4": {"mean_frequency": {"0.1": 49.02205992700047, "0.2": 77.0385192596822, "0.4": 113.80157417163194, "0.8": 171.29977460567616}, "ISI_CV": {"0.1": 0.04104513433303768, "0.2": 0.04019875949921879, "0.4": 0.021875123030808276, "0.8": 0.032780809774194015}, "time_to_first_spike": {"0.1": 4.500000000091632, "0.2": 2.100000000091086, "0.4": 1.2000000000908813, "0.8": 0.7000000000907676}, "time_to_second_spike": {"0.1": 22.100000000095633, "0.2": 12.400000000093428, "0.4": 8.400000000092518, "0.8": 6.100000000091995}, "AP_height": {"0.1": 26.91749327015346, "0.2": 28.45245863256719, "0.4": 32.969057286161764, "0.8": 33.31190131284048}, "AP_width": {"0.1": 0.7000000000001592, "0.2": 0.7000000000001592, "0.4": 0.7000000000001592, "0.8": 0.8000000000001819}, "AP_amplitude": {"0.1": 83.07576088421803, "0.2": 101.25272888584294, "0.4": 105.76932761276012, "0.8": 106.11217165559898}, "voltage_base": {"0.1": -72.79598834870417, "0.2": -72.79598834870417, "0.4": -72.79598834870417, "0.8": -72.79598834870417}}}}