{"BBP": {"L4_BP_dSTUT214_4": {"mean_frequency": {"0.1": 66.9182389937561, "0.2": 100.72663492865777, "0.4": 148.93937114497857, "0.8": 278.32006807847927}, "ISI_CV": {"0.1": 0.08193778569715415, "0.2": 0.04867606738570824, "0.4": 0.019826293208070604, "0.8": 0.07322663703205516}, "time_to_first_spike": {"0.1": 2.100000000091086, "0.2": 1.2000000000908813, "0.4": 0.7000000000907676, "0.8": 0.5000000000907221}, "time_to_second_spike": {"0.1": 13.500000000093678, "0.2": 9.000000000092655, "0.4": 6.8000000000921546, "0.8": 5.3000000000918135}, "AP_height": {"0.1": 34.490232270905516, "0.2": 35.608553918669664, "0.4": 35.32886990212023, "0.8": 35.12947260455845}, "AP_width": {"0.1": 0.7000000000001592, "0.2": 0.7000000000001592, "0.4": 0.7000000000001592, "0.8": 0.8000000000001819}, "AP_amplitude": {"0.1": 110.08980160089698, "0.2": 110.34205778836258, "0.4": 109.76841084291472, "0.8": 111.24369170537463}, "voltage_base": {"0.1": -76.03116254102332, "0.2": -76.03116254102332, "0.4": -76.03116254102332, "0.8": -76.03116254102332}}}, "NetPyNE": {"L4_BP_dSTUT214_4": {"mean_frequency": {"0.1": 67.90402897243177, "0.2": 100.95936511132477, "0.4": 148.85725741790387, "0.8": 275.37175186520494}, "ISI_CV": {"0.1": 0.06568505128322133, "0.2": 0.045077372220767874, "0.4": 0.019402785064092883, "0.8": 0.06633778382872771}, "time_to_first_spike": {"0.1": 2.000000000091063, "0.2": 1.2000000000908813, "0.4": 0.8000000000907903, "0.8": 0.5000000000907221}, "time_to_second_spike": {"0.1": 13.20000000009361, "0.2": 9.100000000092678, "0.4": 6.900000000092177, "0.8": 5.3000000000918135}, "AP_height": {"0.1": 33.55294406493995, "0.2": 35.36682180461169, "0.4": 30.338325923136942, "0.8": 35.8173659197574}, "AP_width": {"0.1": 0.7000000000001592, "0.2": 0.7000000000001592, "0.4": 0.7000000000001592, "0.8": 0.8000000000001819}, "AP_amplitude": {"0.1": 107.53257176443641, "0.2": 109.3464494768361, "0.4": 104.317953613074, "0.8": 109.79699356518037}, "voltage_base": {"0.1": -73.97742330016423, "0.2": -73.97742330016423, "0.4": -73.97742330016423, "0.8": -73.97742330016423}}}}