{"BBP": {"L5_NBC_dSTUT214_4": {"mean_frequency": {"0.1": 0, "0.2": 40.20706639194567, "0.4": 85.25149190116619, "0.8": 132.59944958728056}, "ISI_CV": {"0.1": 0, "0.2": 0.14723884336004983, "0.4": 0.021961019898544248, "0.8": 0.027086814171552513}, "time_to_first_spike": {"0.1": 0, "0.2": 6.900000000092177, "0.4": 3.0000000000912905, "0.8": 1.6000000000909722}, "time_to_second_spike": {"0.1": 0, "0.2": 33.30000000009818, "0.4": 13.000000000093564, "0.8": 8.500000000092541}, "AP_height": {"0.1": 0, "0.2": 14.48720480827307, "0.4": 22.41555505396841, "0.8": 24.29883733142717}, "AP_width": {"0.1": 0, "0.2": 0.7000000000001592, "0.4": 0.7000000000001592, "0.8": 0.8000000000001819}, "AP_amplitude": {"0.1": 0, "0.2": 71.48025542624885, "0.4": 96.30875670721221, "0.8": 99.89706831868754}, "voltage_base": {"0.1": -75.78648999135527, "0.2": -75.78648999135527, "0.4": -75.78648999135527, "0.8": -75.78648999135527}}}, "NetPyNE": {"L5_NBC_dSTUT214_4": {"mean_frequency": {"0.1": 0, "0.2": 38.17944338393028, "0.4": 84.06725380309959, "0.8": 131.0327581896365}, "ISI_CV": {"0.1": 0, "0.2": 0.06126611449175574, "0.4": 0.013410041066566113, "0.8": 0.027009557375525624}, "time_to_first_spike": {"0.1": 0, "0.2": 7.2000000000922455, "0.4": 3.1000000000913133, "0.8": 1.700000000090995}, "time_to_second_spike": {"0.1": 0, "0.2": 38.50000000009936, "0.4": 13.300000000093632, "0.8": 8.700000000092587}, "AP_height": {"0.1": 0, "0.2": 14.810869067807607, "0.4": 21.702402505521455, "0.8": 25.545585446357016}, "AP_width": {"0.1": 0, "0.2": 0.7000000000001592, "0.4": 0.7000000000001592, "0.8": 0.7000000000001592}, "AP_amplitude": {"0.1": 0, "0.2": 71.16797223228673, "0.4": 95.97749717774758, "0.8": 101.65725503247336}, "voltage_base": {"0.1": -76.1093499453917, "0.2": -76.1093499453917, "0.4": -76.1093499453917, "0.8": -76.1093499453917}}}}