{"BBP": {"L6_NBC_bSTUT213_4": {"mean_frequency": {"0.1": 1.875468867217703, "0.2": 45.84613834453208, "0.4": 110.36973862446669, "0.8": 160.96680373092875}, "ISI_CV": {"0.1": 0, "0.2": 0.19253370267872466, "0.4": 0.030202566232950742, "0.8": 0.015295565668461639}, "time_to_first_spike": {"0.1": 820.1999999997129, "0.2": 6.600000000092109, "0.4": 2.7000000000912223, "0.8": 1.300000000090904}, "time_to_second_spike": {"0.1": 1066.399999999489, "0.2": 18.70000000009486, "0.4": 10.500000000092996, "0.8": 7.400000000092291}, "AP_height": {"0.1": 13.908786345438877, "0.2": 19.062173569592453, "0.4": 19.796058585408726, "0.8": 23.720634161379124}, "AP_width": {"0.1": 0.49999999999954525, "0.2": 0.6000000000001364, "0.4": 0.7000000000001592, "0.8": 0.7000000000001592}, "AP_amplitude": {"0.1": 67.94351466429868, "0.2": 74.54367125064647, "0.4": 91.4741439578998, "0.8": 96.79889458337385}, "voltage_base": {"0.1": -73.04860169664106, "0.2": -73.04860169664106, "0.4": -73.04860169664106, "0.8": -73.04860169664106}}}, "NetPyNE": {"L6_NBC_bSTUT213_4": {"mean_frequency": {"0.1": 0, "0.2": 21.79753637148533, "0.4": 105.00000000007141, "0.8": 156.03120624135437}, "ISI_CV": {"0.1": 0, "0.2": 0.464119733149682, "0.4": 0.028865587369113658, "0.8": 0.014678335492649916}, "time_to_first_spike": {"0.1": 0, "0.2": 7.500000000092314, "0.4": 3.0000000000912905, "0.8": 1.5000000000909495}, "time_to_second_spike": {"0.1": 0, "0.2": 20.400000000095247, "0.4": 11.100000000093132, "0.8": 7.700000000092359}, "AP_height": {"0.1": 0, "0.2": 18.319545171980522, "0.4": 18.964357108480282, "0.8": 26.233074194243503}, "AP_width": {"0.1": 0, "0.2": 0.6000000000001364, "0.4": 0.6000000000001364, "0.8": 0.6000000000001364}, "AP_amplitude": {"0.1": 0, "0.2": 73.25165845734922, "0.4": 91.99665957873249, "0.8": 101.05913258541948}, "voltage_base": {"0.1": -74.82601700042677, "0.2": -74.82601700042677, "0.4": -74.82601700042677, "0.8": -74.82601700042677}}}}