{"BBP": {"L6_MC_bSTUT213_5": {"mean_frequency": {"0.1": 8.316238842385001, "0.2": 53.871714832379716, "0.4": 112.73109875251912, "0.8": 205.47945205432273}, "ISI_CV": {"0.1": 0.45005706257743877, "0.2": 0.07358889200500643, "0.4": 0.016437396797363713, "0.8": 0.08241516479031694}, "time_to_first_spike": {"0.1": 26.800000000096702, "0.2": 7.900000000092405, "0.4": 3.8000000000914724, "0.8": 1.9000000000910404}, "time_to_second_spike": {"0.1": 66.00000000010562, "0.2": 19.900000000095133, "0.4": 11.900000000093314, "0.8": 8.10000000009245}, "AP_height": {"0.1": 3.36509235029942, "0.2": 9.678785258034479, "0.4": 14.749791479000114, "0.8": 18.202875549124286}, "AP_width": {"0.1": 0.6000000000001364, "0.2": 0.7000000000001592, "0.4": 0.6000000000001364, "0.8": 0.6000000000001364}, "AP_amplitude": {"0.1": 58.50952131425176, "0.2": 65.88411528709095, "0.4": 70.88570775375068, "0.8": 91.48518934847534}, "voltage_base": {"0.1": -73.24967718803173, "0.2": -73.24967718803173, "0.4": -73.24967718803173, "0.8": -73.24967718803173}}}, "NetPyNE": {"L6_MC_bSTUT213_5": {"mean_frequency": {"0.1": 0, "0.2": 15.863268856831908, "0.4": 98.79143473252788, "0.8": 168.79539193600252}, "ISI_CV": {"0.1": 0, "0.2": 0.20617319221183894, "0.4": 0.014040869376291305, "0.8": 0.016831911034411742}, "time_to_first_spike": {"0.1": 0, "0.2": 10.000000000092882, "0.4": 4.200000000091563, "0.8": 2.2000000000911086}, "time_to_second_spike": {"0.1": 0, "0.2": 25.100000000096315, "0.4": 12.900000000093542, "0.8": 8.600000000092564}, "AP_height": {"0.1": 0, "0.2": 6.774181668219265, "0.4": 11.571254845712271, "0.8": 15.551096829718317}, "AP_width": {"0.1": 0, "0.2": 0.6000000000001364, "0.4": 0.7000000000001592, "0.8": 0.7000000000001592}, "AP_amplitude": {"0.1": 0, "0.2": 62.918428630911194, "0.4": 67.57599562982136, "0.8": 90.9729536417365}, "voltage_base": {"0.1": -75.42182376077346, "0.2": -75.42182376077346, "0.4": -75.42182376077346, "0.8": -75.42182376077346}}}}