{"BBP": {"L6_MC_cNAC187_5": {"mean_frequency": {"0.1": 35.43048033610741, "0.2": 57.72802570156021, "0.4": 89.85492696155895, "0.8": 148.06277152237251}, "ISI_CV": {"0.1": 0.014987881239388158, "0.2": 0.008634459586390426, "0.4": 0.016030326178796878, "0.8": 0.10826198600278539}, "time_to_first_spike": {"0.1": 10.800000000093064, "0.2": 5.000000000091745, "0.4": 2.6000000000911996, "0.8": 1.5000000000909495}, "time_to_second_spike": {"0.1": 37.40000000009911, "0.2": 20.300000000095224, "0.4": 12.000000000093337, "0.8": 8.200000000092473}, "AP_height": {"0.1": 13.560667157261749, "0.2": 14.601678406905489, "0.4": 20.91878982837541, "0.8": 23.16140191748799}, "AP_width": {"0.1": 0.7000000000001592, "0.2": 0.7000000000001592, "0.4": 0.7000000000001592, "0.8": 0.7000000000001592}, "AP_amplitude": {"0.1": 69.08522574729811, "0.2": 69.81140959538777, "0.4": 75.66625156874451, "0.8": 91.7905506231096}, "voltage_base": {"0.1": -68.62635986779867, "0.2": -68.62635986779867, "0.4": -68.62635986779867, "0.8": -68.62635986779867}}}, "NetPyNE": {"L6_MC_cNAC187_5": {"mean_frequency": {"0.1": 35.271591252669296, "0.2": 57.47705959467445, "0.4": 89.46971600910824, "0.8": 146.43506362357573}, "ISI_CV": {"0.1": 0.014858377002630294, "0.2": 0.008681258224068131, "0.4": 0.016631658262403197, "0.8": 0.10980248573955989}, "time_to_first_spike": {"0.1": 11.00000000009311, "0.2": 5.200000000091791, "0.4": 2.7000000000912223, "0.8": 1.5000000000909495}, "time_to_second_spike": {"0.1": 37.70000000009918, "0.2": 20.50000000009527, "0.4": 12.200000000093382, "0.8": 8.300000000092496}, "AP_height": {"0.1": 12.664982222540967, "0.2": 14.649318199581902, "0.4": 19.77602712398171, "0.8": 20.505301851263535}, "AP_width": {"0.1": 0.7000000000001592, "0.2": 0.7000000000001592, "0.4": 0.8000000000001819, "0.8": 0.8000000000001819}, "AP_amplitude": {"0.1": 67.87981689520346, "0.2": 70.45740815623545, "0.4": 74.8918510881706, "0.8": 89.13444607962113}, "voltage_base": {"0.1": -68.62635538575022, "0.2": -68.62635538575022, "0.4": -68.62635538575022, "0.8": -68.62635538575022}}}}