{"BBP": {"L5_LBC_cACint209_2": {"mean_frequency": {"0.1": 29.9158300375418, "0.2": 48.80257597105344, "0.4": 88.37115886730243, "0.8": 174.02206619871401}, "ISI_CV": {"0.1": 0.2571138726362868, "0.2": 0.21804772750270068, "0.4": 0.17020265792919, "0.8": 0.08085898776299975}, "time_to_first_spike": {"0.1": 5.600000000091882, "0.2": 2.800000000091245, "0.4": 1.6000000000909722, "0.8": 0.900000000090813}, "time_to_second_spike": {"0.1": 17.90000000009468, "0.2": 11.600000000093246, "0.4": 8.200000000092473, "0.8": 6.200000000092018}, "AP_height": {"0.1": 32.33484280269408, "0.2": 34.96862867456333, "0.4": 36.280763396211526, "0.8": 35.90190345186915}, "AP_width": {"0.1": 0.9000000000002046, "0.2": 0.9000000000002046, "0.4": 0.9000000000002046, "0.8": 1.0000000000002274}, "AP_amplitude": {"0.1": 87.74923440206479, "0.2": 90.15782911889066, "0.4": 106.4021742875631, "0.8": 106.02331434068185}, "voltage_base": {"0.1": -70.12081403208748, "0.2": -70.12081403208748, "0.4": -70.12081403208748, "0.8": -70.12081403208748}}}, "NetPyNE": {"L5_LBC_cACint209_2": {"mean_frequency": {"0.1": 29.83263386764422, "0.2": 48.731474503926584, "0.4": 88.35341365467848, "0.8": 173.25121426079576}, "ISI_CV": {"0.1": 0.25740487430113074, "0.2": 0.21782574083966363, "0.4": 0.1688394812376016, "0.8": 0.07849652746797722}, "time_to_first_spike": {"0.1": 5.700000000091904, "0.2": 2.900000000091268, "0.4": 1.6000000000909722, "0.8": 1.0000000000908358}, "time_to_second_spike": {"0.1": 18.100000000094724, "0.2": 11.700000000093269, "0.4": 8.400000000092518, "0.8": 6.300000000092041}, "AP_height": {"0.1": 31.543245970688016, "0.2": 35.10148476766928, "0.4": 34.130061959300114, "0.8": 37.92862330166864}, "AP_width": {"0.1": 0.9000000000002046, "0.2": 0.9000000000002046, "0.4": 0.9000000000002046, "0.8": 0.9000000000002046}, "AP_amplitude": {"0.1": 87.53442563160688, "0.2": 90.55875523112675, "0.4": 104.25147197893529, "0.8": 108.05003355166403}, "voltage_base": {"0.1": -70.12081339345717, "0.2": -70.12081339345717, "0.4": -70.12081339345717, "0.8": -70.12081339345717}}}}