{"BBP": {"L23_BP_bNAC219_2": {"mean_frequency": {"0.1": 83.25392446968894, "0.2": 125.60676575097365, "0.4": 170.43460825115596, "0.8": 238.88221153862392}, "ISI_CV": {"0.1": 0.05199889620856223, "0.2": 0.025138301491984295, "0.4": 0.011417542535881177, "0.8": 0.010466794988890943}, "time_to_first_spike": {"0.1": 3.0000000000912905, "0.2": 1.700000000090995, "0.4": 1.1000000000908585, "0.8": 0.7000000000907676}, "time_to_second_spike": {"0.1": 12.10000000009336, "0.2": 8.80000000009261, "0.4": 6.8000000000921546, "0.8": 5.400000000091836}, "AP_height": {"0.1": 23.08676215222093, "0.2": 24.303676786189968, "0.4": 22.61809061031066, "0.8": 26.641736572527016}, "AP_width": {"0.1": 0.6000000000001364, "0.2": 0.7000000000001592, "0.4": 0.6000000000001364, "0.8": 0.7000000000001592}, "AP_amplitude": {"0.1": 79.15281766778565, "0.2": 96.12517003187983, "0.4": 94.4395838536936, "0.8": 98.46322981129629}, "voltage_base": {"0.1": -71.82134395666831, "0.2": -71.82134395666831, "0.4": -71.82134395666831, "0.8": -71.82134395666831}}}, "NetPyNE": {"L23_BP_bNAC219_2": {"mean_frequency": {"0.1": 82.81053952326829, "0.2": 124.699519230854, "0.4": 168.85459464887714, "0.8": 235.80654851322728}, "ISI_CV": {"0.1": 0.05128387089428171, "0.2": 0.02484615220235156, "0.4": 0.0115149525745135, "0.8": 0.013456475073826614}, "time_to_first_spike": {"0.1": 3.1000000000913133, "0.2": 1.8000000000910177, "0.4": 1.1000000000908585, "0.8": 0.7000000000907676}, "time_to_second_spike": {"0.1": 12.200000000093382, "0.2": 8.900000000092632, "0.4": 6.900000000092177, "0.8": 5.500000000091859}, "AP_height": {"0.1": 18.88676663270196, "0.2": 23.06501853897356, "0.4": 26.74608735863591, "0.8": 29.08570924257371}, "AP_width": {"0.1": 0.7000000000001592, "0.2": 0.6000000000001364, "0.4": 0.6000000000001364, "0.8": 0.7000000000001592}, "AP_amplitude": {"0.1": 75.02197633284649, "0.2": 94.886511516556, "0.4": 98.56758031192552, "0.8": 100.90720224352572}, "voltage_base": {"0.1": -71.82134371764133, "0.2": -71.82134371764133, "0.4": -71.82134371764133, "0.8": -71.82134371764133}}}}