{"BBP": {"L5_MC_bSTUT213_4": {"mean_frequency": {"0.1": 0, "0.2": 14.518147684615627, "0.4": 102.01020102017138, "0.8": 204.08163265207136}, "ISI_CV": {"0.1": 0, "0.2": 0.33123475920196854, "0.4": 0.028123058150272, "0.8": 0.051425947722657996}, "time_to_first_spike": {"0.1": 0, "0.2": 11.800000000093291, "0.4": 4.9000000000917225, "0.8": 2.3000000000911314}, "time_to_second_spike": {"0.1": 0, "0.2": 27.900000000096952, "0.4": 13.300000000093632, "0.8": 8.600000000092564}, "AP_height": {"0.1": 0, "0.2": 2.787532818083343, "0.4": 9.481033098835663, "0.8": 15.46052763159657}, "AP_width": {"0.1": 0, "0.2": 0.6000000000001364, "0.4": 0.7000000000001592, "0.8": 0.6000000000001364}, "AP_amplitude": {"0.1": 0, "0.2": 58.83547272119848, "0.4": 64.9170183628123, "0.8": 90.62235044832414}, "voltage_base": {"0.1": -75.143198141088, "0.2": -75.143198141088, "0.4": -75.143198141088, "0.8": -75.143198141088}}}, "NetPyNE": {"L5_MC_bSTUT213_4": {"mean_frequency": {"0.1": 0, "0.2": 12.144519785455042, "0.4": 99.10405926229271, "0.8": 199.99999999904844}, "ISI_CV": {"0.1": 0, "0.2": 0.1727485110415145, "0.4": 0.012507955331197182, "0.8": 0.050507627227610534}, "time_to_first_spike": {"0.1": 0, "0.2": 12.000000000093337, "0.4": 4.9000000000917225, "0.8": 2.400000000091154}, "time_to_second_spike": {"0.1": 0, "0.2": 28.60000000009711, "0.4": 13.400000000093655, "0.8": 8.80000000009261}, "AP_height": {"0.1": 0, "0.2": 2.8064381097810136, "0.4": 8.544642899726021, "0.8": 15.101219289885298}, "AP_width": {"0.1": 0, "0.2": 0.7000000000001592, "0.4": 0.7000000000001592, "0.8": 0.6000000000001364}, "AP_amplitude": {"0.1": 0, "0.2": 58.19697586774001, "0.4": 64.29813279492319, "0.8": 90.46384865398127}, "voltage_base": {"0.1": -75.36260344664254, "0.2": -75.36260344664254, "0.4": -75.36260344664254, "0.8": -75.36260344664254}}}}