{"BBP": {"L4_BTC_dNAC222_5": {"mean_frequency": {"0.1": 19.906084115979144, "0.2": 55.773289116709556, "0.4": 91.09109109115302, "0.8": 138.52770554120244}, "ISI_CV": {"0.1": 0.08857709161816602, "0.2": 0.008468938111801466, "0.4": 0.01186683669498972, "0.8": 0.02936351313830844}, "time_to_first_spike": {"0.1": 183.50000000013233, "0.2": 5.700000000091904, "0.4": 2.400000000091154, "0.8": 1.300000000090904}, "time_to_second_spike": {"0.1": 250.2000000001475, "0.2": 21.900000000095588, "0.4": 11.700000000093269, "0.8": 7.900000000092405}, "AP_height": {"0.1": 15.28236042002402, "0.2": 18.462614685646617, "0.4": 26.23523932549676, "0.8": 27.743394737483552}, "AP_width": {"0.1": 0.6000000000001364, "0.2": 0.7000000000001592, "0.4": 0.7000000000001592, "0.8": 0.7000000000001592}, "AP_amplitude": {"0.1": 70.91330001930923, "0.2": 74.76784178965117, "0.4": 99.3525618532224, "0.8": 100.86071726302288}, "voltage_base": {"0.1": -73.11316491201241, "0.2": -73.11316491201241, "0.4": -73.11316491201241, "0.8": -73.11316491201241}}}, "NetPyNE": {"L4_BTC_dNAC222_5": {"mean_frequency": {"0.1": 19.83319772173839, "0.2": 55.50509637706861, "0.4": 90.64957179352082, "0.8": 137.75484646605565}, "ISI_CV": {"0.1": 0.08883609731275259, "0.2": 0.00850345979723059, "0.4": 0.012049185110975077, "0.8": 0.0304781808760265}, "time_to_first_spike": {"0.1": 184.00000000013245, "0.2": 5.700000000091904, "0.4": 2.500000000091177, "0.8": 1.300000000090904}, "time_to_second_spike": {"0.1": 250.90000000014766, "0.2": 22.100000000095633, "0.4": 11.800000000093291, "0.8": 8.000000000092427}, "AP_height": {"0.1": 15.843115479016868, "0.2": 18.674992314284935, "0.4": 25.685615223718713, "0.8": 27.232848596002828}, "AP_width": {"0.1": 0.6000000000001364, "0.2": 0.7000000000001592, "0.4": 0.7000000000001592, "0.8": 0.8000000000001819}, "AP_amplitude": {"0.1": 71.59999466241825, "0.2": 73.86676568614374, "0.4": 98.80292967607248, "0.8": 100.35016296284195}, "voltage_base": {"0.1": -73.11315672765627, "0.2": -73.11315672765627, "0.4": -73.11315672765627, "0.8": -73.11315672765627}}}}