{"BBP": {"L6_MC_bIR215_3": {"mean_frequency": {"0.1": 0, "0.2": 5.497223901933139, "0.4": 12.690355329957825, "0.8": 18.970467596403275}, "ISI_CV": {"0.1": 0, "0.2": 0.17228848944375172, "0.4": 0.29114329484150697, "0.8": 0.29991902656570124}, "time_to_first_spike": {"0.1": 0, "0.2": 12.000000000093337, "0.4": 3.500000000091404, "0.8": 1.8000000000910177}, "time_to_second_spike": {"0.1": 0, "0.2": 58.80000000010398, "0.4": 23.40000000009593, "0.8": 13.900000000093769}, "AP_height": {"0.1": 0, "0.2": 20.505171665922955, "0.4": 28.259933099094575, "0.8": 30.794369391493706}, "AP_width": {"0.1": 0, "0.2": 0.6000000000001364, "0.4": 0.6000000000001364, "0.8": 0.6000000000001364}, "AP_amplitude": {"0.1": 0, "0.2": 76.40456241263517, "0.4": 84.22712379429524, "0.8": 104.69885993659338}, "voltage_base": {"0.1": -73.76634060911587, "0.2": -73.76634060911587, "0.4": -73.76634060911587, "0.8": -73.76634060911587}}}, "NetPyNE": {"L6_MC_bIR215_3": {"mean_frequency": {"0.1": 0, "0.2": 0, "0.4": 11.219910240725653, "0.8": 17.97822066982925}, "ISI_CV": {"0.1": 0, "0.2": 0, "0.4": 0.2665134393735181, "0.8": 0.27948951560720736}, "time_to_first_spike": {"0.1": 0, "0.2": 0, "0.4": 4.100000000091541, "0.8": 2.000000000091063}, "time_to_second_spike": {"0.1": 0, "0.2": 0, "0.4": 25.800000000096475, "0.8": 14.800000000093974}, "AP_height": {"0.1": 0, "0.2": 0, "0.4": 27.74828120759852, "0.8": 31.06343929342841}, "AP_width": {"0.1": 0, "0.2": 0, "0.4": 0.6000000000001364, "0.8": 0.6000000000001364}, "AP_amplitude": {"0.1": 0, "0.2": 0, "0.4": 82.90368788698942, "0.8": 106.50430570416268}, "voltage_base": {"0.1": -75.43939496799516, "0.2": -75.43939496799516, "0.4": -75.43939496799516, "0.8": -75.43939496799516}}}}