{"BBP": {"L6_NGC_bNAC219_2": {"mean_frequency": {"0.1": 53.72025303749004, "0.2": 93.57485988797394, "0.4": 146.5952869366084, "0.8": 256.4102564082124}, "ISI_CV": {"0.1": 0.03527965166420965, "0.2": 0.018056388440440965, "0.4": 0.019458098005373972, "0.8": 0}, "time_to_first_spike": {"0.1": 7.700000000092359, "0.2": 4.100000000091541, "0.4": 2.400000000091154, "0.8": 1.4000000000909267}, "time_to_second_spike": {"0.1": 21.000000000095383, "0.2": 13.400000000093655, "0.4": 9.400000000092746, "0.8": 6.900000000092177}, "AP_height": {"0.1": 5.987159880050009, "0.2": 9.782233819853237, "0.4": 12.000018095963588, "0.8": 16.21082650423761}, "AP_width": {"0.1": 0.8000000000001819, "0.2": 0.8000000000001819, "0.4": 0.8000000000001819, "0.8": 0.8000000000001819}, "AP_amplitude": {"0.1": 61.00596791313539, "0.2": 64.59024995838877, "0.4": 82.57455768897745, "0.8": 86.78536609542812}, "voltage_base": {"0.1": -70.57442580494977, "0.2": -70.57442580494977, "0.4": -70.57442580494977, "0.8": -70.57442580494977}}}, "NetPyNE": {"L6_NGC_bNAC219_2": {"mean_frequency": {"0.1": 53.636773773157906, "0.2": 93.30323551548851, "0.4": 146.5586234494794, "0.8": 254.2372881335832}, "ISI_CV": {"0.1": 0.03511433204148119, "0.2": 0.01756540671804289, "0.4": 0.02072201483954425, "0.8": 0}, "time_to_first_spike": {"0.1": 7.800000000092382, "0.2": 4.200000000091563, "0.4": 2.400000000091154, "0.8": 1.5000000000909495}, "time_to_second_spike": {"0.1": 21.20000000009543, "0.2": 13.500000000093678, "0.4": 9.500000000092768, "0.8": 7.0000000000922}, "AP_height": {"0.1": 6.003243334418274, "0.2": 9.36403948801279, "0.4": 12.564122146641253, "0.8": 14.687100345922657}, "AP_width": {"0.1": 0.8000000000001819, "0.2": 0.8000000000001819, "0.4": 0.7000000000001592, "0.8": 0.8000000000001819}, "AP_amplitude": {"0.1": 60.53921715055848, "0.2": 64.45707363547952, "0.4": 66.9964596245693, "0.8": 85.26163989667808}, "voltage_base": {"0.1": -70.57442576379307, "0.2": -70.57442576379307, "0.4": -70.57442576379307, "0.8": -70.57442576379307}}}}