{"BBP": {"L6_BP_bAC217_3": {"mean_frequency": {"0.1": 13.106159895159488, "0.2": 17.958848581263066, "0.4": 24.31241452668414, "0.8": 34.566897112670794}, "ISI_CV": {"0.1": 0.3178497204309982, "0.2": 0.327874373790483, "0.4": 0.33595483953510125, "0.8": 0.3280037318759636}, "time_to_first_spike": {"0.1": 6.300000000092041, "0.2": 2.3000000000911314, "0.4": 1.2000000000908813, "0.8": 0.7000000000907676}, "time_to_second_spike": {"0.1": 29.400000000097293, "0.2": 16.50000000009436, "0.4": 10.000000000092882, "0.8": 6.900000000092177}, "AP_height": {"0.1": 19.906110469815502, "0.2": 27.421878480248363, "0.4": 25.409820032083648, "0.8": 30.369700415724957}, "AP_width": {"0.1": 0.5000000000001137, "0.2": 0.6000000000001364, "0.4": 0.6000000000001364, "0.8": 0.6000000000001364}, "AP_amplitude": {"0.1": 75.40185095371643, "0.2": 97.2189421290842, "0.4": 95.20688367866074, "0.8": 100.16676405778477}, "voltage_base": {"0.1": -69.7945468949221, "0.2": -69.7945468949221, "0.4": -69.7945468949221, "0.8": -69.7945468949221}}}, "NetPyNE": {"L6_BP_bAC217_3": {"mean_frequency": {"0.1": 12.931257435481717, "0.2": 17.71075802045527, "0.4": 24.040920716128756, "0.8": 34.00680136029518}, "ISI_CV": {"0.1": 0.3162444107878184, "0.2": 0.3264412828720771, "0.4": 0.33876535117499346, "0.8": 0.3262331472784434}, "time_to_first_spike": {"0.1": 6.400000000092064, "0.2": 2.400000000091154, "0.4": 1.2000000000908813, "0.8": 0.7000000000907676}, "time_to_second_spike": {"0.1": 29.60000000009734, "0.2": 16.700000000094406, "0.4": 10.200000000092928, "0.8": 7.0000000000922}, "AP_height": {"0.1": 20.031883311170713, "0.2": 28.117968594028387, "0.4": 30.429733529178282, "0.8": 32.363761345264415}, "AP_width": {"0.1": 0.6000000000001364, "0.2": 0.6000000000001364, "0.4": 0.6000000000001364, "0.8": 0.6000000000001364}, "AP_amplitude": {"0.1": 76.38298705460204, "0.2": 97.91502852563255, "0.4": 100.22679316518258, "0.8": 102.16082135485729}, "voltage_base": {"0.1": -69.79454324839793, "0.2": -69.79454324839793, "0.4": -69.79454324839793, "0.8": -69.79454324839793}}}}