{"BBP": {"L5_DBC_cNAC187_3": {"mean_frequency": {"0.1": 39.69849246233851, "0.2": 65.64441771902636, "0.4": 101.06569270032388, "0.8": 156.88553166763836}, "ISI_CV": {"0.1": 0.007416267318696531, "0.2": 0.014671573453273596, "0.4": 0.025728478484593958, "0.8": 0.10444721824374892}, "time_to_first_spike": {"0.1": 9.800000000092837, "0.2": 4.400000000091609, "0.4": 2.3000000000911314, "0.8": 1.4000000000909267}, "time_to_second_spike": {"0.1": 33.800000000098294, "0.2": 17.90000000009468, "0.4": 11.200000000093155, "0.8": 7.900000000092405}, "AP_height": {"0.1": 10.195803744557809, "0.2": 16.392435646682767, "0.4": 20.265433208185446, "0.8": 21.90381177043292}, "AP_width": {"0.1": 0.6000000000001364, "0.2": 0.6000000000001364, "0.4": 0.7000000000001592, "0.8": 0.7000000000001592}, "AP_amplitude": {"0.1": 65.89236958813072, "0.2": 72.89053941570458, "0.4": 74.55504822722631, "0.8": 89.38075068626277}, "voltage_base": {"0.1": -67.47441871161493, "0.2": -67.47441871161493, "0.4": -67.47441871161493, "0.8": -67.47441871161493}}}, "NetPyNE": {"L5_DBC_cNAC187_3": {"mean_frequency": {"0.1": 39.50395039506637, "0.2": 65.3266331658735, "0.4": 100.58046437156558, "0.8": 155.64202334629067}, "ISI_CV": {"0.1": 0.007379359465683064, "0.2": 0.015547942578285024, "0.4": 0.026928667262683358, "0.8": 0.1028772300619954}, "time_to_first_spike": {"0.1": 10.000000000092882, "0.2": 4.500000000091632, "0.4": 2.400000000091154, "0.8": 1.4000000000909267}, "time_to_second_spike": {"0.1": 34.10000000009836, "0.2": 18.100000000094724, "0.4": 11.4000000000932, "0.8": 8.10000000009245}, "AP_height": {"0.1": 11.528371779657544, "0.2": 16.2956934237696, "0.4": 21.17090541927347, "0.8": 24.6120909530633}, "AP_width": {"0.1": 0.7000000000001592, "0.2": 0.7000000000001592, "0.4": 0.7000000000001592, "0.8": 0.7000000000001592}, "AP_amplitude": {"0.1": 67.17685333909361, "0.2": 72.20075426687626, "0.4": 75.86859131529434, "0.8": 92.0890258721426}, "voltage_base": {"0.1": -67.47441471125076, "0.2": -67.47441471125076, "0.4": -67.47441471125076, "0.8": -67.47441471125076}}}}