{"BBP": {"L5_NBC_cNAC187_3": {"mean_frequency": {"0.1": 36.1972751495897, "0.2": 56.514279947560766, "0.4": 82.34171813029641, "0.8": 118.8983093363573}, "ISI_CV": {"0.1": 0.049199569436747505, "0.2": 0.04913039305038186, "0.4": 0.0457503720009323, "0.8": 0.026268418776021537}, "time_to_first_spike": {"0.1": 6.700000000092132, "0.2": 3.0000000000912905, "0.4": 1.700000000090995, "0.8": 1.0000000000908358}, "time_to_second_spike": {"0.1": 31.300000000097725, "0.2": 17.60000000009461, "0.4": 11.00000000009311, "0.8": 7.700000000092359}, "AP_height": {"0.1": 24.47690693909054, "0.2": 29.749400944392335, "0.4": 25.58296580391273, "0.8": 32.6142260186037}, "AP_width": {"0.1": 0.7000000000001592, "0.2": 0.7000000000001592, "0.4": 0.7000000000001592, "0.8": 0.7000000000001592}, "AP_amplitude": {"0.1": 78.79419005732538, "0.2": 84.70652469041468, "0.4": 94.28150266523322, "0.8": 101.31276287808785}, "voltage_base": {"0.1": -68.69549447753808, "0.2": -68.69549447753808, "0.4": -68.69549447753808, "0.8": -68.69549447753808}}}, "NetPyNE": {"L5_NBC_cNAC187_3": {"mean_frequency": {"0.1": 36.046860919219455, "0.2": 56.29838142157235, "0.4": 82.03281312530588, "0.8": 118.39662870624608}, "ISI_CV": {"0.1": 0.04878297417274673, "0.2": 0.048320031076091965, "0.4": 0.044420365804813434, "0.8": 0.024631550598261304}, "time_to_first_spike": {"0.1": 6.900000000092177, "0.2": 3.1000000000913133, "0.4": 1.700000000090995, "0.8": 1.0000000000908358}, "time_to_second_spike": {"0.1": 31.50000000009777, "0.2": 17.800000000094656, "0.4": 11.100000000093132, "0.8": 7.800000000092382}, "AP_height": {"0.1": 21.820556355152593, "0.2": 29.296594782460716, "0.4": 31.27674231181, "0.8": 31.075857560671626}, "AP_width": {"0.1": 0.7000000000001592, "0.2": 0.7000000000001592, "0.4": 0.7000000000001592, "0.8": 0.8000000000001819}, "AP_amplitude": {"0.1": 75.73208900877385, "0.2": 84.61339392370024, "0.4": 97.98844766462909, "0.8": 99.77438933367769}, "voltage_base": {"0.1": -68.69548938511734, "0.2": -68.69548938511734, "0.4": -68.69548938511734, "0.8": -68.69548938511734}}}}