{"BBP": {"L5_NGC_cSTUT189_2": {"mean_frequency": {"0.1": 1.128668171558004, "0.2": 59.87120144902433, "0.4": 97.3700060229531, "0.8": 153.65448504982723}, "ISI_CV": {"0.1": 0, "0.2": 0.05137171103003364, "0.4": 0.021697677327984177, "0.8": 0.09364840727699655}, "time_to_first_spike": {"0.1": 885.999999999653, "0.2": 5.90000000009195, "0.4": 3.0000000000912905, "0.8": 1.700000000090995}, "time_to_second_spike": {"0.1": 0, "0.2": 20.800000000095338, "0.4": 12.200000000093382, "0.8": 8.10000000009245}, "AP_height": {"0.1": 5.791798531372541, "0.2": 13.658515451889226, "0.4": 16.159364763721747, "0.8": 21.239349201375987}, "AP_width": {"0.1": 0.7999999999992724, "0.2": 0.8000000000001819, "0.4": 0.8000000000001819, "0.8": 0.8000000000001819}, "AP_amplitude": {"0.1": 59.261661165366775, "0.2": 69.32064417506211, "0.4": 92.13390571977433, "0.8": 97.15303851131642}, "voltage_base": {"0.1": -76.03809401513864, "0.2": -76.03809401513864, "0.4": -76.03809401513864, "0.8": -76.03809401513864}}}, "NetPyNE": {"L5_NGC_cSTUT189_2": {"mean_frequency": {"0.1": 0, "0.2": 58.65249649091613, "0.4": 95.80177559318341, "0.8": 151.57480314960725}, "ISI_CV": {"0.1": 0, "0.2": 0.012681342752228316, "0.4": 0.018292303255484938, "0.8": 0.09014773361552693}, "time_to_first_spike": {"0.1": 0, "0.2": 6.000000000091973, "0.4": 3.1000000000913133, "0.8": 1.700000000090995}, "time_to_second_spike": {"0.1": 0, "0.2": 21.500000000095497, "0.4": 12.50000000009345, "0.8": 8.300000000092496}, "AP_height": {"0.1": 0, "0.2": 13.926502388789565, "0.4": 17.7227370887121, "0.8": 19.715605404636378}, "AP_width": {"0.1": 0, "0.2": 0.7000000000001592, "0.4": 0.8000000000001819, "0.8": 0.8000000000001819}, "AP_amplitude": {"0.1": 0, "0.2": 68.91485231690152, "0.4": 72.85710497086413, "0.8": 95.65731942860862}, "voltage_base": {"0.1": -75.94102486687682, "0.2": -75.94102486687682, "0.4": -75.94102486687682, "0.8": -75.94102486687682}}}}