{"BBP": {"L4_SP_cADpyr230_5": {"mean_frequency": {"0.1": 4.50856627592732, "0.2": 7.496251874067944, "0.4": 15.585721468084989, "0.8": 30.582572946977564}, "ISI_CV": {"0.1": 0.1619595739982037, "0.2": 0.2383385981415496, "0.4": 0.1612072661377876, "0.8": 0.12889374722466754}, "time_to_first_spike": {"0.1": 40.100000000099726, "0.2": 14.600000000093928, "0.4": 6.000000000091973, "0.8": 2.6000000000911996}, "time_to_second_spike": {"0.1": 106.90000000011491, "0.2": 44.100000000100636, "0.4": 24.700000000096225, "0.8": 14.100000000093814}, "AP_height": {"0.1": 24.3125671930908, "0.2": 27.080639168900916, "0.4": 31.11230280193045, "0.8": 33.878517647976615}, "AP_width": {"0.1": 1.0000000000002274, "0.2": 1.0000000000002274, "0.4": 1.0000000000002274, "0.8": 1.1000000000002501}, "AP_amplitude": {"0.1": 80.68961905491716, "0.2": 83.24076717925189, "0.4": 87.60039200026041, "0.8": 106.66950015258618}, "voltage_base": {"0.1": -72.79042862427995, "0.2": -72.79042862427995, "0.4": -72.79042862427995, "0.8": -72.79042862427995}}}, "NetPyNE": {"L4_SP_cADpyr230_5": {"mean_frequency": {"0.1": 4.664179104480606, "0.2": 7.453945266749714, "0.4": 15.497468746781783, "0.8": 30.49090354712907}, "ISI_CV": {"0.1": 0.17369459498325013, "0.2": 0.23645516397417635, "0.4": 0.16319786351287635, "0.8": 0.12959695340246982}, "time_to_first_spike": {"0.1": 40.30000000009977, "0.2": 14.70000000009395, "0.4": 6.100000000091995, "0.8": 2.6000000000911996}, "time_to_second_spike": {"0.1": 107.60000000011507, "0.2": 44.30000000010068, "0.4": 24.700000000096225, "0.8": 14.100000000093814}, "AP_height": {"0.1": 22.917250238141275, "0.2": 27.05482466002952, "0.4": 30.624043157995715, "0.8": 32.95357296216791}, "AP_width": {"0.1": 1.0000000000002274, "0.2": 1.0000000000002274, "0.4": 1.0000000000002274, "0.8": 1.1000000000002501}, "AP_amplitude": {"0.1": 79.3238186950543, "0.2": 82.58438666976998, "0.4": 86.18739007500835, "0.8": 105.74455416130927}, "voltage_base": {"0.1": -72.79042728744547, "0.2": -72.79042728744547, "0.4": -72.79042728744547, "0.8": -72.79042728744547}}}}