{"BBP": {"L23_ChC_dNAC222_1": {"mean_frequency": {"0.1": 26.8042279876781, "0.2": 65.35619124231474, "0.4": 108.42284911160863, "0.8": 174.7446424996181}, "ISI_CV": {"0.1": 0.11544105613515826, "0.2": 0.020342520189983872, "0.4": 0.026408349491022158, "0.8": 0.06673502196711777}, "time_to_first_spike": {"0.1": 23.600000000095974, "0.2": 5.3000000000918135, "0.4": 2.100000000091086, "0.8": 1.0000000000908358}, "time_to_second_spike": {"0.1": 79.00000000010857, "0.2": 19.10000000009495, "0.4": 10.100000000092905, "0.8": 6.8000000000921546}, "AP_height": {"0.1": 15.456167090875052, "0.2": 17.97457736232622, "0.4": 23.34896566617984, "0.8": 25.588845443085248}, "AP_width": {"0.1": 0.6000000000001364, "0.2": 0.7000000000001592, "0.4": 0.7000000000001592, "0.8": 0.8000000000001819}, "AP_amplitude": {"0.1": 70.79411338267644, "0.2": 73.26320168773285, "0.4": 96.97480406349963, "0.8": 99.2146838376221}, "voltage_base": {"0.1": -73.62165562841015, "0.2": -73.62165562841015, "0.4": -73.62165562841015, "0.8": -73.62165562841015}}}, "NetPyNE": {"L23_ChC_dNAC222_1": {"mean_frequency": {"0.1": 26.698906856095892, "0.2": 65.0650650651093, "0.4": 107.91547457719521, "0.8": 174.09575266408356}, "ISI_CV": {"0.1": 0.1159720482472861, "0.2": 0.021252260748632366, "0.4": 0.02740316238844711, "0.8": 0.06851908081243459}, "time_to_first_spike": {"0.1": 23.900000000096043, "0.2": 5.400000000091836, "0.4": 2.100000000091086, "0.8": 1.1000000000908585}, "time_to_second_spike": {"0.1": 79.60000000010871, "0.2": 19.200000000094974, "0.4": 10.30000000009295, "0.8": 6.900000000092177}, "AP_height": {"0.1": 14.961695322102479, "0.2": 18.111643143358876, "0.4": 24.08590461520222, "0.8": 28.991294807890387}, "AP_width": {"0.1": 0.7000000000001592, "0.2": 0.7000000000001592, "0.4": 0.8000000000001819, "0.8": 0.8000000000001819}, "AP_amplitude": {"0.1": 69.86567133418262, "0.2": 74.27758035840569, "0.4": 97.7117352969422, "0.8": 102.61712549423264}, "voltage_base": {"0.1": -73.62164789404834, "0.2": -73.62164789404834, "0.4": -73.62164789404834, "0.8": -73.62164789404834}}}}