{"BBP": {"L23_ChC_dNAC222_2": {"mean_frequency": {"0.1": 14.066817382576746, "0.2": 51.58253205131711, "0.4": 85.1575414517435, "0.8": 130.78773301271667}, "ISI_CV": {"0.1": 0.07696446210850766, "0.2": 0.00783151561446397, "0.4": 0.011000579022572038, "0.8": 0.027349941471411246}, "time_to_first_spike": {"0.1": 571.9999999999386, "0.2": 6.900000000092177, "0.4": 3.1000000000913133, "0.8": 1.6000000000909722}, "time_to_second_spike": {"0.1": 642.4999999998745, "0.2": 25.000000000096293, "0.4": 13.100000000093587, "0.8": 8.500000000092541}, "AP_height": {"0.1": 10.69387074375548, "0.2": 14.92327432995479, "0.4": 20.169212961451937, "0.8": 24.60509307093667}, "AP_width": {"0.1": 0.6999999999993634, "0.2": 0.7000000000001592, "0.4": 0.8000000000001819, "0.8": 0.7000000000001592}, "AP_amplitude": {"0.1": 65.79517746196481, "0.2": 70.53796352565746, "0.4": 74.79051886275134, "0.8": 97.92615939412272}, "voltage_base": {"0.1": -73.31679936930121, "0.2": -73.31679936930121, "0.4": -73.31679936930121, "0.8": -73.31679936930121}}}, "NetPyNE": {"L23_ChC_dNAC222_2": {"mean_frequency": {"0.1": 14.038606166968677, "0.2": 51.35951661634905, "0.4": 84.78828015257616, "0.8": 130.15618742499836}, "ISI_CV": {"0.1": 0.07733061726545774, "0.2": 0.007796384372255773, "0.4": 0.011171770387714297, "0.8": 0.02821263275029203}, "time_to_first_spike": {"0.1": 572.3999999999382, "0.2": 7.0000000000922, "0.4": 3.1000000000913133, "0.8": 1.6000000000909722}, "time_to_second_spike": {"0.1": 643.1999999998739, "0.2": 25.20000000009634, "0.4": 13.300000000093632, "0.8": 8.600000000092564}, "AP_height": {"0.1": 11.181399115182872, "0.2": 15.364115403611407, "0.4": 21.127685535302472, "0.8": 24.05276417602614}, "AP_width": {"0.1": 0.6999999999993634, "0.2": 0.7000000000001592, "0.4": 0.7000000000001592, "0.8": 0.8000000000001819}, "AP_amplitude": {"0.1": 65.96093871870364, "0.2": 70.08777402095347, "0.4": 76.07878473182419, "0.8": 97.37382192446488}, "voltage_base": {"0.1": -73.31679076714425, "0.2": -73.31679076714425, "0.4": -73.31679076714425, "0.8": -73.31679076714425}}}}