{"BBP": {"L5_MC_bIR215_4": {"mean_frequency": {"0.1": 0, "0.2": 9.583858764193131, "0.4": 15.074332051158883, "0.8": 20.94722321566836}, "ISI_CV": {"0.1": 0, "0.2": 0.31807211408974667, "0.4": 0.31095746988169987, "0.8": 0.3250922241778941}, "time_to_first_spike": {"0.1": 0, "0.2": 9.100000000092678, "0.4": 3.1000000000913133, "0.8": 1.5000000000909495}, "time_to_second_spike": {"0.1": 0, "0.2": 38.10000000009927, "0.4": 19.700000000095088, "0.8": 11.500000000093223}, "AP_height": {"0.1": 0, "0.2": 19.561337186967084, "0.4": 21.63014365794437, "0.8": 26.712603368644846}, "AP_width": {"0.1": 0, "0.2": 0.5000000000001137, "0.4": 0.6000000000001364, "0.8": 0.7000000000001592}, "AP_amplitude": {"0.1": 0, "0.2": 75.23902947646135, "0.4": 77.57604713702557, "0.8": 98.5006025248987}, "voltage_base": {"0.1": -71.84916284761324, "0.2": -71.84916284761324, "0.4": -71.84916284761324, "0.8": -71.84916284761324}}}, "NetPyNE": {"L5_MC_bIR215_4": {"mean_frequency": {"0.1": 0, "0.2": 3.829321663022215, "0.4": 13.249082755818165, "0.8": 19.609814963810575}, "ISI_CV": {"0.1": 0, "0.2": 0.043347657133095116, "0.4": 0.2913891395504816, "0.8": 0.2974754149651287}, "time_to_first_spike": {"0.1": 0, "0.2": 14.000000000093792, "0.4": 4.100000000091541, "0.8": 1.8000000000910177}, "time_to_second_spike": {"0.1": 0, "0.2": 258.30000000014934, "0.4": 22.900000000095815, "0.8": 12.900000000093542}, "AP_height": {"0.1": 0, "0.2": 15.00609299447607, "0.4": 22.17891986800666, "0.8": 25.349807153981804}, "AP_width": {"0.1": 0, "0.2": 0.6000000000001364, "0.4": 0.6000000000001364, "0.8": 0.7000000000001592}, "AP_amplitude": {"0.1": 0, "0.2": 70.38934073457168, "0.4": 77.6017750864371, "0.8": 99.8332068575572}, "voltage_base": {"0.1": -74.48242533012751, "0.2": -74.48242533012751, "0.4": -74.48242533012751, "0.8": -74.48242533012751}}}}