{"BBP": {"L6_BP_bIR215_1": {"mean_frequency": {"0.1": 11.610724086982627, "0.2": 16.64313092597457, "0.4": 22.78481012659771, "0.8": 33.02972675410113}, "ISI_CV": {"0.1": 0.32553320384849704, "0.2": 0.3264837037599785, "0.4": 0.333798391148538, "0.8": 0.3154789074038764}, "time_to_first_spike": {"0.1": 8.400000000092518, "0.2": 3.0000000000912905, "0.4": 1.4000000000909267, "0.8": 0.8000000000907903}, "time_to_second_spike": {"0.1": 35.00000000009857, "0.2": 17.90000000009468, "0.4": 10.700000000093041, "0.8": 7.2000000000922455}, "AP_height": {"0.1": 19.5969796178151, "0.2": 26.58423921525425, "0.4": 28.17471561526171, "0.8": 30.389650266123265}, "AP_width": {"0.1": 0.5000000000001137, "0.2": 0.6000000000001364, "0.4": 0.6000000000001364, "0.8": 0.6000000000001364}, "AP_amplitude": {"0.1": 76.35205502275025, "0.2": 97.5784033396036, "0.4": 99.48519614248059, "0.8": 102.14273525824777}, "voltage_base": {"0.1": -71.68971660870764, "0.2": -71.68971660870764, "0.4": -71.68971660870764, "0.8": -71.68971660870764}}}, "NetPyNE": {"L6_BP_bIR215_1": {"mean_frequency": {"0.1": 6.239925120902735, "0.2": 14.57194899818828, "0.4": 21.159756159014808, "0.8": 31.045015272165713}, "ISI_CV": {"0.1": 0.23823767979803168, "0.2": 0.3019773473430148, "0.4": 0.3050428505478129, "0.8": 0.2942710627450487}, "time_to_first_spike": {"0.1": 13.300000000093632, "0.2": 4.200000000091563, "0.4": 1.8000000000910177, "0.8": 0.900000000090813}, "time_to_second_spike": {"0.1": 54.500000000103, "0.2": 21.900000000095588, "0.4": 12.200000000093382, "0.8": 7.900000000092405}, "AP_height": {"0.1": 19.288773012846935, "0.2": 20.823828927324655, "0.4": 25.233174486931357, "0.8": 32.2177617788712}, "AP_width": {"0.1": 0.5000000000001137, "0.2": 0.6000000000001364, "0.4": 0.6000000000001364, "0.8": 0.6000000000001364}, "AP_amplitude": {"0.1": 75.33154717060114, "0.2": 95.50018282085061, "0.4": 99.90952829258259, "0.8": 106.89411569197435}, "voltage_base": {"0.1": -74.6754605960508, "0.2": -74.6754605960508, "0.4": -74.6754605960508, "0.8": -74.6754605960508}}}}