{"BBP": {"L6_DBC_cNAC187_3": {"mean_frequency": {"0.1": 28.613021434686367, "0.2": 47.81077000506516, "0.4": 74.70543995994045, "0.8": 115.34025374863661}, "ISI_CV": {"0.1": 0.021052560600856064, "0.2": 0.012892991756491211, "0.4": 0.00962634749122779, "0.8": 0.028173883879693704}, "time_to_first_spike": {"0.1": 15.000000000094019, "0.2": 6.900000000092177, "0.4": 3.500000000091404, "0.8": 2.000000000091063}, "time_to_second_spike": {"0.1": 48.30000000010159, "0.2": 26.100000000096543, "0.4": 15.100000000094042, "0.8": 9.800000000092837}, "AP_height": {"0.1": 9.123852529902038, "0.2": 12.933202489274121, "0.4": 16.739960699623065, "0.8": 17.83505785303489}, "AP_width": {"0.1": 0.8000000000001819, "0.2": 0.7000000000001592, "0.4": 0.8000000000001819, "0.8": 0.8000000000001819}, "AP_amplitude": {"0.1": 64.26958951402545, "0.2": 68.29075556168276, "0.4": 71.4368971788944, "0.8": 86.3800163584616}, "voltage_base": {"0.1": -68.54225439540191, "0.2": -68.54225439540191, "0.4": -68.54225439540191, "0.8": -68.54225439540191}}}, "NetPyNE": {"L6_DBC_cNAC187_3": {"mean_frequency": {"0.1": 28.522818254623076, "0.2": 47.64770789450524, "0.4": 74.45042507173422, "0.8": 115.0172525879664}, "ISI_CV": {"0.1": 0.020925774794044463, "0.2": 0.012495520743894853, "0.4": 0.009684371899216282, "0.8": 0.029485755402064898}, "time_to_first_spike": {"0.1": 15.100000000094042, "0.2": 7.0000000000922, "0.4": 3.600000000091427, "0.8": 2.000000000091063}, "time_to_second_spike": {"0.1": 48.60000000010166, "0.2": 26.30000000009659, "0.4": 15.300000000094087, "0.8": 9.90000000009286}, "AP_height": {"0.1": 9.040885363396042, "0.2": 12.700322429502034, "0.4": 16.31343866786661, "0.8": 19.43055157816847}, "AP_width": {"0.1": 0.8000000000001819, "0.2": 0.8000000000001819, "0.4": 0.8000000000001819, "0.8": 0.8000000000001819}, "AP_amplitude": {"0.1": 63.7337526157338, "0.2": 67.08767676731267, "0.4": 71.37005323557247, "0.8": 87.97550570487576}, "voltage_base": {"0.1": -68.54225001176025, "0.2": -68.54225001176025, "0.4": -68.54225001176025, "0.8": -68.54225001176025}}}}