{"BBP": {"L6_SBC_bNAC219_1": {"mean_frequency": {"0.1": 25.59213167404388, "0.2": 66.68337929310121, "0.4": 108.63579474350314, "0.8": 160.51605160526967}, "ISI_CV": {"0.1": 0.136841872481233, "0.2": 0.028814370508719142, "0.4": 0.01913518054175571, "0.8": 0.012785330216458198}, "time_to_first_spike": {"0.1": 16.400000000094337, "0.2": 6.100000000091995, "0.4": 3.0000000000912905, "0.8": 1.6000000000909722}, "time_to_second_spike": {"0.1": 37.900000000099226, "0.2": 18.100000000094724, "0.4": 11.300000000093178, "0.8": 7.900000000092405}, "AP_height": {"0.1": 3.109814260229908, "0.2": 10.991615936049142, "0.4": 17.622592041643856, "0.8": 19.95379529955936}, "AP_width": {"0.1": 0.6000000000001364, "0.2": 0.7000000000001592, "0.4": 0.7000000000001592, "0.8": 0.7000000000001592}, "AP_amplitude": {"0.1": 53.243747776663575, "0.2": 63.342816665258674, "0.4": 72.0289886199865, "0.8": 90.45064116228593}, "voltage_base": {"0.1": -70.49673566925506, "0.2": -70.49673566925506, "0.4": -70.49673566925506, "0.8": -70.49673566925506}}}, "NetPyNE": {"L6_SBC_bNAC219_1": {"mean_frequency": {"0.1": 25.570318375550087, "0.2": 66.46525679762817, "0.4": 108.05402701358022, "0.8": 159.27873779124275}, "ISI_CV": {"0.1": 0.1364630996337407, "0.2": 0.028425615814359716, "0.4": 0.018832379269725395, "0.8": 0.013077600129612328}, "time_to_first_spike": {"0.1": 16.50000000009436, "0.2": 6.200000000092018, "0.4": 3.1000000000913133, "0.8": 1.700000000090995}, "time_to_second_spike": {"0.1": 38.00000000009925, "0.2": 18.200000000094747, "0.4": 11.500000000093223, "0.8": 8.000000000092427}, "AP_height": {"0.1": 2.9106354824843055, "0.2": 12.281870769017788, "0.4": 16.618991983723824, "0.8": 19.81853377292698}, "AP_width": {"0.1": 0.7000000000001592, "0.2": 0.6000000000001364, "0.4": 0.7000000000001592, "0.8": 0.7000000000001592}, "AP_amplitude": {"0.1": 52.19496032287665, "0.2": 63.777265970557465, "0.4": 70.12499349142578, "0.8": 90.31537951711873}, "voltage_base": {"0.1": -70.4967355500552, "0.2": -70.4967355500552, "0.4": -70.4967355500552, "0.8": -70.4967355500552}}}}