{"BBP": {"L5_DBC_bAC217_3": {"mean_frequency": {"0.1": 6.117767015043643, "0.2": 11.529977942658727, "0.4": 17.744879334832532, "0.8": 23.670427074955622}, "ISI_CV": {"0.1": 0.2615341506819597, "0.2": 0.303987514801032, "0.4": 0.30518231847884386, "0.8": 0.3579439389284475}, "time_to_first_spike": {"0.1": 18.200000000094747, "0.2": 6.200000000092018, "0.4": 2.800000000091245, "0.8": 1.5000000000909495}, "time_to_second_spike": {"0.1": 65.80000000010557, "0.2": 30.80000000009761, "0.4": 18.100000000094724, "0.8": 11.500000000093223}, "AP_height": {"0.1": 13.008840406638832, "0.2": 20.777446676267218, "0.4": 24.931177561741258, "0.8": 29.600649683098958}, "AP_width": {"0.1": 0.6000000000001364, "0.2": 0.5000000000001137, "0.4": 0.6000000000001364, "0.8": 0.6000000000001364}, "AP_amplitude": {"0.1": 69.5705140665406, "0.2": 77.69817842739117, "0.4": 80.3764781865151, "0.8": 100.03648777133799}, "voltage_base": {"0.1": -70.43302193075792, "0.2": -70.43302193075792, "0.4": -70.43302193075792, "0.8": -70.43302193075792}}}, "NetPyNE": {"L5_DBC_bAC217_3": {"mean_frequency": {"0.1": 6.012927794762818, "0.2": 11.445219019880739, "0.4": 17.189079878676964, "0.8": 23.681160880753705}, "ISI_CV": {"0.1": 0.2580561871850972, "0.2": 0.31011240060076567, "0.4": 0.3129200665936517, "0.8": 0.3408784315412608}, "time_to_first_spike": {"0.1": 18.30000000009477, "0.2": 6.300000000092041, "0.4": 2.900000000091268, "0.8": 1.6000000000909722}, "time_to_second_spike": {"0.1": 66.30000000010568, "0.2": 31.10000000009768, "0.4": 18.30000000009477, "0.8": 11.600000000093246}, "AP_height": {"0.1": 16.090931474988633, "0.2": 20.292766589912425, "0.4": 21.307495667668626, "0.8": 25.184273058312503}, "AP_width": {"0.1": 0.5000000000001137, "0.2": 0.5000000000001137, "0.4": 0.6000000000001364, "0.8": 0.5000000000001137}, "AP_amplitude": {"0.1": 72.56621668117509, "0.2": 76.51129034687695, "0.4": 77.04439271837198, "0.8": 95.62010675916845}, "voltage_base": {"0.1": -70.43301752738245, "0.2": -70.43301752738245, "0.4": -70.43301752738245, "0.8": -70.43301752738245}}}}