{"BBP": {"L6_DBC_bIR215_1": {"mean_frequency": {"0.1": 3.7158605313703794, "0.2": 10.393389804091576, "0.4": 15.73045110875373, "0.8": 28.946782453793233}, "ISI_CV": {"0.1": 0.19227209589817157, "0.2": 0.38427899719082903, "0.4": 0.3320634588597065, "0.8": 0.8299044956788968}, "time_to_first_spike": {"0.1": 24.000000000096065, "0.2": 5.90000000009195, "0.4": 2.800000000091245, "0.8": 1.5000000000909495}, "time_to_second_spike": {"0.1": 106.20000000011476, "0.2": 29.200000000097248, "0.4": 17.100000000094496, "0.8": 10.900000000093087}, "AP_height": {"0.1": 9.896843131488257, "0.2": 18.029734956993742, "0.4": 25.120206187872462, "0.8": 25.03310221342148}, "AP_width": {"0.1": 0.5000000000001137, "0.2": 0.5000000000001137, "0.4": 0.6000000000001364, "0.8": 0.6000000000001364}, "AP_amplitude": {"0.1": 66.38506997660501, "0.2": 74.94638726482505, "0.4": 97.64435898998693, "0.8": 97.78243490464092}, "voltage_base": {"0.1": -72.70374935266831, "0.2": -72.70374935266831, "0.4": -72.70374935266831, "0.8": -72.70374935266831}}}, "NetPyNE": {"L6_DBC_bIR215_1": {"mean_frequency": {"0.1": 0, "0.2": 8.523786692243695, "0.4": 14.050582095553501, "0.8": 14.341323499292606}, "ISI_CV": {"0.1": 0, "0.2": 0.27694652306124573, "0.4": 0.26591457366587073, "0.8": 0.6152869566656911}, "time_to_first_spike": {"0.1": 0, "0.2": 7.500000000092314, "0.4": 3.3000000000913587, "0.8": 1.700000000090995}, "time_to_second_spike": {"0.1": 0, "0.2": 36.20000000009884, "0.4": 18.800000000094883, "0.8": 11.700000000093269}, "AP_height": {"0.1": 0, "0.2": 18.79180746301163, "0.4": 23.97003739192987, "0.8": 28.024826366646188}, "AP_width": {"0.1": 0, "0.2": 0.6000000000001364, "0.4": 0.6000000000001364, "0.8": 0.6000000000001364}, "AP_amplitude": {"0.1": 0, "0.2": 75.20371814028842, "0.4": 98.72861900318222, "0.8": 102.78340807583382}, "voltage_base": {"0.1": -74.7574468232722, "0.2": -74.7574468232722, "0.4": -74.7574468232722, "0.8": -74.7574468232722}}}}