{"BBP": {"L4_SBC_cACint209_3": {"mean_frequency": {"0.1": 25.03064977525188, "0.2": 36.13732182295167, "0.4": 57.5460368295027, "0.8": 112.37646114491153}, "ISI_CV": {"0.1": 0.25876694649725385, "0.2": 0.24625556323496567, "0.4": 0.21331889115186253, "0.8": 0.12410361716330683}, "time_to_first_spike": {"0.1": 9.300000000092723, "0.2": 4.100000000091541, "0.4": 2.000000000091063, "0.8": 1.1000000000908585}, "time_to_second_spike": {"0.1": 24.700000000096225, "0.2": 14.600000000093928, "0.4": 9.700000000092814, "0.8": 6.900000000092177}, "AP_height": {"0.1": 28.79749991146401, "0.2": 34.80764743251213, "0.4": 37.207247908327716, "0.8": 36.85497495723197}, "AP_width": {"0.1": 0.8000000000001819, "0.2": 0.9000000000002046, "0.4": 0.9000000000002046, "0.8": 0.9000000000002046}, "AP_amplitude": {"0.1": 80.62721961758112, "0.2": 89.68153831598852, "0.4": 107.51667936313595, "0.8": 107.1644064099813}, "voltage_base": {"0.1": -70.30875655280116, "0.2": -70.30875655280116, "0.4": -70.30875655280116, "0.8": -70.30875655280116}}}, "NetPyNE": {"L4_SBC_cACint209_3": {"mean_frequency": {"0.1": 25.008931761360227, "0.2": 36.11556982345952, "0.4": 57.53452071246657, "0.8": 112.0040180814422}, "ISI_CV": {"0.1": 0.2590097686838956, "0.2": 0.24619210109803155, "0.4": 0.21284915061804613, "0.8": 0.12358138920088987}, "time_to_first_spike": {"0.1": 9.400000000092746, "0.2": 4.200000000091563, "0.4": 2.100000000091086, "0.8": 1.1000000000908585}, "time_to_second_spike": {"0.1": 24.90000000009627, "0.2": 14.70000000009395, "0.4": 9.800000000092837, "0.8": 7.0000000000922}, "AP_height": {"0.1": 29.074984591651894, "0.2": 33.81710461471834, "0.4": 35.52207902604494, "0.8": 38.13382382248116}, "AP_width": {"0.1": 0.9000000000002046, "0.2": 0.8000000000001819, "0.4": 0.9000000000002046, "0.8": 0.9000000000002046}, "AP_amplitude": {"0.1": 80.2883140477668, "0.2": 88.98653944921074, "0.4": 105.83150955277875, "0.8": 108.44325446901253}, "voltage_base": {"0.1": -70.30875574677488, "0.2": -70.30875574677488, "0.4": -70.30875574677488, "0.8": -70.30875574677488}}}}