{"BBP": {"L5_SBC_cACint209_1": {"mean_frequency": {"0.1": 19.577330455311724, "0.2": 28.430725491210787, "0.4": 75.7994076603095, "0.8": 141.24010818400865}, "ISI_CV": {"0.1": 0.24903129273832306, "0.2": 0.24123926884206776, "0.4": 0.1361963003599398, "0.8": 0.09074675528282901}, "time_to_first_spike": {"0.1": 7.900000000092405, "0.2": 4.000000000091518, "0.4": 2.3000000000911314, "0.8": 1.4000000000909267}, "time_to_second_spike": {"0.1": 22.900000000095815, "0.2": 14.70000000009395, "0.4": 10.500000000092996, "0.8": 7.6000000000923364}, "AP_height": {"0.1": 32.44647491198943, "0.2": 34.148619847870286, "0.4": 35.37760034151639, "0.8": 36.88045204985644}, "AP_width": {"0.1": 0.8000000000001819, "0.2": 0.9000000000002046, "0.4": 0.9000000000002046, "0.8": 0.9000000000002046}, "AP_amplitude": {"0.1": 90.11060613240498, "0.2": 90.99318285481644, "0.4": 107.39268009323652, "0.8": 108.89553179966236}, "voltage_base": {"0.1": -72.01428338437609, "0.2": -72.01428338437609, "0.4": -72.01428338437609, "0.8": -72.01428338437609}}}, "NetPyNE": {"L5_SBC_cACint209_1": {"mean_frequency": {"0.1": 19.552354000527703, "0.2": 28.36448361446483, "0.4": 75.44892108047976, "0.8": 140.57731752473413}, "ISI_CV": {"0.1": 0.2524195645202083, "0.2": 0.24107022904185382, "0.4": 0.13641472601831786, "0.8": 0.08969856437132369}, "time_to_first_spike": {"0.1": 8.000000000092427, "0.2": 4.100000000091541, "0.4": 2.3000000000911314, "0.8": 1.4000000000909267}, "time_to_second_spike": {"0.1": 23.10000000009586, "0.2": 14.900000000093996, "0.4": 10.600000000093019, "0.8": 7.700000000092359}, "AP_height": {"0.1": 31.345487683578426, "0.2": 33.19779204133463, "0.4": 34.10697964855246, "0.8": 37.173710256778946}, "AP_width": {"0.1": 0.8000000000001819, "0.2": 0.8000000000001819, "0.4": 0.9000000000002046, "0.8": 0.9000000000002046}, "AP_amplitude": {"0.1": 89.22175983949188, "0.2": 90.13626040680501, "0.4": 106.12205811147695, "0.8": 109.1887887120547}, "voltage_base": {"0.1": -72.0142820900064, "0.2": -72.0142820900064, "0.4": -72.0142820900064, "0.8": -72.0142820900064}}}}