{"BBP": {"L23_DBC_bAC217_3": {"mean_frequency": {"0.1": 10.583130490005997, "0.2": 14.637593377760782, "0.4": 22.301064368996343, "0.8": 41.37652639017842}, "ISI_CV": {"0.1": 0.32702825992385914, "0.2": 0.34396328213227884, "0.4": 0.31208804048473865, "0.8": 0.2213949864796864}, "time_to_first_spike": {"0.1": 10.700000000093041, "0.2": 4.300000000091586, "0.4": 1.9000000000910404, "0.8": 1.1000000000908585}, "time_to_second_spike": {"0.1": 39.50000000009959, "0.2": 20.90000000009536, "0.4": 11.900000000093314, "0.8": 8.000000000092427}, "AP_height": {"0.1": 12.372722005998328, "0.2": 15.92416666560479, "0.4": 23.08853756880865, "0.8": 22.746847951094686}, "AP_width": {"0.1": 0.6000000000001364, "0.2": 0.6000000000001364, "0.4": 0.6000000000001364, "0.8": 0.6000000000001364}, "AP_amplitude": {"0.1": 68.92561943465272, "0.2": 72.29535224884731, "0.4": 91.51471522893691, "0.8": 91.17302560831985}, "voltage_base": {"0.1": -68.42396368077453, "0.2": -68.42396368077453, "0.4": -68.42396368077453, "0.8": -68.42396368077453}}}, "NetPyNE": {"L23_DBC_bAC217_3": {"mean_frequency": {"0.1": 10.442773600675332, "0.2": 14.553014553024319, "0.4": 21.15473917755925, "0.8": 33.25942350333927}, "ISI_CV": {"0.1": 0.325451915866656, "0.2": 0.3498993813531346, "0.4": 0.380014886347152, "0.8": 0.7732824748720167}, "time_to_first_spike": {"0.1": 10.800000000093064, "0.2": 4.300000000091586, "0.4": 2.000000000091063, "0.8": 1.1000000000908585}, "time_to_second_spike": {"0.1": 39.80000000009966, "0.2": 21.100000000095406, "0.4": 12.10000000009336, "0.8": 8.10000000009245}, "AP_height": {"0.1": 13.550507761959139, "0.2": 15.35123948229402, "0.4": 21.085867172055185, "0.8": 26.011847078755277}, "AP_width": {"0.1": 0.6000000000001364, "0.2": 0.6000000000001364, "0.4": 0.6000000000001364, "0.8": 0.7000000000001592}, "AP_amplitude": {"0.1": 69.59749483638927, "0.2": 71.99988304392673, "0.4": 89.51204124681233, "0.8": 94.43802141098173}, "voltage_base": {"0.1": -68.42396034441313, "0.2": -68.42396034441313, "0.4": -68.42396034441313, "0.8": -68.42396034441313}}}}