{"BBP": {"L23_NBC_cNAC187_4": {"mean_frequency": {"0.1": 28.552822722055172, "0.2": 49.54954954958323, "0.4": 78.16022846841325, "0.8": 118.8446494835829}, "ISI_CV": {"0.1": 0.01997118478802818, "0.2": 0.012809747476200754, "0.4": 0.010432453297869092, "0.8": 0.022060126228777666}, "time_to_first_spike": {"0.1": 15.100000000094042, "0.2": 6.200000000092018, "0.4": 3.0000000000912905, "0.8": 1.700000000090995}, "time_to_second_spike": {"0.1": 48.40000000010161, "0.2": 24.300000000096134, "0.4": 13.800000000093746, "0.8": 9.100000000092678}, "AP_height": {"0.1": 13.09059676426619, "0.2": 16.565180848068096, "0.4": 19.816996952651454, "0.8": 22.610372068809077}, "AP_width": {"0.1": 0.6000000000001364, "0.2": 0.7000000000001592, "0.4": 0.7000000000001592, "0.8": 0.7000000000001592}, "AP_amplitude": {"0.1": 68.32234117934576, "0.2": 71.7293247594065, "0.4": 74.32181835028015, "0.8": 90.93761809382423}, "voltage_base": {"0.1": -68.32455353291044, "0.2": -68.32455353291044, "0.4": -68.32455353291044, "0.8": -68.32455353291044}}}, "NetPyNE": {"L23_NBC_cNAC187_4": {"mean_frequency": {"0.1": 28.442277413803588, "0.2": 49.32554862093139, "0.4": 77.79562336885428, "0.8": 118.30759975945476}, "ISI_CV": {"0.1": 0.019640057031340964, "0.2": 0.012366465728790204, "0.4": 0.010513353821637069, "0.8": 0.023133925370663503}, "time_to_first_spike": {"0.1": 15.200000000094064, "0.2": 6.300000000092041, "0.4": 3.1000000000913133, "0.8": 1.8000000000910177}, "time_to_second_spike": {"0.1": 48.70000000010168, "0.2": 24.600000000096202, "0.4": 13.900000000093769, "0.8": 9.300000000092723}, "AP_height": {"0.1": 11.055450813228804, "0.2": 15.87878279189491, "0.4": 19.93782643774066, "0.8": 22.40492957772263}, "AP_width": {"0.1": 0.7000000000001592, "0.2": 0.7000000000001592, "0.4": 0.7000000000001592, "0.8": 0.7000000000001592}, "AP_amplitude": {"0.1": 66.19385574952344, "0.2": 71.75360312109954, "0.4": 74.9711602777649, "0.8": 90.73217147601042}, "voltage_base": {"0.1": -68.3245494017529, "0.2": -68.3245494017529, "0.4": -68.3245494017529, "0.8": -68.3245494017529}}}}