{"BBP": {"L4_SBC_bNAC219_4": {"mean_frequency": {"0.1": 58.40592115204607, "0.2": 104.78291386751329, "0.4": 151.08309570273917, "0.8": 209.7097097098523}, "ISI_CV": {"0.1": 0.046241630797248745, "0.2": 0.03362063055326008, "0.4": 0.020175707918860638, "0.8": 0.010996319644253762}, "time_to_first_spike": {"0.1": 5.200000000091791, "0.2": 2.500000000091177, "0.4": 1.300000000090904, "0.8": 0.8000000000907903}, "time_to_second_spike": {"0.1": 16.700000000094406, "0.2": 10.600000000093019, "0.4": 7.700000000092359, "0.8": 5.800000000091927}, "AP_height": {"0.1": 17.58563385911422, "0.2": 22.703128625798772, "0.4": 23.37104401604458, "0.8": 29.116644530680535}, "AP_width": {"0.1": 0.6000000000001364, "0.2": 0.6000000000001364, "0.4": 0.7000000000001592, "0.8": 0.6000000000001364}, "AP_amplitude": {"0.1": 73.48629646812864, "0.2": 77.81470822545987, "0.4": 94.49272845098497, "0.8": 100.2383289626758}, "voltage_base": {"0.1": -71.1215683242522, "0.2": -71.1215683242522, "0.4": -71.1215683242522, "0.8": -71.1215683242522}}}, "NetPyNE": {"L4_SBC_bNAC219_4": {"mean_frequency": {"0.1": 58.06968362038389, "0.2": 104.06764396865033, "0.4": 149.69460298398081, "0.8": 207.2175784575211}, "ISI_CV": {"0.1": 0.04620837026875533, "0.2": 0.033383398024924536, "0.4": 0.019574504825633974, "0.8": 0.012397467134993024}, "time_to_first_spike": {"0.1": 5.3000000000918135, "0.2": 2.500000000091177, "0.4": 1.4000000000909267, "0.8": 0.8000000000907903}, "time_to_second_spike": {"0.1": 16.90000000009445, "0.2": 10.800000000093064, "0.4": 7.800000000092382, "0.8": 5.90000000009195}, "AP_height": {"0.1": 18.405651900963548, "0.2": 20.237679667747077, "0.4": 26.41660941357822, "0.8": 25.882379987423704}, "AP_width": {"0.1": 0.6000000000001364, "0.2": 0.6000000000001364, "0.4": 0.6000000000001364, "0.8": 0.7000000000001592}, "AP_amplitude": {"0.1": 74.7565666300246, "0.2": 75.60993316409217, "0.4": 97.53829371568239, "0.8": 97.00406423833547}, "voltage_base": {"0.1": -71.12156814241204, "0.2": -71.12156814241204, "0.4": -71.12156814241204, "0.8": -71.12156814241204}}}}