{"BBP": {"L5_MC_cACint209_5": {"mean_frequency": {"0.1": 28.275687957605633, "0.2": 45.35147392293325, "0.4": 94.02182110720848, "0.8": 175.70205736609032}, "ISI_CV": {"0.1": 0.24855267752262164, "0.2": 0.2017933617378907, "0.4": 0.11547749337053229, "0.8": 0.07376484492894952}, "time_to_first_spike": {"0.1": 11.500000000093223, "0.2": 4.000000000091518, "0.4": 1.9000000000910404, "0.8": 1.1000000000908585}, "time_to_second_spike": {"0.1": 24.600000000096202, "0.2": 13.700000000093723, "0.4": 9.500000000092768, "0.8": 7.2000000000922455}, "AP_height": {"0.1": 25.920366581197456, "0.2": 30.018402179846845, "0.4": 35.181431874080744, "0.8": 35.484589837764844}, "AP_width": {"0.1": 0.8000000000001819, "0.2": 0.8000000000001819, "0.4": 0.9000000000002046, "0.8": 0.9000000000002046}, "AP_amplitude": {"0.1": 82.48292919072986, "0.2": 86.7505773356497, "0.4": 102.9407856502784, "0.8": 103.24394361200001}, "voltage_base": {"0.1": -67.75885420287004, "0.2": -67.75885420287004, "0.4": -67.75885420287004, "0.8": -67.75885420287004}}}, "NetPyNE": {"L5_MC_cACint209_5": {"mean_frequency": {"0.1": 28.170431108223756, "0.2": 45.337766359408114, "0.4": 94.06584609232854, "0.8": 174.92857500889036}, "ISI_CV": {"0.1": 0.24870780620207414, "0.2": 0.20170482234304504, "0.4": 0.11394538761634761, "0.8": 0.07202847517937133}, "time_to_first_spike": {"0.1": 11.700000000093269, "0.2": 4.100000000091541, "0.4": 2.000000000091063, "0.8": 1.2000000000908813}, "time_to_second_spike": {"0.1": 24.800000000096247, "0.2": 13.900000000093769, "0.4": 9.700000000092814, "0.8": 7.300000000092268}, "AP_height": {"0.1": 26.417894864464106, "0.2": 29.325192062107348, "0.4": 33.0259565095012, "0.8": 35.981909132332234}, "AP_width": {"0.1": 0.8000000000001819, "0.2": 0.9000000000002046, "0.4": 0.8000000000001819, "0.8": 0.9000000000002046}, "AP_amplitude": {"0.1": 82.66029749395383, "0.2": 85.28098153409579, "0.4": 100.7853094628268, "0.8": 103.74126206449094}, "voltage_base": {"0.1": -67.75885335386283, "0.2": -67.75885335386283, "0.4": -67.75885335386283, "0.8": -67.75885335386283}}}}