{"BBP": {"L5_NBC_cIR216_3": {"mean_frequency": {"0.1": 0.5243563525775622, "0.2": 19.026637292222027, "0.4": 31.72844480260009, "0.8": 54.35603200970018}, "ISI_CV": {"0.1": 0, "0.2": 0.3588199305839134, "0.4": 0.2565587135985855, "0.8": 0.20276645900571472}, "time_to_first_spike": {"0.1": 1907.0999999987243, "0.2": 9.800000000092837, "0.4": 3.8000000000914724, "0.8": 1.700000000090995}, "time_to_second_spike": {"0.1": 0, "0.2": 25.700000000096452, "0.4": 13.6000000000937, "0.8": 8.80000000009261}, "AP_height": {"0.1": 31.774210905301146, "0.2": 33.61425982231626, "0.4": 36.99518866916929, "0.8": 37.19369705786924}, "AP_width": {"0.1": 0.7999999999992724, "0.2": 0.7000000000001592, "0.4": 0.9000000000002046, "0.8": 0.9000000000002046}, "AP_amplitude": {"0.1": 85.3618645694227, "0.2": 87.96558691918116, "0.4": 92.1422373722661, "0.8": 114.14949834872044}, "voltage_base": {"0.1": -76.89989673528459, "0.2": -76.89989673528459, "0.4": -76.89989673528459, "0.8": -76.89989673528459}}}, "NetPyNE": {"L5_NBC_cIR216_3": {"mean_frequency": {"0.1": 0, "0.2": 19.017115403876407, "0.4": 31.829434648634717, "0.8": 54.33962264154631}, "ISI_CV": {"0.1": 0, "0.2": 0.2412619057655947, "0.4": 0.2074724953433645, "0.8": 0.17390056756252428}, "time_to_first_spike": {"0.1": 0, "0.2": 9.700000000092814, "0.4": 3.900000000091495, "0.8": 1.8000000000910177}, "time_to_second_spike": {"0.1": 0, "0.2": 26.600000000096657, "0.4": 13.800000000093746, "0.8": 8.900000000092632}, "AP_height": {"0.1": 0, "0.2": 32.85920552470672, "0.4": 36.781444198161665, "0.8": 39.603447851915796}, "AP_width": {"0.1": 0, "0.2": 0.8000000000001819, "0.4": 0.8000000000001819, "0.8": 0.9000000000002046}, "AP_amplitude": {"0.1": 0, "0.2": 87.15461757418673, "0.4": 91.25057885942266, "0.8": 116.56149573427771}, "voltage_base": {"0.1": -76.95784011769952, "0.2": -76.95784011769952, "0.4": -76.95784011769952, "0.8": -76.95784011769952}}}}