{"BBP": {"L23_SBC_bNAC219_4": {"mean_frequency": {"0.1": 30.745967741956335, "0.2": 81.3253012048745, "0.4": 122.84396309675414, "0.8": 169.42355889735822}, "ISI_CV": {"0.1": 0.1293462094843742, "0.2": 0.04973595515505628, "0.4": 0.02759577535845236, "0.8": 0.01314594031215859}, "time_to_first_spike": {"0.1": 7.6000000000923364, "0.2": 3.7000000000914497, "0.4": 2.000000000091063, "0.8": 1.2000000000908813}, "time_to_second_spike": {"0.1": 22.500000000095724, "0.2": 13.500000000093678, "0.4": 9.300000000092723, "0.8": 7.0000000000922}, "AP_height": {"0.1": 16.305446199883995, "0.2": 18.91169549841753, "0.4": 20.90830678514902, "0.8": 24.17353445317028}, "AP_width": {"0.1": 0.6000000000001364, "0.2": 0.6000000000001364, "0.4": 0.7000000000001592, "0.8": 0.7000000000001592}, "AP_amplitude": {"0.1": 71.44573338799376, "0.2": 73.85734197627977, "0.4": 92.39443149862592, "0.8": 95.65965916481434}, "voltage_base": {"0.1": -71.48600186566173, "0.2": -71.48600186566173, "0.4": -71.48600186566173, "0.8": -71.48600186566173}}}, "NetPyNE": {"L23_SBC_bNAC219_4": {"mean_frequency": {"0.1": 30.607124937301272, "0.2": 80.90452261312025, "0.4": 121.94509961367243, "0.8": 167.8777248810963}, "ISI_CV": {"0.1": 0.1290313863243172, "0.2": 0.048765637183650824, "0.4": 0.027372178493105723, "0.8": 0.012746429400178986}, "time_to_first_spike": {"0.1": 7.700000000092359, "0.2": 3.8000000000914724, "0.4": 2.100000000091086, "0.8": 1.300000000090904}, "time_to_second_spike": {"0.1": 22.600000000095747, "0.2": 13.6000000000937, "0.4": 9.500000000092768, "0.8": 7.100000000092223}, "AP_height": {"0.1": 16.2830807730439, "0.2": 15.951674517168147, "0.4": 22.14163965752336, "0.8": 22.2565610550279}, "AP_width": {"0.1": 0.6000000000001364, "0.2": 0.6000000000001364, "0.4": 0.6000000000001364, "0.8": 0.6000000000001364}, "AP_amplitude": {"0.1": 71.91643689891433, "0.2": 71.17226875469437, "0.4": 91.65701232714558, "0.8": 93.74268554835751}, "voltage_base": {"0.1": -71.48600164655585, "0.2": -71.48600164655585, "0.4": -71.48600164655585, "0.8": -71.48600164655585}}}}