{"BBP": {"L4_NGC_cACint209_5": {"mean_frequency": {"0.1": 23.694293204291125, "0.2": 37.00370037006217, "0.4": 62.85829226595838, "0.8": 115.02335627111131}, "ISI_CV": {"0.1": 0.23935637350745864, "0.2": 0.22852642688483182, "0.4": 0.18713332087361653, "0.8": 0.13347901930259476}, "time_to_first_spike": {"0.1": 21.100000000095406, "0.2": 8.000000000092427, "0.4": 3.8000000000914724, "0.8": 2.000000000091063}, "time_to_second_spike": {"0.1": 39.1000000000995, "0.2": 19.80000000009511, "0.4": 12.600000000093473, "0.8": 8.600000000092564}, "AP_height": {"0.1": 17.448678477756097, "0.2": 23.51696828081507, "0.4": 27.646475153195937, "0.8": 30.660661020303923}, "AP_width": {"0.1": 0.8000000000001819, "0.2": 0.9000000000002046, "0.4": 0.9000000000002046, "0.8": 1.0000000000002274}, "AP_amplitude": {"0.1": 67.65738448479156, "0.2": 76.28411862240574, "0.4": 81.70881000867516, "0.8": 101.99532556792042}, "voltage_base": {"0.1": -71.33405474495457, "0.2": -71.33405474495457, "0.4": -71.33405474495457, "0.8": -71.33405474495457}}}, "NetPyNE": {"L4_NGC_cACint209_5": {"mean_frequency": {"0.1": 23.67758186399591, "0.2": 37.03889083540233, "0.4": 63.00945141775551, "0.8": 115.56046827119337}, "ISI_CV": {"0.1": 0.23906184179398643, "0.2": 0.22835868613439075, "0.4": 0.1852521896924693, "0.8": 0.1307259482758816}, "time_to_first_spike": {"0.1": 21.20000000009543, "0.2": 8.10000000009245, "0.4": 3.900000000091495, "0.8": 2.100000000091086}, "time_to_second_spike": {"0.1": 39.20000000009952, "0.2": 20.000000000095156, "0.4": 12.700000000093496, "0.8": 8.80000000009261}, "AP_height": {"0.1": 16.260516548057453, "0.2": 23.876057617893764, "0.4": 28.579574723864088, "0.8": 33.283983049627665}, "AP_width": {"0.1": 0.8000000000001819, "0.2": 0.9000000000002046, "0.4": 0.9000000000002046, "0.8": 0.9000000000002046}, "AP_amplitude": {"0.1": 67.15282840745375, "0.2": 77.37761229431472, "0.4": 82.97032167565318, "0.8": 104.61864647717915}, "voltage_base": {"0.1": -71.3340536076235, "0.2": -71.3340536076235, "0.4": -71.3340536076235, "0.8": -71.3340536076235}}}}