{"BBP": {"L4_BP_dSTUT214_3": {"mean_frequency": {"0.1": 68.25595984948174, "0.2": 101.59651669092538, "0.4": 150.21029441227915, "0.8": 280.2662529404838}, "ISI_CV": {"0.1": 0.08323891376272836, "0.2": 0.04885605154261501, "0.4": 0.01940849023191554, "0.8": 0.0674716105666094}, "time_to_first_spike": {"0.1": 2.000000000091063, "0.2": 1.2000000000908813, "0.4": 0.7000000000907676, "0.8": 0.5000000000907221}, "time_to_second_spike": {"0.1": 13.20000000009361, "0.2": 9.100000000092678, "0.4": 6.8000000000921546, "0.8": 5.3000000000918135}, "AP_height": {"0.1": 28.835020573919163, "0.2": 34.63344784450648, "0.4": 37.726273070265236, "0.8": 32.00857108439844}, "AP_width": {"0.1": 0.6000000000001364, "0.2": 0.7000000000001592, "0.4": 0.8000000000001819, "0.8": 0.8000000000001819}, "AP_amplitude": {"0.1": 103.50003279957484, "0.2": 109.08664278180858, "0.4": 111.30455875231928, "0.8": 106.33838295655629}, "voltage_base": {"0.1": -74.20563011854023, "0.2": -74.20563011854023, "0.4": -74.20563011854023, "0.8": -74.20563011854023}}}, "NetPyNE": {"L4_BP_dSTUT214_3": {"mean_frequency": {"0.1": 67.63865925151147, "0.2": 100.83780665235365, "0.4": 148.7603305786135, "0.8": 275.28905350636865}, "ISI_CV": {"0.1": 0.06412779011099484, "0.2": 0.04429990113165965, "0.4": 0.019467603878955606, "0.8": 0.06641916499281181}, "time_to_first_spike": {"0.1": 2.000000000091063, "0.2": 1.2000000000908813, "0.4": 0.8000000000907903, "0.8": 0.5000000000907221}, "time_to_second_spike": {"0.1": 13.300000000093632, "0.2": 9.100000000092678, "0.4": 6.900000000092177, "0.8": 5.3000000000918135}, "AP_height": {"0.1": 32.31923001619519, "0.2": 35.24224950747362, "0.4": 30.68071003454363, "0.8": 35.9666853209372}, "AP_width": {"0.1": 0.7000000000001592, "0.2": 0.7000000000001592, "0.4": 0.7000000000001592, "0.8": 0.8000000000001819}, "AP_amplitude": {"0.1": 106.33530233212453, "0.2": 109.25832176986953, "0.4": 104.69678234487867, "0.8": 109.98275755594337}, "voltage_base": {"0.1": -74.01387535251821, "0.2": -74.01387535251821, "0.4": -74.01387535251821, "0.8": -74.01387535251821}}}}