{"BBP": {"L6_BP_bNAC219_1": {"mean_frequency": {"0.1": 92.60649747215587, "0.2": 150.9907198395809, "0.4": 223.52235223537554, "0.8": 327.8688524579678}, "ISI_CV": {"0.1": 0.02451853446064406, "0.2": 0.011341973912447907, "0.4": 0.013517005654329405, "0.8": 0.07546938202870072}, "time_to_first_spike": {"0.1": 5.800000000091927, "0.2": 2.400000000091154, "0.4": 1.2000000000908813, "0.8": 0.7000000000907676}, "time_to_second_spike": {"0.1": 14.30000000009386, "0.2": 9.300000000092723, "0.4": 6.8000000000921546, "0.8": 5.200000000091791}, "AP_height": {"0.1": 12.790283028993498, "0.2": 16.814982349881785, "0.4": 17.4977708595106, "0.8": 20.30408635899063}, "AP_width": {"0.1": 0.6000000000001364, "0.2": 0.6000000000001364, "0.4": 0.7000000000001592, "0.8": 0.7000000000001592}, "AP_amplitude": {"0.1": 69.6414050877299, "0.2": 85.71738263514617, "0.4": 86.40017114266868, "0.8": 89.20648663793624}, "voltage_base": {"0.1": -68.90228953808952, "0.2": -68.90228953808952, "0.4": -68.90228953808952, "0.8": -68.90228953808952}}}, "NetPyNE": {"L6_BP_bNAC219_1": {"mean_frequency": {"0.1": 92.81091657057426, "0.2": 150.39855617396293, "0.4": 220.67654123313642, "0.8": 321.4285714274582}, "ISI_CV": {"0.1": 0.023859890010528125, "0.2": 0.011159215695097476, "0.4": 0.015540395020984686, "0.8": 0.07309767086433858}, "time_to_first_spike": {"0.1": 5.90000000009195, "0.2": 2.500000000091177, "0.4": 1.300000000090904, "0.8": 0.8000000000907903}, "time_to_second_spike": {"0.1": 14.400000000093883, "0.2": 9.400000000092746, "0.4": 6.900000000092177, "0.8": 5.3000000000918135}, "AP_height": {"0.1": 12.291725985156502, "0.2": 15.79806353553664, "0.4": 19.57927718784563, "0.8": 22.02138155030985}, "AP_width": {"0.1": 0.6000000000001364, "0.2": 0.6000000000001364, "0.4": 0.6000000000001364, "0.8": 0.6000000000001364}, "AP_amplitude": {"0.1": 68.31115965457322, "0.2": 84.7004637900962, "0.4": 88.4816772475761, "0.8": 90.92378182599086}, "voltage_base": {"0.1": -68.90228953390029, "0.2": -68.90228953390029, "0.4": -68.90228953390029, "0.8": -68.90228953390029}}}}