{"BBP": {"L23_ChC_cNAC187_1": {"mean_frequency": {"0.1": 48.967640971308874, "0.2": 78.29360100381729, "0.4": 120.24650533602039, "0.8": 218.25700719877398}, "ISI_CV": {"0.1": 0.007539702360311074, "0.2": 0.010647555006781256, "0.4": 0.021579613578686346, "0.8": 0.14652729878334422}, "time_to_first_spike": {"0.1": 6.700000000092132, "0.2": 2.800000000091245, "0.4": 1.4000000000909267, "0.8": 0.8000000000907903}, "time_to_second_spike": {"0.1": 25.100000000096315, "0.2": 13.400000000093655, "0.4": 8.600000000092564, "0.8": 6.200000000092018}, "AP_height": {"0.1": 21.088720060670894, "0.2": 22.48014511181203, "0.4": 26.967963809601468, "0.8": 27.24509901493279}, "AP_width": {"0.1": 0.7000000000001592, "0.2": 0.7000000000001592, "0.4": 0.7000000000001592, "0.8": 0.8000000000001819}, "AP_amplitude": {"0.1": 77.04427023479424, "0.2": 78.20922175560032, "0.4": 94.96843824239865, "0.8": 95.24557344494306}, "voltage_base": {"0.1": -67.9980890256979, "0.2": -67.9980890256979, "0.4": -67.9980890256979, "0.8": -67.9980890256979}}}, "NetPyNE": {"L23_ChC_cNAC187_1": {"mean_frequency": {"0.1": 48.80257597105344, "0.2": 78.02340702215969, "0.4": 119.78148649334055, "0.8": 213.97496226593358}, "ISI_CV": {"0.1": 0.007430431811866167, "0.2": 0.011121246195935726, "0.4": 0.022407267137534357, "0.8": 0.1451026829168401}, "time_to_first_spike": {"0.1": 6.8000000000921546, "0.2": 2.900000000091268, "0.4": 1.5000000000909495, "0.8": 0.900000000090813}, "time_to_second_spike": {"0.1": 25.30000000009636, "0.2": 13.500000000093678, "0.4": 8.700000000092587, "0.8": 6.300000000092041}, "AP_height": {"0.1": 20.223397402067558, "0.2": 21.061842755244427, "0.4": 24.17454189668198, "0.8": 27.802568520486926}, "AP_width": {"0.1": 0.7000000000001592, "0.2": 0.7000000000001592, "0.4": 0.8000000000001819, "0.8": 0.7000000000001592}, "AP_amplitude": {"0.1": 75.28566875007498, "0.2": 77.04386264069083, "0.4": 92.17501255318967, "0.8": 95.80303917112933}, "voltage_base": {"0.1": -67.99808524237416, "0.2": -67.99808524237416, "0.4": -67.99808524237416, "0.8": -67.99808524237416}}}}