{"BBP": {"L6_DBC_bIR215_4": {"mean_frequency": {"0.1": 0, "0.2": 8.118942507743862, "0.4": 14.68651878862536, "0.8": 21.706208985375643}, "ISI_CV": {"0.1": 0, "0.2": 0.3123578881701583, "0.4": 0.3575479800780652, "0.8": 0.33864868895868677}, "time_to_first_spike": {"0.1": 0, "0.2": 8.600000000092564, "0.4": 3.500000000091404, "0.8": 1.700000000090995}, "time_to_second_spike": {"0.1": 0, "0.2": 40.30000000009977, "0.4": 20.50000000009527, "0.8": 12.600000000093473}, "AP_height": {"0.1": 0, "0.2": 19.5167724603889, "0.4": 25.18048509963043, "0.8": 29.546005877616707}, "AP_width": {"0.1": 0, "0.2": 0.6000000000001364, "0.4": 0.6000000000001364, "0.8": 0.6000000000001364}, "AP_amplitude": {"0.1": 0, "0.2": 76.19496375831274, "0.4": 80.36114656520186, "0.8": 102.63133680237247}, "voltage_base": {"0.1": -73.17410337188113, "0.2": -73.17410337188113, "0.4": -73.17410337188113, "0.8": -73.17410337188113}}}, "NetPyNE": {"L6_DBC_bIR215_4": {"mean_frequency": {"0.1": 0, "0.2": 5.031587186227918, "0.4": 13.93620315888209, "0.8": 20.700797738073206}, "ISI_CV": {"0.1": 0, "0.2": 0.05093753834468701, "0.4": 0.27544686480095487, "0.8": 0.32777665664916356}, "time_to_first_spike": {"0.1": 0, "0.2": 10.900000000093087, "0.4": 4.000000000091518, "0.8": 1.9000000000910404}, "time_to_second_spike": {"0.1": 0, "0.2": 65.5000000001055, "0.4": 22.4000000000957, "0.8": 13.400000000093655}, "AP_height": {"0.1": 0, "0.2": 17.891413980813653, "0.4": 25.45424282116443, "0.8": 26.114604974952986}, "AP_width": {"0.1": 0, "0.2": 0.5000000000001137, "0.4": 0.6000000000001364, "0.8": 0.6000000000001364}, "AP_amplitude": {"0.1": 0, "0.2": 73.87388841522292, "0.4": 81.40339540129392, "0.8": 101.09777199969801}, "voltage_base": {"0.1": -74.98194647710925, "0.2": -74.98194647710925, "0.4": -74.98194647710925, "0.8": -74.98194647710925}}}}