{"BBP": {"L23_BTC_bIR215_1": {"mean_frequency": {"0.1": 0, "0.2": 5.189413596267106, "0.4": 13.776213072104818, "0.8": 20.289119959435492}, "ISI_CV": {"0.1": 0, "0.2": 0.2535536746383343, "0.4": 0.31034503498160915, "0.8": 0.3024956342175566}, "time_to_first_spike": {"0.1": 0, "0.2": 13.400000000093655, "0.4": 3.8000000000914724, "0.8": 1.6000000000909722}, "time_to_second_spike": {"0.1": 0, "0.2": 107.80000000011512, "0.4": 23.900000000096043, "0.8": 13.300000000093632}, "AP_height": {"0.1": 0, "0.2": 17.878030132413663, "0.4": 23.078818463987385, "0.8": 30.023971337231167}, "AP_width": {"0.1": 0, "0.2": 0.5000000000001137, "0.4": 0.5000000000001137, "0.8": 0.6000000000001364}, "AP_amplitude": {"0.1": 0, "0.2": 71.5498792751445, "0.4": 78.38772851710966, "0.8": 102.94772179994916}, "voltage_base": {"0.1": -72.92175213988317, "0.2": -72.92175213988317, "0.4": -72.92175213988317, "0.8": -72.92175213988317}}}, "NetPyNE": {"L23_BTC_bIR215_1": {"mean_frequency": {"0.1": 0, "0.2": 0, "0.4": 12.366671819454915, "0.8": 19.342359767904757}, "ISI_CV": {"0.1": 0, "0.2": 0, "0.4": 0.27763325886630713, "0.8": 0.28372213911673505}, "time_to_first_spike": {"0.1": 0, "0.2": 0, "0.4": 4.500000000091632, "0.8": 1.8000000000910177}, "time_to_second_spike": {"0.1": 0, "0.2": 0, "0.4": 26.40000000009661, "0.8": 14.30000000009386}, "AP_height": {"0.1": 0, "0.2": 0, "0.4": 27.359109919865595, "0.8": 31.64196289085138}, "AP_width": {"0.1": 0, "0.2": 0, "0.4": 0.6000000000001364, "0.8": 0.6000000000001364}, "AP_amplitude": {"0.1": 0, "0.2": 0, "0.4": 82.48036849392491, "0.8": 106.36254800146537}, "voltage_base": {"0.1": -74.7194788128437, "0.2": -74.7194788128437, "0.4": -74.7194788128437, "0.8": -74.7194788128437}}}}