{"BBP": {"L6_NGC_cACint209_3": {"mean_frequency": {"0.1": 26.66398349853397, "0.2": 43.775787461034035, "0.4": 83.01469108478163, "0.8": 239.04382470027795}, "ISI_CV": {"0.1": 0.257544538983488, "0.2": 0.22439393678512085, "0.4": 0.1584919387482652, "0.8": 0.15456453228992476}, "time_to_first_spike": {"0.1": 7.900000000092405, "0.2": 4.200000000091563, "0.4": 2.400000000091154, "0.8": 1.4000000000909267}, "time_to_second_spike": {"0.1": 22.200000000095656, "0.2": 14.200000000093837, "0.4": 9.700000000092814, "0.8": 7.0000000000922}, "AP_height": {"0.1": 25.81113733340617, "0.2": 28.45513897469507, "0.4": 29.82785324357582, "0.8": 32.466369322479466}, "AP_width": {"0.1": 0.9000000000002046, "0.2": 0.9000000000002046, "0.4": 0.9000000000002046, "0.8": 1.0000000000002274}, "AP_amplitude": {"0.1": 80.50430878102681, "0.2": 83.52008214798549, "0.4": 101.65930635714797, "0.8": 104.29782243420195}, "voltage_base": {"0.1": -71.83075131102385, "0.2": -71.83075131102385, "0.4": -71.83075131102385, "0.8": -71.83075131102385}}}, "NetPyNE": {"L6_NGC_cACint209_3": {"mean_frequency": {"0.1": 26.720443660214745, "0.2": 43.941613212818304, "0.4": 83.33333333338993, "0.8": 237.1541501967252}, "ISI_CV": {"0.1": 0.25770712414834274, "0.2": 0.22393607899299708, "0.4": 0.15614839771143058, "0.8": 0.15797698646774966}, "time_to_first_spike": {"0.1": 8.000000000092427, "0.2": 4.300000000091586, "0.4": 2.400000000091154, "0.8": 1.4000000000909267}, "time_to_second_spike": {"0.1": 22.30000000009568, "0.2": 14.30000000009386, "0.4": 9.800000000092837, "0.8": 7.100000000092223}, "AP_height": {"0.1": 25.472070877740798, "0.2": 28.18637591823701, "0.4": 28.771227596763456, "0.8": 32.01371526847321}, "AP_width": {"0.1": 0.9000000000002046, "0.2": 0.9000000000002046, "0.4": 1.0000000000002274, "0.8": 1.0000000000002274}, "AP_amplitude": {"0.1": 79.5472637285844, "0.2": 82.37069395401508, "0.4": 83.23662012321415, "0.8": 103.84516749720953}, "voltage_base": {"0.1": -71.83075042089179, "0.2": -71.83075042089179, "0.4": -71.83075042089179, "0.8": -71.83075042089179}}}}