{"BBP": {"L4_BTC_cNAC187_4": {"mean_frequency": {"0.1": 47.820396657638405, "0.2": 71.97865807625561, "0.4": 106.1220403464705, "0.8": 161.46016146027117}, "ISI_CV": {"0.1": 0.036278964862112614, "0.2": 0.029051412904744507, "0.4": 0.014677518204626792, "0.8": 0.036941495587346176}, "time_to_first_spike": {"0.1": 5.200000000091791, "0.2": 2.7000000000912223, "0.4": 1.6000000000909722, "0.8": 1.0000000000908358}, "time_to_second_spike": {"0.1": 23.50000000009595, "0.2": 14.100000000093814, "0.4": 9.400000000092746, "0.8": 6.8000000000921546}, "AP_height": {"0.1": 18.468823546416164, "0.2": 23.734324949067855, "0.4": 25.459447832034048, "0.8": 28.717950117162175}, "AP_width": {"0.1": 0.7000000000001592, "0.2": 0.7000000000001592, "0.4": 0.7000000000001592, "0.8": 0.7000000000001592}, "AP_amplitude": {"0.1": 75.00678070012493, "0.2": 79.15080306435163, "0.4": 94.35131492544417, "0.8": 97.60981720827638}, "voltage_base": {"0.1": -68.88878528667502, "0.2": -68.88878528667502, "0.4": -68.88878528667502, "0.8": -68.88878528667502}}}, "NetPyNE": {"L4_BTC_cNAC187_4": {"mean_frequency": {"0.1": 47.5689750138023, "0.2": 71.59665548495329, "0.4": 105.53693792834666, "0.8": 160.63654106001013}, "ISI_CV": {"0.1": 0.03607356682553246, "0.2": 0.028429332901035026, "0.4": 0.014162470894885417, "0.8": 0.03813276351421992}, "time_to_first_spike": {"0.1": 5.200000000091791, "0.2": 2.7000000000912223, "0.4": 1.6000000000909722, "0.8": 1.0000000000908358}, "time_to_second_spike": {"0.1": 23.700000000095997, "0.2": 14.200000000093837, "0.4": 9.500000000092768, "0.8": 6.900000000092177}, "AP_height": {"0.1": 19.522631643275897, "0.2": 20.580792574808132, "0.4": 26.07823761549864, "0.8": 28.46107583084688}, "AP_width": {"0.1": 0.7000000000001592, "0.2": 0.7000000000001592, "0.4": 0.7000000000001592, "0.8": 0.8000000000001819}, "AP_amplitude": {"0.1": 75.14522482575808, "0.2": 76.20428740228951, "0.4": 94.97009956709086, "0.8": 97.35293776412577}, "voltage_base": {"0.1": -68.88878012257607, "0.2": -68.88878012257607, "0.4": -68.88878012257607, "0.8": -68.88878012257607}}}}