{"BBP": {"L23_PC_cADpyr229_5": {"mean_frequency": {"0.1": 0, "0.2": 3.216640754840498, "0.4": 6.2500000000040545, "0.8": 9.66478457704504}, "ISI_CV": {"0.1": 0, "0.2": 0.003190890191650921, "0.4": 0.7381916060625523, "0.8": 0.2514383589612899}, "time_to_first_spike": {"0.1": 0, "0.2": 25.20000000009634, "0.4": 10.200000000092928, "0.8": 4.100000000091541}, "time_to_second_spike": {"0.1": 0, "0.2": 308.40000000016073, "0.4": 64.70000000010532, "0.8": 18.800000000094883}, "AP_height": {"0.1": 0, "0.2": 20.52601501296737, "0.4": 27.793001135152736, "0.8": 33.28333784136497}, "AP_width": {"0.1": 0, "0.2": 1.2000000000002728, "0.4": 1.2000000000002728, "0.8": 1.3000000000002956}, "AP_amplitude": {"0.1": 0, "0.2": 77.51885260584257, "0.4": 84.7726114000089, "0.8": 106.03780916159505}, "voltage_base": {"0.1": -72.75141841165106, "0.2": -72.75141841165106, "0.4": -72.75141841165106, "0.8": -72.75141841165106}}}, "NetPyNE": {"L23_PC_cADpyr229_5": {"mean_frequency": {"0.1": 0, "0.2": 3.190301483492313, "0.4": 6.3734862970087045, "0.8": 9.547552113728313}, "ISI_CV": {"0.1": 0, "0.2": 0.0031300884067297207, "0.4": 0.8428443952100196, "0.8": 0.2578482061719719}, "time_to_first_spike": {"0.1": 0, "0.2": 25.30000000009636, "0.4": 10.30000000009295, "0.8": 4.200000000091563}, "time_to_second_spike": {"0.1": 0, "0.2": 310.8000000001613, "0.4": 66.00000000010562, "0.8": 18.800000000094883}, "AP_height": {"0.1": 0, "0.2": 19.830109331258598, "0.4": 27.68817769179485, "0.8": 32.91272278005094}, "AP_width": {"0.1": 0, "0.2": 1.3000000000002956, "0.4": 1.2000000000002728, "0.8": 1.2000000000002728}, "AP_amplitude": {"0.1": 0, "0.2": 76.44042896125244, "0.4": 83.92738661296829, "0.8": 105.6671874194188}, "voltage_base": {"0.1": -72.75141165737037, "0.2": -72.75141165737037, "0.4": -72.75141165737037, "0.8": -72.75141165737037}}}}