{"BBP": {"L23_BTC_bAC217_4": {"mean_frequency": {"0.1": 8.538342494268976, "0.2": 12.51890876846074, "0.4": 17.031379025610136, "0.8": 23.055640946833872}, "ISI_CV": {"0.1": 0.3107036548067925, "0.2": 0.32360756693027, "0.4": 0.3353207915788071, "0.8": 0.3439358255650333}, "time_to_first_spike": {"0.1": 12.50000000009345, "0.2": 4.700000000091677, "0.4": 2.100000000091086, "0.8": 1.1000000000908585}, "time_to_second_spike": {"0.1": 47.700000000101454, "0.2": 25.100000000096315, "0.4": 14.500000000093905, "0.8": 9.100000000092678}, "AP_height": {"0.1": 17.42918460855564, "0.2": 19.994798876858802, "0.4": 25.520583640578373, "0.8": 29.61762635687874}, "AP_width": {"0.1": 0.5000000000001137, "0.2": 0.6000000000001364, "0.4": 0.6000000000001364, "0.8": 0.7000000000001592}, "AP_amplitude": {"0.1": 73.05444213054643, "0.2": 74.7170259043402, "0.4": 95.26543624529918, "0.8": 99.36247895933074}, "voltage_base": {"0.1": -69.74234154328853, "0.2": -69.74234154328853, "0.4": -69.74234154328853, "0.8": -69.74234154328853}}}, "NetPyNE": {"L23_BTC_bAC217_4": {"mean_frequency": {"0.1": 8.483563096506183, "0.2": 12.439100238424443, "0.4": 16.91266912670267, "0.8": 22.85656237303456}, "ISI_CV": {"0.1": 0.30944681244048683, "0.2": 0.32266928373200515, "0.4": 0.3346815280716744, "0.8": 0.34332469454861136}, "time_to_first_spike": {"0.1": 12.600000000093473, "0.2": 4.8000000000917, "0.4": 2.2000000000911086, "0.8": 1.2000000000908813}, "time_to_second_spike": {"0.1": 48.00000000010152, "0.2": 25.30000000009636, "0.4": 14.70000000009395, "0.8": 9.300000000092723}, "AP_height": {"0.1": 19.67492852714393, "0.2": 20.47315383668339, "0.4": 23.232964964094336, "0.8": 26.74005261404013}, "AP_width": {"0.1": 0.6000000000001364, "0.2": 0.7000000000001592, "0.4": 0.7000000000001592, "0.8": 0.6000000000001364}, "AP_amplitude": {"0.1": 74.9119377811689, "0.2": 76.07679453874023, "0.4": 92.97781367958702, "0.8": 96.48490118858683}, "voltage_base": {"0.1": -69.74233750175522, "0.2": -69.74233750175522, "0.4": -69.74233750175522, "0.8": -69.74233750175522}}}}