{"BBP": {"L4_DBC_bAC217_1": {"mean_frequency": {"0.1": 8.309098462822362, "0.2": 13.60270038793809, "0.4": 19.201616978284868, "0.8": 26.844957706547074}, "ISI_CV": {"0.1": 0.30461178115430465, "0.2": 0.30490044770807506, "0.4": 0.3111210703627565, "0.8": 0.31476281783256477}, "time_to_first_spike": {"0.1": 11.500000000093223, "0.2": 3.4000000000913815, "0.4": 1.6000000000909722, "0.8": 1.0000000000908358}, "time_to_second_spike": {"0.1": 48.500000000101636, "0.2": 24.20000000009611, "0.4": 14.400000000093883, "0.8": 9.300000000092723}, "AP_height": {"0.1": 19.14340303074169, "0.2": 27.077844200177463, "0.4": 28.243559902530702, "0.8": 27.358531389346755}, "AP_width": {"0.1": 0.5000000000001137, "0.2": 0.6000000000001364, "0.4": 0.5000000000001137, "0.8": 0.6000000000001364}, "AP_amplitude": {"0.1": 75.88100223191303, "0.2": 83.01023325377987, "0.4": 98.22530296995946, "0.8": 97.3402744541792}, "voltage_base": {"0.1": -69.97914046445545, "0.2": -69.97914046445545, "0.4": -69.97914046445545, "0.8": -69.97914046445545}}}, "NetPyNE": {"L4_DBC_bAC217_1": {"mean_frequency": {"0.1": 8.176614881444603, "0.2": 13.498079119518977, "0.4": 18.99579012220194, "0.8": 26.472534745219747}, "ISI_CV": {"0.1": 0.30024648235181833, "0.2": 0.31013230090454547, "0.4": 0.31438820241215376, "0.8": 0.3167631705152423}, "time_to_first_spike": {"0.1": 11.600000000093246, "0.2": 3.500000000091404, "0.4": 1.700000000090995, "0.8": 1.0000000000908358}, "time_to_second_spike": {"0.1": 48.90000000010173, "0.2": 24.50000000009618, "0.4": 14.600000000093928, "0.8": 9.500000000092768}, "AP_height": {"0.1": 23.044938786030116, "0.2": 27.850879916823388, "0.4": 31.260781353047854, "0.8": 33.11079370679922}, "AP_width": {"0.1": 0.5000000000001137, "0.2": 0.6000000000001364, "0.4": 0.6000000000001364, "0.8": 0.6000000000001364}, "AP_amplitude": {"0.1": 79.51867553687354, "0.2": 84.35895875558208, "0.4": 101.24252058607294, "0.8": 103.0925327645358}, "voltage_base": {"0.1": -69.97913644345306, "0.2": -69.97913644345306, "0.4": -69.97913644345306, "0.8": -69.97913644345306}}}}