{"BBP": {"L4_LBC_cNAC187_1": {"mean_frequency": {"0.1": 36.13369467030458, "0.2": 57.459677419393806, "0.4": 87.50437521882044, "0.8": 133.7675350702312}, "ISI_CV": {"0.1": 0.017779310691274086, "0.2": 0.012747537881058925, "0.4": 0.009979468541254857, "0.8": 0.026972513926508516}, "time_to_first_spike": {"0.1": 10.30000000009295, "0.2": 4.9000000000917225, "0.4": 2.400000000091154, "0.8": 1.300000000090904}, "time_to_second_spike": {"0.1": 36.400000000098885, "0.2": 20.400000000095247, "0.4": 12.200000000093382, "0.8": 8.000000000092427}, "AP_height": {"0.1": 16.178105148782933, "0.2": 17.01321679047876, "0.4": 22.67537560494963, "0.8": 25.34925922291082}, "AP_width": {"0.1": 0.7000000000001592, "0.2": 0.8000000000001819, "0.4": 0.8000000000001819, "0.8": 0.8000000000001819}, "AP_amplitude": {"0.1": 70.406978232961, "0.2": 71.41178856065974, "0.4": 76.68270415413295, "0.8": 93.81567505705523}, "voltage_base": {"0.1": -68.46384241377207, "0.2": -68.46384241377207, "0.4": -68.46384241377207, "0.8": -68.46384241377207}}}, "NetPyNE": {"L4_LBC_cNAC187_1": {"mean_frequency": {"0.1": 36.05769230771681, "0.2": 57.323879921595704, "0.4": 87.26616179352936, "0.8": 133.32665029330897}, "ISI_CV": {"0.1": 0.017409546869096806, "0.2": 0.012107171021999107, "0.4": 0.009855628823953824, "0.8": 0.027964473762952583}, "time_to_first_spike": {"0.1": 10.400000000092973, "0.2": 4.9000000000917225, "0.4": 2.500000000091177, "0.8": 1.4000000000909267}, "time_to_second_spike": {"0.1": 36.60000000009893, "0.2": 20.600000000095292, "0.4": 12.300000000093405, "0.8": 8.200000000092473}, "AP_height": {"0.1": 15.878946896911362, "0.2": 17.285146169128843, "0.4": 22.333208402015543, "0.8": 23.338056279930264}, "AP_width": {"0.1": 0.8000000000001819, "0.2": 0.8000000000001819, "0.4": 0.7000000000001592, "0.8": 0.9000000000002046}, "AP_amplitude": {"0.1": 69.49180006280528, "0.2": 70.5806227660153, "0.4": 76.51291796068425, "0.8": 91.80446792264351}, "voltage_base": {"0.1": -68.46383821714142, "0.2": -68.46383821714142, "0.4": -68.46383821714142, "0.8": -68.46383821714142}}}}