{"BBP": {"L4_BTC_bSTUT213_5": {"mean_frequency": {"0.1": 5.87355830841911, "0.2": 47.53565173883642, "0.4": 118.74342401932014, "0.8": 174.31376477671634}, "ISI_CV": {"0.1": 0.24745797104293077, "0.2": 0.23451808801563073, "0.4": 0.018675196144807376, "0.8": 0.010019395221100852}, "time_to_first_spike": {"0.1": 96.90000000011264, "0.2": 6.200000000092018, "0.4": 2.6000000000911996, "0.8": 1.4000000000909267}, "time_to_second_spike": {"0.1": 289.4000000001564, "0.2": 16.80000000009443, "0.4": 10.100000000092905, "0.8": 7.2000000000922455}, "AP_height": {"0.1": 9.692687074139952, "0.2": 16.951478653839548, "0.4": 19.14237854447481, "0.8": 19.0469588060116}, "AP_width": {"0.1": 0.5000000000001137, "0.2": 0.6000000000001364, "0.4": 0.6000000000001364, "0.8": 0.6000000000001364}, "AP_amplitude": {"0.1": 65.66373601341158, "0.2": 73.49201330746001, "0.4": 93.6002450034734, "0.8": 93.45131762181977}, "voltage_base": {"0.1": -74.46465371867338, "0.2": -74.46465371867338, "0.4": -74.46465371867338, "0.8": -74.46465371867338}}}, "NetPyNE": {"L4_BTC_bSTUT213_5": {"mean_frequency": {"0.1": 0, "0.2": 27.846691306788134, "0.4": 114.75245540196212, "0.8": 169.52542881443742}, "ISI_CV": {"0.1": 0, "0.2": 0.4545978423143838, "0.4": 0.01581401201372987, "0.8": 0.010161326039646668}, "time_to_first_spike": {"0.1": 0, "0.2": 6.500000000092086, "0.4": 2.800000000091245, "0.8": 1.4000000000909267}, "time_to_second_spike": {"0.1": 0, "0.2": 17.800000000094656, "0.4": 10.400000000092973, "0.8": 7.400000000092291}, "AP_height": {"0.1": 0, "0.2": 13.280284609299631, "0.4": 18.81734786641748, "0.8": 22.560810025869863}, "AP_width": {"0.1": 0, "0.2": 0.6000000000001364, "0.4": 0.6000000000001364, "0.8": 0.7000000000001592}, "AP_amplitude": {"0.1": 0, "0.2": 69.70652759816272, "0.4": 93.78924769132115, "0.8": 97.53270978011207}, "voltage_base": {"0.1": -74.97186099425107, "0.2": -74.97186099425107, "0.4": -74.97186099425107, "0.8": -74.97186099425107}}}}