{"BBP": {"L6_BPC_cADpyr231_2": {"mean_frequency": {"0.1": 0, "0.2": 6.640473687127368, "0.4": 10.168802115117716, "0.8": 17.51927119833006}, "ISI_CV": {"0.1": 0, "0.2": 0.3803666594607783, "0.4": 0.34619280222176807, "0.8": 0.27910591258641393}, "time_to_first_spike": {"0.1": 0, "0.2": 16.600000000094383, "0.4": 4.9000000000917225, "0.8": 1.9000000000910404}, "time_to_second_spike": {"0.1": 0, "0.2": 44.800000000100795, "0.4": 19.600000000095065, "0.8": 9.2000000000927}, "AP_height": {"0.1": 0, "0.2": 34.34468595003241, "0.4": 40.857609588237295, "0.8": 44.16259296097486}, "AP_width": {"0.1": 0, "0.2": 1.0000000000002274, "0.4": 1.2000000000002728, "0.8": 1.2000000000002728}, "AP_amplitude": {"0.1": 0, "0.2": 87.52074911196507, "0.4": 113.2846674348062, "0.8": 116.58965080566558}, "voltage_base": {"0.1": -72.42688578880653, "0.2": -72.42688578880653, "0.4": -72.42688578880653, "0.8": -72.42688578880653}}}, "NetPyNE": {"L6_BPC_cADpyr231_2": {"mean_frequency": {"0.1": 0, "0.2": 6.6068380774144595, "0.4": 10.137361244874823, "0.8": 17.451111225182423}, "ISI_CV": {"0.1": 0, "0.2": 0.37973273195628865, "0.4": 0.3403813738272504, "0.8": 0.2705158953885325}, "time_to_first_spike": {"0.1": 0, "0.2": 16.700000000094406, "0.4": 5.000000000091745, "0.8": 2.000000000091063}, "time_to_second_spike": {"0.1": 0, "0.2": 45.00000000010084, "0.4": 19.80000000009511, "0.8": 9.500000000092768}, "AP_height": {"0.1": 0, "0.2": 33.48329582130903, "0.4": 40.6148238629036, "0.8": 43.490719553115795}, "AP_width": {"0.1": 0, "0.2": 1.1000000000002501, "0.4": 1.1000000000002501, "0.8": 1.3000000000002956}, "AP_amplitude": {"0.1": 0, "0.2": 86.36162670107377, "0.4": 113.04188129869195, "0.8": 115.91777698782225}, "voltage_base": {"0.1": -72.42688537421336, "0.2": -72.42688537421336, "0.4": -72.42688537421336, "0.8": -72.42688537421336}}}}