{"BBP": {"L23_LBC_cACint209_5": {"mean_frequency": {"0.1": 24.815152435953195, "0.2": 37.78147196617343, "0.4": 68.6200851490574, "0.8": 135.04051215373792}, "ISI_CV": {"0.1": 0.25675792285537574, "0.2": 0.2205893808822005, "0.4": 0.1615949331093268, "0.8": 0.08392719668645107}, "time_to_first_spike": {"0.1": 9.100000000092678, "0.2": 4.200000000091563, "0.4": 2.100000000091086, "0.8": 1.2000000000908813}, "time_to_second_spike": {"0.1": 24.100000000096088, "0.2": 14.200000000093837, "0.4": 9.600000000092791, "0.8": 7.0000000000922}, "AP_height": {"0.1": 30.375025672094026, "0.2": 31.826931059173994, "0.4": 31.969914185910795, "0.8": 33.33407747182432}, "AP_width": {"0.1": 0.8000000000001819, "0.2": 0.8000000000001819, "0.4": 0.9000000000002046, "0.8": 0.9000000000002046}, "AP_amplitude": {"0.1": 85.72638956571464, "0.2": 87.40229815310178, "0.4": 103.14298662856422, "0.8": 104.5071499124044}, "voltage_base": {"0.1": -71.17234069485987, "0.2": -71.17234069485987, "0.4": -71.17234069485987, "0.8": -71.17234069485987}}}, "NetPyNE": {"L23_LBC_cACint209_5": {"mean_frequency": {"0.1": 24.742476267437493, "0.2": 37.70928654032426, "0.4": 68.58229875855683, "0.8": 134.64811292430818}, "ISI_CV": {"0.1": 0.2566725916562258, "0.2": 0.22047124319444233, "0.4": 0.1606458487063959, "0.8": 0.08190627652514679}, "time_to_first_spike": {"0.1": 9.2000000000927, "0.2": 4.300000000091586, "0.4": 2.100000000091086, "0.8": 1.2000000000908813}, "time_to_second_spike": {"0.1": 24.20000000009611, "0.2": 14.30000000009386, "0.4": 9.700000000092814, "0.8": 7.100000000092223}, "AP_height": {"0.1": 29.757624834328357, "0.2": 29.654304509841626, "0.4": 35.33081552508683, "0.8": 37.1638077889701}, "AP_width": {"0.1": 0.8000000000001819, "0.2": 0.9000000000002046, "0.4": 0.9000000000002046, "0.8": 0.9000000000002046}, "AP_amplitude": {"0.1": 84.24887337706788, "0.2": 84.05570915786818, "0.4": 106.5038867926564, "0.8": 108.33687887369504}, "voltage_base": {"0.1": -71.17233933935572, "0.2": -71.17233933935572, "0.4": -71.17233933935572, "0.8": -71.17233933935572}}}}