{"BBP": {"L23_NBC_bNAC219_4": {"mean_frequency": {"0.1": 27.720376997145962, "0.2": 76.18283881320333, "0.4": 117.2109797636541, "0.8": 171.0684273710647}, "ISI_CV": {"0.1": 0.13483096580323656, "0.2": 0.02631270700713129, "0.4": 0.016511887302883166, "0.8": 0.013474305772781199}, "time_to_first_spike": {"0.1": 10.000000000092882, "0.2": 4.8000000000917, "0.4": 2.7000000000912223, "0.8": 1.6000000000909722}, "time_to_second_spike": {"0.1": 26.600000000096657, "0.2": 15.500000000094133, "0.4": 10.400000000092973, "0.8": 7.700000000092359}, "AP_height": {"0.1": 6.690793760173913, "0.2": 12.352318037258193, "0.4": 14.280903774801459, "0.8": 19.350079145320898}, "AP_width": {"0.1": 0.6000000000001364, "0.2": 0.6000000000001364, "0.4": 0.7000000000001592, "0.8": 0.6000000000001364}, "AP_amplitude": {"0.1": 63.26540432485369, "0.2": 68.74412801822355, "0.4": 70.0420959444605, "0.8": 90.42057564987007}, "voltage_base": {"0.1": -71.07038213452401, "0.2": -71.07038213452401, "0.4": -71.07038213452401, "0.8": -71.07038213452401}}}, "NetPyNE": {"L23_NBC_bNAC219_4": {"mean_frequency": {"0.1": 27.65764859702169, "0.2": 75.81463071752901, "0.4": 116.46586345389436, "0.8": 170.12759569688825}, "ISI_CV": {"0.1": 0.13426311829963397, "0.2": 0.0259348499335954, "0.4": 0.01683130159584394, "0.8": 0.014488110319335397}, "time_to_first_spike": {"0.1": 10.000000000092882, "0.2": 4.9000000000917225, "0.4": 2.7000000000912223, "0.8": 1.6000000000909722}, "time_to_second_spike": {"0.1": 26.70000000009668, "0.2": 15.600000000094155, "0.4": 10.600000000093019, "0.8": 7.800000000092382}, "AP_height": {"0.1": 6.51767326404281, "0.2": 12.742983608620639, "0.4": 16.226759804343384, "0.8": 18.11840559715742}, "AP_width": {"0.1": 0.6000000000001364, "0.2": 0.6000000000001364, "0.4": 0.6000000000001364, "0.8": 0.7000000000001592}, "AP_amplitude": {"0.1": 62.564763952042675, "0.2": 68.1694110483858, "0.4": 70.96506292654853, "0.8": 89.18890196398927}, "voltage_base": {"0.1": -71.07038199612221, "0.2": -71.07038199612221, "0.4": -71.07038199612221, "0.8": -71.07038199612221}}}}