{"BBP": {"L6_SBC_cACint209_1": {"mean_frequency": {"0.1": 21.583094915439045, "0.2": 31.691734996751727, "0.4": 50.746118675611, "0.8": 94.90810485092314}, "ISI_CV": {"0.1": 0.2643612393931323, "0.2": 0.2545456520663666, "0.4": 0.22017308228187693, "0.8": 0.153912070503804}, "time_to_first_spike": {"0.1": 14.500000000093905, "0.2": 6.300000000092041, "0.4": 3.1000000000913133, "0.8": 1.700000000090995}, "time_to_second_spike": {"0.1": 33.500000000098225, "0.2": 18.200000000094747, "0.4": 11.700000000093269, "0.8": 8.10000000009245}, "AP_height": {"0.1": 20.58573946602574, "0.2": 28.461553592867382, "0.4": 30.58723851911606, "0.8": 34.89177049599408}, "AP_width": {"0.1": 0.8000000000001819, "0.2": 0.9000000000002046, "0.4": 0.9000000000002046, "0.8": 0.9000000000002046}, "AP_amplitude": {"0.1": 70.90804332178053, "0.2": 80.0621729907142, "0.4": 84.72377033921069, "0.8": 106.60080242676413}, "voltage_base": {"0.1": -71.70835430967945, "0.2": -71.70835430967945, "0.4": -71.70835430967945, "0.8": -71.70835430967945}}}, "NetPyNE": {"L6_SBC_cACint209_1": {"mean_frequency": {"0.1": 21.616730343871502, "0.2": 31.763638197056935, "0.4": 50.904692303849856, "0.8": 95.00351864890334}, "ISI_CV": {"0.1": 0.2640647995359288, "0.2": 0.25462629581468743, "0.4": 0.21962800621449427, "0.8": 0.152436147184737}, "time_to_first_spike": {"0.1": 14.600000000093928, "0.2": 6.400000000092064, "0.4": 3.200000000091336, "0.8": 1.700000000090995}, "time_to_second_spike": {"0.1": 33.60000000009825, "0.2": 18.400000000094792, "0.4": 11.800000000093291, "0.8": 8.200000000092473}, "AP_height": {"0.1": 22.39094420021521, "0.2": 29.386794312589114, "0.4": 32.84729529697118, "0.8": 32.20725950827188}, "AP_width": {"0.1": 0.8000000000001819, "0.2": 0.9000000000002046, "0.4": 0.9000000000002046, "0.8": 1.0000000000002274}, "AP_amplitude": {"0.1": 71.55005965946427, "0.2": 81.34286466963214, "0.4": 87.12029434710294, "0.8": 103.91629053873643}, "voltage_base": {"0.1": -71.70835341003904, "0.2": -71.70835341003904, "0.4": -71.70835341003904, "0.8": -71.70835341003904}}}}