{"BBP": {"L4_MC_cNAC187_5": {"mean_frequency": {"0.1": 25.12436560978541, "0.2": 45.71256341993359, "0.4": 72.6452905812117, "0.8": 108.82102201501802}, "ISI_CV": {"0.1": 0.027235326882483143, "0.2": 0.018492382028345203, "0.4": 0.015584577982394853, "0.8": 0.012312802422061349}, "time_to_first_spike": {"0.1": 17.300000000094542, "0.2": 6.000000000091973, "0.4": 2.7000000000912223, "0.8": 1.5000000000909495}, "time_to_second_spike": {"0.1": 54.80000000010307, "0.2": 25.700000000096452, "0.4": 14.100000000093814, "0.8": 9.300000000092723}, "AP_height": {"0.1": 17.771272835422653, "0.2": 22.82901036925655, "0.4": 26.197249544072637, "0.8": 28.567427118192658}, "AP_width": {"0.1": 0.6000000000001364, "0.2": 0.6000000000001364, "0.4": 0.7000000000001592, "0.8": 0.7000000000001592}, "AP_amplitude": {"0.1": 72.83840672915896, "0.2": 78.41306153291853, "0.4": 80.89701059055216, "0.8": 97.130728573298}, "voltage_base": {"0.1": -68.56042334146606, "0.2": -68.56042334146606, "0.4": -68.56042334146606, "0.8": -68.56042334146606}}}, "NetPyNE": {"L4_MC_cNAC187_5": {"mean_frequency": {"0.1": 25.014038491006733, "0.2": 45.472918350879645, "0.4": 72.26013649141801, "0.8": 108.19475055106533}, "ISI_CV": {"0.1": 0.027221714061607397, "0.2": 0.018059331614607956, "0.4": 0.014970285238712439, "0.8": 0.012737710913407845}, "time_to_first_spike": {"0.1": 17.500000000094587, "0.2": 6.100000000091995, "0.4": 2.800000000091245, "0.8": 1.6000000000909722}, "time_to_second_spike": {"0.1": 55.20000000010316, "0.2": 26.00000000009652, "0.4": 14.30000000009386, "0.8": 9.500000000092768}, "AP_height": {"0.1": 16.03080308234579, "0.2": 19.223688737775394, "0.4": 25.87430562759296, "0.8": 27.114234648456158}, "AP_width": {"0.1": 0.6000000000001364, "0.2": 0.7000000000001592, "0.4": 0.7000000000001592, "0.8": 0.7000000000001592}, "AP_amplitude": {"0.1": 71.55566320384565, "0.2": 74.48746970201286, "0.4": 81.01609590772765, "0.8": 95.67753159714663}, "voltage_base": {"0.1": -68.56041883028334, "0.2": -68.56041883028334, "0.4": -68.56041883028334, "0.8": -68.56041883028334}}}}