{"BBP": {"L6_NBC_cSTUT189_3": {"mean_frequency": {"0.1": 43.830923472244955, "0.2": 72.72544889161325, "0.4": 109.25675337049474, "0.8": 166.1911197878689}, "ISI_CV": {"0.1": 0.0872427123072355, "0.2": 0.04717030712374315, "0.4": 0.020691837257679105, "0.8": 0.03876149718986834}, "time_to_first_spike": {"0.1": 6.900000000092177, "0.2": 3.3000000000913587, "0.4": 1.9000000000910404, "0.8": 1.1000000000908585}, "time_to_second_spike": {"0.1": 26.900000000096725, "0.2": 14.600000000093928, "0.4": 9.600000000092791, "0.8": 6.700000000092132}, "AP_height": {"0.1": 19.123783711826235, "0.2": 20.343254817201153, "0.4": 22.36185958059245, "0.8": 27.86022356678952}, "AP_width": {"0.1": 0.7000000000001592, "0.2": 0.8000000000001819, "0.4": 0.8000000000001819, "0.8": 0.8000000000001819}, "AP_amplitude": {"0.1": 75.2036125247279, "0.2": 76.36409710810098, "0.4": 97.51392889775757, "0.8": 103.12535008984665}, "voltage_base": {"0.1": -75.05356667225298, "0.2": -75.05356667225298, "0.4": -75.05356667225298, "0.8": -75.05356667225298}}}, "NetPyNE": {"L6_NBC_cSTUT189_3": {"mean_frequency": {"0.1": 41.183265531643656, "0.2": 70.94339622646324, "0.4": 107.35965484379942, "0.8": 162.89093825191503}, "ISI_CV": {"0.1": 0.054473376351838264, "0.2": 0.037158053386295936, "0.4": 0.017415465119196758, "0.8": 0.03727914601283336}, "time_to_first_spike": {"0.1": 7.300000000092268, "0.2": 3.4000000000913815, "0.4": 1.9000000000910404, "0.8": 1.1000000000908585}, "time_to_second_spike": {"0.1": 28.400000000097066, "0.2": 15.100000000094042, "0.4": 9.800000000092837, "0.8": 6.900000000092177}, "AP_height": {"0.1": 19.654462532955005, "0.2": 23.11730445690462, "0.4": 26.05756810881437, "0.8": 29.24300109191816}, "AP_width": {"0.1": 0.8000000000001819, "0.2": 0.8000000000001819, "0.4": 0.7000000000001592, "0.8": 0.8000000000001819}, "AP_amplitude": {"0.1": 75.42829303160565, "0.2": 78.3106749899251, "0.4": 101.0706231434805, "0.8": 104.25605611024385}, "voltage_base": {"0.1": -75.01208172768368, "0.2": -75.01208172768368, "0.4": -75.01208172768368, "0.8": -75.01208172768368}}}}