{"BBP": {"L5_SBC_cACint209_2": {"mean_frequency": {"0.1": 28.051206201885627, "0.2": 47.38858640858225, "0.4": 84.69479803553916, "0.8": 154.50000000010508}, "ISI_CV": {"0.1": 0.23771218771383948, "0.2": 0.20142084720943795, "0.4": 0.145149210441803, "0.8": 0.11398172217609098}, "time_to_first_spike": {"0.1": 14.30000000009386, "0.2": 5.90000000009195, "0.4": 2.800000000091245, "0.8": 1.5000000000909495}, "time_to_second_spike": {"0.1": 28.300000000097043, "0.2": 16.10000000009427, "0.4": 10.600000000093019, "0.8": 7.700000000092359}, "AP_height": {"0.1": 25.00884297550751, "0.2": 27.08189410582764, "0.4": 31.19779330851265, "0.8": 36.55637408570542}, "AP_width": {"0.1": 0.7000000000001592, "0.2": 0.8000000000001819, "0.4": 0.8000000000001819, "0.8": 0.9000000000002046}, "AP_amplitude": {"0.1": 81.5644984955961, "0.2": 83.67221935292493, "0.4": 86.84880050910724, "0.8": 106.08684529983265}, "voltage_base": {"0.1": -69.52998073032235, "0.2": -69.52998073032235, "0.4": -69.52998073032235, "0.8": -69.52998073032235}}}, "NetPyNE": {"L5_SBC_cACint209_2": {"mean_frequency": {"0.1": 28.025477707025306, "0.2": 47.33847006096781, "0.4": 84.7797732517883, "0.8": 155.40405053148717}, "ISI_CV": {"0.1": 0.23773914158713552, "0.2": 0.20113484199735684, "0.4": 0.1438149766971816, "0.8": 0.1130341221009674}, "time_to_first_spike": {"0.1": 14.400000000093883, "0.2": 6.000000000091973, "0.4": 2.800000000091245, "0.8": 1.6000000000909722}, "time_to_second_spike": {"0.1": 28.50000000009709, "0.2": 16.200000000094292, "0.4": 10.800000000093064, "0.8": 7.800000000092382}, "AP_height": {"0.1": 25.341818022820195, "0.2": 27.837939710782084, "0.4": 29.376292837073187, "0.8": 33.9011085893614}, "AP_width": {"0.1": 0.8000000000001819, "0.2": 0.8000000000001819, "0.4": 0.9000000000002046, "0.8": 0.8000000000001819}, "AP_amplitude": {"0.1": 81.7591206740321, "0.2": 83.89621947693159, "0.4": 84.07052456486846, "0.8": 103.43157900411042}, "voltage_base": {"0.1": -69.52997992281846, "0.2": -69.52997992281846, "0.4": -69.52997992281846, "0.8": -69.52997992281846}}}}