{"BBP": {"L5_DBC_cACint209_3": {"mean_frequency": {"0.1": 26.643876935469525, "0.2": 43.13155123128463, "0.4": 91.01365204786906, "0.8": 178.920463088379}, "ISI_CV": {"0.1": 0.24195101230350605, "0.2": 0.19695435582333132, "0.4": 0.10741825182705317, "0.8": 0.099625240187256}, "time_to_first_spike": {"0.1": 13.000000000093564, "0.2": 5.500000000091859, "0.4": 2.500000000091177, "0.8": 1.4000000000909267}, "time_to_second_spike": {"0.1": 27.50000000009686, "0.2": 15.500000000094133, "0.4": 10.400000000092973, "0.8": 7.700000000092359}, "AP_height": {"0.1": 26.586142546547954, "0.2": 27.494809759112215, "0.4": 33.16642914861407, "0.8": 36.512315542280845}, "AP_width": {"0.1": 0.8000000000001819, "0.2": 0.8000000000001819, "0.4": 0.9000000000002046, "0.8": 0.9000000000002046}, "AP_amplitude": {"0.1": 82.36335992821374, "0.2": 84.4193414479951, "0.4": 89.30850711985757, "0.8": 105.88170894414023}, "voltage_base": {"0.1": -69.3688546264428, "0.2": -69.3688546264428, "0.4": -69.3688546264428, "0.8": -69.3688546264428}}}, "NetPyNE": {"L5_DBC_cACint209_3": {"mean_frequency": {"0.1": 26.566416040118302, "0.2": 43.06459689537229, "0.4": 91.09565043301653, "0.8": 178.22277847321251}, "ISI_CV": {"0.1": 0.2421248330653704, "0.2": 0.1967159567655554, "0.4": 0.10608487481443722, "0.8": 0.09655178867036968}, "time_to_first_spike": {"0.1": 13.100000000093587, "0.2": 5.600000000091882, "0.4": 2.6000000000911996, "0.8": 1.5000000000909495}, "time_to_second_spike": {"0.1": 27.700000000096907, "0.2": 15.700000000094178, "0.4": 10.500000000092996, "0.8": 7.800000000092382}, "AP_height": {"0.1": 24.24398166487776, "0.2": 26.430598557980286, "0.4": 33.69819449833229, "0.8": 34.11926846763533}, "AP_width": {"0.1": 0.8000000000001819, "0.2": 0.8000000000001819, "0.4": 0.8000000000001819, "0.8": 0.8000000000001819}, "AP_amplitude": {"0.1": 81.02622743264564, "0.2": 82.53916670260939, "0.4": 88.8450672953377, "0.8": 103.48866118241202}, "voltage_base": {"0.1": -69.36885393424213, "0.2": -69.36885393424213, "0.4": -69.36885393424213, "0.8": -69.36885393424213}}}}