{"BBP": {"L5_BP_cNAC187_3": {"mean_frequency": {"0.1": 68.16017641462057, "0.2": 108.94668139378821, "0.4": 220.22022022036992, "0.8": 305.34351144996026}, "ISI_CV": {"0.1": 0.019293635479810452, "0.2": 0.03200638972300868, "0.4": 0.13130257744425822, "0.8": 0.06438112220472557}, "time_to_first_spike": {"0.1": 4.8000000000917, "0.2": 2.100000000091086, "0.4": 1.2000000000908813, "0.8": 0.7000000000907676}, "time_to_second_spike": {"0.1": 17.000000000094474, "0.2": 10.100000000092905, "0.4": 7.2000000000922455, "0.8": 5.400000000091836}, "AP_height": {"0.1": 17.383718635726115, "0.2": 22.65852422290379, "0.4": 20.978499595528753, "0.8": 28.240372396490947}, "AP_width": {"0.1": 0.7000000000001592, "0.2": 0.7000000000001592, "0.4": 0.8000000000001819, "0.8": 0.8000000000001819}, "AP_amplitude": {"0.1": 74.09172912931277, "0.2": 90.54480747379854, "0.4": 88.8647828443141, "0.8": 96.12665564105751}, "voltage_base": {"0.1": -67.8840563826618, "0.2": -67.8840563826618, "0.4": -67.8840563826618, "0.8": -67.8840563826618}}}, "NetPyNE": {"L5_BP_cNAC187_3": {"mean_frequency": {"0.1": 68.00340017005475, "0.2": 108.73377762196095, "0.4": 219.32899349038445, "0.8": 298.5074626860956}, "ISI_CV": {"0.1": 0.019932126408825957, "0.2": 0.03324190656375266, "0.4": 0.12651833780775457, "0.8": 0.06368994426316413}, "time_to_first_spike": {"0.1": 4.9000000000917225, "0.2": 2.2000000000911086, "0.4": 1.2000000000908813, "0.8": 0.7000000000907676}, "time_to_second_spike": {"0.1": 17.20000000009452, "0.2": 10.30000000009295, "0.4": 7.300000000092268, "0.8": 5.500000000091859}, "AP_height": {"0.1": 16.90901365996182, "0.2": 20.90286708576873, "0.4": 25.146896522977382, "0.8": 23.93942458338447}, "AP_width": {"0.1": 0.7000000000001592, "0.2": 0.8000000000001819, "0.4": 0.7000000000001592, "0.8": 0.8000000000001819}, "AP_amplitude": {"0.1": 72.58452995061774, "0.2": 88.78914691011381, "0.4": 93.0331762487155, "0.8": 91.8257043692652}, "voltage_base": {"0.1": -67.88405292041053, "0.2": -67.88405292041053, "0.4": -67.88405292041053, "0.8": -67.88405292041053}}}}