{"BBP": {"L6_NGC_cACint209_2": {"mean_frequency": {"0.1": 26.52925871130816, "0.2": 43.57077718110154, "0.4": 82.78145695369862, "0.8": 241.9354838700288}, "ISI_CV": {"0.1": 0.2590759531291891, "0.2": 0.2237982744299117, "0.4": 0.1576148186136691, "0.8": 0.18941304648858995}, "time_to_first_spike": {"0.1": 8.000000000092427, "0.2": 4.300000000091586, "0.4": 2.400000000091154, "0.8": 1.4000000000909267}, "time_to_second_spike": {"0.1": 22.4000000000957, "0.2": 14.30000000009386, "0.4": 9.800000000092837, "0.8": 7.100000000092223}, "AP_height": {"0.1": 25.17195757461232, "0.2": 26.475098802235298, "0.4": 30.52351317348861, "0.8": 32.86657727505365}, "AP_width": {"0.1": 0.9000000000002046, "0.2": 1.0000000000002274, "0.4": 1.0000000000002274, "0.8": 1.0000000000002274}, "AP_amplitude": {"0.1": 79.56903437108426, "0.2": 80.96479143057, "0.4": 102.34842116043541, "0.8": 104.69148526016954}, "voltage_base": {"0.1": -71.82420614771326, "0.2": -71.82420614771326, "0.4": -71.82420614771326, "0.8": -71.82420614771326}}}, "NetPyNE": {"L6_NGC_cACint209_2": {"mean_frequency": {"0.1": 26.503975596357474, "0.2": 43.67469879521038, "0.4": 83.12884971711794, "0.8": 240.96385542075512}, "ISI_CV": {"0.1": 0.2566950103109347, "0.2": 0.22333643704555897, "0.4": 0.1552455514759229, "0.8": 0.18941304648858995}, "time_to_first_spike": {"0.1": 8.10000000009245, "0.2": 4.400000000091609, "0.4": 2.500000000091177, "0.8": 1.5000000000909495}, "time_to_second_spike": {"0.1": 22.500000000095724, "0.2": 14.400000000093883, "0.4": 9.90000000009286, "0.8": 7.2000000000922455}, "AP_height": {"0.1": 25.258136360987034, "0.2": 25.36857405094938, "0.4": 29.60347582783143, "0.8": 30.386954415153046}, "AP_width": {"0.1": 0.9000000000002046, "0.2": 1.0000000000002274, "0.4": 0.9000000000002046, "0.8": 1.0000000000002274}, "AP_amplitude": {"0.1": 78.96210799746581, "0.2": 80.16736640132186, "0.4": 84.43358438998558, "0.8": 102.21186146851456}, "voltage_base": {"0.1": -71.82420520819527, "0.2": -71.82420520819527, "0.4": -71.82420520819527, "0.8": -71.82420520819527}}}}