{"BBP": {"L5_TTPC2_cADpyr232_2": {"mean_frequency": {"0.1": 0, "0.2": 0, "0.4": 7.243377483448577, "0.8": 12.671701556093529}, "ISI_CV": {"0.1": 0, "0.2": 0, "0.4": 0.038862217918535544, "0.8": 0.11628710746753677}, "time_to_first_spike": {"0.1": 0, "0.2": 0, "0.4": 32.70000000009804, "0.8": 11.800000000093291}, "time_to_second_spike": {"0.1": 0, "0.2": 0, "0.4": 86.50000000011028, "0.8": 33.00000000009811}, "AP_height": {"0.1": 0, "0.2": 0, "0.4": 29.833849348935214, "0.8": 31.867595962246654}, "AP_width": {"0.1": 0, "0.2": 0, "0.4": 0.9000000000002046, "0.8": 0.8000000000001819}, "AP_amplitude": {"0.1": 0, "0.2": 0, "0.4": 83.17548025646529, "0.8": 85.458689876168}, "voltage_base": {"0.1": -70.66866421621954, "0.2": -70.66866421621954, "0.4": -70.66866421621954, "0.8": -70.66866421621954}}}, "NetPyNE": {"L5_TTPC2_cADpyr232_2": {"mean_frequency": {"0.1": 0, "0.2": 0, "0.4": 7.16222438226298, "0.8": 12.535726821449623}, "ISI_CV": {"0.1": 0, "0.2": 0, "0.4": 0.03636439858218713, "0.8": 0.1150482688454919}, "time_to_first_spike": {"0.1": 0, "0.2": 0, "0.4": 32.800000000098066, "0.8": 11.900000000093314}, "time_to_second_spike": {"0.1": 0, "0.2": 0, "0.4": 87.5000000001105, "0.8": 33.4000000000982}, "AP_height": {"0.1": 0, "0.2": 0, "0.4": 30.93425222798381, "0.8": 32.54147033910273}, "AP_width": {"0.1": 0, "0.2": 0, "0.4": 0.9000000000002046, "0.8": 0.8000000000001819}, "AP_amplitude": {"0.1": 0, "0.2": 0, "0.4": 84.17300802259422, "0.8": 85.70539374496592}, "voltage_base": {"0.1": -70.6686634962087, "0.2": -70.6686634962087, "0.4": -70.6686634962087, "0.8": -70.6686634962087}}}}