{"BBP": {"L5_MC_bAC217_4": {"mean_frequency": {"0.1": 7.838628762547056, "0.2": 12.814598390495084, "0.4": 18.08131425325388, "0.8": 25.006379178378715}, "ISI_CV": {"0.1": 0.2984970780442223, "0.2": 0.3152766393837403, "0.4": 0.3275777847608584, "0.8": 0.3263403802649208}, "time_to_first_spike": {"0.1": 18.100000000094724, "0.2": 4.8000000000917, "0.4": 2.100000000091086, "0.8": 1.2000000000908813}, "time_to_second_spike": {"0.1": 63.300000000105, "0.2": 28.20000000009702, "0.4": 15.900000000094224, "0.8": 10.000000000092882}, "AP_height": {"0.1": 15.345221275645471, "0.2": 22.621160516824922, "0.4": 25.165469010120333, "0.8": 29.686782393366556}, "AP_width": {"0.1": 0.6000000000001364, "0.2": 0.5000000000001137, "0.4": 0.6000000000001364, "0.8": 0.6000000000001364}, "AP_amplitude": {"0.1": 70.75609561669185, "0.2": 79.15605807950433, "0.4": 93.50293622113547, "0.8": 98.02424960242567}, "voltage_base": {"0.1": -68.33521583647334, "0.2": -68.33521583647334, "0.4": -68.33521583647334, "0.8": -68.33521583647334}}}, "NetPyNE": {"L5_MC_bAC217_4": {"mean_frequency": {"0.1": 7.718431614701092, "0.2": 12.615431195446813, "0.4": 17.7827456559413, "0.8": 24.646647552956722}, "ISI_CV": {"0.1": 0.2960888925605885, "0.2": 0.3133550001233173, "0.4": 0.3259866532198003, "0.8": 0.3250550297481174}, "time_to_first_spike": {"0.1": 18.30000000009477, "0.2": 4.9000000000917225, "0.4": 2.100000000091086, "0.8": 1.300000000090904}, "time_to_second_spike": {"0.1": 63.70000000010509, "0.2": 28.400000000097066, "0.4": 16.10000000009427, "0.8": 10.100000000092905}, "AP_height": {"0.1": 17.833001759472165, "0.2": 22.531967807544863, "0.4": 22.89118135504463, "0.8": 24.4937678472414}, "AP_width": {"0.1": 0.5000000000001137, "0.2": 0.5000000000001137, "0.4": 0.6000000000001364, "0.8": 0.5000000000001137}, "AP_amplitude": {"0.1": 73.28844374545145, "0.2": 78.11519294568404, "0.4": 91.22864510836303, "0.8": 92.83123155631512}, "voltage_base": {"0.1": -68.33521232537565, "0.2": -68.33521232537565, "0.4": -68.33521232537565, "0.8": -68.33521232537565}}}}