{"BBP": {"L4_SBC_bNAC219_2": {"mean_frequency": {"0.1": 47.46036554582637, "0.2": 93.3688067868713, "0.4": 140.80978151943825, "0.8": 215.5754514081394}, "ISI_CV": {"0.1": 0.062431156548235715, "0.2": 0.02318473205388558, "0.4": 0.012762317151697405, "0.8": 0.01613185401966709}, "time_to_first_spike": {"0.1": 7.2000000000922455, "0.2": 3.500000000091404, "0.4": 1.9000000000910404, "0.8": 1.1000000000908585}, "time_to_second_spike": {"0.1": 20.400000000095247, "0.2": 12.50000000009345, "0.4": 8.600000000092564, "0.8": 6.400000000092064}, "AP_height": {"0.1": 11.683695546364168, "0.2": 15.47584397654487, "0.4": 16.814958273609907, "0.8": 21.151370226035787}, "AP_width": {"0.1": 0.7000000000001592, "0.2": 0.6000000000001364, "0.4": 0.7000000000001592, "0.8": 0.7000000000001592}, "AP_amplitude": {"0.1": 67.4703808618482, "0.2": 70.49063633416625, "0.4": 87.15235443721107, "0.8": 91.48876638739137}, "voltage_base": {"0.1": -70.33726720989472, "0.2": -70.33726720989472, "0.4": -70.33726720989472, "0.8": -70.33726720989472}}}, "NetPyNE": {"L4_SBC_bNAC219_2": {"mean_frequency": {"0.1": 47.31226092211787, "0.2": 92.89013858210767, "0.4": 139.79356648972322, "0.8": 213.22388507947826}, "ISI_CV": {"0.1": 0.062431775833981275, "0.2": 0.022633087619886305, "0.4": 0.012828982527959545, "0.8": 0.015887933672627533}, "time_to_first_spike": {"0.1": 7.300000000092268, "0.2": 3.600000000091427, "0.4": 1.9000000000910404, "0.8": 1.1000000000908585}, "time_to_second_spike": {"0.1": 20.600000000095292, "0.2": 12.600000000093473, "0.4": 8.700000000092587, "0.8": 6.500000000092086}, "AP_height": {"0.1": 11.026888792255058, "0.2": 13.77918063291605, "0.4": 18.038243267262523, "0.8": 17.870827988605072}, "AP_width": {"0.1": 0.7000000000001592, "0.2": 0.7000000000001592, "0.4": 0.7000000000001592, "0.8": 0.7000000000001592}, "AP_amplitude": {"0.1": 66.13299589590375, "0.2": 69.04667808925704, "0.4": 88.37563922641718, "0.8": 88.20822396132095}, "voltage_base": {"0.1": -70.33726702037659, "0.2": -70.33726702037659, "0.4": -70.33726702037659, "0.8": -70.33726702037659}}}}