{"BBP": {"L4_NGC_bNAC219_2": {"mean_frequency": {"0.1": 20.655952440943025, "0.2": 69.41300739404137, "0.4": 114.07414819640518, "0.8": 197.36842105199844}, "ISI_CV": {"0.1": 0.16568494068655334, "0.2": 0.023794174966295583, "0.4": 0.012893486739178556, "0.8": 0.07119600075436808}, "time_to_first_spike": {"0.1": 22.4000000000957, "0.2": 7.800000000092382, "0.4": 3.7000000000914497, "0.8": 2.000000000091063}, "time_to_second_spike": {"0.1": 45.40000000010093, "0.2": 19.200000000094974, "0.4": 12.000000000093337, "0.8": 8.400000000092518}, "AP_height": {"0.1": -1.5374836120353594, "0.2": 4.710844725747478, "0.4": 10.85224587249285, "0.8": 16.042423595563694}, "AP_width": {"0.1": 0.7000000000001592, "0.2": 0.7000000000001592, "0.4": 0.7000000000001592, "0.8": 0.7000000000001592}, "AP_amplitude": {"0.1": 50.90159538571684, "0.2": 57.59901164204601, "0.4": 65.06573345718546, "0.8": 86.27429298753191}, "voltage_base": {"0.1": -70.2317715194994, "0.2": -70.2317715194994, "0.4": -70.2317715194994, "0.8": -70.2317715194994}}}, "NetPyNE": {"L4_NGC_bNAC219_2": {"mean_frequency": {"0.1": 20.90876638279754, "0.2": 69.31538500180507, "0.4": 113.71036417379867, "0.8": 196.07843137192384}, "ISI_CV": {"0.1": 0.16327953648330948, "0.2": 0.023530866787807643, "0.4": 0.012622606693745602, "0.8": 0.07119600075436808}, "time_to_first_spike": {"0.1": 22.600000000095747, "0.2": 7.900000000092405, "0.4": 3.8000000000914724, "0.8": 2.100000000091086}, "time_to_second_spike": {"0.1": 45.700000000101, "0.2": 19.40000000009502, "0.4": 12.200000000093382, "0.8": 8.600000000092564}, "AP_height": {"0.1": -2.3001526318546333, "0.2": 5.1157624224698095, "0.4": 10.004632719753765, "0.8": 14.314206535241796}, "AP_width": {"0.1": 0.7000000000001592, "0.2": 0.6000000000001364, "0.4": 0.7000000000001592, "0.8": 0.7000000000001592}, "AP_amplitude": {"0.1": 49.66785868725215, "0.2": 58.45540540367244, "0.4": 64.54123105706125, "0.8": 84.54607568611614}, "voltage_base": {"0.1": -70.23177127780929, "0.2": -70.23177127780929, "0.4": -70.23177127780929, "0.8": -70.23177127780929}}}}