{"BBP": {"L6_MC_cACint209_4": {"mean_frequency": {"0.1": 20.84498449337929, "0.2": 32.514631584235005, "0.4": 55.36819852019663, "0.8": 98.01960392085081}, "ISI_CV": {"0.1": 0.28201914523398697, "0.2": 0.24047781298421467, "0.4": 0.19680055135718122, "0.8": 0.15729510484048606}, "time_to_first_spike": {"0.1": 13.800000000093746, "0.2": 5.800000000091927, "0.4": 2.7000000000912223, "0.8": 1.5000000000909495}, "time_to_second_spike": {"0.1": 31.000000000097657, "0.2": 16.80000000009443, "0.4": 11.100000000093132, "0.8": 8.000000000092427}, "AP_height": {"0.1": 28.525795905286095, "0.2": 29.63235550738697, "0.4": 32.25772839210827, "0.8": 38.196593970438876}, "AP_width": {"0.1": 0.8000000000001819, "0.2": 0.8000000000001819, "0.4": 0.8000000000001819, "0.8": 0.9000000000002046}, "AP_amplitude": {"0.1": 84.44503615082097, "0.2": 84.66467383174628, "0.4": 87.58225880572708, "0.8": 109.12510769320772}, "voltage_base": {"0.1": -70.92793712880625, "0.2": -70.92793712880625, "0.4": -70.92793712880625, "0.8": -70.92793712880625}}}, "NetPyNE": {"L6_MC_cACint209_4": {"mean_frequency": {"0.1": 20.752138482577198, "0.2": 32.50050782045668, "0.4": 55.326425912923575, "0.8": 98.04907481905288}, "ISI_CV": {"0.1": 0.2819667943238894, "0.2": 0.24251038159554464, "0.4": 0.19635906746391468, "0.8": 0.15548794152433162}, "time_to_first_spike": {"0.1": 13.900000000093769, "0.2": 5.90000000009195, "0.4": 2.800000000091245, "0.8": 1.6000000000909722}, "time_to_second_spike": {"0.1": 31.200000000097702, "0.2": 17.000000000094474, "0.4": 11.200000000093155, "0.8": 8.10000000009245}, "AP_height": {"0.1": 30.17739062719445, "0.2": 29.569120249393887, "0.4": 35.30006196710676, "0.8": 35.950803691117294}, "AP_width": {"0.1": 0.8000000000001819, "0.2": 0.9000000000002046, "0.4": 0.9000000000002046, "0.8": 0.9000000000002046}, "AP_amplitude": {"0.1": 85.66590983510429, "0.2": 85.4492457100136, "0.4": 90.77679333859845, "0.8": 106.87931664914717}, "voltage_base": {"0.1": -70.9279363663484, "0.2": -70.9279363663484, "0.4": -70.9279363663484, "0.8": -70.9279363663484}}}}