{"BBP": {"L1_HAC_cNAC187_3": {"mean_frequency": {"0.1": 42.010426684241644, "0.2": 65.78616983884345, "0.4": 98.83108413190881, "0.8": 155.59216547685506}, "ISI_CV": {"0.1": 0.012243356263151244, "0.2": 0.011112312507066825, "0.4": 0.012718947196292194, "0.8": 0.0888556374981394}, "time_to_first_spike": {"0.1": 8.400000000092518, "0.2": 4.100000000091541, "0.4": 2.3000000000911314, "0.8": 1.300000000090904}, "time_to_second_spike": {"0.1": 31.300000000097725, "0.2": 17.60000000009461, "0.4": 11.100000000093132, "0.8": 7.6000000000923364}, "AP_height": {"0.1": 11.497323641150038, "0.2": 17.149795296938485, "0.4": 17.990812161990064, "0.8": 22.269798804211565}, "AP_width": {"0.1": 0.8000000000001819, "0.2": 0.8000000000001819, "0.4": 0.9000000000002046, "0.8": 0.8000000000001819}, "AP_amplitude": {"0.1": 62.16889872494817, "0.2": 70.48937437881075, "0.4": 72.20904940066373, "0.8": 90.94535956821024}, "voltage_base": {"0.1": -68.67285286033645, "0.2": -68.67285286033645, "0.4": -68.67285286033645, "0.8": -68.67285286033645}}}, "NetPyNE": {"L1_HAC_cNAC187_3": {"mean_frequency": {"0.1": 42.01260378116291, "0.2": 65.67732878777149, "0.4": 98.60353371046295, "0.8": 155.08441303494442}, "ISI_CV": {"0.1": 0.01185763747657468, "0.2": 0.010470873345905327, "0.4": 0.013316358997600659, "0.8": 0.09245857247797781}, "time_to_first_spike": {"0.1": 8.400000000092518, "0.2": 4.200000000091563, "0.4": 2.3000000000911314, "0.8": 1.300000000090904}, "time_to_second_spike": {"0.1": 31.400000000097748, "0.2": 17.800000000094656, "0.4": 11.300000000093178, "0.8": 7.700000000092359}, "AP_height": {"0.1": 11.382787241269547, "0.2": 17.387641995775702, "0.4": 20.012505990234622, "0.8": 22.053180139031806}, "AP_width": {"0.1": 0.8000000000001819, "0.2": 0.8000000000001819, "0.4": 0.8000000000001819, "0.8": 0.9000000000002046}, "AP_amplitude": {"0.1": 62.34834872960864, "0.2": 70.98655867362376, "0.4": 74.36796577325242, "0.8": 90.72873635488723}, "voltage_base": {"0.1": -68.6728483070739, "0.2": -68.6728483070739, "0.4": -68.6728483070739, "0.8": -68.6728483070739}}}}