{"BBP": {"L23_DBC_cACint209_1": {"mean_frequency": {"0.1": 33.56208986627538, "0.2": 57.497352095666166, "0.4": 107.39737027007195, "0.8": 212.56376913088377}, "ISI_CV": {"0.1": 0.23169178552293856, "0.2": 0.18604876159342906, "0.4": 0.14178134009287655, "0.8": 0.06528239480636436}, "time_to_first_spike": {"0.1": 4.600000000091654, "0.2": 2.000000000091063, "0.4": 1.1000000000908585, "0.8": 0.6000000000907448}, "time_to_second_spike": {"0.1": 14.900000000093996, "0.2": 9.800000000092837, "0.4": 7.2000000000922455, "0.8": 5.500000000091859}, "AP_height": {"0.1": 36.923264345059486, "0.2": 39.61124661272636, "0.4": 36.67811672788425, "0.8": 41.843820716564785}, "AP_width": {"0.1": 0.9000000000002046, "0.2": 0.9000000000002046, "0.4": 0.9000000000002046, "0.8": 1.0000000000002274}, "AP_amplitude": {"0.1": 93.22237986621606, "0.2": 111.14105502929065, "0.4": 108.20792514212636, "0.8": 113.37362912616257}, "voltage_base": {"0.1": -71.52911746889329, "0.2": -71.52911746889329, "0.4": -71.52911746889329, "0.8": -71.52911746889329}}}, "NetPyNE": {"L23_DBC_cACint209_1": {"mean_frequency": {"0.1": 33.50934199839797, "0.2": 57.31811554129287, "0.4": 107.03210963296264, "0.8": 210.3470726700483}, "ISI_CV": {"0.1": 0.2335307943417672, "0.2": 0.18578715537634058, "0.4": 0.14006185504506455, "0.8": 0.06422651013425218}, "time_to_first_spike": {"0.1": 4.700000000091677, "0.2": 2.100000000091086, "0.4": 1.1000000000908585, "0.8": 0.7000000000907676}, "time_to_second_spike": {"0.1": 15.100000000094042, "0.2": 9.90000000009286, "0.4": 7.300000000092268, "0.8": 5.600000000091882}, "AP_height": {"0.1": 37.262463244498434, "0.2": 36.769240165345934, "0.4": 40.88068683753936, "0.8": 39.54018579849337}, "AP_width": {"0.1": 0.8000000000001819, "0.2": 0.8000000000001819, "0.4": 0.9000000000002046, "0.8": 0.9000000000002046}, "AP_amplitude": {"0.1": 93.78481469894234, "0.2": 108.29904768641697, "0.4": 112.41049435387853, "0.8": 111.06999294664466}, "voltage_base": {"0.1": -71.5291162072584, "0.2": -71.5291162072584, "0.4": -71.5291162072584, "0.8": -71.5291162072584}}}}