{"BBP": {"L5_NBC_bIR215_2": {"mean_frequency": {"0.1": 30.864197530770866, "0.2": 10.239082578207901, "0.4": 16.165698408700017, "0.8": 22.696323195657694}, "ISI_CV": {"0.1": 0, "0.2": 0.3074901475687429, "0.4": 0.2985682986392781, "0.8": 0.32794864552997316}, "time_to_first_spike": {"0.1": 32.400000000097975, "0.2": 7.0000000000922, "0.4": 3.0000000000912905, "0.8": 1.5000000000909495}, "time_to_second_spike": {"0.1": 0, "0.2": 34.10000000009836, "0.4": 19.300000000094997, "0.8": 12.000000000093337}, "AP_height": {"0.1": 15.746595423492844, "0.2": 23.51813614863329, "0.4": 26.452059911963353, "0.8": 31.637324161971055}, "AP_width": {"0.1": 0.5000000000001137, "0.2": 0.6000000000001364, "0.4": 0.6000000000001364, "0.8": 0.6000000000001364}, "AP_amplitude": {"0.1": 72.23311590561902, "0.2": 80.20293578172661, "0.4": 99.66099988479783, "0.8": 104.82150316011263}, "voltage_base": {"0.1": -73.0855131251285, "0.2": -73.0855131251285, "0.4": -73.0855131251285, "0.8": -73.0855131251285}}}, "NetPyNE": {"L5_NBC_bIR215_2": {"mean_frequency": {"0.1": 0, "0.2": 6.0790273556272165, "0.4": 14.520328459853651, "0.8": 21.457034842152016}, "ISI_CV": {"0.1": 0, "0.2": 0.14581722408175635, "0.4": 0.2752116782959906, "0.8": 0.3120230020976296}, "time_to_first_spike": {"0.1": 0, "0.2": 9.500000000092768, "0.4": 3.600000000091427, "0.8": 1.700000000090995}, "time_to_second_spike": {"0.1": 0, "0.2": 50.100000000102, "0.4": 21.500000000095497, "0.8": 13.000000000093564}, "AP_height": {"0.1": 0, "0.2": 22.405547471970685, "0.4": 26.18766662394783, "0.8": 30.412698753702912}, "AP_width": {"0.1": 0, "0.2": 0.5000000000001137, "0.4": 0.5000000000001137, "0.8": 0.6000000000001364}, "AP_amplitude": {"0.1": 0, "0.2": 78.93938982313959, "0.4": 101.70012558275126, "0.8": 105.92515779981908}, "voltage_base": {"0.1": -75.51107815464539, "0.2": -75.51107815464539, "0.4": -75.51107815464539, "0.8": -75.51107815464539}}}}