{"BBP": {"L6_NGC_bNAC219_3": {"mean_frequency": {"0.1": 53.85273541701777, "0.2": 94.20253545128413, "0.4": 150.05251838153555, "0.8": 258.6206896530935}, "ISI_CV": {"0.1": 0.03562362910543155, "0.2": 0.01784906829435992, "0.4": 0.026470726195172628, "0.8": 0}, "time_to_first_spike": {"0.1": 7.700000000092359, "0.2": 4.100000000091541, "0.4": 2.400000000091154, "0.8": 1.4000000000909267}, "time_to_second_spike": {"0.1": 21.000000000095383, "0.2": 13.400000000093655, "0.4": 9.400000000092746, "0.8": 6.8000000000921546}, "AP_height": {"0.1": 5.058703688685444, "0.2": 9.709350312554355, "0.4": 11.91334969252725, "0.8": 16.27826339739259}, "AP_width": {"0.1": 0.7000000000001592, "0.2": 0.7000000000001592, "0.4": 0.8000000000001819, "0.8": 0.7000000000001592}, "AP_amplitude": {"0.1": 59.75839225241778, "0.2": 64.74084199842197, "0.4": 82.44391714933836, "0.8": 86.80883085235874}, "voltage_base": {"0.1": -70.53045413690387, "0.2": -70.53045413690387, "0.4": -70.53045413690387, "0.8": -70.53045413690387}}}, "NetPyNE": {"L6_NGC_bNAC219_3": {"mean_frequency": {"0.1": 53.77424866824437, "0.2": 93.93208760303746, "0.4": 164.16845110626218, "0.8": 254.2372881335832}, "ISI_CV": {"0.1": 0.03540409709459902, "0.2": 0.017276544976295428, "0.4": 0.043711380046794125, "0.8": 0}, "time_to_first_spike": {"0.1": 7.900000000092405, "0.2": 4.200000000091563, "0.4": 2.400000000091154, "0.8": 1.5000000000909495}, "time_to_second_spike": {"0.1": 21.20000000009543, "0.2": 13.500000000093678, "0.4": 9.500000000092768, "0.8": 6.900000000092177}, "AP_height": {"0.1": 5.14423471831023, "0.2": 9.612775773807442, "0.4": 12.564991240201952, "0.8": 14.288014951964046}, "AP_width": {"0.1": 0.7000000000001592, "0.2": 0.8000000000001819, "0.4": 0.7000000000001592, "0.8": 0.8000000000001819}, "AP_amplitude": {"0.1": 59.30183638536029, "0.2": 63.75389345940451, "0.4": 67.03835754045312, "0.8": 84.81858234125762}, "voltage_base": {"0.1": -70.53045407051025, "0.2": -70.53045407051025, "0.4": -70.53045407051025, "0.8": -70.53045407051025}}}}