{"BBP": {"L5_SBC_bNAC219_5": {"mean_frequency": {"0.1": 16.550478960841776, "0.2": 76.46259872232163, "0.4": 123.74129552636033, "0.8": 177.66878534619957}, "ISI_CV": {"0.1": 0.1896563063883413, "0.2": 0.027148125904796032, "0.4": 0.011153336113739113, "0.8": 0.011422775167107019}, "time_to_first_spike": {"0.1": 7.500000000092314, "0.2": 3.900000000091495, "0.4": 2.3000000000911314, "0.8": 1.4000000000909267}, "time_to_second_spike": {"0.1": 20.10000000009518, "0.2": 13.100000000093587, "0.4": 9.700000000092814, "0.8": 7.500000000092314}, "AP_height": {"0.1": 10.301309685666777, "0.2": 12.968770835271041, "0.4": 16.822484975739798, "0.8": 21.853134360029937}, "AP_width": {"0.1": 0.6000000000001364, "0.2": 0.6000000000001364, "0.4": 0.6000000000001364, "0.8": 0.6000000000001364}, "AP_amplitude": {"0.1": 68.58637693292128, "0.2": 69.11209953454872, "0.4": 87.61609076361889, "0.8": 92.64674014598451}, "voltage_base": {"0.1": -70.79347299907283, "0.2": -70.79347299907283, "0.4": -70.79347299907283, "0.8": -70.79347299907283}}}, "NetPyNE": {"L5_SBC_bNAC219_5": {"mean_frequency": {"0.1": 16.52809776621378, "0.2": 76.11417125693707, "0.4": 122.97344777401315, "0.8": 175.86932558384535}, "ISI_CV": {"0.1": 0.1897864219022122, "0.2": 0.02687528755988273, "0.4": 0.010460821741328629, "0.8": 0.010505763431749573}, "time_to_first_spike": {"0.1": 7.6000000000923364, "0.2": 3.900000000091495, "0.4": 2.3000000000911314, "0.8": 1.4000000000909267}, "time_to_second_spike": {"0.1": 20.2000000000952, "0.2": 13.20000000009361, "0.4": 9.800000000092837, "0.8": 7.6000000000923364}, "AP_height": {"0.1": 10.751079489024567, "0.2": 14.830307185441965, "0.4": 18.309323355920586, "0.8": 18.082031468899245}, "AP_width": {"0.1": 0.5000000000001137, "0.2": 0.6000000000001364, "0.4": 0.6000000000001364, "0.8": 0.6000000000001364}, "AP_amplitude": {"0.1": 67.84593711565424, "0.2": 71.50526569715188, "0.4": 89.1029288710072, "0.8": 88.87563694580045}, "voltage_base": {"0.1": -70.79347268914503, "0.2": -70.79347268914503, "0.4": -70.79347268914503, "0.8": -70.79347268914503}}}}