{"BBP": {"L6_DBC_bSTUT213_4": {"mean_frequency": {"0.1": 15.873828665072923, "0.2": 86.89973879853198, "0.4": 136.04761666592555, "0.8": 198.32723994604555}, "ISI_CV": {"0.1": 0.32650893668335673, "0.2": 0.0343345016612171, "0.4": 0.0141478328186045, "0.8": 0.013267561824929662}, "time_to_first_spike": {"0.1": 11.800000000093291, "0.2": 4.000000000091518, "0.4": 2.000000000091063, "0.8": 1.1000000000908585}, "time_to_second_spike": {"0.1": 26.100000000096543, "0.2": 13.100000000093587, "0.4": 8.900000000092632, "0.8": 6.700000000092132}, "AP_height": {"0.1": 13.129838276681216, "0.2": 18.31780970365432, "0.4": 18.851506675741067, "0.8": 23.26278939399673}, "AP_width": {"0.1": 0.5000000000001137, "0.2": 0.5000000000001137, "0.4": 0.5000000000001137, "0.8": 0.6000000000001364}, "AP_amplitude": {"0.1": 69.8143241885332, "0.2": 75.05749526414493, "0.4": 90.99737331822271, "0.8": 94.99185164777838}, "voltage_base": {"0.1": -71.57975367293866, "0.2": -71.57975367293866, "0.4": -71.57975367293866, "0.8": -71.57975367293866}}}, "NetPyNE": {"L6_DBC_bSTUT213_4": {"mean_frequency": {"0.1": 45.662100456421705, "0.2": 63.348416289635765, "0.4": 126.50000000008603, "0.8": 183.63772829634703}, "ISI_CV": {"0.1": 0, "0.2": 0.042819803961160786, "0.4": 0.01360439116602484, "0.8": 0.01007505810726029}, "time_to_first_spike": {"0.1": 21.900000000095588, "0.2": 4.9000000000917225, "0.4": 2.3000000000911314, "0.8": 1.300000000090904}, "time_to_second_spike": {"0.1": 0, "0.2": 14.70000000009395, "0.4": 9.500000000092768, "0.8": 7.100000000092223}, "AP_height": {"0.1": 8.866787313896793, "0.2": 16.85477369972965, "0.4": 22.004853622836823, "0.8": 24.80508220947299}, "AP_width": {"0.1": 0.6000000000001364, "0.2": 0.6000000000001364, "0.4": 0.6000000000001364, "0.8": 0.6000000000001364}, "AP_amplitude": {"0.1": 64.38039429600519, "0.2": 73.41524565868389, "0.4": 96.65573130211249, "0.8": 99.45595988558192}, "voltage_base": {"0.1": -74.65083970151903, "0.2": -74.65083970151903, "0.4": -74.65083970151903, "0.8": -74.65083970151903}}}}