{"BBP": {"L4_SS_cADpyr230_3": {"mean_frequency": {"0.1": 2.014200110782373, "0.2": 6.103763987796599, "0.4": 9.358427784138545, "0.8": 17.036628751827983}, "ISI_CV": {"0.1": 0.034398409997815446, "0.2": 0.24266034289218516, "0.4": 0.2738383398711453, "0.8": 0.21088437380560754}, "time_to_first_spike": {"0.1": 123.80000000011876, "0.2": 20.400000000095247, "0.4": 7.6000000000923364, "0.8": 2.900000000091268}, "time_to_second_spike": {"0.1": 600.3999999999128, "0.2": 57.80000000010375, "0.4": 29.30000000009727, "0.8": 16.80000000009443}, "AP_height": {"0.1": 33.734453804457445, "0.2": 35.33972457964384, "0.4": 39.1304697695274, "0.8": 41.95903116955734}, "AP_width": {"0.1": 0.9000000000002046, "0.2": 0.8000000000001819, "0.4": 0.9000000000002046, "0.8": 0.9000000000002046}, "AP_amplitude": {"0.1": 88.76277842881684, "0.2": 91.57814701163025, "0.4": 95.4678790543106, "0.8": 115.25826696840261}, "voltage_base": {"0.1": -73.29875024672101, "0.2": -73.29875024672101, "0.4": -73.29875024672101, "0.8": -73.29875024672101}}}, "NetPyNE": {"L4_SS_cADpyr230_3": {"mean_frequency": {"0.1": 2.008536279187907, "0.2": 6.089206880807896, "0.4": 9.334647098486796, "0.8": 17.00592630766411}, "ISI_CV": {"0.1": 0.033712977252106195, "0.2": 0.24179811213106223, "0.4": 0.2730777259921891, "0.8": 0.21361830626584327}, "time_to_first_spike": {"0.1": 124.20000000011885, "0.2": 20.50000000009527, "0.4": 7.700000000092359, "0.8": 3.0000000000912905}, "time_to_second_spike": {"0.1": 602.9999999999104, "0.2": 58.000000000103796, "0.4": 29.500000000097316, "0.8": 16.90000000009445}, "AP_height": {"0.1": 33.79599295175913, "0.2": 36.84799838517033, "0.4": 38.94058157288034, "0.8": 41.424058423777744}, "AP_width": {"0.1": 0.9000000000002046, "0.2": 0.8000000000001819, "0.4": 0.9000000000002046, "0.8": 0.9000000000002046}, "AP_amplitude": {"0.1": 89.82498315613458, "0.2": 92.8154943555745, "0.4": 94.28253428713009, "0.8": 114.72329320988703}, "voltage_base": {"0.1": -73.2987492133606, "0.2": -73.2987492133606, "0.4": -73.2987492133606, "0.8": -73.2987492133606}}}}