{"BBP": {"L6_MC_bSTUT213_1": {"mean_frequency": {"0.1": 0, "0.2": 21.534044298619932, "0.4": 101.60668702144152, "0.8": 155.7882081852484}, "ISI_CV": {"0.1": 0, "0.2": 0.4588457015060515, "0.4": 0.023995731931785183, "0.8": 0.012259234312838268}, "time_to_first_spike": {"0.1": 0, "0.2": 10.600000000093019, "0.4": 3.7000000000914497, "0.8": 1.700000000090995}, "time_to_second_spike": {"0.1": 0, "0.2": 25.000000000096293, "0.4": 12.300000000093405, "0.8": 8.10000000009245}, "AP_height": {"0.1": 0, "0.2": 9.82396350050343, "0.4": 17.379386205171734, "0.8": 22.72173233565824}, "AP_width": {"0.1": 0, "0.2": 0.6000000000001364, "0.4": 0.6000000000001364, "0.8": 0.6000000000001364}, "AP_amplitude": {"0.1": 0, "0.2": 64.68072001817418, "0.4": 72.2155090155151, "0.8": 96.03999040389937}, "voltage_base": {"0.1": -73.22771417954631, "0.2": -73.22771417954631, "0.4": -73.22771417954631, "0.8": -73.22771417954631}}}, "NetPyNE": {"L6_MC_bSTUT213_1": {"mean_frequency": {"0.1": 0, "0.2": 9.074410163345537, "0.4": 91.71553149908503, "0.8": 148.08885331208788}, "ISI_CV": {"0.1": 0, "0.2": 0.22424153492763213, "0.4": 0.02107914239350622, "0.8": 0.011566412864662376}, "time_to_first_spike": {"0.1": 0, "0.2": 14.900000000093996, "0.4": 4.200000000091563, "0.8": 1.9000000000910404}, "time_to_second_spike": {"0.1": 0, "0.2": 37.00000000009902, "0.4": 13.100000000093587, "0.8": 8.400000000092518}, "AP_height": {"0.1": 0, "0.2": 9.368221961527114, "0.4": 17.690759348489745, "0.8": 22.331325173552806}, "AP_width": {"0.1": 0, "0.2": 0.6000000000001364, "0.4": 0.6000000000001364, "0.8": 0.6000000000001364}, "AP_amplitude": {"0.1": 0, "0.2": 64.74347659809331, "0.4": 73.40065591004581, "0.8": 97.13491619830893}, "voltage_base": {"0.1": -74.80356077808288, "0.2": -74.80356077808288, "0.4": -74.80356077808288, "0.8": -74.80356077808288}}}}