{"BBP": {"L5_TTPC1_cADpyr232_3": {"mean_frequency": {"0.1": 0, "0.2": 0, "0.4": 7.732755954227288, "0.8": 13.95925964223873}, "ISI_CV": {"0.1": 0, "0.2": 0, "0.4": 0.04966563461660014, "0.8": 0.12005715683383353}, "time_to_first_spike": {"0.1": 0, "0.2": 0, "0.4": 31.50000000009777, "0.8": 11.100000000093132}, "time_to_second_spike": {"0.1": 0, "0.2": 0, "0.4": 77.8000000001083, "0.8": 30.900000000097634}, "AP_height": {"0.1": 0, "0.2": 0, "0.4": 30.441682456409577, "0.8": 32.902704172787764}, "AP_width": {"0.1": 0, "0.2": 0, "0.4": 0.9000000000002046, "0.8": 0.9000000000002046}, "AP_amplitude": {"0.1": 0, "0.2": 0, "0.4": 83.4175736955749, "0.8": 85.72721969825011}, "voltage_base": {"0.1": -71.23159299171725, "0.2": -71.23159299171725, "0.4": -71.23159299171725, "0.8": -71.23159299171725}}}, "NetPyNE": {"L5_TTPC1_cADpyr232_3": {"mean_frequency": {"0.1": 0, "0.2": 0, "0.4": 7.64292265362791, "0.8": 13.81710250244011}, "ISI_CV": {"0.1": 0, "0.2": 0, "0.4": 0.04628847560897143, "0.8": 0.11863939130215768}, "time_to_first_spike": {"0.1": 0, "0.2": 0, "0.4": 31.700000000097816, "0.8": 11.200000000093155}, "time_to_second_spike": {"0.1": 0, "0.2": 0, "0.4": 78.50000000010846, "0.8": 31.10000000009768}, "AP_height": {"0.1": 0, "0.2": 0, "0.4": 30.458385680916432, "0.8": 32.68346271885849}, "AP_width": {"0.1": 0, "0.2": 0, "0.4": 0.8000000000001819, "0.8": 0.9000000000002046}, "AP_amplitude": {"0.1": 0, "0.2": 0, "0.4": 83.42635414807509, "0.8": 86.38260531339486}, "voltage_base": {"0.1": -71.23159223305572, "0.2": -71.23159223305572, "0.4": -71.23159223305572, "0.8": -71.23159223305572}}}}