{"BBP": {"L6_MC_bSTUT213_3": {"mean_frequency": {"0.1": 15.69143551327242, "0.2": 78.05854390798402, "0.4": 127.39492426530873, "0.8": 181.78176173080612}, "ISI_CV": {"0.1": 0.4815832027188279, "0.2": 0.04445296273360481, "0.4": 0.02431184833902972, "0.8": 0.013024082404942475}, "time_to_first_spike": {"0.1": 11.700000000093269, "0.2": 4.400000000091609, "0.4": 2.000000000091063, "0.8": 1.1000000000908585}, "time_to_second_spike": {"0.1": 28.800000000097157, "0.2": 14.200000000093837, "0.4": 9.100000000092678, "0.8": 6.600000000092109}, "AP_height": {"0.1": 17.237998086276324, "0.2": 22.13478497652322, "0.4": 23.114555084271515, "0.8": 27.17285394041648}, "AP_width": {"0.1": 0.6000000000001364, "0.2": 0.6000000000001364, "0.4": 0.6000000000001364, "0.8": 0.7000000000001592}, "AP_amplitude": {"0.1": 72.83127789372386, "0.2": 78.20540554323922, "0.4": 96.89017699273501, "0.8": 101.6237510683525}, "voltage_base": {"0.1": -74.483894652129, "0.2": -74.483894652129, "0.4": -74.483894652129, "0.8": -74.483894652129}}}, "NetPyNE": {"L6_MC_bSTUT213_3": {"mean_frequency": {"0.1": 8.52969399723352, "0.2": 71.76913425349919, "0.4": 123.29591018452645, "0.8": 176.9600962503709}, "ISI_CV": {"0.1": 0.24697508390786152, "0.2": 0.036875460460392744, "0.4": 0.022430375945038498, "0.8": 0.011444238887989447}, "time_to_first_spike": {"0.1": 14.400000000093883, "0.2": 4.700000000091677, "0.4": 2.2000000000911086, "0.8": 1.2000000000908813}, "time_to_second_spike": {"0.1": 36.800000000098976, "0.2": 14.800000000093974, "0.4": 9.400000000092746, "0.8": 6.8000000000921546}, "AP_height": {"0.1": 15.112028585284296, "0.2": 18.192360087449092, "0.4": 22.93600849074547, "0.8": 24.882736782652294}, "AP_width": {"0.1": 0.6000000000001364, "0.2": 0.7000000000001592, "0.4": 0.6000000000001364, "0.8": 0.6000000000001364}, "AP_amplitude": {"0.1": 69.6003660215319, "0.2": 72.90429138667028, "0.4": 97.94834968157572, "0.8": 99.8950780050447}, "voltage_base": {"0.1": -75.01229279141708, "0.2": -75.01229279141708, "0.4": -75.01229279141708, "0.8": -75.01229279141708}}}}