{"BBP": {"L23_DBC_bAC217_1": {"mean_frequency": {"0.1": 11.168079597956691, "0.2": 16.19187370339608, "0.4": 22.320296251219894, "0.8": 31.065390099837657}, "ISI_CV": {"0.1": 0.2903552211449342, "0.2": 0.2959531256865868, "0.4": 0.3025213850526331, "0.8": 0.30882674772996754}, "time_to_first_spike": {"0.1": 5.800000000091927, "0.2": 2.3000000000911314, "0.4": 1.1000000000908585, "0.8": 0.6000000000907448}, "time_to_second_spike": {"0.1": 30.70000000009759, "0.2": 18.30000000009477, "0.4": 11.500000000093223, "0.8": 7.800000000092382}, "AP_height": {"0.1": 27.428325255807383, "0.2": 27.78995998177166, "0.4": 34.92762625821155, "0.8": 29.63133933378734}, "AP_width": {"0.1": 0.5000000000001137, "0.2": 0.5000000000001137, "0.4": 0.6000000000001364, "0.8": 0.6000000000001364}, "AP_amplitude": {"0.1": 84.0995774286358, "0.2": 100.40617011427193, "0.4": 107.5438363883595, "0.8": 102.24754945923094}, "voltage_base": {"0.1": -72.61307454287828, "0.2": -72.61307454287828, "0.4": -72.61307454287828, "0.8": -72.61307454287828}}}, "NetPyNE": {"L23_DBC_bAC217_1": {"mean_frequency": {"0.1": 11.01652478718826, "0.2": 16.065505804322566, "0.4": 22.01430930106065, "0.8": 30.591775325998718}, "ISI_CV": {"0.1": 0.2884207187400015, "0.2": 0.2998697455284572, "0.4": 0.3010322190997352, "0.8": 0.30726268756062713}, "time_to_first_spike": {"0.1": 5.90000000009195, "0.2": 2.3000000000911314, "0.4": 1.2000000000908813, "0.8": 0.7000000000907676}, "time_to_second_spike": {"0.1": 31.000000000097657, "0.2": 18.500000000094815, "0.4": 11.700000000093269, "0.8": 7.900000000092405}, "AP_height": {"0.1": 26.324423816614893, "0.2": 31.065412755977558, "0.4": 32.16683802597634, "0.8": 35.53725809835661}, "AP_width": {"0.1": 0.5000000000001137, "0.2": 0.6000000000001364, "0.4": 0.6000000000001364, "0.8": 0.6000000000001364}, "AP_amplitude": {"0.1": 82.24578574114389, "0.2": 103.68161804501597, "0.4": 104.78304324963881, "0.8": 108.15346271970787}, "voltage_base": {"0.1": -72.61306902002715, "0.2": -72.61306902002715, "0.4": -72.61306902002715, "0.8": -72.61306902002715}}}}