{"BBP": {"L23_NGC_cNAC187_3": {"mean_frequency": {"0.1": 39.06250000002655, "0.2": 64.83063624489274, "0.4": 109.75243059043241, "0.8": 194.1747572810822}, "ISI_CV": {"0.1": 0.009015547311364744, "0.2": 0.024106335061001065, "0.4": 0.06696633244553028, "0.8": 0.09540160431242965}, "time_to_first_spike": {"0.1": 11.900000000093314, "0.2": 5.700000000091904, "0.4": 2.900000000091268, "0.8": 1.6000000000909722}, "time_to_second_spike": {"0.1": 36.60000000009893, "0.2": 19.700000000095088, "0.4": 11.700000000093269, "0.8": 8.000000000092427}, "AP_height": {"0.1": 6.524252901482534, "0.2": 10.478421949851828, "0.4": 14.676585761658545, "0.8": 17.947199229152666}, "AP_width": {"0.1": 0.8000000000001819, "0.2": 0.8000000000001819, "0.4": 0.8000000000001819, "0.8": 0.8000000000001819}, "AP_amplitude": {"0.1": 61.36633624812137, "0.2": 65.9120478451122, "0.4": 69.45705503912612, "0.8": 86.29118911535107}, "voltage_base": {"0.1": -68.34157918649039, "0.2": -68.34157918649039, "0.4": -68.34157918649039, "0.8": -68.34157918649039}}}, "NetPyNE": {"L23_NGC_cNAC187_3": {"mean_frequency": {"0.1": 39.0019500975314, "0.2": 64.77854775539198, "0.4": 110.59400490424373, "0.8": 191.78082191728853}, "ISI_CV": {"0.1": 0.009570854021447122, "0.2": 0.025099745623538897, "0.4": 0.07253312724405878, "0.8": 0.07861694509288689}, "time_to_first_spike": {"0.1": 12.000000000093337, "0.2": 5.800000000091927, "0.4": 3.0000000000912905, "0.8": 1.700000000090995}, "time_to_second_spike": {"0.1": 36.70000000009895, "0.2": 19.900000000095133, "0.4": 11.900000000093314, "0.8": 8.200000000092473}, "AP_height": {"0.1": 5.810738654417291, "0.2": 9.91962678530448, "0.4": 13.584754938843746, "0.8": 17.125479232361716}, "AP_width": {"0.1": 0.8000000000001819, "0.2": 0.8000000000001819, "0.4": 0.8000000000001819, "0.8": 0.9000000000002046}, "AP_amplitude": {"0.1": 61.435912933076004, "0.2": 65.69576550860961, "0.4": 68.69638461535081, "0.8": 85.4694651854317}, "voltage_base": {"0.1": -68.3415752493508, "0.2": -68.3415752493508, "0.4": -68.3415752493508, "0.8": -68.3415752493508}}}}