{"BBP": {"L5_DBC_bIR215_5": {"mean_frequency": {"0.1": 0, "0.2": 10.228609420556179, "0.4": 16.439763678408198, "0.8": 78.19287576012918}, "ISI_CV": {"0.1": 0, "0.2": 0.36221651863932947, "0.4": 0.36906941412293887, "0.8": 0.31016256905819206}, "time_to_first_spike": {"0.1": 0, "0.2": 9.400000000092746, "0.4": 3.4000000000913815, "0.8": 1.6000000000909722}, "time_to_second_spike": {"0.1": 0, "0.2": 36.50000000009891, "0.4": 18.500000000094815, "0.8": 11.00000000009311}, "AP_height": {"0.1": 0, "0.2": 15.208524523951905, "0.4": 21.778509751371143, "0.8": 26.46891881794818}, "AP_width": {"0.1": 0, "0.2": 0.5000000000001137, "0.4": 0.6000000000001364, "0.8": 0.6000000000001364}, "AP_amplitude": {"0.1": 0, "0.2": 71.98088638719445, "0.4": 93.09456856599859, "0.8": 97.91188290419373}, "voltage_base": {"0.1": -71.43634038447406, "0.2": -71.43634038447406, "0.4": -71.43634038447406, "0.8": -71.43634038447406}}}, "NetPyNE": {"L5_DBC_bIR215_5": {"mean_frequency": {"0.1": 0, "0.2": 6.003056101291885, "0.4": 15.177577658615967, "0.8": 37.29603729601306}, "ISI_CV": {"0.1": 0, "0.2": 0.24908672535411439, "0.4": 0.3156458443418299, "0.8": 1.3539387082795238}, "time_to_first_spike": {"0.1": 0, "0.2": 13.700000000093723, "0.4": 4.400000000091609, "0.8": 1.9000000000910404}, "time_to_second_spike": {"0.1": 0, "0.2": 56.20000000010339, "0.4": 21.60000000009552, "0.8": 12.10000000009336}, "AP_height": {"0.1": 0, "0.2": 13.620307158381102, "0.4": 19.148528085243367, "0.8": 26.29549295034956}, "AP_width": {"0.1": 0, "0.2": 0.5000000000001137, "0.4": 0.5000000000001137, "0.8": 0.6000000000001364}, "AP_amplitude": {"0.1": 0, "0.2": 68.89048407093759, "0.4": 93.09868390634917, "0.8": 100.2456488431905}, "voltage_base": {"0.1": -73.94938041903663, "0.2": -73.94938041903663, "0.4": -73.94938041903663, "0.8": -73.94938041903663}}}}