{"BBP": {"L23_NBC_bAC217_5": {"mean_frequency": {"0.1": 6.829883366611689, "0.2": 9.824198552229976, "0.4": 13.430445787498055, "0.8": 18.53336004809915}, "ISI_CV": {"0.1": 0.2795640495532573, "0.2": 0.32194117835119707, "0.4": 0.3394871187194441, "0.8": 0.34224796358037535}, "time_to_first_spike": {"0.1": 12.700000000093496, "0.2": 5.90000000009195, "0.4": 3.0000000000912905, "0.8": 1.700000000090995}, "time_to_second_spike": {"0.1": 47.60000000010143, "0.2": 26.900000000096725, "0.4": 16.300000000094315, "0.8": 10.400000000092973}, "AP_height": {"0.1": 12.272382736824312, "0.2": 16.158607029156688, "0.4": 19.623444443714202, "0.8": 23.305311375161367}, "AP_width": {"0.1": 0.7000000000001592, "0.2": 0.7000000000001592, "0.4": 0.7000000000001592, "0.8": 0.7000000000001592}, "AP_amplitude": {"0.1": 67.04432098234275, "0.2": 71.7424938666003, "0.4": 74.80055886429297, "0.8": 94.29643292164045}, "voltage_base": {"0.1": -70.98834756983538, "0.2": -70.98834756983538, "0.4": -70.98834756983538, "0.8": -70.98834756983538}}}, "NetPyNE": {"L23_NBC_bAC217_5": {"mean_frequency": {"0.1": 6.784614581706962, "0.2": 9.758101792415799, "0.4": 13.330598851526625, "0.8": 18.491884117538657}, "ISI_CV": {"0.1": 0.2772409067246689, "0.2": 0.3206192976947267, "0.4": 0.33873191685538945, "0.8": 0.34692449506682227}, "time_to_first_spike": {"0.1": 12.800000000093519, "0.2": 6.000000000091973, "0.4": 3.1000000000913133, "0.8": 1.8000000000910177}, "time_to_second_spike": {"0.1": 47.9000000001015, "0.2": 27.200000000096793, "0.4": 16.50000000009436, "0.8": 10.500000000092996}, "AP_height": {"0.1": 12.167984903548087, "0.2": 15.436511160782263, "0.4": 20.260116315022113, "0.8": 21.247373109825464}, "AP_width": {"0.1": 0.7000000000001592, "0.2": 0.7000000000001592, "0.4": 0.7000000000001592, "0.8": 0.7000000000001592}, "AP_amplitude": {"0.1": 66.13948746495802, "0.2": 70.22481586689734, "0.4": 74.31840583398751, "0.8": 92.2384904265646}, "voltage_base": {"0.1": -70.98834332397877, "0.2": -70.98834332397877, "0.4": -70.98834332397877, "0.8": -70.98834332397877}}}}