{"BBP": {"L1_DLAC_cNAC187_5": {"mean_frequency": {"0.1": 52.01232136548493, "0.2": 77.23169508530823, "0.4": 113.186758151026, "0.8": 173.55206561980393}, "ISI_CV": {"0.1": 0.041632643010483986, "0.2": 0.03424361126340674, "0.4": 0.01572873199224421, "0.8": 0.038625852294353266}, "time_to_first_spike": {"0.1": 4.500000000091632, "0.2": 2.400000000091154, "0.4": 1.4000000000909267, "0.8": 0.900000000090813}, "time_to_second_spike": {"0.1": 20.90000000009536, "0.2": 12.900000000093542, "0.4": 8.80000000009261, "0.8": 6.300000000092041}, "AP_height": {"0.1": 20.17710071956641, "0.2": 25.592159451794792, "0.4": 27.614256643725152, "0.8": 27.806667664955405}, "AP_width": {"0.1": 0.8000000000001819, "0.2": 0.7000000000001592, "0.4": 0.8000000000001819, "0.8": 0.8000000000001819}, "AP_amplitude": {"0.1": 75.66213865083326, "0.2": 80.45679009093207, "0.4": 96.52729684983822, "0.8": 96.71970786849653}, "voltage_base": {"0.1": -68.91001958067488, "0.2": -68.91001958067488, "0.4": -68.91001958067488, "0.8": -68.91001958067488}}}, "NetPyNE": {"L1_DLAC_cNAC187_5": {"mean_frequency": {"0.1": 51.80044256692311, "0.2": 76.93468094740476, "0.4": 112.65208030849294, "0.8": 172.72454190459322}, "ISI_CV": {"0.1": 0.040623734467001946, "0.2": 0.0329275483521131, "0.4": 0.014766465863498118, "0.8": 0.03988605515726672}, "time_to_first_spike": {"0.1": 4.600000000091654, "0.2": 2.500000000091177, "0.4": 1.5000000000909495, "0.8": 0.900000000090813}, "time_to_second_spike": {"0.1": 21.100000000095406, "0.2": 13.000000000093564, "0.4": 8.900000000092632, "0.8": 6.400000000092064}, "AP_height": {"0.1": 19.299878700245205, "0.2": 24.976736538073418, "0.4": 25.326742150805927, "0.8": 29.582321353298763}, "AP_width": {"0.1": 0.7000000000001592, "0.2": 0.7000000000001592, "0.4": 0.8000000000001819, "0.8": 0.8000000000001819}, "AP_amplitude": {"0.1": 75.17740153795906, "0.2": 80.05323437809008, "0.4": 94.23977723396358, "0.8": 98.49535641273441}, "voltage_base": {"0.1": -68.91001443024072, "0.2": -68.91001443024072, "0.4": -68.91001443024072, "0.8": -68.91001443024072}}}}