{"BBP": {"L5_DBC_cNAC187_5": {"mean_frequency": {"0.1": 29.046474358994104, "0.2": 47.972529414767656, "0.4": 74.32703897152496, "0.8": 113.39688911196865}, "ISI_CV": {"0.1": 0.024526145231937163, "0.2": 0.016791166005171675, "0.4": 0.010256823949865075, "0.8": 0.021387203104645935}, "time_to_first_spike": {"0.1": 14.100000000093814, "0.2": 6.600000000092109, "0.4": 3.4000000000913815, "0.8": 1.9000000000910404}, "time_to_second_spike": {"0.1": 46.70000000010123, "0.2": 25.60000000009643, "0.4": 15.000000000094019, "0.8": 9.700000000092814}, "AP_height": {"0.1": 10.483516983693965, "0.2": 13.052779782573072, "0.4": 16.23970668980055, "0.8": 20.50975660630579}, "AP_width": {"0.1": 0.8000000000001819, "0.2": 0.8000000000001819, "0.4": 0.8000000000001819, "0.8": 0.8000000000001819}, "AP_amplitude": {"0.1": 64.57028194592122, "0.2": 68.26351243713002, "0.4": 71.8006969377926, "0.8": 89.12149000026244}, "voltage_base": {"0.1": -68.60897871853541, "0.2": -68.60897871853541, "0.4": -68.60897871853541, "0.8": -68.60897871853541}}}, "NetPyNE": {"L5_DBC_cNAC187_5": {"mean_frequency": {"0.1": 28.9737203273718, "0.2": 47.798742138397216, "0.4": 74.04442665604394, "0.8": 112.97449287013094}, "ISI_CV": {"0.1": 0.02416234582010344, "0.2": 0.016434556624544693, "0.4": 0.010053064950643552, "0.8": 0.02230279094789196}, "time_to_first_spike": {"0.1": 14.200000000093837, "0.2": 6.700000000092132, "0.4": 3.4000000000913815, "0.8": 1.9000000000910404}, "time_to_second_spike": {"0.1": 46.90000000010127, "0.2": 25.800000000096475, "0.4": 15.100000000094042, "0.8": 9.800000000092837}, "AP_height": {"0.1": 10.433006361707658, "0.2": 12.250269763198046, "0.4": 16.261729902052217, "0.8": 18.04475366409903}, "AP_width": {"0.1": 0.8000000000001819, "0.2": 0.8000000000001819, "0.4": 0.8000000000001819, "0.8": 0.8000000000001819}, "AP_amplitude": {"0.1": 65.55866588887282, "0.2": 66.34925336059696, "0.4": 70.95161348854498, "0.8": 86.65648255675389}, "voltage_base": {"0.1": -68.60897421204336, "0.2": -68.60897421204336, "0.4": -68.60897421204336, "0.8": -68.60897421204336}}}}