{"BBP": {"L6_UTPC_cADpyr231_3": {"mean_frequency": {"0.1": 4.143145683362874, "0.2": 7.448789571699556, "0.4": 11.157884059448643, "0.8": 27.942894883928872}, "ISI_CV": {"0.1": 0.24260551801435373, "0.2": 0.32865653269512385, "0.4": 0.29993578090352563, "0.8": 0.16890166340533516}, "time_to_first_spike": {"0.1": 52.00000000010243, "0.2": 12.700000000093496, "0.4": 4.300000000091586, "0.8": 1.9000000000910404}, "time_to_second_spike": {"0.1": 122.60000000011848, "0.2": 34.30000000009841, "0.4": 16.200000000094292, "0.8": 9.000000000092655}, "AP_height": {"0.1": 30.13469766623564, "0.2": 34.87132299990667, "0.4": 40.57466156489437, "0.8": 43.08794124604906}, "AP_width": {"0.1": 1.2000000000002728, "0.2": 1.2000000000002728, "0.4": 1.2000000000002728, "0.8": 1.3000000000002956}, "AP_amplitude": {"0.1": 81.58966967001956, "0.2": 87.35280771179043, "0.4": 94.8304193269268, "0.8": 115.86903224609384}, "voltage_base": {"0.1": -72.78089952607624, "0.2": -72.78089952607624, "0.4": -72.78089952607624, "0.8": -72.78089952607624}}}, "NetPyNE": {"L6_UTPC_cADpyr231_3": {"mean_frequency": {"0.1": 4.128393023018568, "0.2": 7.416825598648723, "0.4": 11.093182734981303, "0.8": 27.903201258199594}, "ISI_CV": {"0.1": 0.24156129907652893, "0.2": 0.32719548829917583, "0.4": 0.2978670203693063, "0.8": 0.1695490727255376}, "time_to_first_spike": {"0.1": 52.20000000010248, "0.2": 12.800000000093519, "0.4": 4.400000000091609, "0.8": 2.000000000091063}, "time_to_second_spike": {"0.1": 122.80000000011853, "0.2": 34.200000000098385, "0.4": 16.200000000094292, "0.8": 9.100000000092678}, "AP_height": {"0.1": 29.973966772026333, "0.2": 34.72345243802943, "0.4": 40.228358404122076, "0.8": 42.99452451489776}, "AP_width": {"0.1": 1.2000000000002728, "0.2": 1.2000000000002728, "0.4": 1.3000000000002956, "0.8": 1.2000000000002728}, "AP_amplitude": {"0.1": 81.13455405539167, "0.2": 86.99797743550093, "0.4": 93.7760233831016, "0.8": 115.77561506700282}, "voltage_base": {"0.1": -72.7808990725012, "0.2": -72.7808990725012, "0.4": -72.7808990725012, "0.8": -72.7808990725012}}}}