{"BBP": {"L5_MC_dNAC222_2": {"mean_frequency": {"0.1": 0, "0.2": 43.61120858191344, "0.4": 84.00840084014114, "0.8": 134.5470914821102}, "ISI_CV": {"0.1": 0, "0.2": 0.04012153861689095, "0.4": 0.024791323292966974, "0.8": 0.04169172269062956}, "time_to_first_spike": {"0.1": 0, "0.2": 11.100000000093132, "0.4": 3.600000000091427, "0.8": 1.700000000090995}, "time_to_second_spike": {"0.1": 0, "0.2": 34.80000000009852, "0.4": 14.100000000093814, "0.8": 8.700000000092587}, "AP_height": {"0.1": 0, "0.2": 14.323989162397655, "0.4": 17.399425490850234, "0.8": 23.180048323631578}, "AP_width": {"0.1": 0, "0.2": 0.7000000000001592, "0.4": 0.7000000000001592, "0.8": 0.7000000000001592}, "AP_amplitude": {"0.1": 0, "0.2": 70.04710435091376, "0.4": 73.3836859874928, "0.8": 96.50497545165958}, "voltage_base": {"0.1": -73.32089715341172, "0.2": -73.32089715341172, "0.4": -73.32089715341172, "0.8": -73.32089715341172}}}, "NetPyNE": {"L5_MC_dNAC222_2": {"mean_frequency": {"0.1": 0, "0.2": 43.410226641794104, "0.4": 83.65057102790698, "0.8": 133.94872823969365}, "ISI_CV": {"0.1": 0, "0.2": 0.04082591097845724, "0.4": 0.025578074059251315, "0.8": 0.04286533832915249}, "time_to_first_spike": {"0.1": 0, "0.2": 11.200000000093155, "0.4": 3.7000000000914497, "0.8": 1.700000000090995}, "time_to_second_spike": {"0.1": 0, "0.2": 35.10000000009859, "0.4": 14.30000000009386, "0.8": 8.80000000009261}, "AP_height": {"0.1": 0, "0.2": 11.973200076047833, "0.4": 19.853592952110613, "0.8": 22.884811608293926}, "AP_width": {"0.1": 0, "0.2": 0.7000000000001592, "0.4": 0.7000000000001592, "0.8": 0.8000000000001819}, "AP_amplitude": {"0.1": 0, "0.2": 67.31406326916269, "0.4": 76.01433304889164, "0.8": 96.2097314883778}, "voltage_base": {"0.1": -73.32088988139388, "0.2": -73.32088988139388, "0.4": -73.32088988139388, "0.8": -73.32088988139388}}}}