{"BBP": {"L23_SBC_dNAC222_3": {"mean_frequency": {"0.1": 54.51090218047316, "0.2": 89.9678327302581, "0.4": 135.7171474359897, "0.8": 252.35329461262899}, "ISI_CV": {"0.1": 0.010337692638476816, "0.2": 0.013107057382923322, "0.4": 0.023670708946485937, "0.8": 0.1294971679856026}, "time_to_first_spike": {"0.1": 5.800000000091927, "0.2": 2.400000000091154, "0.4": 1.300000000090904, "0.8": 0.8000000000907903}, "time_to_second_spike": {"0.1": 22.200000000095656, "0.2": 11.700000000093269, "0.4": 8.000000000092427, "0.8": 5.800000000091927}, "AP_height": {"0.1": 21.757009693351648, "0.2": 24.697125836803842, "0.4": 28.600899554179215, "0.8": 26.687255542863337}, "AP_width": {"0.1": 0.7000000000001592, "0.2": 0.8000000000001819, "0.4": 0.7000000000001592, "0.8": 0.8000000000001819}, "AP_amplitude": {"0.1": 77.71534548580541, "0.2": 98.01101979545086, "0.4": 101.91479351068696, "0.8": 100.00114949509276}, "voltage_base": {"0.1": -73.30972276462359, "0.2": -73.30972276462359, "0.4": -73.30972276462359, "0.8": -73.30972276462359}}}, "NetPyNE": {"L23_SBC_dNAC222_3": {"mean_frequency": {"0.1": 54.26317640560384, "0.2": 89.54029313197024, "0.4": 134.96563142851974, "0.8": 250.28783100582666}, "ISI_CV": {"0.1": 0.010085146102813025, "0.2": 0.012931603739941675, "0.4": 0.024892871212934584, "0.8": 0.1270336020143935}, "time_to_first_spike": {"0.1": 5.90000000009195, "0.2": 2.500000000091177, "0.4": 1.300000000090904, "0.8": 0.8000000000907903}, "time_to_second_spike": {"0.1": 22.4000000000957, "0.2": 11.900000000093314, "0.4": 8.10000000009245, "0.8": 5.90000000009195}, "AP_height": {"0.1": 21.2429319965756, "0.2": 26.654125270113177, "0.4": 26.563717361121785, "0.8": 31.359263658351303}, "AP_width": {"0.1": 0.6000000000001364, "0.2": 0.7000000000001592, "0.4": 0.8000000000001819, "0.8": 0.8000000000001819}, "AP_amplitude": {"0.1": 78.01811019213991, "0.2": 99.96801136947883, "0.4": 99.87760325441722, "0.8": 104.67314971649026}, "voltage_base": {"0.1": -73.3097148444451, "0.2": -73.3097148444451, "0.4": -73.3097148444451, "0.8": -73.3097148444451}}}}