{"BBP": {"L23_PC_cADpyr229_2": {"mean_frequency": {"0.1": 2.2619316896644426, "0.2": 3.940332113709293, "0.4": 8.652858147212472, "0.8": 13.232899022810248}, "ISI_CV": {"0.1": 0.0009888617457408516, "0.2": 0.0070283228847559396, "0.4": 0.9680956699868473, "0.8": 0.055627175651158045}, "time_to_first_spike": {"0.1": 271.7000000001524, "0.2": 16.600000000094383, "0.4": 6.600000000092109, "0.8": 2.7000000000912223}, "time_to_second_spike": {"0.1": 767.299999999761, "0.2": 192.6000000001344, "0.4": 38.90000000009945, "0.8": 11.4000000000932}, "AP_height": {"0.1": 28.109372330209165, "0.2": 31.195270482000367, "0.4": 35.10859080972355, "0.8": 38.75262100774459}, "AP_width": {"0.1": 1.1000000000002501, "0.2": 1.2000000000002728, "0.4": 1.2000000000002728, "0.8": 1.3000000000002956}, "AP_amplitude": {"0.1": 86.10516569419443, "0.2": 88.44520224808312, "0.4": 91.06530132838935, "0.8": 111.94075511023809}, "voltage_base": {"0.1": -73.18433246363506, "0.2": -73.18433246363506, "0.4": -73.18433246363506, "0.8": -73.18433246363506}}}, "NetPyNE": {"L23_PC_cADpyr229_2": {"mean_frequency": {"0.1": 2.2475698151388475, "0.2": 3.9053782637829584, "0.4": 8.539253882697675, "0.8": 13.014967212302986}, "ISI_CV": {"0.1": 0.0009847304224223283, "0.2": 0.007007836345074649, "0.4": 0.9673610372492379, "0.8": 0.051509915863332124}, "time_to_first_spike": {"0.1": 276.2000000001534, "0.2": 16.700000000094406, "0.4": 6.700000000092132, "0.8": 2.800000000091245}, "time_to_second_spike": {"0.1": 774.3999999997545, "0.2": 195.40000000013504, "0.4": 39.300000000099544, "0.8": 11.500000000093223}, "AP_height": {"0.1": 27.86865641728153, "0.2": 31.485993221281934, "0.4": 34.36464805163603, "0.8": 38.037001235459094}, "AP_width": {"0.1": 1.2000000000002728, "0.2": 1.2000000000002728, "0.4": 1.2000000000002728, "0.8": 1.3000000000002956}, "AP_amplitude": {"0.1": 85.86651209317687, "0.2": 88.03109402356111, "0.4": 91.34167948890331, "0.8": 111.22512702001222}, "voltage_base": {"0.1": -73.18432405460646, "0.2": -73.18432405460646, "0.4": -73.18432405460646, "0.8": -73.18432405460646}}}}