{"BBP": {"L23_DBC_bIR215_4": {"mean_frequency": {"0.1": 10.338054378172979, "0.2": 15.559358954421526, "0.4": 21.86292454750309, "0.8": 30.69336821980547}, "ISI_CV": {"0.1": 0.3347329663816833, "0.2": 0.30952759485479364, "0.4": 0.3043575241180544, "0.8": 0.30685204414529005}, "time_to_first_spike": {"0.1": 5.400000000091836, "0.2": 2.2000000000911086, "0.4": 1.1000000000908585, "0.8": 0.7000000000907676}, "time_to_second_spike": {"0.1": 33.30000000009818, "0.2": 18.30000000009477, "0.4": 11.300000000093178, "0.8": 7.6000000000923364}, "AP_height": {"0.1": 29.452539730048482, "0.2": 31.69896873562134, "0.4": 28.915727337125105, "0.8": 34.12430921995096}, "AP_width": {"0.1": 0.6000000000001364, "0.2": 0.6000000000001364, "0.4": 0.6000000000001364, "0.8": 0.6000000000001364}, "AP_amplitude": {"0.1": 86.40187576618018, "0.2": 104.73038354938454, "0.4": 101.57696882762113, "0.8": 106.5940517372414}, "voltage_base": {"0.1": -72.56816477768076, "0.2": -72.56816477768076, "0.4": -72.56816477768076, "0.8": -72.56816477768076}}}, "NetPyNE": {"L23_DBC_bIR215_4": {"mean_frequency": {"0.1": 6.593963986816535, "0.2": 14.076718113729328, "0.4": 20.646590794655964, "0.8": 29.356683707060423}, "ISI_CV": {"0.1": 0.22171037274521302, "0.2": 0.2760283290286416, "0.4": 0.2815479273890011, "0.8": 0.28786760246341886}, "time_to_first_spike": {"0.1": 7.2000000000922455, "0.2": 2.6000000000911996, "0.4": 1.300000000090904, "0.8": 0.8000000000907903}, "time_to_second_spike": {"0.1": 43.80000000010057, "0.2": 20.2000000000952, "0.4": 12.200000000093382, "0.8": 8.200000000092473}, "AP_height": {"0.1": 23.503909695896528, "0.2": 30.911310219576094, "0.4": 34.130170400166705, "0.8": 33.40381569541587}, "AP_width": {"0.1": 0.6000000000001364, "0.2": 0.6000000000001364, "0.4": 0.6000000000001364, "0.8": 0.6000000000001364}, "AP_amplitude": {"0.1": 80.21987593657792, "0.2": 106.22037372339582, "0.4": 109.43923404913103, "0.8": 108.71287923495895}, "voltage_base": {"0.1": -75.30769663163004, "0.2": -75.30769663163004, "0.4": -75.30769663163004, "0.8": -75.30769663163004}}}}