{"BBP": {"L4_NBC_cNAC187_1": {"mean_frequency": {"0.1": 41.06981869180393, "0.2": 66.20523623236517, "0.4": 103.7126108523176, "0.8": 233.5000000001588}, "ISI_CV": {"0.1": 0.008616566891325976, "0.2": 0.011289944761126658, "0.4": 0.0275166015635927, "0.8": 0.14601831503271784}, "time_to_first_spike": {"0.1": 9.300000000092723, "0.2": 4.400000000091609, "0.4": 2.3000000000911314, "0.8": 1.4000000000909267}, "time_to_second_spike": {"0.1": 32.10000000009791, "0.2": 17.60000000009461, "0.4": 10.800000000093064, "0.8": 7.700000000092359}, "AP_height": {"0.1": 12.544493135732251, "0.2": 16.28515012036449, "0.4": 19.779572650067152, "0.8": 21.010840063183128}, "AP_width": {"0.1": 0.8000000000001819, "0.2": 0.7000000000001592, "0.4": 0.7000000000001592, "0.8": 0.8000000000001819}, "AP_amplitude": {"0.1": 68.51314924697353, "0.2": 72.2197146204518, "0.4": 74.40297375676437, "0.8": 89.4225797856346}, "voltage_base": {"0.1": -68.40913982645336, "0.2": -68.40913982645336, "0.4": -68.40913982645336, "0.8": -68.40913982645336}}}, "NetPyNE": {"L4_NBC_cNAC187_1": {"mean_frequency": {"0.1": 40.91735704185436, "0.2": 65.9484494563476, "0.4": 103.35658020176606, "0.8": 231.03465519843687}, "ISI_CV": {"0.1": 0.008466904010572289, "0.2": 0.011849915440840483, "0.4": 0.028569282035560587, "0.8": 0.1374286926753178}, "time_to_first_spike": {"0.1": 9.400000000092746, "0.2": 4.500000000091632, "0.4": 2.400000000091154, "0.8": 1.4000000000909267}, "time_to_second_spike": {"0.1": 32.30000000009795, "0.2": 17.700000000094633, "0.4": 10.900000000093087, "0.8": 7.800000000092382}, "AP_height": {"0.1": 12.180230583307095, "0.2": 15.880739591186272, "0.4": 18.64550682262889, "0.8": 22.143452466728313}, "AP_width": {"0.1": 0.7000000000001592, "0.2": 0.8000000000001819, "0.4": 0.8000000000001819, "0.8": 0.8000000000001819}, "AP_amplitude": {"0.1": 67.12366636371969, "0.2": 72.1075730539214, "0.4": 73.59596501086985, "0.8": 90.55518792155902}, "voltage_base": {"0.1": -68.40913555427095, "0.2": -68.40913555427095, "0.4": -68.40913555427095, "0.8": -68.40913555427095}}}}