{"BBP": {"L4_DBC_bSTUT213_4": {"mean_frequency": {"0.1": 10.438413361156856, "0.2": 65.17270767538393, "0.4": 127.65957446817188, "0.8": 180.50902545139533}, "ISI_CV": {"0.1": 0, "0.2": 0.2013323452060338, "0.4": 0.02965711342801585, "0.8": 0.0139122023116314}, "time_to_first_spike": {"0.1": 95.80000000011239, "0.2": 4.200000000091563, "0.4": 2.000000000091063, "0.8": 1.1000000000908585}, "time_to_second_spike": {"0.1": 0, "0.2": 14.100000000093814, "0.4": 9.100000000092678, "0.8": 6.700000000092132}, "AP_height": {"0.1": 13.558367663553687, "0.2": 19.826315723811376, "0.4": 24.782659841748004, "0.8": 25.601993298898062}, "AP_width": {"0.1": 0.5000000000001137, "0.2": 0.6000000000001364, "0.4": 0.6000000000001364, "0.8": 0.6000000000001364}, "AP_amplitude": {"0.1": 70.13089486643129, "0.2": 75.93348086793634, "0.4": 99.6250582683511, "0.8": 100.3017180465278}, "voltage_base": {"0.1": -74.46856326869357, "0.2": -74.46856326869357, "0.4": -74.46856326869357, "0.8": -74.46856326869357}}}, "NetPyNE": {"L4_DBC_bSTUT213_4": {"mean_frequency": {"0.1": 0, "0.2": 63.262539539130174, "0.4": 125.9028892456714, "0.8": 177.93594306061914}, "ISI_CV": {"0.1": 0, "0.2": 0.05582223336827179, "0.4": 0.027976357374520613, "0.8": 0.013366923138935302}, "time_to_first_spike": {"0.1": 0, "0.2": 4.600000000091654, "0.4": 2.100000000091086, "0.8": 1.1000000000908585}, "time_to_second_spike": {"0.1": 0, "0.2": 14.30000000009386, "0.4": 9.2000000000927, "0.8": 6.8000000000921546}, "AP_height": {"0.1": 0, "0.2": 19.949499716610752, "0.4": 20.253696075463388, "0.8": 28.209909213456253}, "AP_width": {"0.1": 0, "0.2": 0.5000000000001137, "0.4": 0.5000000000001137, "0.8": 0.6000000000001364}, "AP_amplitude": {"0.1": 0, "0.2": 75.74605337954318, "0.4": 95.29804812308313, "0.8": 103.25426129677932}, "voltage_base": {"0.1": -75.04431112028152, "0.2": -75.04431112028152, "0.4": -75.04431112028152, "0.8": -75.04431112028152}}}}