{"BBP": {"L23_BP_dSTUT214_2": {"mean_frequency": {"0.1": 56.514279947560766, "0.2": 87.57005604489541, "0.4": 129.59719789851192, "0.8": 204.40881763540946}, "ISI_CV": {"0.1": 0.07820420281376035, "0.2": 0.04861055024219877, "0.4": 0.016334446950022598, "0.8": 0.07047362272742991}, "time_to_first_spike": {"0.1": 3.900000000091495, "0.2": 2.100000000091086, "0.4": 1.2000000000908813, "0.8": 0.7000000000907676}, "time_to_second_spike": {"0.1": 18.0000000000947, "0.2": 11.100000000093132, "0.4": 7.800000000092382, "0.8": 5.90000000009195}, "AP_height": {"0.1": 27.11118975718328, "0.2": 27.358234842256245, "0.4": 26.253943021039255, "0.8": 33.69978066458933}, "AP_width": {"0.1": 0.7000000000001592, "0.2": 0.7000000000001592, "0.4": 0.7000000000001592, "0.8": 0.8000000000001819}, "AP_amplitude": {"0.1": 82.703679224243, "0.2": 102.12189639000857, "0.4": 100.3121627284145, "0.8": 107.403638867501}, "voltage_base": {"0.1": -73.88573268600697, "0.2": -73.88573268600697, "0.4": -73.88573268600697, "0.8": -73.88573268600697}}}, "NetPyNE": {"L23_BP_dSTUT214_2": {"mean_frequency": {"0.1": 55.55833625310349, "0.2": 86.81252509038414, "0.4": 128.41091492785608, "0.8": 201.3523666417597}, "ISI_CV": {"0.1": 0.058243288083154904, "0.2": 0.04470309590406476, "0.4": 0.014529213275147985, "0.8": 0.06890711151906942}, "time_to_first_spike": {"0.1": 4.100000000091541, "0.2": 2.2000000000911086, "0.4": 1.2000000000908813, "0.8": 0.8000000000907903}, "time_to_second_spike": {"0.1": 18.900000000094906, "0.2": 11.4000000000932, "0.4": 8.000000000092427, "0.8": 6.100000000091995}, "AP_height": {"0.1": 23.690658316701548, "0.2": 25.062235843672056, "0.4": 25.844884504937447, "0.8": 30.001172017738497}, "AP_width": {"0.1": 0.7000000000001592, "0.2": 0.7000000000001592, "0.4": 0.8000000000001819, "0.8": 0.8000000000001819}, "AP_amplitude": {"0.1": 80.25078208770685, "0.2": 100.18306377931702, "0.4": 100.96571242608775, "0.8": 105.12199995652333}, "voltage_base": {"0.1": -75.11845108289137, "0.2": -75.11845108289137, "0.4": -75.11845108289137, "0.8": -75.11845108289137}}}}