{"BBP": {"L5_NBC_bAC217_3": {"mean_frequency": {"0.1": 6.300535545525582, "0.2": 11.105822624154637, "0.4": 15.48546946782645, "0.8": 21.065302437570736}, "ISI_CV": {"0.1": 0.24181325472705356, "0.2": 0.3034437657812575, "0.4": 0.3075445754553562, "0.8": 0.31897085484465487}, "time_to_first_spike": {"0.1": 21.20000000009543, "0.2": 6.200000000092018, "0.4": 2.800000000091245, "0.8": 1.4000000000909267}, "time_to_second_spike": {"0.1": 68.20000000010612, "0.2": 30.80000000009761, "0.4": 17.60000000009461, "0.8": 10.900000000093087}, "AP_height": {"0.1": 12.752930624179198, "0.2": 19.46853396727011, "0.4": 26.863892310930883, "0.8": 26.06818152342117}, "AP_width": {"0.1": 0.5000000000001137, "0.2": 0.7000000000001592, "0.4": 0.6000000000001364, "0.8": 0.7000000000001592}, "AP_amplitude": {"0.1": 62.47696791248867, "0.2": 71.68112266215273, "0.4": 81.93429141895949, "0.8": 97.07791648962662}, "voltage_base": {"0.1": -71.00693841869857, "0.2": -71.00693841869857, "0.4": -71.00693841869857, "0.8": -71.00693841869857}}}, "NetPyNE": {"L5_NBC_bAC217_3": {"mean_frequency": {"0.1": 6.248047485165077, "0.2": 11.010906040275822, "0.4": 15.342914130834268, "0.8": 20.972939792330894}, "ISI_CV": {"0.1": 0.24102914765666783, "0.2": 0.30087620817300187, "0.4": 0.30701946430059857, "0.8": 0.3211865335048438}, "time_to_first_spike": {"0.1": 21.400000000095474, "0.2": 6.300000000092041, "0.4": 2.900000000091268, "0.8": 1.5000000000909495}, "time_to_second_spike": {"0.1": 68.6000000001062, "0.2": 30.80000000009761, "0.4": 17.800000000094656, "0.8": 11.100000000093132}, "AP_height": {"0.1": 10.75010530885314, "0.2": 19.808409106657006, "0.4": 25.727282109593453, "0.8": 29.47446598601424}, "AP_width": {"0.1": 0.6000000000001364, "0.2": 0.6000000000001364, "0.4": 0.6000000000001364, "0.8": 0.6000000000001364}, "AP_amplitude": {"0.1": 60.65243736326087, "0.2": 72.5582244052127, "0.4": 79.89085588265283, "0.8": 100.48419650833594}, "voltage_base": {"0.1": -71.006933958926, "0.2": -71.006933958926, "0.4": -71.006933958926, "0.8": -71.006933958926}}}}