{"BBP": {"L5_LBC_dNAC222_1": {"mean_frequency": {"0.1": 41.37026386158902, "0.2": 66.549912434371, "0.4": 97.40911829691291, "0.8": 142.75696253265562}, "ISI_CV": {"0.1": 0.06106200215678765, "0.2": 0.06212546946081382, "0.4": 0.05020379874172792, "0.8": 0.01588042228286602}, "time_to_first_spike": {"0.1": 4.9000000000917225, "0.2": 2.3000000000911314, "0.4": 1.300000000090904, "0.8": 0.8000000000907903}, "time_to_second_spike": {"0.1": 25.60000000009643, "0.2": 13.800000000093746, "0.4": 9.2000000000927, "0.8": 6.900000000092177}, "AP_height": {"0.1": 29.23707220835095, "0.2": 31.830169352275025, "0.4": 30.283380284302517, "0.8": 28.41026345786598}, "AP_width": {"0.1": 0.7000000000001592, "0.2": 0.7000000000001592, "0.4": 0.7000000000001592, "0.8": 0.7000000000001592}, "AP_amplitude": {"0.1": 85.84414262191407, "0.2": 102.62073739880296, "0.4": 102.63409641037836, "0.8": 100.76097958111455}, "voltage_base": {"0.1": -72.34662194675951, "0.2": -72.34662194675951, "0.4": -72.34662194675951, "0.8": -72.34662194675951}}}, "NetPyNE": {"L5_LBC_dNAC222_1": {"mean_frequency": {"0.1": 41.14606854335677, "0.2": 66.25175667541139, "0.4": 96.94595137639695, "0.8": 141.8973124750262}, "ISI_CV": {"0.1": 0.060902158547610226, "0.2": 0.061596503546588806, "0.4": 0.049172306117258174, "0.8": 0.015578219842919424}, "time_to_first_spike": {"0.1": 5.000000000091745, "0.2": 2.400000000091154, "0.4": 1.4000000000909267, "0.8": 0.900000000090813}, "time_to_second_spike": {"0.1": 25.800000000096475, "0.2": 14.000000000093792, "0.4": 9.300000000092723, "0.8": 7.0000000000922}, "AP_height": {"0.1": 26.8472971804976, "0.2": 25.99571662955755, "0.4": 32.054542372823136, "0.8": 33.569956188327865}, "AP_width": {"0.1": 0.6000000000001364, "0.2": 0.6000000000001364, "0.4": 0.7000000000001592, "0.8": 0.7000000000001592}, "AP_amplitude": {"0.1": 82.40163291093982, "0.2": 96.81301849377068, "0.4": 104.40525033942141, "0.8": 105.92066412839553}, "voltage_base": {"0.1": -72.34661374103261, "0.2": -72.34661374103261, "0.4": -72.34661374103261, "0.8": -72.34661374103261}}}}