{"BBP": {"L4_NBC_cNAC187_4": {"mean_frequency": {"0.1": 40.054072998575265, "0.2": 64.00241898910757, "0.4": 98.09318852916934, "0.8": 151.8416436984244}, "ISI_CV": {"0.1": 0.013560395606122785, "0.2": 0.009765612227434618, "0.4": 0.012570791570220802, "0.8": 0.03778921048072044}, "time_to_first_spike": {"0.1": 8.80000000009261, "0.2": 3.900000000091495, "0.4": 1.9000000000910404, "0.8": 1.1000000000908585}, "time_to_second_spike": {"0.1": 32.000000000097884, "0.2": 17.400000000094565, "0.4": 10.400000000092973, "0.8": 7.300000000092268}, "AP_height": {"0.1": 17.338170512334386, "0.2": 21.769433597234478, "0.4": 24.301235352581976, "0.8": 26.9826307981575}, "AP_width": {"0.1": 0.7000000000001592, "0.2": 0.7000000000001592, "0.4": 0.8000000000001819, "0.8": 0.8000000000001819}, "AP_amplitude": {"0.1": 71.63330997959837, "0.2": 77.15941400758155, "0.4": 92.69248562010725, "0.8": 95.37388106379659}, "voltage_base": {"0.1": -68.38864633764433, "0.2": -68.38864633764433, "0.4": -68.38864633764433, "0.8": -68.38864633764433}}}, "NetPyNE": {"L4_NBC_cNAC187_4": {"mean_frequency": {"0.1": 39.92722126758998, "0.2": 63.76462318626613, "0.4": 97.70028558551657, "0.8": 151.310185881159}, "ISI_CV": {"0.1": 0.013239743376652156, "0.2": 0.009452818688482115, "0.4": 0.013021875302563718, "0.8": 0.03916414139541547}, "time_to_first_spike": {"0.1": 8.900000000092632, "0.2": 4.000000000091518, "0.4": 2.000000000091063, "0.8": 1.2000000000908813}, "time_to_second_spike": {"0.1": 32.20000000009793, "0.2": 17.60000000009461, "0.4": 10.600000000093019, "0.8": 7.400000000092291}, "AP_height": {"0.1": 17.078385512370833, "0.2": 20.972664710280906, "0.4": 24.104589879494917, "0.8": 24.30256564023176}, "AP_width": {"0.1": 0.7000000000001592, "0.2": 0.7000000000001592, "0.4": 0.7000000000001592, "0.8": 0.8000000000001819}, "AP_amplitude": {"0.1": 72.13048877479793, "0.2": 75.28535094320486, "0.4": 92.49583587099454, "0.8": 92.69381161331154}, "voltage_base": {"0.1": -68.3886420402434, "0.2": -68.3886420402434, "0.4": -68.3886420402434, "0.8": -68.3886420402434}}}}