{"BBP": {"L5_NBC_dSTUT214_3": {"mean_frequency": {"0.1": 1.240002480005735, "0.2": 55.48549810848655, "0.4": 90.1081297557681, "0.8": 134.95886012451473}, "ISI_CV": {"0.1": 0, "0.2": 0.05810179123215974, "0.4": 0.030161463302006145, "0.8": 0.02042319780024321}, "time_to_first_spike": {"0.1": 799.2999999997319, "0.2": 4.200000000091563, "0.4": 2.2000000000911086, "0.8": 1.2000000000908813}, "time_to_second_spike": {"0.1": 1612.899999998992, "0.2": 19.700000000095088, "0.4": 11.300000000093178, "0.8": 7.800000000092382}, "AP_height": {"0.1": 16.959228965507123, "0.2": 21.068376916607672, "0.4": 27.456201739044488, "0.8": 29.423049621674647}, "AP_width": {"0.1": 0.5999999999994543, "0.2": 0.6000000000001364, "0.4": 0.7000000000001592, "0.8": 0.8000000000001819}, "AP_amplitude": {"0.1": 72.98710075338724, "0.2": 77.39124758024617, "0.4": 102.91501876970074, "0.8": 104.78813872477782}, "voltage_base": {"0.1": -75.59834464990313, "0.2": -75.59834464990313, "0.4": -75.59834464990313, "0.8": -75.59834464990313}}}, "NetPyNE": {"L5_NBC_dSTUT214_3": {"mean_frequency": {"0.1": 0, "0.2": 53.03712598822779, "0.4": 88.32237667492325, "0.8": 132.8054525409342}, "ISI_CV": {"0.1": 0, "0.2": 0.03684584369506566, "0.4": 0.02644638973118561, "0.8": 0.020099149400030936}, "time_to_first_spike": {"0.1": 0, "0.2": 4.400000000091609, "0.4": 2.3000000000911314, "0.8": 1.300000000090904}, "time_to_second_spike": {"0.1": 0, "0.2": 20.50000000009527, "0.4": 11.500000000093223, "0.8": 7.900000000092405}, "AP_height": {"0.1": 0, "0.2": 24.904547337950856, "0.4": 23.500604139624635, "0.8": 30.43297120827764}, "AP_width": {"0.1": 0, "0.2": 0.6000000000001364, "0.4": 0.7000000000001592, "0.8": 0.7000000000001592}, "AP_amplitude": {"0.1": 0, "0.2": 81.14222664389749, "0.4": 99.19904976627623, "0.8": 106.13141680825183}, "voltage_base": {"0.1": -75.69598045987107, "0.2": -75.69598045987107, "0.4": -75.69598045987107, "0.8": -75.69598045987107}}}}