{"BBP": {"L23_BP_cACint209_1": {"mean_frequency": {"0.1": 26.29316883249999, "0.2": 46.71488848707211, "0.4": 100.20040080167131, "0.8": 201.34228187933147}, "ISI_CV": {"0.1": 0.24238961763573702, "0.2": 0.1977571707576914, "0.4": 0.13302480720426768, "0.8": 0.04786670223976469}, "time_to_first_spike": {"0.1": 3.3000000000913587, "0.2": 1.9000000000910404, "0.4": 1.1000000000908585, "0.8": 0.7000000000907676}, "time_to_second_spike": {"0.1": 13.500000000093678, "0.2": 9.600000000092791, "0.4": 7.2000000000922455, "0.8": 5.500000000091859}, "AP_height": {"0.1": 36.72912992017514, "0.2": 34.44458333855128, "0.4": 39.87922944702206, "0.8": 39.68925760560933}, "AP_width": {"0.1": 0.9000000000002046, "0.2": 0.9000000000002046, "0.4": 0.9000000000002046, "0.8": 1.0000000000002274}, "AP_amplitude": {"0.1": 92.45603971456993, "0.2": 107.50849693548842, "0.4": 112.94314304167295, "0.8": 112.7531711956878}, "voltage_base": {"0.1": -73.06302172099402, "0.2": -73.06302172099402, "0.4": -73.06302172099402, "0.8": -73.06302172099402}}}, "NetPyNE": {"L23_BP_cACint209_1": {"mean_frequency": {"0.1": 26.224217055845106, "0.2": 46.6329037757926, "0.4": 99.83945414415773, "0.8": 199.278990586957}, "ISI_CV": {"0.1": 0.24248490337009856, "0.2": 0.19767778330694383, "0.4": 0.13204969296313465, "0.8": 0.04741342730104863}, "time_to_first_spike": {"0.1": 3.4000000000913815, "0.2": 1.9000000000910404, "0.4": 1.1000000000908585, "0.8": 0.7000000000907676}, "time_to_second_spike": {"0.1": 13.6000000000937, "0.2": 9.700000000092814, "0.4": 7.300000000092268, "0.8": 5.600000000091882}, "AP_height": {"0.1": 37.60734498109235, "0.2": 39.09321509327707, "0.4": 38.44140793876816, "0.8": 41.493465264791446}, "AP_width": {"0.1": 0.9000000000002046, "0.2": 0.9000000000002046, "0.4": 1.0000000000002274, "0.8": 1.0000000000002274}, "AP_amplitude": {"0.1": 93.42806679651613, "0.2": 112.15712721375527, "0.4": 111.50532008507682, "0.8": 114.5573774959527}, "voltage_base": {"0.1": -73.06302036018018, "0.2": -73.06302036018018, "0.4": -73.06302036018018, "0.8": -73.06302036018018}}}}