{"BBP": {"L23_BTC_bIR215_4": {"mean_frequency": {"0.1": 6.305501550106679, "0.2": 11.506904142493315, "0.4": 16.385887654268824, "0.8": 22.426095820606385}, "ISI_CV": {"0.1": 0.28804960242786914, "0.2": 0.3144020287232484, "0.4": 0.3272057405009759, "0.8": 0.32980862074036577}, "time_to_first_spike": {"0.1": 17.20000000009452, "0.2": 5.700000000091904, "0.4": 2.400000000091154, "0.8": 1.300000000090904}, "time_to_second_spike": {"0.1": 65.00000000010539, "0.2": 27.300000000096816, "0.4": 15.600000000094155, "0.8": 9.600000000092791}, "AP_height": {"0.1": 18.786302213135542, "0.2": 22.820292014541153, "0.4": 27.394574344533527, "0.8": 26.07377932755614}, "AP_width": {"0.1": 0.6000000000001364, "0.2": 0.6000000000001364, "0.4": 0.6000000000001364, "0.8": 0.6000000000001364}, "AP_amplitude": {"0.1": 74.58899341012902, "0.2": 78.16588940277555, "0.4": 99.18878609417027, "0.8": 98.43062439557093}, "voltage_base": {"0.1": -72.26238002725246, "0.2": -72.26238002725246, "0.4": -72.26238002725246, "0.8": -72.26238002725246}}}, "NetPyNE": {"L23_BTC_bIR215_4": {"mean_frequency": {"0.1": 0, "0.2": 8.842652795844684, "0.4": 15.00802152875821, "0.8": 21.24216063121002}, "ISI_CV": {"0.1": 0, "0.2": 0.27854983572604985, "0.4": 0.29703874130615987, "0.8": 0.30341130609621125}, "time_to_first_spike": {"0.1": 0, "0.2": 7.6000000000923364, "0.4": 3.0000000000912905, "0.8": 1.5000000000909495}, "time_to_second_spike": {"0.1": 0, "0.2": 34.900000000098544, "0.4": 17.90000000009468, "0.8": 10.600000000093019}, "AP_height": {"0.1": 0, "0.2": 19.0728602427634, "0.4": 27.255283061038025, "0.8": 27.045927893532447}, "AP_width": {"0.1": 0, "0.2": 0.6000000000001364, "0.4": 0.6000000000001364, "0.8": 0.6000000000001364}, "AP_amplitude": {"0.1": 0, "0.2": 74.27159455324653, "0.4": 102.09086626103267, "0.8": 101.88151105164832}, "voltage_base": {"0.1": -74.83456635460153, "0.2": -74.83456635460153, "0.4": -74.83456635460153, "0.8": -74.83456635460153}}}}