{"BBP": {"L6_BP_dSTUT214_1": {"mean_frequency": {"0.1": 27.01620972585387, "0.2": 81.79446005625789, "0.4": 137.60320240189492, "0.8": 265.2652652654456}, "ISI_CV": {"0.1": 0.3056769696661205, "0.2": 0.043870780692434067, "0.4": 0.049596224991307745, "0.8": 0.10330290884236376}, "time_to_first_spike": {"0.1": 31.80000000009784, "0.2": 4.300000000091586, "0.4": 1.700000000090995, "0.8": 0.900000000090813}, "time_to_second_spike": {"0.1": 77.10000000010814, "0.2": 15.000000000094019, "0.4": 8.600000000092564, "0.8": 6.000000000091973}, "AP_height": {"0.1": 14.918593982477793, "0.2": 20.17808389239677, "0.4": 23.596423205716906, "0.8": 25.911176007203405}, "AP_width": {"0.1": 0.6000000000001364, "0.2": 0.7000000000001592, "0.4": 0.7000000000001592, "0.8": 0.8000000000001819}, "AP_amplitude": {"0.1": 71.37868798290985, "0.2": 95.61987001390504, "0.4": 99.10137255572722, "0.8": 101.4698359570001}, "voltage_base": {"0.1": -75.58651053301826, "0.2": -75.58651053301826, "0.4": -75.58651053301826, "0.8": -75.58651053301826}}}, "NetPyNE": {"L6_BP_dSTUT214_1": {"mean_frequency": {"0.1": 0, "0.2": 72.10816224341406, "0.4": 128.39803390519305, "0.8": 244.35431375511078}, "ISI_CV": {"0.1": 0, "0.2": 0.029297862367440752, "0.4": 0.041607696642161865, "0.8": 0.09501728997059827}, "time_to_first_spike": {"0.1": 0, "0.2": 4.8000000000917, "0.4": 1.9000000000910404, "0.8": 0.900000000090813}, "time_to_second_spike": {"0.1": 0, "0.2": 17.20000000009452, "0.4": 9.100000000092678, "0.8": 6.300000000092041}, "AP_height": {"0.1": 0, "0.2": 20.307335538979196, "0.4": 21.463358336591156, "0.8": 24.38219386927377}, "AP_width": {"0.1": 0, "0.2": 0.7000000000001592, "0.4": 0.8000000000001819, "0.8": 0.8000000000001819}, "AP_amplitude": {"0.1": 0, "0.2": 96.97040067610479, "0.4": 98.1264235386256, "0.8": 101.04525900631992}, "voltage_base": {"0.1": -76.66093025360198, "0.2": -76.66093025360198, "0.4": -76.66093025360198, "0.8": -76.66093025360198}}}}