{"BBP": {"L23_NBC_cIR216_4": {"mean_frequency": {"0.1": 22.602352699455306, "0.2": 37.351100343251645, "0.4": 82.48667136108607, "0.8": 173.06057120003766}, "ISI_CV": {"0.1": 0.2848624094572918, "0.2": 0.22129324596691072, "0.4": 0.111099565766184, "0.8": 0.046351144782035746}, "time_to_first_spike": {"0.1": 14.200000000093837, "0.2": 6.100000000091995, "0.4": 2.7000000000912223, "0.8": 1.4000000000909267}, "time_to_second_spike": {"0.1": 30.40000000009752, "0.2": 15.700000000094178, "0.4": 10.000000000092882, "0.8": 7.300000000092268}, "AP_height": {"0.1": 26.377049300760735, "0.2": 31.6105133364465, "0.4": 34.68361383447315, "0.8": 37.03310541069615}, "AP_width": {"0.1": 0.8000000000001819, "0.2": 0.8000000000001819, "0.4": 0.9000000000002046, "0.8": 0.9000000000002046}, "AP_amplitude": {"0.1": 81.96620270892674, "0.2": 87.29759145330188, "0.4": 109.44729589792132, "0.8": 111.63492341329813}, "voltage_base": {"0.1": -74.5312204743996, "0.2": -74.5312204743996, "0.4": -74.5312204743996, "0.8": -74.5312204743996}}}, "NetPyNE": {"L23_NBC_cIR216_4": {"mean_frequency": {"0.1": 31.545741324823794, "0.2": 26.354467589090874, "0.4": 53.63408521306903, "0.8": 135.19603424975392}, "ISI_CV": {"0.1": 0, "0.2": 0.20873926915973587, "0.4": 0.1411419679631669, "0.8": 0.039172925187966286}, "time_to_first_spike": {"0.1": 31.700000000097816, "0.2": 7.500000000092314, "0.4": 3.200000000091336, "0.8": 1.6000000000909722}, "time_to_second_spike": {"0.1": 0, "0.2": 19.10000000009495, "0.4": 11.100000000093132, "0.8": 7.700000000092359}, "AP_height": {"0.1": 24.897175474226874, "0.2": 27.445498929242476, "0.4": 34.11819225844787, "0.8": 36.697500533775276}, "AP_width": {"0.1": 0.8000000000001819, "0.2": 0.9000000000002046, "0.4": 0.9000000000002046, "0.8": 1.0000000000002274}, "AP_amplitude": {"0.1": 80.16873746518895, "0.2": 82.82748002181079, "0.4": 111.55548606913507, "0.8": 114.13479436125965}, "voltage_base": {"0.1": -77.43716702044838, "0.2": -77.43716702044838, "0.4": -77.43716702044838, "0.8": -77.43716702044838}}}}