{"BBP": {"L23_DBC_bNAC219_5": {"mean_frequency": {"0.1": 66.83081252202919, "0.2": 114.09698243514738, "0.4": 188.72647176624764, "0.8": 289.017341038883}, "ISI_CV": {"0.1": 0.03096864929066712, "0.2": 0.013707596457848801, "0.4": 0.018435903554007017, "0.8": 0.12546413167042322}, "time_to_first_spike": {"0.1": 6.200000000092018, "0.2": 3.1000000000913133, "0.4": 1.700000000090995, "0.8": 1.0000000000908358}, "time_to_second_spike": {"0.1": 17.300000000094542, "0.2": 11.100000000093132, "0.4": 8.000000000092427, "0.8": 6.000000000091973}, "AP_height": {"0.1": 10.299010699760982, "0.2": 12.744904806591839, "0.4": 16.359392034912084, "0.8": 19.921909019064703}, "AP_width": {"0.1": 0.6000000000001364, "0.2": 0.7000000000001592, "0.4": 0.7000000000001592, "0.8": 0.7000000000001592}, "AP_amplitude": {"0.1": 66.83455032930401, "0.2": 68.50812932480231, "0.4": 86.64319088257596, "0.8": 90.20570786385798}, "voltage_base": {"0.1": -70.28368491314419, "0.2": -70.28368491314419, "0.4": -70.28368491314419, "0.8": -70.28368491314419}}}, "NetPyNE": {"L23_DBC_bNAC219_5": {"mean_frequency": {"0.1": 66.62992836034788, "0.2": 113.52838209560109, "0.4": 186.95804721580546, "0.8": 284.0909090893819}, "ISI_CV": {"0.1": 0.030459459709343918, "0.2": 0.013612828620435509, "0.4": 0.016798732913251603, "0.8": 0.10860866084171128}, "time_to_first_spike": {"0.1": 6.300000000092041, "0.2": 3.200000000091336, "0.4": 1.8000000000910177, "0.8": 1.1000000000908585}, "time_to_second_spike": {"0.1": 17.400000000094565, "0.2": 11.300000000093178, "0.4": 8.10000000009245, "0.8": 6.100000000091995}, "AP_height": {"0.1": 10.350543231360497, "0.2": 14.271886035698955, "0.4": 17.487110393344576, "0.8": 19.594354625078644}, "AP_width": {"0.1": 0.6000000000001364, "0.2": 0.6000000000001364, "0.4": 0.6000000000001364, "0.8": 0.7000000000001592}, "AP_amplitude": {"0.1": 65.78135478191018, "0.2": 70.26288770105009, "0.4": 87.7709089897275, "0.8": 89.87815315871939}, "voltage_base": {"0.1": -70.28368460117868, "0.2": -70.28368460117868, "0.4": -70.28368460117868, "0.8": -70.28368460117868}}}}