{"BBP": {"L5_LBC_dSTUT214_4": {"mean_frequency": {"0.1": 0, "0.2": 0, "0.4": 58.124968682707234, "0.8": 97.35046166204927}, "ISI_CV": {"0.1": 0, "0.2": 0, "0.4": 0.06055074883702088, "0.8": 0.020873428225808906}, "time_to_first_spike": {"0.1": 0, "0.2": 0, "0.4": 4.100000000091541, "0.8": 2.100000000091086}, "time_to_second_spike": {"0.1": 0, "0.2": 0, "0.4": 19.300000000094997, "0.8": 10.600000000093019}, "AP_height": {"0.1": 0, "0.2": 0, "0.4": 21.743653195221874, "0.8": 26.545950661920234}, "AP_width": {"0.1": 0, "0.2": 0, "0.4": 0.6000000000001364, "0.8": 0.7000000000001592}, "AP_amplitude": {"0.1": 0, "0.2": 0, "0.4": 77.81905964362218, "0.8": 101.78091529634159}, "voltage_base": {"0.1": -75.27702922891689, "0.2": -75.27702922891689, "0.4": -75.27702922891689, "0.8": -75.27702922891689}}}, "NetPyNE": {"L5_LBC_dSTUT214_4": {"mean_frequency": {"0.1": 0, "0.2": 0, "0.4": 56.84104627770457, "0.8": 96.00402111089704}, "ISI_CV": {"0.1": 0, "0.2": 0, "0.4": 0.02300564006793052, "0.8": 0.0183271879840225}, "time_to_first_spike": {"0.1": 0, "0.2": 0, "0.4": 4.300000000091586, "0.8": 2.2000000000911086}, "time_to_second_spike": {"0.1": 0, "0.2": 0, "0.4": 19.500000000095042, "0.8": 10.900000000093087}, "AP_height": {"0.1": 0, "0.2": 0, "0.4": 20.70854394476164, "0.8": 25.019181402920655}, "AP_width": {"0.1": 0, "0.2": 0, "0.4": 0.7000000000001592, "0.8": 0.7000000000001592}, "AP_amplitude": {"0.1": 0, "0.2": 0, "0.4": 75.60665508112226, "0.8": 100.92998560730516}, "voltage_base": {"0.1": -75.90841840383172, "0.2": -75.90841840383172, "0.4": -75.90841840383172, "0.8": -75.90841840383172}}}}