{"BBP": {"L23_NBC_dNAC222_4": {"mean_frequency": {"0.1": 0, "0.2": 31.60746538232129, "0.4": 68.87537077074707, "0.8": 110.88810837940296}, "ISI_CV": {"0.1": 0, "0.2": 0.07551365088115054, "0.4": 0.01606616649393409, "0.8": 0.025681618653497412}, "time_to_first_spike": {"0.1": 0, "0.2": 15.40000000009411, "0.4": 4.700000000091677, "0.8": 2.3000000000911314}, "time_to_second_spike": {"0.1": 0, "0.2": 54.60000000010302, "0.4": 17.500000000094587, "0.8": 10.30000000009295}, "AP_height": {"0.1": 0, "0.2": 10.667670049950365, "0.4": 17.45808471599641, "0.8": 21.319054073325155}, "AP_width": {"0.1": 0, "0.2": 0.7000000000001592, "0.4": 0.6000000000001364, "0.8": 0.7000000000001592}, "AP_amplitude": {"0.1": 0, "0.2": 66.46533940323037, "0.4": 72.96545103710598, "0.8": 94.78414387106713}, "voltage_base": {"0.1": -73.46081108998784, "0.2": -73.46081108998784, "0.4": -73.46081108998784, "0.8": -73.46081108998784}}}, "NetPyNE": {"L23_NBC_dNAC222_4": {"mean_frequency": {"0.1": 0, "0.2": 31.413082028698373, "0.4": 68.50000000004658, "0.8": 110.29227452757281}, "ISI_CV": {"0.1": 0, "0.2": 0.0764190520322092, "0.4": 0.016809988905397987, "0.8": 0.02685777811849143}, "time_to_first_spike": {"0.1": 0, "0.2": 15.600000000094155, "0.4": 4.8000000000917, "0.8": 2.3000000000911314}, "time_to_second_spike": {"0.1": 0, "0.2": 55.10000000010314, "0.4": 17.700000000094633, "0.8": 10.400000000092973}, "AP_height": {"0.1": 0, "0.2": 9.672309924075856, "0.4": 17.008608657442725, "0.8": 20.020866457313847}, "AP_width": {"0.1": 0, "0.2": 0.7000000000001592, "0.4": 0.7000000000001592, "0.8": 0.7000000000001592}, "AP_amplitude": {"0.1": 0, "0.2": 64.70587102935114, "0.4": 73.05630469588586, "0.8": 93.4859481384901}, "voltage_base": {"0.1": -73.46080294718645, "0.2": -73.46080294718645, "0.4": -73.46080294718645, "0.8": -73.46080294718645}}}}