{"BBP": {"L23_ChC_cACint209_3": {"mean_frequency": {"0.1": 20.71753410814946, "0.2": 30.429049599371442, "0.4": 48.35541228029271, "0.8": 89.236476663218}, "ISI_CV": {"0.1": 0.2732138005575095, "0.2": 0.25969259355130536, "0.4": 0.22541459247083515, "0.8": 0.16740228505362434}, "time_to_first_spike": {"0.1": 13.700000000093723, "0.2": 6.000000000091973, "0.4": 3.0000000000912905, "0.8": 1.6000000000909722}, "time_to_second_spike": {"0.1": 32.500000000098, "0.2": 17.700000000094633, "0.4": 11.500000000093223, "0.8": 8.000000000092427}, "AP_height": {"0.1": 23.36353829173795, "0.2": 31.21307943865269, "0.4": 34.67596716282097, "0.8": 35.49142770478791}, "AP_width": {"0.1": 0.8000000000001819, "0.2": 0.8000000000001819, "0.4": 0.9000000000002046, "0.8": 1.0000000000002274}, "AP_amplitude": {"0.1": 73.72576491010244, "0.2": 83.83791357778873, "0.4": 88.62238353500797, "0.8": 107.5203855845685}, "voltage_base": {"0.1": -72.02827938848195, "0.2": -72.02827938848195, "0.4": -72.02827938848195, "0.8": -72.02827938848195}}}, "NetPyNE": {"L23_ChC_cACint209_3": {"mean_frequency": {"0.1": 20.701842968961266, "0.2": 30.419793145427203, "0.4": 48.38221953435395, "0.8": 89.2185855346203}, "ISI_CV": {"0.1": 0.27314261592518535, "0.2": 0.2599553379765982, "0.4": 0.2251540498798126, "0.8": 0.16613447074105717}, "time_to_first_spike": {"0.1": 13.800000000093746, "0.2": 6.100000000091995, "0.4": 3.1000000000913133, "0.8": 1.700000000090995}, "time_to_second_spike": {"0.1": 32.60000000009802, "0.2": 17.90000000009468, "0.4": 11.600000000093246, "0.8": 8.10000000009245}, "AP_height": {"0.1": 22.918276742574697, "0.2": 29.86559952720596, "0.4": 34.09405218098162, "0.8": 36.18549551751133}, "AP_width": {"0.1": 0.8000000000001819, "0.2": 0.9000000000002046, "0.4": 0.9000000000002046, "0.8": 0.9000000000002046}, "AP_amplitude": {"0.1": 73.05032665630335, "0.2": 82.75466393837252, "0.4": 88.18989843579041, "0.8": 108.21445269370876}, "voltage_base": {"0.1": -72.02827868681422, "0.2": -72.02827868681422, "0.4": -72.02827868681422, "0.8": -72.02827868681422}}}}