{"BBP": {"L1_DLAC_cNAC187_3": {"mean_frequency": {"0.1": 44.006069802761225, "0.2": 64.63897379370029, "0.4": 93.38286976610419, "0.8": 136.58194916959457}, "ISI_CV": {"0.1": 0.07742423284951372, "0.2": 0.0699754465854683, "0.4": 0.05150288955320274, "0.8": 0.0157498244271697}, "time_to_first_spike": {"0.1": 4.8000000000917, "0.2": 2.7000000000912223, "0.4": 1.6000000000909722, "0.8": 1.0000000000908358}, "time_to_second_spike": {"0.1": 23.50000000009595, "0.2": 14.600000000093928, "0.4": 9.90000000009286, "0.8": 7.2000000000922455}, "AP_height": {"0.1": 20.55470907443681, "0.2": 26.14109646559624, "0.4": 26.20026401235632, "0.8": 26.350196669201654}, "AP_width": {"0.1": 0.7000000000001592, "0.2": 0.7000000000001592, "0.4": 0.7000000000001592, "0.8": 0.8000000000001819}, "AP_amplitude": {"0.1": 77.04470716385715, "0.2": 81.44969866483561, "0.4": 95.50894841106839, "0.8": 95.65888106600835}, "voltage_base": {"0.1": -69.30524960244419, "0.2": -69.30524960244419, "0.4": -69.30524960244419, "0.8": -69.30524960244419}}}, "NetPyNE": {"L1_DLAC_cNAC187_3": {"mean_frequency": {"0.1": 43.762575452746, "0.2": 64.34100733893983, "0.4": 92.91813159222784, "0.8": 135.75113960836757}, "ISI_CV": {"0.1": 0.07706639462893301, "0.2": 0.06907997370999579, "0.4": 0.05007769940003409, "0.8": 0.015390228841825802}, "time_to_first_spike": {"0.1": 4.9000000000917225, "0.2": 2.800000000091245, "0.4": 1.700000000090995, "0.8": 1.1000000000908585}, "time_to_second_spike": {"0.1": 23.700000000095997, "0.2": 14.70000000009395, "0.4": 10.000000000092882, "0.8": 7.300000000092268}, "AP_height": {"0.1": 22.58045055666893, "0.2": 22.26323246187747, "0.4": 28.2275783011086, "0.8": 29.84917158710223}, "AP_width": {"0.1": 0.7000000000001592, "0.2": 0.7000000000001592, "0.4": 0.7000000000001592, "0.8": 0.7000000000001592}, "AP_amplitude": {"0.1": 78.23052048889588, "0.2": 77.67392302187469, "0.4": 97.53625675005264, "0.8": 99.1578500243747}, "voltage_base": {"0.1": -69.30524363535991, "0.2": -69.30524363535991, "0.4": -69.30524363535991, "0.8": -69.30524363535991}}}}