{"BBP": {"L6_MC_bAC217_2": {"mean_frequency": {"0.1": 0, "0.2": 8.650078868372, "0.4": 13.855390773345409, "0.8": 19.54299458810709}, "ISI_CV": {"0.1": 0, "0.2": 0.28350940418621456, "0.4": 0.29855602209284016, "0.8": 0.30054533217642654}, "time_to_first_spike": {"0.1": 0, "0.2": 7.500000000092314, "0.4": 3.1000000000913133, "0.8": 1.700000000090995}, "time_to_second_spike": {"0.1": 0, "0.2": 37.20000000009907, "0.4": 21.000000000095383, "0.8": 13.000000000093564}, "AP_height": {"0.1": 0, "0.2": 23.790965112754446, "0.4": 22.696423401095462, "0.8": 26.006772233506602}, "AP_width": {"0.1": 0, "0.2": 0.5000000000001137, "0.4": 0.5000000000001137, "0.8": 0.6000000000001364}, "AP_amplitude": {"0.1": 0, "0.2": 80.20070599911215, "0.4": 77.68433989414534, "0.8": 98.0330675767259}, "voltage_base": {"0.1": -72.02326022360357, "0.2": -72.02326022360357, "0.4": -72.02326022360357, "0.8": -72.02326022360357}}}, "NetPyNE": {"L6_MC_bAC217_2": {"mean_frequency": {"0.1": 0, "0.2": 8.541855089946509, "0.4": 13.681276919188386, "0.8": 19.366017735208274}, "ISI_CV": {"0.1": 0, "0.2": 0.2825180524250663, "0.4": 0.2972011290529949, "0.8": 0.30379628552548044}, "time_to_first_spike": {"0.1": 0, "0.2": 7.6000000000923364, "0.4": 3.200000000091336, "0.8": 1.700000000090995}, "time_to_second_spike": {"0.1": 0, "0.2": 37.500000000099135, "0.4": 21.20000000009543, "0.8": 13.100000000093587}, "AP_height": {"0.1": 0, "0.2": 23.88929105131762, "0.4": 27.095873704409158, "0.8": 30.817748959083055}, "AP_width": {"0.1": 0, "0.2": 0.5000000000001137, "0.4": 0.6000000000001364, "0.8": 0.6000000000001364}, "AP_amplitude": {"0.1": 0, "0.2": 79.80584625034663, "0.4": 82.48633277128984, "0.8": 102.84403963800318}, "voltage_base": {"0.1": -72.02325554184365, "0.2": -72.02325554184365, "0.4": -72.02325554184365, "0.8": -72.02325554184365}}}}