{"BBP": {"L23_DBC_cACint209_5": {"mean_frequency": {"0.1": 31.32737102725583, "0.2": 55.318078954022965, "0.4": 109.53672997696111, "0.8": 257.2830113126186}, "ISI_CV": {"0.1": 0.23167639467868106, "0.2": 0.17721150340786984, "0.4": 0.10308224448811537, "0.8": 0.021827531882431965}, "time_to_first_spike": {"0.1": 6.200000000092018, "0.2": 3.3000000000913587, "0.4": 1.8000000000910177, "0.8": 1.1000000000908585}, "time_to_second_spike": {"0.1": 18.600000000094838, "0.2": 12.200000000093382, "0.4": 8.600000000092564, "0.8": 6.400000000092064}, "AP_height": {"0.1": 30.288235900103544, "0.2": 28.605056772176898, "0.4": 34.71480106490929, "0.8": 32.803630023416915}, "AP_width": {"0.1": 0.9000000000002046, "0.2": 1.0000000000002274, "0.4": 1.0000000000002274, "0.8": 1.0000000000002274}, "AP_amplitude": {"0.1": 86.61292073504822, "0.2": 84.16001750367897, "0.4": 106.5581775261717, "0.8": 104.64700648192455}, "voltage_base": {"0.1": -71.84265825854419, "0.2": -71.84265825854419, "0.4": -71.84265825854419, "0.8": -71.84265825854419}}}, "NetPyNE": {"L23_DBC_cACint209_5": {"mean_frequency": {"0.1": 31.28153380425935, "0.2": 55.334775391153805, "0.4": 109.56025814205259, "0.8": 253.72835552014047}, "ISI_CV": {"0.1": 0.2315337125189392, "0.2": 0.17651517821454887, "0.4": 0.10064032278243383, "0.8": 0.020404808866064057}, "time_to_first_spike": {"0.1": 6.300000000092041, "0.2": 3.3000000000913587, "0.4": 1.9000000000910404, "0.8": 1.1000000000908585}, "time_to_second_spike": {"0.1": 18.70000000009486, "0.2": 12.300000000093405, "0.4": 8.700000000092587, "0.8": 6.500000000092086}, "AP_height": {"0.1": 29.779942571089357, "0.2": 31.89531270554138, "0.4": 32.00132884311655, "0.8": 36.300805072617116}, "AP_width": {"0.1": 0.9000000000002046, "0.2": 0.9000000000002046, "0.4": 1.0000000000002274, "0.8": 1.0000000000002274}, "AP_amplitude": {"0.1": 84.93119615307371, "0.2": 87.59540590866239, "0.4": 103.84470419028315, "0.8": 108.14418040581819}, "voltage_base": {"0.1": -71.84265713259074, "0.2": -71.84265713259074, "0.4": -71.84265713259074, "0.8": -71.84265713259074}}}}