{"BBP": {"L5_BTC_cACint209_3": {"mean_frequency": {"0.1": 31.569452796172985, "0.2": 53.841896039889605, "0.4": 97.26748558542583, "0.8": 222.57790226594437}, "ISI_CV": {"0.1": 0.2362057356155892, "0.2": 0.19030643902470162, "0.4": 0.1395286191344399, "0.8": 0.09123251320454566}, "time_to_first_spike": {"0.1": 8.400000000092518, "0.2": 3.7000000000914497, "0.4": 1.9000000000910404, "0.8": 1.1000000000908585}, "time_to_second_spike": {"0.1": 21.000000000095383, "0.2": 12.900000000093542, "0.4": 8.900000000092632, "0.8": 6.600000000092109}, "AP_height": {"0.1": 29.145035576094404, "0.2": 32.1143768482211, "0.4": 33.91166884355345, "0.8": 38.012326909082674}, "AP_width": {"0.1": 0.8000000000001819, "0.2": 0.9000000000002046, "0.4": 0.9000000000002046, "0.8": 0.9000000000002046}, "AP_amplitude": {"0.1": 85.88008101311694, "0.2": 88.21333636203369, "0.4": 104.18929220729913, "0.8": 108.28995027056916}, "voltage_base": {"0.1": -70.27706348841204, "0.2": -70.27706348841204, "0.4": -70.27706348841204, "0.8": -70.27706348841204}}}, "NetPyNE": {"L5_BTC_cACint209_3": {"mean_frequency": {"0.1": 31.555374592855205, "0.2": 53.77695129922734, "0.4": 97.3406924235483, "0.8": 223.0017539465309}, "ISI_CV": {"0.1": 0.23793272415365213, "0.2": 0.1898866580001782, "0.4": 0.13770270301288828, "0.8": 0.08421621260333957}, "time_to_first_spike": {"0.1": 8.600000000092564, "0.2": 3.8000000000914724, "0.4": 2.000000000091063, "0.8": 1.2000000000908813}, "time_to_second_spike": {"0.1": 21.100000000095406, "0.2": 13.000000000093564, "0.4": 9.100000000092678, "0.8": 6.700000000092132}, "AP_height": {"0.1": 26.63332051782146, "0.2": 32.56323498299102, "0.4": 35.609983354844104, "0.8": 34.80879747704386}, "AP_width": {"0.1": 0.8000000000001819, "0.2": 0.9000000000002046, "0.4": 0.9000000000002046, "0.8": 0.9000000000002046}, "AP_amplitude": {"0.1": 82.89976969370161, "0.2": 87.66677431141171, "0.4": 105.88760592438217, "0.8": 105.0864200226394}, "voltage_base": {"0.1": -70.27706266792372, "0.2": -70.27706266792372, "0.4": -70.27706266792372, "0.8": -70.27706266792372}}}}