{"BBP": {"L4_SBC_cACint209_5": {"mean_frequency": {"0.1": 26.53061224491588, "0.2": 40.585228980887386, "0.4": 71.18508121119736, "0.8": 145.15241003063073}, "ISI_CV": {"0.1": 0.2661599811062426, "0.2": 0.2330961080000306, "0.4": 0.19443109250257873, "0.8": 0.09280126812801738}, "time_to_first_spike": {"0.1": 5.600000000091882, "0.2": 2.7000000000912223, "0.4": 1.4000000000909267, "0.8": 0.8000000000907903}, "time_to_second_spike": {"0.1": 17.100000000094496, "0.2": 11.00000000009311, "0.4": 7.900000000092405, "0.8": 6.000000000091973}, "AP_height": {"0.1": 37.00425163162409, "0.2": 34.35112139703411, "0.4": 40.66017818259554, "0.8": 41.910989321128554}, "AP_width": {"0.1": 0.8000000000001819, "0.2": 0.8000000000001819, "0.4": 0.9000000000002046, "0.8": 1.0000000000002274}, "AP_amplitude": {"0.1": 92.6113903877773, "0.2": 89.48095942798113, "0.4": 113.18500933112409, "0.8": 114.4358204667239}, "voltage_base": {"0.1": -72.5241127200917, "0.2": -72.5241127200917, "0.4": -72.5241127200917, "0.8": -72.5241127200917}}}, "NetPyNE": {"L4_SBC_cACint209_5": {"mean_frequency": {"0.1": 26.43485333741811, "0.2": 40.5206908778069, "0.4": 71.02130639196587, "0.8": 144.23076923086725}, "ISI_CV": {"0.1": 0.26644932674992466, "0.2": 0.23479392939565338, "0.4": 0.19389053684220414, "0.8": 0.09248455869545813}, "time_to_first_spike": {"0.1": 5.700000000091904, "0.2": 2.7000000000912223, "0.4": 1.5000000000909495, "0.8": 0.900000000090813}, "time_to_second_spike": {"0.1": 17.300000000094542, "0.2": 11.200000000093155, "0.4": 8.000000000092427, "0.8": 6.100000000091995}, "AP_height": {"0.1": 36.33980961180632, "0.2": 38.159800474075645, "0.4": 36.72590436923475, "0.8": 38.37879748083961}, "AP_width": {"0.1": 0.8000000000001819, "0.2": 0.9000000000002046, "0.4": 0.8000000000001819, "0.8": 0.9000000000002046}, "AP_amplitude": {"0.1": 92.38082829291125, "0.2": 93.50112155688004, "0.4": 109.2507346335527, "0.8": 110.90362756730912}, "voltage_base": {"0.1": -72.52411166253087, "0.2": -72.52411166253087, "0.4": -72.52411166253087, "0.8": -72.52411166253087}}}}