{"BBP": {"L5_NGC_cACint209_3": {"mean_frequency": {"0.1": 26.463104325717634, "0.2": 43.41899328523163, "0.4": 82.51987521390323, "0.8": 239.04382470027795}, "ISI_CV": {"0.1": 0.25929229373872276, "0.2": 0.22533200458795377, "0.4": 0.15846539912398022, "0.8": 0.1653030637364548}, "time_to_first_spike": {"0.1": 8.000000000092427, "0.2": 4.200000000091563, "0.4": 2.400000000091154, "0.8": 1.4000000000909267}, "time_to_second_spike": {"0.1": 22.30000000009568, "0.2": 14.30000000009386, "0.4": 9.700000000092814, "0.8": 7.100000000092223}, "AP_height": {"0.1": 23.52691817294152, "0.2": 25.182044639732528, "0.4": 30.608466214455863, "0.8": 32.87550535077465}, "AP_width": {"0.1": 0.9000000000002046, "0.2": 1.0000000000002274, "0.4": 1.0000000000002274, "0.8": 1.0000000000002274}, "AP_amplitude": {"0.1": 78.69255775013342, "0.2": 79.42074083445706, "0.4": 102.45584599789785, "0.8": 104.72288513238487}, "voltage_base": {"0.1": -71.8466764971211, "0.2": -71.8466764971211, "0.4": -71.8466764971211, "0.8": -71.8466764971211}}}, "NetPyNE": {"L5_NGC_cACint209_3": {"mean_frequency": {"0.1": 26.52925871130816, "0.2": 43.52176088046981, "0.4": 82.86460425879471, "0.8": 238.09523809432787}, "ISI_CV": {"0.1": 0.2593537880348987, "0.2": 0.22362261126119826, "0.4": 0.15624776204581486, "0.8": 0.1653030637364548}, "time_to_first_spike": {"0.1": 8.10000000009245, "0.2": 4.300000000091586, "0.4": 2.500000000091177, "0.8": 1.5000000000909495}, "time_to_second_spike": {"0.1": 22.4000000000957, "0.2": 14.400000000093883, "0.4": 9.90000000009286, "0.8": 7.2000000000922455}, "AP_height": {"0.1": 24.152606439147306, "0.2": 26.7959915103832, "0.4": 29.123849697774883, "0.8": 30.140677402640062}, "AP_width": {"0.1": 0.9000000000002046, "0.2": 0.9000000000002046, "0.4": 1.0000000000002274, "0.8": 1.0000000000002274}, "AP_amplitude": {"0.1": 78.81988535231473, "0.2": 81.41074802731808, "0.4": 83.85742623882119, "0.8": 101.98805625699896}, "voltage_base": {"0.1": -71.84667556211754, "0.2": -71.84667556211754, "0.4": -71.84667556211754, "0.8": -71.84667556211754}}}}