{"BBP": {"L5_DBC_bNAC219_1": {"mean_frequency": {"0.1": 17.655367231650388, "0.2": 55.27360434152791, "0.4": 103.79061371848208, "0.8": 174.2701186840786}, "ISI_CV": {"0.1": 0.20333763463316615, "0.2": 0.05241631444216882, "0.4": 0.017824335222573155, "0.8": 0.03575266696510005}, "time_to_first_spike": {"0.1": 26.900000000096725, "0.2": 10.600000000093019, "0.4": 4.500000000091632, "0.8": 2.2000000000911086}, "time_to_second_spike": {"0.1": 50.20000000010202, "0.2": 22.900000000095815, "0.4": 13.300000000093632, "0.8": 8.900000000092632}, "AP_height": {"0.1": 1.543318819578866, "0.2": 4.123806674001767, "0.4": 9.552208827469881, "0.8": 12.975775809364103}, "AP_width": {"0.1": 0.7000000000001592, "0.2": 0.7000000000001592, "0.4": 0.7000000000001592, "0.8": 0.7000000000001592}, "AP_amplitude": {"0.1": 55.74208334397701, "0.2": 58.705563212900344, "0.4": 64.30813639233266, "0.8": 81.33510022572968}, "voltage_base": {"0.1": -68.35922796709644, "0.2": -68.35922796709644, "0.4": -68.35922796709644, "0.8": -68.35922796709644}}}, "NetPyNE": {"L5_DBC_bNAC219_1": {"mean_frequency": {"0.1": 17.607405171558383, "0.2": 55.437959883113905, "0.4": 103.5673187572626, "0.8": 174.94611258721596}, "ISI_CV": {"0.1": 0.20382188606842128, "0.2": 0.05175752973419913, "0.4": 0.01730580454242626, "0.8": 0.03693868546271316}, "time_to_first_spike": {"0.1": 27.10000000009677, "0.2": 10.700000000093041, "0.4": 4.600000000091654, "0.8": 2.2000000000911086}, "time_to_second_spike": {"0.1": 50.20000000010202, "0.2": 23.000000000095838, "0.4": 13.400000000093655, "0.8": 9.000000000092655}, "AP_height": {"0.1": 0.379068410316414, "0.2": 4.234562347117272, "0.4": 8.976217819950483, "0.8": 12.45180317163988}, "AP_width": {"0.1": 0.7000000000001592, "0.2": 0.7000000000001592, "0.4": 0.7000000000001592, "0.8": 0.7000000000001592}, "AP_amplitude": {"0.1": 54.477463816701885, "0.2": 58.384509271025294, "0.4": 62.65691753713414, "0.8": 80.81112744371839}, "voltage_base": {"0.1": -68.35922782222498, "0.2": -68.35922782222498, "0.4": -68.35922782222498, "0.8": -68.35922782222498}}}}