{"BBP": {"L4_DBC_bAC217_4": {"mean_frequency": {"0.1": 4.7732696897406495, "0.2": 11.046949535533487, "0.4": 16.501650165027606, "0.8": 23.083099156980754}, "ISI_CV": {"0.1": 0.11112000651478673, "0.2": 0.284863154730262, "0.4": 0.29485113590500006, "0.8": 0.29499932911363724}, "time_to_first_spike": {"0.1": 14.200000000093837, "0.2": 3.500000000091404, "0.4": 1.700000000090995, "0.8": 1.0000000000908358}, "time_to_second_spike": {"0.1": 71.90000000010696, "0.2": 27.200000000096793, "0.4": 16.600000000094383, "0.8": 10.700000000093041}, "AP_height": {"0.1": 25.099867332305376, "0.2": 30.320189206571868, "0.4": 34.70301334993584, "0.8": 32.0818974023422}, "AP_width": {"0.1": 0.5000000000001137, "0.2": 0.5000000000001137, "0.4": 0.6000000000001364, "0.8": 0.6000000000001364}, "AP_amplitude": {"0.1": 81.2854318515485, "0.2": 86.05010361012435, "0.4": 107.47574736097056, "0.8": 104.85463141088496}, "voltage_base": {"0.1": -72.76948606032278, "0.2": -72.76948606032278, "0.4": -72.76948606032278, "0.8": -72.76948606032278}}}, "NetPyNE": {"L4_DBC_bAC217_4": {"mean_frequency": {"0.1": 4.707359171507937, "0.2": 10.994188785934796, "0.4": 16.27339300245201, "0.8": 22.839161549018144}, "ISI_CV": {"0.1": 0.10541753716391379, "0.2": 0.2915366639802242, "0.4": 0.29319584932187676, "0.8": 0.297110292137481}, "time_to_first_spike": {"0.1": 14.30000000009386, "0.2": 3.600000000091427, "0.4": 1.8000000000910177, "0.8": 1.0000000000908358}, "time_to_second_spike": {"0.1": 72.70000000010714, "0.2": 27.50000000009686, "0.4": 16.80000000009443, "0.8": 10.800000000093064}, "AP_height": {"0.1": 20.526024599275907, "0.2": 29.288615610663793, "0.4": 30.782166879253737, "0.8": 35.878507906248586}, "AP_width": {"0.1": 0.5000000000001137, "0.2": 0.5000000000001137, "0.4": 0.5000000000001137, "0.8": 0.6000000000001364}, "AP_amplitude": {"0.1": 76.80965754879838, "0.2": 85.47676236714145, "0.4": 103.55489566699357, "0.8": 108.65123667369532}, "voltage_base": {"0.1": -72.76948079984521, "0.2": -72.76948079984521, "0.4": -72.76948079984521, "0.8": -72.76948079984521}}}}