{"BBP": {"L1_SLAC_cNAC187_5": {"mean_frequency": {"0.1": 54.21958933685092, "0.2": 81.23965698817014, "0.4": 120.28869286295263, "0.8": 187.8816345701892}, "ISI_CV": {"0.1": 0.041940205851554724, "0.2": 0.031207007390909612, "0.4": 0.012432031108646805, "0.8": 0.09618033575911537}, "time_to_first_spike": {"0.1": 4.700000000091677, "0.2": 2.6000000000911996, "0.4": 1.6000000000909722, "0.8": 1.0000000000908358}, "time_to_second_spike": {"0.1": 20.400000000095247, "0.2": 12.800000000093519, "0.4": 8.80000000009261, "0.8": 6.500000000092086}, "AP_height": {"0.1": 16.05778357230243, "0.2": 20.19343434088664, "0.4": 22.991110162942615, "0.8": 24.92280697088629}, "AP_width": {"0.1": 0.8000000000001819, "0.2": 0.8000000000001819, "0.4": 0.8000000000001819, "0.8": 0.8000000000001819}, "AP_amplitude": {"0.1": 72.41509701802444, "0.2": 75.76081705467325, "0.4": 91.85505197896337, "0.8": 93.78674878466579}, "voltage_base": {"0.1": -68.86104439604556, "0.2": -68.86104439604556, "0.4": -68.86104439604556, "0.8": -68.86104439604556}}}, "NetPyNE": {"L1_SLAC_cNAC187_5": {"mean_frequency": {"0.1": 54.01620486149517, "0.2": 80.94112915394363, "0.4": 119.72148474686291, "0.8": 186.8686868686403}, "ISI_CV": {"0.1": 0.041053445304639884, "0.2": 0.029822000359320408, "0.4": 0.012202900860523324, "0.8": 0.09578416087357701}, "time_to_first_spike": {"0.1": 4.700000000091677, "0.2": 2.7000000000912223, "0.4": 1.700000000090995, "0.8": 1.1000000000908585}, "time_to_second_spike": {"0.1": 20.600000000095292, "0.2": 12.900000000093542, "0.4": 8.900000000092632, "0.8": 6.500000000092086}, "AP_height": {"0.1": 16.187315449073346, "0.2": 20.278338929253934, "0.4": 20.14548882216243, "0.8": 23.155523177134203}, "AP_width": {"0.1": 0.8000000000001819, "0.2": 0.8000000000001819, "0.4": 0.8000000000001819, "0.8": 0.9000000000002046}, "AP_amplitude": {"0.1": 71.61071541351095, "0.2": 74.77040721575992, "0.4": 89.00942567770782, "0.8": 92.01945999553631}, "voltage_base": {"0.1": -68.86103939467517, "0.2": -68.86103939467517, "0.4": -68.86103939467517, "0.8": -68.86103939467517}}}}