{"BBP": {"L6_NBC_cIR216_1": {"mean_frequency": {"0.1": 12.724588995784037, "0.2": 23.947824314700785, "0.4": 41.181197268007075, "0.8": 99.96483648974487}, "ISI_CV": {"0.1": 0.38884838403782185, "0.2": 0.2646126110040164, "0.4": 0.20489396555195294, "0.8": 0.06333315549427956}, "time_to_first_spike": {"0.1": 29.800000000097384, "0.2": 9.500000000092768, "0.4": 4.400000000091609, "0.8": 2.3000000000911314}, "time_to_second_spike": {"0.1": 57.10000000010359, "0.2": 23.200000000095883, "0.4": 13.700000000093723, "0.8": 9.400000000092746}, "AP_height": {"0.1": 24.915273306071843, "0.2": 26.875245967436975, "0.4": 29.29059485163733, "0.8": 32.873946160969076}, "AP_width": {"0.1": 0.8000000000001819, "0.2": 0.8000000000001819, "0.4": 0.9000000000002046, "0.8": 0.9000000000002046}, "AP_amplitude": {"0.1": 80.49471169001777, "0.2": 83.87462840877643, "0.4": 85.52988261430906, "0.8": 109.13627699891441}, "voltage_base": {"0.1": -76.28468257428693, "0.2": -76.28468257428693, "0.4": -76.28468257428693, "0.8": -76.28468257428693}}}, "NetPyNE": {"L6_NBC_cIR216_1": {"mean_frequency": {"0.1": 0, "0.2": 18.301982714806478, "0.4": 33.47025711245229, "0.8": 82.02871004857276}, "ISI_CV": {"0.1": 0, "0.2": 0.23166150969543853, "0.4": 0.18329040187945272, "0.8": 0.07115797799689753}, "time_to_first_spike": {"0.1": 0, "0.2": 11.100000000093132, "0.4": 4.9000000000917225, "0.8": 2.500000000091177}, "time_to_second_spike": {"0.1": 0, "0.2": 28.100000000096998, "0.4": 14.800000000093974, "0.8": 9.800000000092837}, "AP_height": {"0.1": 0, "0.2": 27.470275460069438, "0.4": 31.39777344479705, "0.8": 33.742971659199405}, "AP_width": {"0.1": 0, "0.2": 0.8000000000001819, "0.4": 0.9000000000002046, "0.8": 0.9000000000002046}, "AP_amplitude": {"0.1": 0, "0.2": 84.10702505981976, "0.4": 87.80315800064082, "0.8": 111.47278209497901}, "voltage_base": {"0.1": -77.72965142515827, "0.2": -77.72965142515827, "0.4": -77.72965142515827, "0.8": -77.72965142515827}}}}