{"BBP": {"L6_BPC_cADpyr231_5": {"mean_frequency": {"0.1": 0, "0.2": 7.078214267662412, "0.4": 11.019835704275172, "0.8": 21.1140156847117}, "ISI_CV": {"0.1": 0, "0.2": 0.326528760102973, "0.4": 0.319283740186986, "0.8": 0.15721081423225494}, "time_to_first_spike": {"0.1": 0, "0.2": 16.700000000094406, "0.4": 4.9000000000917225, "0.8": 1.9000000000910404}, "time_to_second_spike": {"0.1": 0, "0.2": 44.800000000100795, "0.4": 19.300000000094997, "0.8": 9.800000000092837}, "AP_height": {"0.1": 0, "0.2": 35.99794002256554, "0.4": 41.06339477907658, "0.8": 43.57694918340509}, "AP_width": {"0.1": 0, "0.2": 1.0000000000002274, "0.4": 1.2000000000002728, "0.8": 1.3000000000002956}, "AP_amplitude": {"0.1": 0, "0.2": 88.12029724156817, "0.4": 113.45512582651966, "0.8": 115.96868022899145}, "voltage_base": {"0.1": -72.39156428587904, "0.2": -72.39156428587904, "0.4": -72.39156428587904, "0.8": -72.39156428587904}}}, "NetPyNE": {"L6_BPC_cADpyr231_5": {"mean_frequency": {"0.1": 0, "0.2": 7.053252053004935, "0.4": 11.066610455319362, "0.8": 20.60301507539087}, "ISI_CV": {"0.1": 0, "0.2": 0.3258299935852708, "0.4": 0.3272498511770168, "0.8": 0.162421537796796}, "time_to_first_spike": {"0.1": 0, "0.2": 16.80000000009443, "0.4": 5.000000000091745, "0.8": 1.9000000000910404}, "time_to_second_spike": {"0.1": 0, "0.2": 45.00000000010084, "0.4": 19.500000000095042, "0.8": 9.90000000009286}, "AP_height": {"0.1": 0, "0.2": 35.07822388827706, "0.4": 40.527921976423514, "0.8": 43.7672470673045}, "AP_width": {"0.1": 0, "0.2": 1.1000000000002501, "0.4": 1.1000000000002501, "0.8": 1.2000000000002728}, "AP_amplitude": {"0.1": 0, "0.2": 87.09305462608644, "0.4": 94.60265829227336, "0.8": 116.15897773346356}, "voltage_base": {"0.1": -72.39156390224385, "0.2": -72.39156390224385, "0.4": -72.39156390224385, "0.8": -72.39156390224385}}}}