{"BBP": {"L6_BP_dSTUT214_4": {"mean_frequency": {"0.1": 25.809716599207764, "0.2": 81.42340168883695, "0.4": 137.70655983985324, "0.8": 267.87502503523115}, "ISI_CV": {"0.1": 0.26658508947491943, "0.2": 0.043937588736127596, "0.4": 0.05166539108345767, "0.8": 0.10519998459097035}, "time_to_first_spike": {"0.1": 19.900000000095133, "0.2": 4.400000000091609, "0.4": 1.700000000090995, "0.8": 0.900000000090813}, "time_to_second_spike": {"0.1": 102.30000000011387, "0.2": 15.100000000094042, "0.4": 8.80000000009261, "0.8": 6.100000000091995}, "AP_height": {"0.1": 13.354732819817212, "0.2": 21.246805345755103, "0.4": 24.27477933057767, "0.8": 25.308969302510768}, "AP_width": {"0.1": 0.7000000000001592, "0.2": 0.7000000000001592, "0.4": 0.8000000000001819, "0.8": 0.8000000000001819}, "AP_amplitude": {"0.1": 69.17060892630002, "0.2": 96.73035793512993, "0.4": 99.74328725585086, "0.8": 100.27787930943762}, "voltage_base": {"0.1": -75.06555284741738, "0.2": -75.06555284741738, "0.4": -75.06555284741738, "0.8": -75.06555284741738}}}, "NetPyNE": {"L6_BP_dSTUT214_4": {"mean_frequency": {"0.1": 0, "0.2": 70.95767701680624, "0.4": 127.90289411655377, "0.8": 245.75804594841273}, "ISI_CV": {"0.1": 0, "0.2": 0.03084485387264239, "0.4": 0.043326190418204645, "0.8": 0.09509920318822443}, "time_to_first_spike": {"0.1": 0, "0.2": 5.100000000091768, "0.4": 1.9000000000910404, "0.8": 1.0000000000908358}, "time_to_second_spike": {"0.1": 0, "0.2": 17.700000000094633, "0.4": 9.300000000092723, "0.8": 6.300000000092041}, "AP_height": {"0.1": 0, "0.2": 19.824061360197422, "0.4": 23.95154788028701, "0.8": 25.69162642765163}, "AP_width": {"0.1": 0, "0.2": 0.7000000000001592, "0.4": 0.8000000000001819, "0.8": 0.7000000000001592}, "AP_amplitude": {"0.1": 0, "0.2": 96.54952300190175, "0.4": 100.67700958868166, "0.8": 102.41708807099866}, "voltage_base": {"0.1": -76.72332129133638, "0.2": -76.72332129133638, "0.4": -76.72332129133638, "0.8": -76.72332129133638}}}}