{"BBP": {"L23_BTC_bNAC219_4": {"mean_frequency": {"0.1": 46.48577636302478, "0.2": 99.06439185477292, "0.4": 150.96042930949622, "0.8": 263.7889688243069}, "ISI_CV": {"0.1": 0.0768343714441382, "0.2": 0.020524176903720843, "0.4": 0.012869621802352193, "0.8": 0.10248632730887987}, "time_to_first_spike": {"0.1": 9.700000000092814, "0.2": 4.000000000091518, "0.4": 1.9000000000910404, "0.8": 1.1000000000908585}, "time_to_second_spike": {"0.1": 22.200000000095656, "0.2": 12.600000000093473, "0.4": 8.600000000092564, "0.8": 6.300000000092041}, "AP_height": {"0.1": 9.179616345284488, "0.2": 15.284786800911322, "0.4": 18.74559163921949, "0.8": 19.074590360406212}, "AP_width": {"0.1": 0.7000000000001592, "0.2": 0.6000000000001364, "0.4": 0.7000000000001592, "0.8": 0.7000000000001592}, "AP_amplitude": {"0.1": 64.56227090901402, "0.2": 71.02416528749025, "0.4": 87.91994799116148, "0.8": 88.2489467100473}, "voltage_base": {"0.1": -69.17424669374735, "0.2": -69.17424669374735, "0.4": -69.17424669374735, "0.8": -69.17424669374735}}}, "NetPyNE": {"L23_BTC_bNAC219_4": {"mean_frequency": {"0.1": 46.483427647565854, "0.2": 98.65291201368817, "0.4": 149.91977537114076, "0.8": 260.6635071083858}, "ISI_CV": {"0.1": 0.07623193690474064, "0.2": 0.020164992196739853, "0.4": 0.012778643460130395, "0.8": 0.1034839863287302}, "time_to_first_spike": {"0.1": 9.800000000092837, "0.2": 4.100000000091541, "0.4": 2.000000000091063, "0.8": 1.1000000000908585}, "time_to_second_spike": {"0.1": 22.30000000009568, "0.2": 12.800000000093519, "0.4": 8.700000000092587, "0.8": 6.400000000092064}, "AP_height": {"0.1": 10.249287662678633, "0.2": 15.07602156503568, "0.4": 17.622226291556128, "0.8": 20.941272607048866}, "AP_width": {"0.1": 0.7000000000001592, "0.2": 0.6000000000001364, "0.4": 0.7000000000001592, "0.8": 0.7000000000001592}, "AP_amplitude": {"0.1": 64.96349779781468, "0.2": 71.20524611015786, "0.4": 86.79658244471086, "0.8": 90.11562874726033}, "voltage_base": {"0.1": -69.17424648347901, "0.2": -69.17424648347901, "0.4": -69.17424648347901, "0.8": -69.17424648347901}}}}