{"BBP": {"L6_NBC_bIR215_5": {"mean_frequency": {"0.1": 3.342804613072552, "0.2": 11.064728662684168, "0.4": 16.577083437997892, "0.8": 23.25346274392436}, "ISI_CV": {"0.1": 0.4275937511206635, "0.2": 0.2933411177881017, "0.4": 0.3000848713188211, "0.8": 0.30865276151386783}, "time_to_first_spike": {"0.1": 30.100000000097452, "0.2": 6.000000000091973, "0.4": 2.2000000000911086, "0.8": 1.1000000000908585}, "time_to_second_spike": {"0.1": 116.5000000001171, "0.2": 31.90000000009786, "0.4": 17.700000000094633, "0.8": 10.800000000093064}, "AP_height": {"0.1": 23.475836409767986, "0.2": 28.5527623540604, "0.4": 27.692263845311782, "0.8": 34.295766560564445}, "AP_width": {"0.1": 0.5000000000001137, "0.2": 0.6000000000001364, "0.4": 0.5000000000001137, "0.8": 0.6000000000001364}, "AP_amplitude": {"0.1": 76.87142701864208, "0.2": 83.6264445934258, "0.4": 100.84103070077073, "0.8": 107.0016619560336}, "voltage_base": {"0.1": -72.63002478511527, "0.2": -72.63002478511527, "0.4": -72.63002478511527, "0.8": -72.63002478511527}}}, "NetPyNE": {"L6_NBC_bIR215_5": {"mean_frequency": {"0.1": 0, "0.2": 6.991126646952738, "0.4": 15.012683128860324, "0.8": 22.058069149496763}, "ISI_CV": {"0.1": 0, "0.2": 0.23331523541101354, "0.4": 0.28152772201089415, "0.8": 0.2832393646837847}, "time_to_first_spike": {"0.1": 0, "0.2": 8.000000000092427, "0.4": 2.6000000000911996, "0.8": 1.300000000090904}, "time_to_second_spike": {"0.1": 0, "0.2": 44.00000000010061, "0.4": 20.000000000095156, "0.8": 11.900000000093314}, "AP_height": {"0.1": 0, "0.2": 24.78027993295657, "0.4": 27.608105098727002, "0.8": 31.093323155534435}, "AP_width": {"0.1": 0, "0.2": 0.5000000000001137, "0.4": 0.6000000000001364, "0.8": 0.6000000000001364}, "AP_amplitude": {"0.1": 0, "0.2": 79.6917936836217, "0.4": 102.91900595721293, "0.8": 106.40422371824815}, "voltage_base": {"0.1": -75.30962952659786, "0.2": -75.30962952659786, "0.4": -75.30962952659786, "0.8": -75.30962952659786}}}}