{"BBP": {"L4_NBC_cIR216_2": {"mean_frequency": {"0.1": 15.539626046428927, "0.2": 25.00750225069221, "0.4": 42.42424242427118, "0.8": 90.52504526258407}, "ISI_CV": {"0.1": 0.3496037686252279, "0.2": 0.27103919311102365, "0.4": 0.22706431221128776, "0.8": 0.11021762410005446}, "time_to_first_spike": {"0.1": 12.700000000093496, "0.2": 5.90000000009195, "0.4": 2.800000000091245, "0.8": 1.5000000000909495}, "time_to_second_spike": {"0.1": 34.30000000009841, "0.2": 17.90000000009468, "0.4": 11.100000000093132, "0.8": 7.900000000092405}, "AP_height": {"0.1": 28.849745896683956, "0.2": 29.916836973720635, "0.4": 33.932135019013145, "0.8": 33.8790322412432}, "AP_width": {"0.1": 0.8000000000001819, "0.2": 0.9000000000002046, "0.4": 0.9000000000002046, "0.8": 1.0000000000002274}, "AP_amplitude": {"0.1": 82.54234256381122, "0.2": 85.21316947084372, "0.4": 108.20998760716473, "0.8": 110.83618027904731}, "voltage_base": {"0.1": -76.78047449376079, "0.2": -76.78047449376079, "0.4": -76.78047449376079, "0.8": -76.78047449376079}}}, "NetPyNE": {"L4_NBC_cIR216_2": {"mean_frequency": {"0.1": 12.77334968322955, "0.2": 23.314749113041632, "0.4": 39.82055547157295, "0.8": 85.4486051772382}, "ISI_CV": {"0.1": 0.2635759313913912, "0.2": 0.22035212081811473, "0.4": 0.1812642733033945, "0.8": 0.10626485694781132}, "time_to_first_spike": {"0.1": 15.100000000094042, "0.2": 6.100000000091995, "0.4": 3.0000000000912905, "0.8": 1.6000000000909722}, "time_to_second_spike": {"0.1": 39.90000000009968, "0.2": 18.500000000094815, "0.4": 11.600000000093246, "0.8": 8.10000000009245}, "AP_height": {"0.1": 26.263747188454897, "0.2": 31.989570250352653, "0.4": 34.00117469851951, "0.8": 35.897907794338906}, "AP_width": {"0.1": 0.9000000000002046, "0.2": 0.9000000000002046, "0.4": 0.9000000000002046, "0.8": 1.0000000000002274}, "AP_amplitude": {"0.1": 80.11983820333423, "0.2": 87.16510756924048, "0.4": 109.64338937533111, "0.8": 113.43791326625986}, "voltage_base": {"0.1": -77.53976412554074, "0.2": -77.53976412554074, "0.4": -77.53976412554074, "0.8": -77.53976412554074}}}}