{"BBP": {"L5_BP_cNAC187_2": {"mean_frequency": {"0.1": 68.2696651774973, "0.2": 110.59400490424373, "0.4": 228.411140052249, "0.8": 307.4866310156004}, "ISI_CV": {"0.1": 0.022798668666844837, "0.2": 0.037605443670490256, "0.4": 0.12144556943121931, "0.8": 0.06613385413070258}, "time_to_first_spike": {"0.1": 5.100000000091768, "0.2": 2.2000000000911086, "0.4": 1.2000000000908813, "0.8": 0.7000000000907676}, "time_to_second_spike": {"0.1": 17.20000000009452, "0.2": 10.100000000092905, "0.4": 7.2000000000922455, "0.8": 5.3000000000918135}, "AP_height": {"0.1": 15.951840867256932, "0.2": 18.5388328328736, "0.4": 22.238302967320383, "0.8": 28.15643834409839}, "AP_width": {"0.1": 0.7000000000001592, "0.2": 0.8000000000001819, "0.4": 0.7000000000001592, "0.8": 0.8000000000001819}, "AP_amplitude": {"0.1": 72.46865990135527, "0.2": 86.45704695251182, "0.4": 90.15651708485154, "0.8": 96.07465245741543}, "voltage_base": {"0.1": -67.9159974685147, "0.2": -67.9159974685147, "0.4": -67.9159974685147, "0.8": -67.9159974685147}}}, "NetPyNE": {"L5_BP_cNAC187_2": {"mean_frequency": {"0.1": 68.14310051111957, "0.2": 110.47504268361423, "0.4": 227.13628176921588, "0.8": 300.6329113919057}, "ISI_CV": {"0.1": 0.023629921192665465, "0.2": 0.03903099856704255, "0.4": 0.11567730870142831, "0.8": 0.06658371425101042}, "time_to_first_spike": {"0.1": 5.200000000091791, "0.2": 2.2000000000911086, "0.4": 1.2000000000908813, "0.8": 0.8000000000907903}, "time_to_second_spike": {"0.1": 17.400000000094565, "0.2": 10.30000000009295, "0.4": 7.300000000092268, "0.8": 5.400000000091836}, "AP_height": {"0.1": 15.519767277128716, "0.2": 20.916205574191046, "0.4": 24.512267557833166, "0.8": 23.532111994087316}, "AP_width": {"0.1": 0.7000000000001592, "0.2": 0.7000000000001592, "0.4": 0.7000000000001592, "0.8": 0.8000000000001819}, "AP_amplitude": {"0.1": 72.36339813561572, "0.2": 88.83441626906938, "0.4": 92.43047815472121, "0.8": 91.45032269612547}, "voltage_base": {"0.1": -67.91599405373334, "0.2": -67.91599405373334, "0.4": -67.91599405373334, "0.8": -67.91599405373334}}}}