{"BBP": {"L23_LBC_cACint209_1": {"mean_frequency": {"0.1": 21.28414331324605, "0.2": 32.08824266735697, "0.4": 55.11298161234268, "0.8": 102.82389527017067}, "ISI_CV": {"0.1": 0.2787957399884713, "0.2": 0.2428438361232291, "0.4": 0.19409718615583516, "0.8": 0.1422576169838278}, "time_to_first_spike": {"0.1": 11.900000000093314, "0.2": 5.3000000000918135, "0.4": 2.6000000000911996, "0.8": 1.4000000000909267}, "time_to_second_spike": {"0.1": 28.60000000009711, "0.2": 16.000000000094246, "0.4": 10.600000000093019, "0.8": 7.700000000092359}, "AP_height": {"0.1": 29.983675773024284, "0.2": 30.151649165844727, "0.4": 33.19704844762807, "0.8": 36.76777425254928}, "AP_width": {"0.1": 0.8000000000001819, "0.2": 0.8000000000001819, "0.4": 0.8000000000001819, "0.8": 1.0000000000002274}, "AP_amplitude": {"0.1": 85.53848016191643, "0.2": 86.00267136121636, "0.4": 87.82285236860847, "0.8": 108.15914621799067}, "voltage_base": {"0.1": -71.39071125321938, "0.2": -71.39071125321938, "0.4": -71.39071125321938, "0.8": -71.39071125321938}}}, "NetPyNE": {"L23_LBC_cACint209_1": {"mean_frequency": {"0.1": 21.221767470076532, "0.2": 32.02722313969049, "0.4": 55.110220440919214, "0.8": 102.79811453221306}, "ISI_CV": {"0.1": 0.27884980088439476, "0.2": 0.24304145610171057, "0.4": 0.1935821045470547, "0.8": 0.14036513727691666}, "time_to_first_spike": {"0.1": 12.000000000093337, "0.2": 5.3000000000918135, "0.4": 2.6000000000911996, "0.8": 1.5000000000909495}, "time_to_second_spike": {"0.1": 28.800000000097157, "0.2": 16.200000000094292, "0.4": 10.700000000093041, "0.8": 7.800000000092382}, "AP_height": {"0.1": 29.868094473967396, "0.2": 29.48101545057766, "0.4": 34.03377921599967, "0.8": 36.63829907977346}, "AP_width": {"0.1": 0.8000000000001819, "0.2": 0.9000000000002046, "0.4": 0.9000000000002046, "0.8": 0.9000000000002046}, "AP_amplitude": {"0.1": 84.96090816377335, "0.2": 84.61573291783371, "0.4": 88.8464868877523, "0.8": 108.02967022425725}, "voltage_base": {"0.1": -71.39071043398577, "0.2": -71.39071043398577, "0.4": -71.39071043398577, "0.8": -71.39071043398577}}}}