{"BBP": {"L4_BP_bIR215_4": {"mean_frequency": {"0.1": 12.99443838038192, "0.2": 18.665186904113952, "0.4": 27.032438926730432, "0.8": 43.60246579464698}, "ISI_CV": {"0.1": 0.31339204896614814, "0.2": 0.30490481877034925, "0.4": 0.3047679789948551, "0.8": 0.31149548900958}, "time_to_first_spike": {"0.1": 1.8000000000910177, "0.2": 1.1000000000908585, "0.4": 0.7000000000907676, "0.8": 0.40000000009069936}, "time_to_second_spike": {"0.1": 19.900000000095133, "0.2": 12.800000000093519, "0.4": 9.000000000092655, "0.8": 6.700000000092132}, "AP_height": {"0.1": 33.63996151459405, "0.2": 32.116237380059246, "0.4": 35.6689073920201, "0.8": 40.04728491044582}, "AP_width": {"0.1": 0.5000000000001137, "0.2": 0.5000000000001137, "0.4": 0.6000000000001364, "0.8": 0.6000000000001364}, "AP_amplitude": {"0.1": 106.45716929394986, "0.2": 105.48013023047369, "0.4": 107.95516895381411, "0.8": 112.12327154337348}, "voltage_base": {"0.1": -72.25003929571558, "0.2": -72.25003929571558, "0.4": -72.25003929571558, "0.8": -72.25003929571558}}}, "NetPyNE": {"L4_BP_bIR215_4": {"mean_frequency": {"0.1": 11.986658328129778, "0.2": 17.897320515454908, "0.4": 26.061628085254448, "0.8": 41.14808229619243}, "ISI_CV": {"0.1": 0.2821867739959831, "0.2": 0.2856359495219916, "0.4": 0.28728603309425593, "0.8": 0.2972788925806571}, "time_to_first_spike": {"0.1": 2.100000000091086, "0.2": 1.2000000000908813, "0.4": 0.8000000000907903, "0.8": 0.5000000000907221}, "time_to_second_spike": {"0.1": 21.60000000009552, "0.2": 14.000000000093792, "0.4": 9.600000000092791, "0.8": 7.100000000092223}, "AP_height": {"0.1": 35.13747964121379, "0.2": 32.00837249004194, "0.4": 32.81875240590339, "0.8": 36.033371486944716}, "AP_width": {"0.1": 0.6000000000001364, "0.2": 0.5000000000001137, "0.4": 0.6000000000001364, "0.8": 0.6000000000001364}, "AP_amplitude": {"0.1": 110.32475866132975, "0.2": 107.19565145970054, "0.4": 108.00603153438317, "0.8": 111.22065056110499}, "voltage_base": {"0.1": -75.18536176683557, "0.2": -75.18536176683557, "0.4": -75.18536176683557, "0.8": -75.18536176683557}}}}