{"BBP": {"L6_NBC_bIR215_1": {"mean_frequency": {"0.1": 0, "0.2": 8.137110308707124, "0.4": 13.203331302060526, "0.8": 18.76934002943491}, "ISI_CV": {"0.1": 0, "0.2": 0.29358359963200675, "0.4": 0.3101197936478203, "0.8": 0.3159860737733519}, "time_to_first_spike": {"0.1": 0, "0.2": 9.500000000092768, "0.4": 4.100000000091541, "0.8": 2.100000000091086}, "time_to_second_spike": {"0.1": 0, "0.2": 39.50000000009959, "0.4": 21.800000000095565, "0.8": 13.500000000093678}, "AP_height": {"0.1": 0, "0.2": 15.40884166491718, "0.4": 24.049762251007675, "0.8": 25.618917836068174}, "AP_width": {"0.1": 0, "0.2": 0.6000000000001364, "0.4": 0.6000000000001364, "0.8": 0.7000000000001592}, "AP_amplitude": {"0.1": 0, "0.2": 72.41636258428444, "0.4": 80.464722582553, "0.8": 99.42178446295947}, "voltage_base": {"0.1": -73.76754610210077, "0.2": -73.76754610210077, "0.4": -73.76754610210077, "0.8": -73.76754610210077}}}, "NetPyNE": {"L6_NBC_bIR215_1": {"mean_frequency": {"0.1": 0, "0.2": 4.832993233812678, "0.4": 11.9741774260805, "0.8": 17.74667883582988}, "ISI_CV": {"0.1": 0, "0.2": 0.02742442839518044, "0.4": 0.28664483588648204, "0.8": 0.2771509953191745}, "time_to_first_spike": {"0.1": 0, "0.2": 11.900000000093314, "0.4": 4.8000000000917, "0.8": 2.400000000091154}, "time_to_second_spike": {"0.1": 0, "0.2": 64.10000000010518, "0.4": 24.100000000096088, "0.8": 14.500000000093905}, "AP_height": {"0.1": 0, "0.2": 16.909013077226533, "0.4": 20.079776909227515, "0.8": 26.376663136126876}, "AP_width": {"0.1": 0, "0.2": 0.6000000000001364, "0.4": 0.6000000000001364, "0.8": 0.6000000000001364}, "AP_amplitude": {"0.1": 0, "0.2": 73.89235191370227, "0.4": 76.50894689412407, "0.8": 102.00704647234708}, "voltage_base": {"0.1": -75.62906404206248, "0.2": -75.62906404206248, "0.4": -75.62906404206248, "0.8": -75.62906404206248}}}}