{"BBP": {"L5_BP_dSTUT214_3": {"mean_frequency": {"0.1": 30.105368790788138, "0.2": 81.61017373459711, "0.4": 138.35279963917367, "0.8": 269.5571192054792}, "ISI_CV": {"0.1": 0.1882890502561468, "0.2": 0.042112134166388045, "0.4": 0.053594409466485256, "0.8": 0.10595366243021469}, "time_to_first_spike": {"0.1": 15.000000000094019, "0.2": 4.200000000091563, "0.4": 1.700000000090995, "0.8": 0.900000000090813}, "time_to_second_spike": {"0.1": 51.50000000010232, "0.2": 15.000000000094019, "0.4": 8.700000000092587, "0.8": 6.100000000091995}, "AP_height": {"0.1": 15.15170173934718, "0.2": 19.89217198209869, "0.4": 25.46286218149726, "0.8": 26.91487827436042}, "AP_width": {"0.1": 0.6000000000001364, "0.2": 0.7000000000001592, "0.4": 0.7000000000001592, "0.8": 0.8000000000001819}, "AP_amplitude": {"0.1": 71.74749373620406, "0.2": 95.18821746952347, "0.4": 100.61671888855948, "0.8": 102.06839794111438}, "voltage_base": {"0.1": -75.14132983017639, "0.2": -75.14132983017639, "0.4": -75.14132983017639, "0.8": -75.14132983017639}}}, "NetPyNE": {"L5_BP_dSTUT214_3": {"mean_frequency": {"0.1": 0, "0.2": 71.30661845942373, "0.4": 127.90289411655377, "0.8": 246.78380137174508}, "ISI_CV": {"0.1": 0, "0.2": 0.03045848872605608, "0.4": 0.04422502488300786, "0.8": 0.09523929772869832}, "time_to_first_spike": {"0.1": 0, "0.2": 5.100000000091768, "0.4": 1.9000000000910404, "0.8": 1.0000000000908358}, "time_to_second_spike": {"0.1": 0, "0.2": 17.700000000094633, "0.4": 9.300000000092723, "0.8": 6.300000000092041}, "AP_height": {"0.1": 0, "0.2": 20.16432668508719, "0.4": 21.077772544755327, "0.8": 26.667128483534007}, "AP_width": {"0.1": 0, "0.2": 0.7000000000001592, "0.4": 0.8000000000001819, "0.8": 0.8000000000001819}, "AP_amplitude": {"0.1": 0, "0.2": 96.94199178290053, "0.4": 97.85543770728594, "0.8": 103.44479357018861}, "voltage_base": {"0.1": -76.77550780174896, "0.2": -76.77550780174896, "0.4": -76.77550780174896, "0.8": -76.77550780174896}}}}