{"BBP": {"L5_DBC_cNAC187_2": {"mean_frequency": {"0.1": 28.75302663440206, "0.2": 47.76749798876935, "0.4": 74.39428973564918, "0.8": 114.44059629581632}, "ISI_CV": {"0.1": 0.021866120980269202, "0.2": 0.01383800364951188, "0.4": 0.009263724522584067, "0.8": 0.025849199408077513}, "time_to_first_spike": {"0.1": 14.600000000093928, "0.2": 6.8000000000921546, "0.4": 3.500000000091404, "0.8": 1.9000000000910404}, "time_to_second_spike": {"0.1": 47.80000000010148, "0.2": 26.00000000009652, "0.4": 15.100000000094042, "0.8": 9.700000000092814}, "AP_height": {"0.1": 9.372190772272942, "0.2": 13.621618126381499, "0.4": 14.897128672289803, "0.8": 20.40674129512199}, "AP_width": {"0.1": 0.7000000000001592, "0.2": 0.8000000000001819, "0.4": 0.8000000000001819, "0.8": 0.8000000000001819}, "AP_amplitude": {"0.1": 64.31634881572322, "0.2": 68.98633181046657, "0.4": 70.32301844327924, "0.8": 88.96412457594876}, "voltage_base": {"0.1": -68.55466511345796, "0.2": -68.55466511345796, "0.4": -68.55466511345796, "0.8": -68.55466511345796}}}, "NetPyNE": {"L5_DBC_cNAC187_2": {"mean_frequency": {"0.1": 28.657616892930463, "0.2": 47.595190380793866, "0.4": 74.11487806104492, "0.8": 114.06273450405475}, "ISI_CV": {"0.1": 0.02171237174607245, "0.2": 0.013430864173127562, "0.4": 0.009370838758635295, "0.8": 0.02698264746650066}, "time_to_first_spike": {"0.1": 14.800000000093974, "0.2": 6.900000000092177, "0.4": 3.500000000091404, "0.8": 2.000000000091063}, "time_to_second_spike": {"0.1": 48.00000000010152, "0.2": 26.200000000096566, "0.4": 15.200000000094064, "0.8": 9.800000000092837}, "AP_height": {"0.1": 8.330225280624084, "0.2": 13.074033550009833, "0.4": 16.690666213289553, "0.8": 19.62069054666299}, "AP_width": {"0.1": 0.7000000000001592, "0.2": 0.8000000000001819, "0.4": 0.7000000000001592, "0.8": 0.8000000000001819}, "AP_amplitude": {"0.1": 62.732756945997565, "0.2": 67.55285393656123, "0.4": 71.09053178609332, "0.8": 88.17806940425949}, "voltage_base": {"0.1": -68.55466068521373, "0.2": -68.55466068521373, "0.4": -68.55466068521373, "0.8": -68.55466068521373}}}}