{"BBP": {"L6_NBC_cNAC187_3": {"mean_frequency": {"0.1": 52.514643506397945, "0.2": 77.9521223094474, "0.4": 114.3946615825372, "0.8": 174.50000000011866}, "ISI_CV": {"0.1": 0.04523420274128053, "0.2": 0.03796418541632653, "0.4": 0.017764529020868086, "0.8": 0.03839900620820404}, "time_to_first_spike": {"0.1": 4.500000000091632, "0.2": 2.400000000091154, "0.4": 1.4000000000909267, "0.8": 0.900000000090813}, "time_to_second_spike": {"0.1": 20.800000000095338, "0.2": 12.800000000093519, "0.4": 8.700000000092587, "0.8": 6.400000000092064}, "AP_height": {"0.1": 20.115074095110366, "0.2": 24.229798437934384, "0.4": 25.462929358740002, "0.8": 28.21576201892982}, "AP_width": {"0.1": 0.8000000000001819, "0.2": 0.7000000000001592, "0.4": 0.8000000000001819, "0.8": 0.8000000000001819}, "AP_amplitude": {"0.1": 75.16802091320645, "0.2": 79.39937802695974, "0.4": 94.31837053542542, "0.8": 97.0712031930832}, "voltage_base": {"0.1": -68.85252965084447, "0.2": -68.85252965084447, "0.4": -68.85252965084447, "0.8": -68.85252965084447}}}, "NetPyNE": {"L6_NBC_cNAC187_3": {"mean_frequency": {"0.1": 52.33494363932698, "0.2": 77.67087592709227, "0.4": 113.9100762746659, "0.8": 173.77804487191298}, "ISI_CV": {"0.1": 0.04426954589122721, "0.2": 0.03683346404739908, "0.4": 0.01671982675109298, "0.8": 0.03995649539693782}, "time_to_first_spike": {"0.1": 4.600000000091654, "0.2": 2.500000000091177, "0.4": 1.5000000000909495, "0.8": 0.900000000090813}, "time_to_second_spike": {"0.1": 20.90000000009536, "0.2": 12.900000000093542, "0.4": 8.80000000009261, "0.8": 6.500000000092086}, "AP_height": {"0.1": 18.158052204990764, "0.2": 22.26203322264353, "0.4": 25.024976428472268, "0.8": 24.526474634347448}, "AP_width": {"0.1": 0.8000000000001819, "0.2": 0.8000000000001819, "0.4": 0.7000000000001592, "0.8": 0.8000000000001819}, "AP_amplitude": {"0.1": 73.6000199144199, "0.2": 77.5131900612823, "0.4": 93.88041252333164, "0.8": 93.38191072410855}, "voltage_base": {"0.1": -68.8525245599833, "0.2": -68.8525245599833, "0.4": -68.8525245599833, "0.8": -68.8525245599833}}}}