{"BBP": {"L5_MC_bIR215_2": {"mean_frequency": {"0.1": 0, "0.2": 8.502045804777433, "0.4": 14.190867163356623, "0.8": 20.403999183853813}, "ISI_CV": {"0.1": 0, "0.2": 0.3096625315230551, "0.4": 0.30859102010130757, "0.8": 0.3068447123441324}, "time_to_first_spike": {"0.1": 0, "0.2": 7.6000000000923364, "0.4": 3.200000000091336, "0.8": 1.700000000090995}, "time_to_second_spike": {"0.1": 0, "0.2": 34.7000000000985, "0.4": 19.40000000009502, "0.8": 12.10000000009336}, "AP_height": {"0.1": 0, "0.2": 18.191743551846844, "0.4": 26.201846103427304, "0.8": 29.05207576422112}, "AP_width": {"0.1": 0, "0.2": 0.5000000000001137, "0.4": 0.6000000000001364, "0.8": 0.6000000000001364}, "AP_amplitude": {"0.1": 0, "0.2": 73.21020918093075, "0.4": 81.84199452963453, "0.8": 102.53488340233984}, "voltage_base": {"0.1": -73.55085495633533, "0.2": -73.55085495633533, "0.4": -73.55085495633533, "0.8": -73.55085495633533}}}, "NetPyNE": {"L5_MC_bIR215_2": {"mean_frequency": {"0.1": 0, "0.2": 5.995530604462448, "0.4": 13.127335150973252, "0.8": 19.512195121964368}, "ISI_CV": {"0.1": 0, "0.2": 0.1333462859778852, "0.4": 0.2777006604687882, "0.8": 0.2897786749606217}, "time_to_first_spike": {"0.1": 0, "0.2": 8.700000000092587, "0.4": 3.600000000091427, "0.8": 1.9000000000910404}, "time_to_second_spike": {"0.1": 0, "0.2": 47.700000000101454, "0.4": 21.100000000095406, "0.8": 12.800000000093519}, "AP_height": {"0.1": 0, "0.2": 20.42571752895623, "0.4": 25.811094657613406, "0.8": 28.90710703499398}, "AP_width": {"0.1": 0, "0.2": 0.5000000000001137, "0.4": 0.6000000000001364, "0.8": 0.6000000000001364}, "AP_amplitude": {"0.1": 0, "0.2": 76.76469243963584, "0.4": 80.83549768174666, "0.8": 104.21709870024148}, "voltage_base": {"0.1": -75.30861293750843, "0.2": -75.30861293750843, "0.4": -75.30861293750843, "0.8": -75.30861293750843}}}}