{"BBP": {"L23_SBC_dNAC222_4": {"mean_frequency": {"0.1": 24.202087430057254, "0.2": 58.10458825890545, "0.4": 93.2938757085451, "0.8": 140.75335604096924}, "ISI_CV": {"0.1": 0.08766193798607724, "0.2": 0.012825098274598727, "0.4": 0.012752333190268432, "0.8": 0.028721753336847428}, "time_to_first_spike": {"0.1": 22.200000000095656, "0.2": 5.500000000091859, "0.4": 2.6000000000911996, "0.8": 1.5000000000909495}, "time_to_second_spike": {"0.1": 79.90000000010878, "0.2": 20.700000000095315, "0.4": 11.700000000093269, "0.8": 8.000000000092427}, "AP_height": {"0.1": 11.241006086904415, "0.2": 17.161195413172056, "0.4": 23.10614463081988, "0.8": 24.824438226565604}, "AP_width": {"0.1": 0.7000000000001592, "0.2": 0.7000000000001592, "0.4": 0.7000000000001592, "0.8": 0.7000000000001592}, "AP_amplitude": {"0.1": 66.64682298377863, "0.2": 73.46135658293045, "0.4": 94.72670996125028, "0.8": 98.314706133864}, "voltage_base": {"0.1": -73.48590223506854, "0.2": -73.48590223506854, "0.4": -73.48590223506854, "0.8": -73.48590223506854}}}, "NetPyNE": {"L23_SBC_dNAC222_4": {"mean_frequency": {"0.1": 24.10001506252578, "0.2": 57.80056292726079, "0.4": 92.79695024083351, "0.8": 139.9688958010282}, "ISI_CV": {"0.1": 0.08786684985758453, "0.2": 0.012361458629675613, "0.4": 0.012510406836582045, "0.8": 0.03002814838051907}, "time_to_first_spike": {"0.1": 22.4000000000957, "0.2": 5.600000000091882, "0.4": 2.7000000000912223, "0.8": 1.5000000000909495}, "time_to_second_spike": {"0.1": 80.50000000010891, "0.2": 20.90000000009536, "0.4": 11.800000000093291, "0.8": 8.200000000092473}, "AP_height": {"0.1": 11.01614246385113, "0.2": 15.511258217230008, "0.4": 21.217889484062038, "0.8": 25.057087293816483}, "AP_width": {"0.1": 0.7000000000001592, "0.2": 0.7000000000001592, "0.4": 0.8000000000001819, "0.8": 0.8000000000001819}, "AP_amplitude": {"0.1": 67.1453742887799, "0.2": 72.05970343752307, "0.4": 92.87913008242757, "0.8": 98.5473465196486}, "voltage_base": {"0.1": -73.4858935256261, "0.2": -73.4858935256261, "0.4": -73.4858935256261, "0.8": -73.4858935256261}}}}