{"BBP": {"L4_BTC_cNAC187_5": {"mean_frequency": {"0.1": 40.744466800832484, "0.2": 64.85671191557947, "0.4": 98.17671809263335, "0.8": 148.43044830017104}, "ISI_CV": {"0.1": 0.018105248227079533, "0.2": 0.014089794409133206, "0.4": 0.011375295451679953, "0.8": 0.03147270442139175}, "time_to_first_spike": {"0.1": 7.700000000092359, "0.2": 3.4000000000913815, "0.4": 1.700000000090995, "0.8": 1.0000000000908358}, "time_to_second_spike": {"0.1": 30.300000000097498, "0.2": 16.50000000009436, "0.4": 10.200000000092928, "0.8": 7.300000000092268}, "AP_height": {"0.1": 18.158624494672033, "0.2": 21.92291810041658, "0.4": 25.679585911841986, "0.8": 25.63354694040375}, "AP_width": {"0.1": 0.7000000000001592, "0.2": 0.7000000000001592, "0.4": 0.7000000000001592, "0.8": 0.8000000000001819}, "AP_amplitude": {"0.1": 73.63666841114414, "0.2": 78.17968447900178, "0.4": 93.93175328515036, "0.8": 93.88571431151878}, "voltage_base": {"0.1": -68.24951847233442, "0.2": -68.24951847233442, "0.4": -68.24951847233442, "0.8": -68.24951847233442}}}, "NetPyNE": {"L4_BTC_cNAC187_5": {"mean_frequency": {"0.1": 40.57506386818367, "0.2": 64.5774929916338, "0.4": 97.73456295114902, "0.8": 147.72158237366074}, "ISI_CV": {"0.1": 0.018023231434455125, "0.2": 0.013777921737768798, "0.4": 0.01134405535595305, "0.8": 0.03262741327540323}, "time_to_first_spike": {"0.1": 7.800000000092382, "0.2": 3.4000000000913815, "0.4": 1.8000000000910177, "0.8": 1.1000000000908585}, "time_to_second_spike": {"0.1": 30.500000000097543, "0.2": 16.600000000094383, "0.4": 10.30000000009295, "0.8": 7.400000000092291}, "AP_height": {"0.1": 18.017966621499884, "0.2": 19.634794919865364, "0.4": 26.40813346534275, "0.8": 28.28025896783645}, "AP_width": {"0.1": 0.7000000000001592, "0.2": 0.7000000000001592, "0.4": 0.7000000000001592, "0.8": 0.7000000000001592}, "AP_amplitude": {"0.1": 74.10191683232854, "0.2": 75.00324250078577, "0.4": 94.66029657891298, "0.8": 96.53242213393038}, "voltage_base": {"0.1": -68.2495142623585, "0.2": -68.2495142623585, "0.4": -68.2495142623585, "0.8": -68.2495142623585}}}}