{"BBP": {"L6_LBC_cSTUT189_3": {"mean_frequency": {"0.1": 0, "0.2": 41.34731746674849, "0.4": 77.06550567988025, "0.8": 118.70773854252997}, "ISI_CV": {"0.1": 0, "0.2": 0.1019307610951066, "0.4": 0.027350927782922273, "0.8": 0.01694493634740284}, "time_to_first_spike": {"0.1": 0, "0.2": 6.8000000000921546, "0.4": 3.0000000000912905, "0.8": 1.5000000000909495}, "time_to_second_spike": {"0.1": 0, "0.2": 28.300000000097043, "0.4": 13.800000000093746, "0.8": 8.600000000092564}, "AP_height": {"0.1": 0, "0.2": 18.42930353920505, "0.4": 25.79958197369596, "0.8": 29.570665482404774}, "AP_width": {"0.1": 0, "0.2": 0.7000000000001592, "0.4": 0.7000000000001592, "0.8": 0.8000000000001819}, "AP_amplitude": {"0.1": 0, "0.2": 73.36859792861506, "0.4": 81.24279248003086, "0.8": 105.22367051349028}, "voltage_base": {"0.1": -75.83111244090236, "0.2": -75.83111244090236, "0.4": -75.83111244090236, "0.8": -75.83111244090236}}}, "NetPyNE": {"L6_LBC_cSTUT189_3": {"mean_frequency": {"0.1": 0, "0.2": 43.65497516185413, "0.4": 77.50387519381239, "0.8": 118.85656970920813}, "ISI_CV": {"0.1": 0, "0.2": 0.026058496362484748, "0.4": 0.020048523327597538, "0.8": 0.01537260449919631}, "time_to_first_spike": {"0.1": 0, "0.2": 6.900000000092177, "0.4": 2.900000000091268, "0.8": 1.5000000000909495}, "time_to_second_spike": {"0.1": 0, "0.2": 27.900000000096952, "0.4": 13.800000000093746, "0.8": 8.700000000092587}, "AP_height": {"0.1": 0, "0.2": 22.197680339514356, "0.4": 24.5066323910252, "0.8": 26.74934036427979}, "AP_width": {"0.1": 0, "0.2": 0.7000000000001592, "0.4": 0.8000000000001819, "0.8": 0.8000000000001819}, "AP_amplitude": {"0.1": 0, "0.2": 77.16432472834332, "0.4": 97.8361445088673, "0.8": 101.9005247938337}, "voltage_base": {"0.1": -75.15038340346926, "0.2": -75.15038340346926, "0.4": -75.15038340346926, "0.8": -75.15038340346926}}}}