{"BBP": {"L5_BP_cNAC187_1": {"mean_frequency": {"0.1": 69.58350020028759, "0.2": 111.2837736228136, "0.4": 215.37690959193202, "0.8": 303.9513677808069}, "ISI_CV": {"0.1": 0.021522836190278827, "0.2": 0.03204038929502795, "0.4": 0.12437487167534225, "0.8": 0.05949312965797968}, "time_to_first_spike": {"0.1": 4.8000000000917, "0.2": 2.000000000091063, "0.4": 1.1000000000908585, "0.8": 0.7000000000907676}, "time_to_second_spike": {"0.1": 16.700000000094406, "0.2": 10.000000000092882, "0.4": 7.100000000092223, "0.8": 5.400000000091836}, "AP_height": {"0.1": 15.911179463619147, "0.2": 21.66460886954318, "0.4": 25.14227487609742, "0.8": 27.896070699444742}, "AP_width": {"0.1": 0.7000000000001592, "0.2": 0.7000000000001592, "0.4": 0.8000000000001819, "0.8": 0.8000000000001819}, "AP_amplitude": {"0.1": 72.49665699033221, "0.2": 89.35823504888683, "0.4": 92.83590105330354, "0.8": 95.58969687237584}, "voltage_base": {"0.1": -67.69150145782372, "0.2": -67.69150145782372, "0.4": -67.69150145782372, "0.8": -67.69150145782372}}}, "NetPyNE": {"L5_BP_cNAC187_1": {"mean_frequency": {"0.1": 69.46541830267473, "0.2": 111.09998999106743, "0.4": 215.00000000014623, "0.8": 298.5074626861888}, "ISI_CV": {"0.1": 0.02248519958605012, "0.2": 0.03318217164037384, "0.4": 0.120509423701309, "0.8": 0.061938010426150054}, "time_to_first_spike": {"0.1": 4.9000000000917225, "0.2": 2.100000000091086, "0.4": 1.2000000000908813, "0.8": 0.7000000000907676}, "time_to_second_spike": {"0.1": 16.80000000009443, "0.2": 10.100000000092905, "0.4": 7.2000000000922455, "0.8": 5.500000000091859}, "AP_height": {"0.1": 15.669678056971676, "0.2": 22.628333820727583, "0.4": 24.40883232867649, "0.8": 26.409881801762634}, "AP_width": {"0.1": 0.7000000000001592, "0.2": 0.7000000000001592, "0.4": 0.7000000000001592, "0.8": 0.8000000000001819}, "AP_amplitude": {"0.1": 71.08959361978515, "0.2": 90.32195677188011, "0.4": 92.10245516886434, "0.8": 94.10350477398043}, "voltage_base": {"0.1": -67.69149825392432, "0.2": -67.69149825392432, "0.4": -67.69149825392432, "0.8": -67.69149825392432}}}}