{"BBP": {"L5_BP_bAC217_5": {"mean_frequency": {"0.1": 12.559526924494252, "0.2": 17.157852240625278, "0.4": 23.307661126890526, "0.8": 33.57582540573059}, "ISI_CV": {"0.1": 0.32115703923876626, "0.2": 0.32975835704046463, "0.4": 0.340786645369618, "0.8": 0.3277423602556387}, "time_to_first_spike": {"0.1": 6.400000000092064, "0.2": 2.500000000091177, "0.4": 1.2000000000908813, "0.8": 0.7000000000907676}, "time_to_second_spike": {"0.1": 29.800000000097384, "0.2": 16.700000000094406, "0.4": 10.100000000092905, "0.8": 7.0000000000922}, "AP_height": {"0.1": 20.762172645563442, "0.2": 27.201880082921054, "0.4": 26.710181001298956, "0.8": 31.832237726183717}, "AP_width": {"0.1": 0.6000000000001364, "0.2": 0.6000000000001364, "0.4": 0.6000000000001364, "0.8": 0.7000000000001592}, "AP_amplitude": {"0.1": 77.38186791577091, "0.2": 96.93579907031504, "0.4": 96.44409998654447, "0.8": 101.56615670713249}, "voltage_base": {"0.1": -69.73141566450379, "0.2": -69.73141566450379, "0.4": -69.73141566450379, "0.8": -69.73141566450379}}}, "NetPyNE": {"L5_BP_bAC217_5": {"mean_frequency": {"0.1": 12.41464928616601, "0.2": 17.0595533498874, "0.4": 23.087578882576747, "0.8": 33.14417717071502}, "ISI_CV": {"0.1": 0.31955692882660536, "0.2": 0.3342926533176154, "0.4": 0.34394073556571186, "0.8": 0.32576725922750577}, "time_to_first_spike": {"0.1": 6.500000000092086, "0.2": 2.6000000000911996, "0.4": 1.300000000090904, "0.8": 0.8000000000907903}, "time_to_second_spike": {"0.1": 30.00000000009743, "0.2": 16.90000000009445, "0.4": 10.30000000009295, "0.8": 7.100000000092223}, "AP_height": {"0.1": 20.15345602298446, "0.2": 25.981568291102693, "0.4": 29.46906109823502, "0.8": 28.083194180971166}, "AP_width": {"0.1": 0.6000000000001364, "0.2": 0.6000000000001364, "0.4": 0.6000000000001364, "0.8": 0.6000000000001364}, "AP_amplitude": {"0.1": 76.03938815912484, "0.2": 95.71548358974358, "0.4": 99.20297606881525, "0.8": 97.81710955819774}, "voltage_base": {"0.1": -69.73141204682824, "0.2": -69.73141204682824, "0.4": -69.73141204682824, "0.8": -69.73141204682824}}}}