{"BBP": {"L4_SBC_dNAC222_4": {"mean_frequency": {"0.1": 0, "0.2": 41.723219222870526, "0.4": 73.39265068119394, "0.8": 112.06163389872044}, "ISI_CV": {"0.1": 0, "0.2": 0.009730103369742015, "0.4": 0.017474377003726265, "0.8": 0.013832563446690026}, "time_to_first_spike": {"0.1": 0, "0.2": 7.900000000092405, "0.4": 3.1000000000913133, "0.8": 1.6000000000909722}, "time_to_second_spike": {"0.1": 0, "0.2": 30.70000000009759, "0.4": 14.500000000093905, "0.8": 9.100000000092678}, "AP_height": {"0.1": 0, "0.2": 19.543395369286973, "0.4": 25.120838105726243, "0.8": 29.06542893646389}, "AP_width": {"0.1": 0, "0.2": 0.7000000000001592, "0.4": 0.7000000000001592, "0.8": 0.7000000000001592}, "AP_amplitude": {"0.1": 0, "0.2": 75.13260415508996, "0.4": 80.8868517990484, "0.8": 102.1567657313246}, "voltage_base": {"0.1": -73.08706876817755, "0.2": -73.08706876817755, "0.4": -73.08706876817755, "0.8": -73.08706876817755}}}, "NetPyNE": {"L4_SBC_dNAC222_4": {"mean_frequency": {"0.1": 0, "0.2": 41.50217633366512, "0.4": 73.02555894568063, "0.8": 111.48495957422325}, "ISI_CV": {"0.1": 0, "0.2": 0.009259868656730584, "0.4": 0.01665355944117347, "0.8": 0.013834338667246746}, "time_to_first_spike": {"0.1": 0, "0.2": 8.000000000092427, "0.4": 3.200000000091336, "0.8": 1.700000000090995}, "time_to_second_spike": {"0.1": 0, "0.2": 31.000000000097657, "0.4": 14.70000000009395, "0.8": 9.2000000000927}, "AP_height": {"0.1": 0, "0.2": 21.168619520132292, "0.4": 25.96924169754355, "0.8": 24.537755923670233}, "AP_width": {"0.1": 0, "0.2": 0.6000000000001364, "0.4": 0.7000000000001592, "0.8": 0.8000000000001819}, "AP_amplitude": {"0.1": 0, "0.2": 76.27017691140557, "0.4": 80.61576539040857, "0.8": 97.629084250627}, "voltage_base": {"0.1": -73.08706027437441, "0.2": -73.08706027437441, "0.4": -73.08706027437441, "0.8": -73.08706027437441}}}}