{"BBP": {"L4_PC_cADpyr230_3": {"mean_frequency": {"0.1": 3.03705203482692, "0.2": 6.842825560589896, "0.4": 11.560693641626225, "0.8": 24.416297878850628}, "ISI_CV": {"0.1": 0.08802766122845587, "0.2": 0.2543410847980584, "0.4": 0.24649595508557667, "0.8": 0.14824472194002236}, "time_to_first_spike": {"0.1": 94.70000000011214, "0.2": 21.30000000009545, "0.4": 7.6000000000923364, "0.8": 2.800000000091245}, "time_to_second_spike": {"0.1": 294.1000000001575, "0.2": 54.80000000010307, "0.4": 27.300000000096816, "0.8": 15.200000000094064}, "AP_height": {"0.1": 29.397215724004166, "0.2": 30.386253554122433, "0.4": 34.09777649188958, "0.8": 36.74702333773202}, "AP_width": {"0.1": 0.8000000000001819, "0.2": 0.9000000000002046, "0.4": 0.9000000000002046, "0.8": 1.0000000000002274}, "AP_amplitude": {"0.1": 85.65419528607137, "0.2": 87.00837099978796, "0.4": 90.85769762000409, "0.8": 109.3760759027119}, "voltage_base": {"0.1": -72.62863910757784, "0.2": -72.62863910757784, "0.4": -72.62863910757784, "0.8": -72.62863910757784}}}, "NetPyNE": {"L4_PC_cADpyr230_3": {"mean_frequency": {"0.1": 3.0258711987513585, "0.2": 6.815560448783001, "0.4": 11.491851232769921, "0.8": 24.20452826384577}, "ISI_CV": {"0.1": 0.08712338426840158, "0.2": 0.2526941128717037, "0.4": 0.2447596455147907, "0.8": 0.1478532200939595}, "time_to_first_spike": {"0.1": 95.00000000011221, "0.2": 21.400000000095474, "0.4": 7.700000000092359, "0.8": 2.800000000091245}, "time_to_second_spike": {"0.1": 296.20000000015796, "0.2": 55.10000000010314, "0.4": 27.40000000009684, "0.8": 15.300000000094087}, "AP_height": {"0.1": 28.438159626267066, "0.2": 31.112708353511337, "0.4": 33.923089561732866, "0.8": 36.43828031078472}, "AP_width": {"0.1": 0.9000000000002046, "0.2": 0.9000000000002046, "0.4": 0.9000000000002046, "0.8": 1.0000000000002274}, "AP_amplitude": {"0.1": 83.296469976982, "0.2": 87.5767140924047, "0.4": 90.20657332308139, "0.8": 109.06733195468705}, "voltage_base": {"0.1": -72.62863816551523, "0.2": -72.62863816551523, "0.4": -72.62863816551523, "0.8": -72.62863816551523}}}}