{"BBP": {"L5_DBC_bSTUT213_5": {"mean_frequency": {"0.1": 0, "0.2": 8.736317385277482, "0.4": 75.18043303934539, "0.8": 129.12266653329434}, "ISI_CV": {"0.1": 0, "0.2": 0.6105221745071835, "0.4": 0.034503132461487236, "0.8": 0.013462220523992815}, "time_to_first_spike": {"0.1": 0, "0.2": 13.6000000000937, "0.4": 5.400000000091836, "0.8": 2.6000000000911996}, "time_to_second_spike": {"0.1": 0, "0.2": 54.500000000103, "0.4": 15.800000000094201, "0.8": 9.800000000092837}, "AP_height": {"0.1": 0, "0.2": 6.073226983677924, "0.4": 11.915038863913905, "0.8": 16.84558071300522}, "AP_width": {"0.1": 0, "0.2": 0.7000000000001592, "0.4": 0.7000000000001592, "0.8": 0.7000000000001592}, "AP_amplitude": {"0.1": 0, "0.2": 61.01639722284945, "0.4": 67.33537238361285, "0.8": 92.06616383519913}, "voltage_base": {"0.1": -75.25535420234327, "0.2": -75.25535420234327, "0.4": -75.25535420234327, "0.8": -75.25535420234327}}}, "NetPyNE": {"L5_DBC_bSTUT213_5": {"mean_frequency": {"0.1": 0, "0.2": 9.871155444728155, "0.4": 76.07607607612779, "0.8": 129.03225806460387}, "ISI_CV": {"0.1": 0, "0.2": 0.2085194451079091, "0.4": 0.02270957368822595, "0.8": 0.01166957629043675}, "time_to_first_spike": {"0.1": 0, "0.2": 14.400000000093883, "0.4": 5.3000000000918135, "0.8": 2.7000000000912223}, "time_to_second_spike": {"0.1": 0, "0.2": 36.900000000099, "0.4": 15.600000000094155, "0.8": 9.90000000009286}, "AP_height": {"0.1": 0, "0.2": 4.489317595865988, "0.4": 11.564614083034918, "0.8": 16.31636513785742}, "AP_width": {"0.1": 0, "0.2": 0.7000000000001592, "0.4": 0.7000000000001592, "0.8": 0.7000000000001592}, "AP_amplitude": {"0.1": 0, "0.2": 59.740529385550126, "0.4": 66.37467636364103, "0.8": 91.6877468502609}, "voltage_base": {"0.1": -75.37134192777934, "0.2": -75.37134192777934, "0.4": -75.37134192777934, "0.8": -75.37134192777934}}}}