{"BBP": {"L23_MC_bAC217_4": {"mean_frequency": {"0.1": 9.759605506478735, "0.2": 14.69172703785381, "0.4": 20.248038471286808, "0.8": 27.63541352629753}, "ISI_CV": {"0.1": 0.29737259498447643, "0.2": 0.30306952782099605, "0.4": 0.3098591123663713, "0.8": 0.3161887171742853}, "time_to_first_spike": {"0.1": 10.100000000092905, "0.2": 3.200000000091336, "0.4": 1.4000000000909267, "0.8": 0.8000000000907903}, "time_to_second_spike": {"0.1": 43.20000000010043, "0.2": 22.600000000095747, "0.4": 13.500000000093678, "0.8": 8.700000000092587}, "AP_height": {"0.1": 22.94819560166821, "0.2": 29.932264872309332, "0.4": 32.34993038681927, "0.8": 34.091070833734285}, "AP_width": {"0.1": 0.5000000000001137, "0.2": 0.6000000000001364, "0.4": 0.6000000000001364, "0.8": 0.6000000000001364}, "AP_amplitude": {"0.1": 78.5748526649131, "0.2": 85.4968572423779, "0.4": 102.49956031497886, "0.8": 104.24070075878328}, "voltage_base": {"0.1": -70.14701884587005, "0.2": -70.14701884587005, "0.4": -70.14701884587005, "0.8": -70.14701884587005}}}, "NetPyNE": {"L23_MC_bAC217_4": {"mean_frequency": {"0.1": 9.620253164563477, "0.2": 14.590932777498058, "0.4": 20.05141388176158, "0.8": 27.28788721008469}, "ISI_CV": {"0.1": 0.29517486320281044, "0.2": 0.3080210638287696, "0.4": 0.31298257719725986, "0.8": 0.3181908931664045}, "time_to_first_spike": {"0.1": 10.200000000092928, "0.2": 3.3000000000913587, "0.4": 1.5000000000909495, "0.8": 0.900000000090813}, "time_to_second_spike": {"0.1": 43.5000000001005, "0.2": 22.900000000095815, "0.4": 13.700000000093723, "0.8": 8.80000000009261}, "AP_height": {"0.1": 24.47184737020434, "0.2": 29.621323184812326, "0.4": 31.452919759346432, "0.8": 30.460355988094996}, "AP_width": {"0.1": 0.5000000000001137, "0.2": 0.6000000000001364, "0.4": 0.6000000000001364, "0.8": 0.6000000000001364}, "AP_amplitude": {"0.1": 79.5736069432999, "0.2": 85.49188314638897, "0.4": 101.60254574449183, "0.8": 100.60998187371717}, "voltage_base": {"0.1": -70.14701479209252, "0.2": -70.14701479209252, "0.4": -70.14701479209252, "0.8": -70.14701479209252}}}}