{"BBP": {"L5_SBC_bNAC219_2": {"mean_frequency": {"0.1": 0, "0.2": 96.50965096516214, "0.4": 134.68182045770934, "0.8": 203.488372092441}, "ISI_CV": {"0.1": 0, "0.2": 0.01818957579265479, "0.4": 0.008362394746914104, "0.8": 0.050596464741971145}, "time_to_first_spike": {"0.1": 0, "0.2": 6.500000000092086, "0.4": 2.800000000091245, "0.8": 1.6000000000909722}, "time_to_second_spike": {"0.1": 0, "0.2": 14.800000000093974, "0.4": 10.30000000009295, "0.8": 7.700000000092359}, "AP_height": {"0.1": 0, "0.2": -2.1437393131355806, "0.4": 13.036856317861645, "0.8": 16.26094784831746}, "AP_width": {"0.1": 0, "0.2": 0.6000000000001364, "0.4": 0.5000000000001137, "0.8": 0.6000000000001364}, "AP_amplitude": {"0.1": 0, "0.2": 54.5991877693684, "0.4": 69.17085249795082, "0.8": 84.87305178590711}, "voltage_base": {"0.1": -68.61201786523863, "0.2": -68.61201786523863, "0.4": -68.61201786523863, "0.8": -68.61201786523863}}}, "NetPyNE": {"L5_SBC_bNAC219_2": {"mean_frequency": {"0.1": 0, "0.2": 96.82436161146396, "0.4": 134.24163494298844, "0.8": 201.72910662766947}, "ISI_CV": {"0.1": 0, "0.2": 0.017753188942017172, "0.4": 0.007698475524787926, "0.8": 0.05637825608960261}, "time_to_first_spike": {"0.1": 0, "0.2": 6.600000000092109, "0.4": 2.900000000091268, "0.8": 1.6000000000909722}, "time_to_second_spike": {"0.1": 0, "0.2": 14.900000000093996, "0.4": 10.400000000092973, "0.8": 7.800000000092382}, "AP_height": {"0.1": 0, "0.2": -2.47735423808784, "0.4": 10.466509078190352, "0.8": 18.223197467048145}, "AP_width": {"0.1": 0, "0.2": 0.6000000000001364, "0.4": 0.6000000000001364, "0.8": 0.6000000000001364}, "AP_amplitude": {"0.1": 0, "0.2": 53.23820289928854, "0.4": 66.73349582501066, "0.8": 86.83530114296221}, "voltage_base": {"0.1": -68.61201760302704, "0.2": -68.61201760302704, "0.4": -68.61201760302704, "0.8": -68.61201760302704}}}}