{"BBP": {"L6_LBC_bIR215_2": {"mean_frequency": {"0.1": 0, "0.2": 6.956335616442975, "0.4": 13.51491839069417, "0.8": 19.50682738959962}, "ISI_CV": {"0.1": 0, "0.2": 0.35280859250698515, "0.4": 0.32200704983967793, "0.8": 0.3188077917646814}, "time_to_first_spike": {"0.1": 0, "0.2": 9.600000000092791, "0.4": 3.3000000000913587, "0.8": 1.700000000090995}, "time_to_second_spike": {"0.1": 0, "0.2": 52.90000000010264, "0.4": 20.600000000095292, "0.8": 12.50000000009345}, "AP_height": {"0.1": 0, "0.2": 20.13700649048954, "0.4": 22.86443024128613, "0.8": 29.8125762470788}, "AP_width": {"0.1": 0, "0.2": 0.6000000000001364, "0.4": 0.6000000000001364, "0.8": 0.6000000000001364}, "AP_amplitude": {"0.1": 0, "0.2": 74.5219814075869, "0.4": 77.55373272601429, "0.8": 102.37716014584923}, "voltage_base": {"0.1": -72.61262112500238, "0.2": -72.61262112500238, "0.4": -72.61262112500238, "0.8": -72.61262112500238}}}, "NetPyNE": {"L6_LBC_bIR215_2": {"mean_frequency": {"0.1": 0, "0.2": 79.99999999940192, "0.4": 12.016718913278686, "0.8": 18.453967603047097}, "ISI_CV": {"0.1": 0, "0.2": 0, "0.4": 0.27075987867818496, "0.8": 0.2877265551981575}, "time_to_first_spike": {"0.1": 0, "0.2": 12.50000000009345, "0.4": 4.000000000091518, "0.8": 2.000000000091063}, "time_to_second_spike": {"0.1": 0, "0.2": 0, "0.4": 23.300000000095906, "0.8": 13.6000000000937}, "AP_height": {"0.1": 0, "0.2": 15.046468005298282, "0.4": 26.262713650912456, "0.8": 27.214931740859793}, "AP_width": {"0.1": 0, "0.2": 0.6000000000001364, "0.4": 0.6000000000001364, "0.8": 0.6000000000001364}, "AP_amplitude": {"0.1": 0, "0.2": 67.90008989307269, "0.4": 81.15923609941383, "0.8": 102.20801095717289}, "voltage_base": {"0.1": -74.99187777654512, "0.2": -74.99187777654512, "0.4": -74.99187777654512, "0.8": -74.99187777654512}}}}