{"BBP": {"L4_BTC_cACint209_5": {"mean_frequency": {"0.1": 25.288286465726216, "0.2": 39.63475817783146, "0.4": 76.27458851871901, "0.8": 142.84282277475626}, "ISI_CV": {"0.1": 0.252445894373237, "0.2": 0.2087939947836511, "0.4": 0.14329802171328979, "0.8": 0.08763051539929796}, "time_to_first_spike": {"0.1": 9.400000000092746, "0.2": 4.100000000091541, "0.4": 2.000000000091063, "0.8": 1.1000000000908585}, "time_to_second_spike": {"0.1": 23.700000000095997, "0.2": 14.000000000093792, "0.4": 9.600000000092791, "0.8": 7.100000000092223}, "AP_height": {"0.1": 29.388731468428215, "0.2": 33.99707848094638, "0.4": 36.838331218932694, "0.8": 38.599971665942604}, "AP_width": {"0.1": 0.8000000000001819, "0.2": 0.8000000000001819, "0.4": 0.9000000000002046, "0.8": 1.0000000000002274}, "AP_amplitude": {"0.1": 85.55532575446335, "0.2": 89.54850361801329, "0.4": 107.59725652577566, "0.8": 109.3588969705581}, "voltage_base": {"0.1": -70.75828337322649, "0.2": -70.75828337322649, "0.4": -70.75828337322649, "0.8": -70.75828337322649}}}, "NetPyNE": {"L4_BTC_cACint209_5": {"mean_frequency": {"0.1": 25.16736296372574, "0.2": 39.51185355609369, "0.4": 76.16375206699568, "0.8": 142.04971740118697}, "ISI_CV": {"0.1": 0.25241865165074406, "0.2": 0.20859317097145785, "0.4": 0.14230832162269844, "0.8": 0.08560799382001695}, "time_to_first_spike": {"0.1": 9.500000000092768, "0.2": 4.200000000091563, "0.4": 2.100000000091086, "0.8": 1.2000000000908813}, "time_to_second_spike": {"0.1": 23.80000000009602, "0.2": 14.100000000093814, "0.4": 9.700000000092814, "0.8": 7.2000000000922455}, "AP_height": {"0.1": 29.224178845168833, "0.2": 31.952341830935893, "0.4": 33.595155685405665, "0.8": 37.07052777939796}, "AP_width": {"0.1": 0.9000000000002046, "0.2": 0.8000000000001819, "0.4": 0.8000000000001819, "0.8": 0.9000000000002046}, "AP_amplitude": {"0.1": 84.67630106378112, "0.2": 87.89896519579179, "0.4": 104.35408016963044, "0.8": 107.82945243677887}, "voltage_base": {"0.1": -70.75828272738963, "0.2": -70.75828272738963, "0.4": -70.75828272738963, "0.8": -70.75828272738963}}}}