{"BBP": {"L23_BP_bAC217_5": {"mean_frequency": {"0.1": 10.7537894305685, "0.2": 15.265621819672441, "0.4": 21.24216063121002, "0.8": 30.298439630379573}, "ISI_CV": {"0.1": 0.2674777686267044, "0.2": 0.28211010938422715, "0.4": 0.2881392557831866, "0.8": 0.2930252566538078}, "time_to_first_spike": {"0.1": 3.8000000000914724, "0.2": 2.000000000091063, "0.4": 1.2000000000908813, "0.8": 0.7000000000907676}, "time_to_second_spike": {"0.1": 23.40000000009593, "0.2": 15.300000000094087, "0.4": 10.30000000009295, "0.8": 7.500000000092314}, "AP_height": {"0.1": 30.086855505157914, "0.2": 30.285886851949908, "0.4": 32.07643168722171, "0.8": 36.365355917285974}, "AP_width": {"0.1": 0.6000000000001364, "0.2": 0.6000000000001364, "0.4": 0.6000000000001364, "0.8": 0.7000000000001592}, "AP_amplitude": {"0.1": 86.33653802051299, "0.2": 105.4179364306042, "0.4": 107.20848126356663, "0.8": 111.49740548901238}, "voltage_base": {"0.1": -75.12854828102252, "0.2": -75.12854828102252, "0.4": -75.12854828102252, "0.8": -75.12854828102252}}}, "NetPyNE": {"L23_BP_bAC217_5": {"mean_frequency": {"0.1": 10.6582753895418, "0.2": 15.124016938909229, "0.4": 21.026282853581254, "0.8": 29.988817729002694}, "ISI_CV": {"0.1": 0.26619006604986256, "0.2": 0.28081698626000634, "0.4": 0.28702065281268874, "0.8": 0.2945781908510858}, "time_to_first_spike": {"0.1": 3.8000000000914724, "0.2": 2.100000000091086, "0.4": 1.2000000000908813, "0.8": 0.7000000000907676}, "time_to_second_spike": {"0.1": 23.600000000095974, "0.2": 15.500000000094133, "0.4": 10.500000000092996, "0.8": 7.6000000000923364}, "AP_height": {"0.1": 25.613840081463454, "0.2": 32.408845377359725, "0.4": 34.29750266857964, "0.8": 32.0626598425094}, "AP_width": {"0.1": 0.5000000000001137, "0.2": 0.6000000000001364, "0.4": 0.6000000000001364, "0.8": 0.6000000000001364}, "AP_amplitude": {"0.1": 80.82286332889856, "0.2": 107.54088897619415, "0.4": 109.42954618379267, "0.8": 107.19470350337733}, "voltage_base": {"0.1": -75.12854234715654, "0.2": -75.12854234715654, "0.4": -75.12854234715654, "0.8": -75.12854234715654}}}}