{"BBP": {"L23_BP_cNAC187_5": {"mean_frequency": {"0.1": 64.96449614749837, "0.2": 93.3594338202712, "0.4": 135.43338683797322, "0.8": 230.39166583207086}, "ISI_CV": {"0.1": 0.07396874973204795, "0.2": 0.05458162276472496, "0.4": 0.01521245516634205, "0.8": 0.08757911945509782}, "time_to_first_spike": {"0.1": 2.500000000091177, "0.2": 1.5000000000909495, "0.4": 1.0000000000908358, "0.8": 0.6000000000907448}, "time_to_second_spike": {"0.1": 14.400000000093883, "0.2": 9.800000000092837, "0.4": 7.300000000092268, "0.8": 5.600000000091882}, "AP_height": {"0.1": 27.903797419267445, "0.2": 29.906010666912554, "0.4": 26.710917899902267, "0.8": 32.681112060369}, "AP_width": {"0.1": 0.7000000000001592, "0.2": 0.7000000000001592, "0.4": 0.7000000000001592, "0.8": 0.8000000000001819}, "AP_amplitude": {"0.1": 84.08775767232144, "0.2": 98.8935321095049, "0.4": 95.69843934017213, "0.8": 101.66863349599396}, "voltage_base": {"0.1": -68.98445454126507, "0.2": -68.98445454126507, "0.4": -68.98445454126507, "0.8": -68.98445454126507}}}, "NetPyNE": {"L23_BP_cNAC187_5": {"mean_frequency": {"0.1": 64.7525348860996, "0.2": 93.00930093015626, "0.4": 134.7357876284412, "0.8": 228.29678582172323}, "ISI_CV": {"0.1": 0.07304621418509237, "0.2": 0.053389933118906725, "0.4": 0.014601452132966024, "0.8": 0.08614152742952975}, "time_to_first_spike": {"0.1": 2.6000000000911996, "0.2": 1.6000000000909722, "0.4": 1.0000000000908358, "0.8": 0.7000000000907676}, "time_to_second_spike": {"0.1": 14.600000000093928, "0.2": 10.000000000092882, "0.4": 7.400000000092291, "0.8": 5.700000000091904}, "AP_height": {"0.1": 26.882845049878725, "0.2": 25.108176338635406, "0.4": 31.045800322070207, "0.8": 28.83286989681904}, "AP_width": {"0.1": 0.7000000000001592, "0.2": 0.8000000000001819, "0.4": 0.7000000000001592, "0.8": 0.8000000000001819}, "AP_amplitude": {"0.1": 82.01611362415414, "0.2": 94.09569216043877, "0.4": 100.03331615113431, "0.8": 97.820385764083}, "voltage_base": {"0.1": -68.98444896502713, "0.2": -68.98444896502713, "0.4": -68.98444896502713, "0.8": -68.98444896502713}}}}