{"BBP": {"L1_NGC-DA_cACint209_1": {"mean_frequency": {"0.1": 18.944242486316604, "0.2": 28.33864682963308, "0.4": 48.21939826212526, "0.8": 132.13874568305695}, "ISI_CV": {"0.1": 0.26755738177068517, "0.2": 0.24045456291733802, "0.4": 0.21234599201830953, "0.8": 0.05812314961458371}, "time_to_first_spike": {"0.1": 2.7000000000912223, "0.2": 1.5000000000909495, "0.4": 0.900000000090813, "0.8": 0.5000000000907221}, "time_to_second_spike": {"0.1": 12.800000000093519, "0.2": 9.300000000092723, "0.4": 7.2000000000922455, "0.8": 5.600000000091882}, "AP_height": {"0.1": 39.81516711631164, "0.2": 41.00414052857307, "0.4": 41.03622742375793, "0.8": 42.681556461927705}, "AP_width": {"0.1": 0.9000000000002046, "0.2": 0.9000000000002046, "0.4": 0.9000000000002046, "0.8": 0.9000000000002046}, "AP_amplitude": {"0.1": 97.0838079052948, "0.2": 114.71370981433026, "0.4": 114.74579670734636, "0.8": 116.3911257411786}, "voltage_base": {"0.1": -73.70850434688313, "0.2": -73.70850434688313, "0.4": -73.70850434688313, "0.8": -73.70850434688313}}}, "NetPyNE": {"L1_NGC-DA_cACint209_1": {"mean_frequency": {"0.1": 18.87851420992142, "0.2": 28.232921603245767, "0.4": 48.07210816227604, "0.8": 131.21650723703013}, "ISI_CV": {"0.1": 0.26733813344929436, "0.2": 0.2403372916467235, "0.4": 0.2120662265950519, "0.8": 0.058239473037152115}, "time_to_first_spike": {"0.1": 2.7000000000912223, "0.2": 1.5000000000909495, "0.4": 0.900000000090813, "0.8": 0.6000000000907448}, "time_to_second_spike": {"0.1": 12.900000000093542, "0.2": 9.400000000092746, "0.4": 7.2000000000922455, "0.8": 5.700000000091904}, "AP_height": {"0.1": 42.2608226252198, "0.2": 43.23912751303402, "0.4": 43.75745621515538, "0.8": 42.83178552706182}, "AP_width": {"0.1": 0.9000000000002046, "0.2": 0.9000000000002046, "0.4": 0.9000000000002046, "0.8": 0.9000000000002046}, "AP_amplitude": {"0.1": 99.56337958727458, "0.2": 116.94869518467506, "0.4": 117.46702372528827, "0.8": 116.54135293739805}, "voltage_base": {"0.1": -73.70850247410452, "0.2": -73.70850247410452, "0.4": -73.70850247410452, "0.8": -73.70850247410452}}}}