{"BBP": {"L6_BTC_bAC217_1": {"mean_frequency": {"0.1": 4.037141703676536, "0.2": 10.743336573394469, "0.4": 15.95799444045139, "0.8": 22.377053348944592}, "ISI_CV": {"0.1": 0.026362890622269354, "0.2": 0.29132047020741064, "0.4": 0.28241936150695524, "0.8": 0.2957826295990983}, "time_to_first_spike": {"0.1": 18.0000000000947, "0.2": 5.700000000091904, "0.4": 2.7000000000912223, "0.8": 1.5000000000909495}, "time_to_second_spike": {"0.1": 80.20000000010884, "0.2": 30.600000000097566, "0.4": 18.600000000094838, "0.8": 12.10000000009336}, "AP_height": {"0.1": 18.85703485817222, "0.2": 24.095363277199922, "0.4": 22.990184749816247, "0.8": 31.748814053649387}, "AP_width": {"0.1": 0.5000000000001137, "0.2": 0.5000000000001137, "0.4": 0.5000000000001137, "0.8": 0.6000000000001364}, "AP_amplitude": {"0.1": 75.20327474785958, "0.2": 80.81639413331267, "0.4": 93.61496847261421, "0.8": 104.26959118253309}, "voltage_base": {"0.1": -72.5176135616286, "0.2": -72.5176135616286, "0.4": -72.5176135616286, "0.8": -72.5176135616286}}}, "NetPyNE": {"L6_BTC_bAC217_1": {"mean_frequency": {"0.1": 4.152331237397355, "0.2": 10.55700784235585, "0.4": 15.62815083687287, "0.8": 22.17518395324556}, "ISI_CV": {"0.1": 0.02348929906862821, "0.2": 0.2897738912852655, "0.4": 0.3005338584796936, "0.8": 0.2681310587306641}, "time_to_first_spike": {"0.1": 18.200000000094747, "0.2": 5.800000000091927, "0.4": 2.800000000091245, "0.8": 1.6000000000909722}, "time_to_second_spike": {"0.1": 81.50000000010914, "0.2": 30.900000000097634, "0.4": 18.800000000094883, "0.8": 12.300000000093405}, "AP_height": {"0.1": 17.872456134832973, "0.2": 24.10377511986748, "0.4": 28.28767022301335, "0.8": 26.141995006329672}, "AP_width": {"0.1": 0.5000000000001137, "0.2": 0.5000000000001137, "0.4": 0.6000000000001364, "0.8": 0.5000000000001137}, "AP_amplitude": {"0.1": 74.66476209438696, "0.2": 80.22698866275832, "0.4": 98.95769726370834, "0.8": 98.66276727193971}, "voltage_base": {"0.1": -72.51760867981066, "0.2": -72.51760867981066, "0.4": -72.51760867981066, "0.8": -72.51760867981066}}}}