{"BBP": {"L4_NGC_bNAC219_3": {"mean_frequency": {"0.1": 36.3654730037117, "0.2": 93.09309309315638, "0.4": 173.1601731594546, "0.8": 241.9354838691449}, "ISI_CV": {"0.1": 0.11555824116786478, "0.2": 0.02335482007323916, "0.4": 0.04489566864676492, "0.8": 0}, "time_to_first_spike": {"0.1": 14.100000000093814, "0.2": 6.500000000092086, "0.4": 3.200000000091336, "0.8": 1.8000000000910177}, "time_to_second_spike": {"0.1": 27.300000000096816, "0.2": 15.800000000094201, "0.4": 10.500000000092996, "0.8": 7.6000000000923364}, "AP_height": {"0.1": -0.908102094819139, "0.2": 3.9378771134328616, "0.4": 7.618723179710416, "0.8": 12.01388012720359}, "AP_width": {"0.1": 0.7000000000001592, "0.2": 0.8000000000001819, "0.4": 0.7000000000001592, "0.8": 0.8000000000001819}, "AP_amplitude": {"0.1": 54.539860936509456, "0.2": 59.744171222212486, "0.4": 62.40019404218264, "0.8": 81.64784855260388}, "voltage_base": {"0.1": -69.63385577753844, "0.2": -69.63385577753844, "0.4": -69.63385577753844, "0.8": -69.63385577753844}}}, "NetPyNE": {"L4_NGC_bNAC219_3": {"mean_frequency": {"0.1": 36.45015946947236, "0.2": 93.23308270683027, "0.4": 171.67381974178264, "0.8": 238.09523809347178}, "ISI_CV": {"0.1": 0.11533354081719974, "0.2": 0.0227457094502382, "0.4": 0.05567769930602737, "0.8": 0}, "time_to_first_spike": {"0.1": 14.200000000093837, "0.2": 6.600000000092109, "0.4": 3.3000000000913587, "0.8": 1.8000000000910177}, "time_to_second_spike": {"0.1": 27.40000000009684, "0.2": 15.900000000094224, "0.4": 10.600000000093019, "0.8": 7.700000000092359}, "AP_height": {"0.1": -0.9679460578036754, "0.2": 3.545453756512064, "0.4": 8.469583774128527, "0.8": 11.560606613733702}, "AP_width": {"0.1": 0.7000000000001592, "0.2": 0.7000000000001592, "0.4": 0.7000000000001592, "0.8": 0.8000000000001819}, "AP_amplitude": {"0.1": 53.972098209414185, "0.2": 58.53265533707078, "0.4": 63.63313649539464, "0.8": 81.19457489691091}, "voltage_base": {"0.1": -69.63385563456524, "0.2": -69.63385563456524, "0.4": -69.63385563456524, "0.8": -69.63385563456524}}}}