{"BBP": {"L6_NGC_cSTUT189_4": {"mean_frequency": {"0.1": 3.7604082729006936, "0.2": 60.48691970365512, "0.4": 97.4237935017987, "0.8": 154.65793304222407}, "ISI_CV": {"0.1": 0.4998704409141292, "0.2": 0.04378590510203655, "0.4": 0.021001253337329558, "0.8": 0.09486787376150994}, "time_to_first_spike": {"0.1": 550.9999999999577, "0.2": 6.000000000091973, "0.4": 3.1000000000913133, "0.8": 1.700000000090995}, "time_to_second_spike": {"0.1": 1061.0999999994938, "0.2": 21.100000000095406, "0.4": 12.300000000093405, "0.8": 8.10000000009245}, "AP_height": {"0.1": 4.705659656117627, "0.2": 13.575083042981612, "0.4": 15.593657504552148, "0.8": 21.877287036986758}, "AP_width": {"0.1": 0.7999999999992724, "0.2": 0.8000000000001819, "0.4": 0.8000000000001819, "0.8": 0.8000000000001819}, "AP_amplitude": {"0.1": 57.44320472813618, "0.2": 68.73405976329019, "0.4": 91.56894726205883, "0.8": 98.21386801831929}, "voltage_base": {"0.1": -76.29715333454303, "0.2": -76.29715333454303, "0.4": -76.29715333454303, "0.8": -76.29715333454303}}}, "NetPyNE": {"L6_NGC_cSTUT189_4": {"mean_frequency": {"0.1": 0, "0.2": 59.14194065761838, "0.4": 96.15866179202209, "0.8": 152.5129982669152}, "ISI_CV": {"0.1": 0, "0.2": 0.013226019743951432, "0.4": 0.017685135147699458, "0.8": 0.09207567977363044}, "time_to_first_spike": {"0.1": 0, "0.2": 5.90000000009195, "0.4": 3.1000000000913133, "0.8": 1.700000000090995}, "time_to_second_spike": {"0.1": 0, "0.2": 21.20000000009543, "0.4": 12.400000000093428, "0.8": 8.200000000092473}, "AP_height": {"0.1": 0, "0.2": 14.319050830691117, "0.4": 17.30881773082615, "0.8": 21.691116972196497}, "AP_width": {"0.1": 0, "0.2": 0.7000000000001592, "0.4": 0.8000000000001819, "0.8": 0.8000000000001819}, "AP_amplitude": {"0.1": 0, "0.2": 69.24518962740801, "0.4": 71.88281144718229, "0.8": 97.6059882377127}, "voltage_base": {"0.1": -75.9141722351543, "0.2": -75.9141722351543, "0.4": -75.9141722351543, "0.8": -75.9141722351543}}}}