{"BBP": {"L23_MC_bNAC219_1": {"mean_frequency": {"0.1": 39.977733920375236, "0.2": 90.9822056902196, "0.4": 147.69199959957973, "0.8": 262.17228464324546}, "ISI_CV": {"0.1": 0.08988267664024667, "0.2": 0.019830406767959552, "0.4": 0.013709811968009356, "0.8": 0.12747548783981963}, "time_to_first_spike": {"0.1": 11.4000000000932, "0.2": 5.000000000091745, "0.4": 2.3000000000911314, "0.8": 1.2000000000908813}, "time_to_second_spike": {"0.1": 25.700000000096452, "0.2": 14.200000000093837, "0.4": 9.300000000092723, "0.8": 6.700000000092132}, "AP_height": {"0.1": 9.677051380481148, "0.2": 13.930957219799954, "0.4": 16.54859072719483, "0.8": 18.807648722318078}, "AP_width": {"0.1": 0.6000000000001364, "0.2": 0.6000000000001364, "0.4": 0.7000000000001592, "0.8": 0.7000000000001592}, "AP_amplitude": {"0.1": 65.61975611059455, "0.2": 70.30916626393171, "0.4": 86.1334122686848, "0.8": 88.3924702617317}, "voltage_base": {"0.1": -69.58471570454095, "0.2": -69.58471570454095, "0.4": -69.58471570454095, "0.8": -69.58471570454095}}}, "NetPyNE": {"L23_MC_bNAC219_1": {"mean_frequency": {"0.1": 39.95549261584742, "0.2": 90.73591337483607, "0.4": 147.10297208055633, "0.8": 258.3025830249079}, "ISI_CV": {"0.1": 0.08959065904310652, "0.2": 0.019627895064366022, "0.4": 0.013263131247194975, "0.8": 0.1263141025119023}, "time_to_first_spike": {"0.1": 11.600000000093246, "0.2": 5.100000000091768, "0.4": 2.400000000091154, "0.8": 1.300000000090904}, "time_to_second_spike": {"0.1": 25.900000000096497, "0.2": 14.400000000093883, "0.4": 9.400000000092746, "0.8": 6.8000000000921546}, "AP_height": {"0.1": 7.926778702346814, "0.2": 13.533273046413498, "0.4": 17.263127014877654, "0.8": 20.131080036767578}, "AP_width": {"0.1": 0.6000000000001364, "0.2": 0.6000000000001364, "0.4": 0.6000000000001364, "0.8": 0.6000000000001364}, "AP_amplitude": {"0.1": 63.34738194822474, "0.2": 69.1459785552911, "0.4": 86.84794838864089, "0.8": 89.71590132515487}, "voltage_base": {"0.1": -69.58471545274888, "0.2": -69.58471545274888, "0.4": -69.58471545274888, "0.8": -69.58471545274888}}}}