{"BBP": {"L6_NGC_cNAC187_4": {"mean_frequency": {"0.1": 47.29559748430883, "0.2": 72.72909665451097, "0.4": 110.5663398039575, "0.8": 194.17475728116762}, "ISI_CV": {"0.1": 0.0199446170624067, "0.2": 0.011947441218160097, "0.4": 0.021701839909902442, "0.8": 0.056977975858889716}, "time_to_first_spike": {"0.1": 6.700000000092132, "0.2": 3.600000000091427, "0.4": 2.100000000091086, "0.8": 1.300000000090904}, "time_to_second_spike": {"0.1": 25.900000000096497, "0.2": 15.500000000094133, "0.4": 10.200000000092928, "0.8": 7.100000000092223}, "AP_height": {"0.1": 12.324684401825126, "0.2": 14.203333948396748, "0.4": 18.09721221250937, "0.8": 20.559909190100047}, "AP_width": {"0.1": 0.8000000000001819, "0.2": 0.8000000000001819, "0.4": 0.8000000000001819, "0.8": 0.9000000000002046}, "AP_amplitude": {"0.1": 66.05940785744102, "0.2": 68.84286191468458, "0.4": 86.91003801990672, "0.8": 89.37273499562421}, "voltage_base": {"0.1": -68.81001036030445, "0.2": -68.81001036030445, "0.4": -68.81001036030445, "0.8": -68.81001036030445}}}, "NetPyNE": {"L6_NGC_cNAC187_4": {"mean_frequency": {"0.1": 47.155613524663316, "0.2": 72.50025173703439, "0.4": 110.28121710368914, "0.8": 196.07843137215607}, "ISI_CV": {"0.1": 0.01917877732994962, "0.2": 0.011176954540164215, "0.4": 0.023052386468726746, "0.8": 0.07733724897731993}, "time_to_first_spike": {"0.1": 6.8000000000921546, "0.2": 3.7000000000914497, "0.4": 2.2000000000911086, "0.8": 1.300000000090904}, "time_to_second_spike": {"0.1": 26.100000000096543, "0.2": 15.600000000094155, "0.4": 10.30000000009295, "0.8": 7.2000000000922455}, "AP_height": {"0.1": 11.580416188896704, "0.2": 15.074475416241132, "0.4": 18.08000931669703, "0.8": 20.939482413324196}, "AP_width": {"0.1": 0.8000000000001819, "0.2": 0.8000000000001819, "0.4": 0.9000000000002046, "0.8": 0.8000000000001819}, "AP_amplitude": {"0.1": 66.16004998946954, "0.2": 69.99436381195014, "0.4": 86.89283045965227, "0.8": 89.75230359854093}, "voltage_base": {"0.1": -68.81000573476794, "0.2": -68.81000573476794, "0.4": -68.81000573476794, "0.8": -68.81000573476794}}}}