{"BBP": {"L23_BTC_bAC217_3": {"mean_frequency": {"0.1": 4.643004539829785, "0.2": 10.587879399018979, "0.4": 15.513186208287582, "0.8": 21.30898021310422}, "ISI_CV": {"0.1": 0.16788165957923598, "0.2": 0.296952034793861, "0.4": 0.3022209994460107, "0.8": 0.31124939479119423}, "time_to_first_spike": {"0.1": 31.000000000097657, "0.2": 8.10000000009245, "0.4": 2.800000000091245, "0.8": 1.4000000000909267}, "time_to_second_spike": {"0.1": 103.50000000011414, "0.2": 37.20000000009907, "0.4": 20.2000000000952, "0.8": 12.000000000093337}, "AP_height": {"0.1": 16.089972843469365, "0.2": 20.01238757404746, "0.4": 29.112211443092516, "0.8": 27.87837437863963}, "AP_width": {"0.1": 0.6000000000001364, "0.2": 0.6000000000001364, "0.4": 0.6000000000001364, "0.8": 0.6000000000001364}, "AP_amplitude": {"0.1": 70.73804648048093, "0.2": 73.87434732460031, "0.4": 83.5138098544054, "0.8": 98.2360545094794}, "voltage_base": {"0.1": -70.3550273940496, "0.2": -70.3550273940496, "0.4": -70.3550273940496, "0.8": -70.3550273940496}}}, "NetPyNE": {"L23_BTC_bAC217_3": {"mean_frequency": {"0.1": 4.583885097283326, "0.2": 10.565798510229458, "0.4": 15.408320493076639, "0.8": 21.014710297222333}, "ISI_CV": {"0.1": 0.16004325879549194, "0.2": 0.30386723364346685, "0.4": 0.30685120364629576, "0.8": 0.3101606364663746}, "time_to_first_spike": {"0.1": 31.200000000097702, "0.2": 8.200000000092473, "0.4": 2.900000000091268, "0.8": 1.4000000000909267}, "time_to_second_spike": {"0.1": 104.2000000001143, "0.2": 37.40000000009911, "0.4": 20.50000000009527, "0.8": 12.200000000093382}, "AP_height": {"0.1": 18.683576642441288, "0.2": 18.43826304814866, "0.4": 28.358505370442803, "0.8": 30.63619590877886}, "AP_width": {"0.1": 0.5000000000001137, "0.2": 0.6000000000001364, "0.4": 0.6000000000001364, "0.8": 0.6000000000001364}, "AP_amplitude": {"0.1": 72.23273073795643, "0.2": 73.35410752872681, "0.4": 83.26770538371372, "0.8": 100.99387200007536}, "voltage_base": {"0.1": -70.35502333997802, "0.2": -70.35502333997802, "0.4": -70.35502333997802, "0.8": -70.35502333997802}}}}