{"BBP": {"L23_BP_bIR215_5": {"mean_frequency": {"0.1": 9.91028583351384, "0.2": 14.630208858853628, "0.4": 20.677829332271436, "0.8": 29.633350075359147}, "ISI_CV": {"0.1": 0.3000819830522257, "0.2": 0.27279285964117594, "0.4": 0.2794278965001289, "0.8": 0.27828874913425095}, "time_to_first_spike": {"0.1": 4.000000000091518, "0.2": 2.2000000000911086, "0.4": 1.2000000000908813, "0.8": 0.7000000000907676}, "time_to_second_spike": {"0.1": 24.800000000096247, "0.2": 15.700000000094178, "0.4": 10.500000000092996, "0.8": 7.6000000000923364}, "AP_height": {"0.1": 30.246707207672763, "0.2": 27.56845333145675, "0.4": 34.45152971049208, "0.8": 32.52918530686587}, "AP_width": {"0.1": 0.6000000000001364, "0.2": 0.6000000000001364, "0.4": 0.7000000000001592, "0.8": 0.6000000000001364}, "AP_amplitude": {"0.1": 86.0445599222914, "0.2": 104.06486754494321, "0.4": 110.98784299756696, "0.8": 109.4342606273439}, "voltage_base": {"0.1": -76.86300039401155, "0.2": -76.86300039401155, "0.4": -76.86300039401155, "0.8": -76.86300039401155}}}, "NetPyNE": {"L23_BP_bIR215_5": {"mean_frequency": {"0.1": 9.28553004901321, "0.2": 14.256619144612486, "0.4": 20.263424518757386, "0.8": 29.056660487971254}, "ISI_CV": {"0.1": 0.2318422194895198, "0.2": 0.2577982102026754, "0.4": 0.26591701023097564, "0.8": 0.27009642485309504}, "time_to_first_spike": {"0.1": 4.200000000091563, "0.2": 2.3000000000911314, "0.4": 1.300000000090904, "0.8": 0.8000000000907903}, "time_to_second_spike": {"0.1": 26.70000000009668, "0.2": 16.600000000094383, "0.4": 10.900000000093087, "0.8": 7.800000000092382}, "AP_height": {"0.1": 30.303884641836298, "0.2": 27.71840535383173, "0.4": 34.536738471554955, "0.8": 34.78513079745766}, "AP_width": {"0.1": 0.6000000000001364, "0.2": 0.6000000000001364, "0.4": 0.6000000000001364, "0.8": 0.6000000000001364}, "AP_amplitude": {"0.1": 86.51539331157471, "0.2": 105.1081184317596, "0.4": 111.92645154636945, "0.8": 112.17484395660261}, "voltage_base": {"0.1": -77.38765043335057, "0.2": -77.38765043335057, "0.4": -77.38765043335057, "0.8": -77.38765043335057}}}}