{"BBP": {"L23_MC_bNAC219_3": {"mean_frequency": {"0.1": 48.06488759829032, "0.2": 105.98754269647543, "0.4": 154.70885695699698, "0.8": 226.09043617462353}, "ISI_CV": {"0.1": 0.07952600692773275, "0.2": 0.020181783316800234, "0.4": 0.011974718072196576, "0.8": 0.01519097995912404}, "time_to_first_spike": {"0.1": 7.400000000092291, "0.2": 2.6000000000911996, "0.4": 1.300000000090904, "0.8": 0.8000000000907903}, "time_to_second_spike": {"0.1": 19.00000000009493, "0.2": 10.900000000093087, "0.4": 7.800000000092382, "0.8": 6.000000000091973}, "AP_height": {"0.1": 17.367711502605804, "0.2": 19.51905426701521, "0.4": 24.575221913169415, "0.8": 26.510893498539524}, "AP_width": {"0.1": 0.5000000000001137, "0.2": 0.6000000000001364, "0.4": 0.6000000000001364, "0.8": 0.6000000000001364}, "AP_amplitude": {"0.1": 73.23962462985834, "0.2": 74.92610343498926, "0.4": 93.30106764699036, "0.8": 95.23673922925062}, "voltage_base": {"0.1": -68.72574432377, "0.2": -68.72574432377, "0.4": -68.72574432377, "0.8": -68.72574432377}}}, "NetPyNE": {"L23_MC_bNAC219_3": {"mean_frequency": {"0.1": 48.024012006035655, "0.2": 105.33179515480899, "0.4": 153.36039693289626, "0.8": 223.52235223537554}, "ISI_CV": {"0.1": 0.07914617086782857, "0.2": 0.02011647354062621, "0.4": 0.011499587813148417, "0.8": 0.013170743909750432}, "time_to_first_spike": {"0.1": 7.500000000092314, "0.2": 2.7000000000912223, "0.4": 1.4000000000909267, "0.8": 0.8000000000907903}, "time_to_second_spike": {"0.1": 19.200000000094974, "0.2": 11.100000000093132, "0.4": 7.900000000092405, "0.8": 6.100000000091995}, "AP_height": {"0.1": 16.997460264194256, "0.2": 21.26532530482144, "0.4": 21.460571864757153, "0.8": 22.801167117669575}, "AP_width": {"0.1": 0.5000000000001137, "0.2": 0.6000000000001364, "0.4": 0.5000000000001137, "0.8": 0.6000000000001364}, "AP_amplitude": {"0.1": 72.02512417412349, "0.2": 77.1105943090582, "0.4": 90.18641746278732, "0.8": 91.52701263242496}, "voltage_base": {"0.1": -68.72574410708475, "0.2": -68.72574410708475, "0.4": -68.72574410708475, "0.8": -68.72574410708475}}}}