{"BBP": {"L4_BP_cACint209_5": {"mean_frequency": {"0.1": 30.090270812457756, "0.2": 56.053250588096766, "0.4": 139.52092813931577, "0.8": 198.88783127111358}, "ISI_CV": {"0.1": 0.2525920925861471, "0.2": 0.6794163675043268, "0.4": 0.1178093331542, "0.8": 0.04762850697959627}, "time_to_first_spike": {"0.1": 1.6000000000909722, "0.2": 1.0000000000908358, "0.4": 0.6000000000907448, "0.8": 0.40000000009069936}, "time_to_second_spike": {"0.1": 9.600000000092791, "0.2": 7.400000000092291, "0.4": 5.700000000091904, "0.8": 4.400000000091609}, "AP_height": {"0.1": 42.36129267144053, "0.2": 43.30686406956074, "0.4": 42.24913583661636, "0.8": 45.37731577172887}, "AP_width": {"0.1": 0.9000000000002046, "0.2": 0.9000000000002046, "0.4": 0.9000000000002046, "0.8": 1.0000000000002274}, "AP_amplitude": {"0.1": 113.09784815197594, "0.2": 114.04341954811636, "0.4": 112.98569131121249, "0.8": 116.11387123840626}, "voltage_base": {"0.1": -70.73587438083514, "0.2": -70.73587438083514, "0.4": -70.73587438083514, "0.8": -70.73587438083514}}}, "NetPyNE": {"L4_BP_cACint209_5": {"mean_frequency": {"0.1": 30.045322605306247, "0.2": 55.561117228989616, "0.4": 138.58314989002818, "0.8": 196.29444166262718}, "ISI_CV": {"0.1": 0.25516969813918744, "0.2": 0.6768345761136543, "0.4": 0.1173981463892815, "0.8": 0.04794339465539959}, "time_to_first_spike": {"0.1": 1.6000000000909722, "0.2": 1.0000000000908358, "0.4": 0.7000000000907676, "0.8": 0.40000000009069936}, "time_to_second_spike": {"0.1": 9.700000000092814, "0.2": 7.500000000092314, "0.4": 5.800000000091927, "0.8": 4.500000000091632}, "AP_height": {"0.1": 37.584256149192505, "0.2": 39.663834018820296, "0.4": 41.045748009598775, "0.8": 44.01316238944474}, "AP_width": {"0.1": 0.8000000000001819, "0.2": 0.8000000000001819, "0.4": 0.9000000000002046, "0.8": 1.0000000000002274}, "AP_amplitude": {"0.1": 108.3208106813064, "0.2": 110.40038851345085, "0.4": 111.78230254742454, "0.8": 114.74971701401168}, "voltage_base": {"0.1": -70.73587353735536, "0.2": -70.73587353735536, "0.4": -70.73587353735536, "0.8": -70.73587353735536}}}}