{"BBP": {"L23_BP_cACint209_4": {"mean_frequency": {"0.1": 25.353683890286415, "0.2": 44.68993221193092, "0.4": 98.0539296613804, "0.8": 196.84447783634715}, "ISI_CV": {"0.1": 0.24548178069969498, "0.2": 0.20370669518980877, "0.4": 0.13758794458715787, "0.8": 0.05156222179305981}, "time_to_first_spike": {"0.1": 3.200000000091336, "0.2": 1.8000000000910177, "0.4": 1.1000000000908585, "0.8": 0.7000000000907676}, "time_to_second_spike": {"0.1": 13.000000000093564, "0.2": 9.400000000092746, "0.4": 7.100000000092223, "0.8": 5.500000000091859}, "AP_height": {"0.1": 34.94699507621462, "0.2": 38.37768586713667, "0.4": 37.81315951717127, "0.8": 38.67153305453368}, "AP_width": {"0.1": 0.9000000000002046, "0.2": 0.9000000000002046, "0.4": 0.9000000000002046, "0.8": 1.0000000000002274}, "AP_amplitude": {"0.1": 90.94832970302996, "0.2": 111.63959092433856, "0.4": 111.07506457202877, "0.8": 111.93343810470245}, "voltage_base": {"0.1": -73.26099685978171, "0.2": -73.26099685978171, "0.4": -73.26099685978171, "0.8": -73.26099685978171}}}, "NetPyNE": {"L23_BP_cACint209_4": {"mean_frequency": {"0.1": 25.297242600573675, "0.2": 44.645096563862786, "0.4": 97.74436090232206, "0.8": 194.9972429697049}, "ISI_CV": {"0.1": 0.2455941407969232, "0.2": 0.2036046505733539, "0.4": 0.13660474162921718, "0.8": 0.050915456911502906}, "time_to_first_spike": {"0.1": 3.200000000091336, "0.2": 1.8000000000910177, "0.4": 1.1000000000908585, "0.8": 0.7000000000907676}, "time_to_second_spike": {"0.1": 13.20000000009361, "0.2": 9.500000000092768, "0.4": 7.2000000000922455, "0.8": 5.500000000091859}, "AP_height": {"0.1": 37.62696953613657, "0.2": 37.61065815247723, "0.4": 40.46610754375438, "0.8": 41.46268157156741}, "AP_width": {"0.1": 0.9000000000002046, "0.2": 0.9000000000002046, "0.4": 0.9000000000002046, "0.8": 1.0000000000002274}, "AP_amplitude": {"0.1": 93.68556555349551, "0.2": 110.8725616659081, "0.4": 113.72801107413113, "0.8": 114.72458519863696}, "voltage_base": {"0.1": -73.2609954346395, "0.2": -73.2609954346395, "0.4": -73.2609954346395, "0.8": -73.2609954346395}}}}