{"BBP": {"L4_MC_bAC217_5": {"mean_frequency": {"0.1": 0, "0.2": 7.578218036163936, "0.4": 13.220114913315493, "0.8": 19.12238325283101}, "ISI_CV": {"0.1": 0, "0.2": 0.3040375695129202, "0.4": 0.295908624730161, "0.8": 0.296151589408521}, "time_to_first_spike": {"0.1": 0, "0.2": 11.100000000093132, "0.4": 3.8000000000914724, "0.8": 1.8000000000910177}, "time_to_second_spike": {"0.1": 0, "0.2": 47.80000000010148, "0.4": 24.600000000096202, "0.8": 15.100000000094042}, "AP_height": {"0.1": 0, "0.2": 19.796449415734617, "0.4": 22.420636690625116, "0.8": 31.471637474901687}, "AP_width": {"0.1": 0, "0.2": 0.5000000000001137, "0.4": 0.5000000000001137, "0.8": 0.6000000000001364}, "AP_amplitude": {"0.1": 0, "0.2": 74.72635405070828, "0.4": 78.31543562695583, "0.8": 103.70073673097731}, "voltage_base": {"0.1": -72.22599365543937, "0.2": -72.22599365543937, "0.4": -72.22599365543937, "0.8": -72.22599365543937}}}, "NetPyNE": {"L4_MC_bAC217_5": {"mean_frequency": {"0.1": 0, "0.2": 7.489434547696622, "0.4": 13.067296577382345, "0.8": 19.00750025687092}, "ISI_CV": {"0.1": 0, "0.2": 0.3014943720216002, "0.4": 0.2937840245037656, "0.8": 0.2983347189668034}, "time_to_first_spike": {"0.1": 0, "0.2": 11.200000000093155, "0.4": 3.900000000091495, "0.8": 1.9000000000910404}, "time_to_second_spike": {"0.1": 0, "0.2": 48.30000000010159, "0.4": 24.800000000096247, "0.8": 15.300000000094087}, "AP_height": {"0.1": 0, "0.2": 23.338639286082426, "0.4": 22.77538845850372, "0.8": 30.91438760811199}, "AP_width": {"0.1": 0, "0.2": 0.5000000000001137, "0.4": 0.5000000000001137, "0.8": 0.6000000000001364}, "AP_amplitude": {"0.1": 0, "0.2": 78.44758958869893, "0.4": 78.06275878675648, "0.8": 103.14348195417823}, "voltage_base": {"0.1": -72.22598872747922, "0.2": -72.22598872747922, "0.4": -72.22598872747922, "0.8": -72.22598872747922}}}}