{"BBP": {"L5_NBC_bAC217_5": {"mean_frequency": {"0.1": 0, "0.2": 7.724791430636573, "0.4": 13.64049712034874, "0.8": 20.236770211487958}, "ISI_CV": {"0.1": 0, "0.2": 0.27917637680912183, "0.4": 0.2872001633846648, "0.8": 0.279717945064512}, "time_to_first_spike": {"0.1": 0, "0.2": 9.000000000092655, "0.4": 3.600000000091427, "0.8": 1.8000000000910177}, "time_to_second_spike": {"0.1": 0, "0.2": 42.40000000010025, "0.4": 23.10000000009586, "0.8": 14.500000000093905}, "AP_height": {"0.1": 0, "0.2": 18.591245295718796, "0.4": 28.85467178529384, "0.8": 29.713188256634478}, "AP_width": {"0.1": 0, "0.2": 0.5000000000001137, "0.4": 0.6000000000001364, "0.8": 0.5000000000001137}, "AP_amplitude": {"0.1": 0, "0.2": 75.30281751217878, "0.4": 84.89827430949526, "0.8": 102.6593252988104}, "voltage_base": {"0.1": -72.94288587162684, "0.2": -72.94288587162684, "0.4": -72.94288587162684, "0.8": -72.94288587162684}}}, "NetPyNE": {"L5_NBC_bAC217_5": {"mean_frequency": {"0.1": 0, "0.2": 7.602250266083906, "0.4": 13.51210892839489, "0.8": 20.015396458827965}, "ISI_CV": {"0.1": 0, "0.2": 0.27115917454904315, "0.4": 0.29207020712391524, "0.8": 0.2729854378161843}, "time_to_first_spike": {"0.1": 0, "0.2": 9.100000000092678, "0.4": 3.7000000000914497, "0.8": 1.9000000000910404}, "time_to_second_spike": {"0.1": 0, "0.2": 42.80000000010034, "0.4": 23.300000000095906, "0.8": 14.70000000009395}, "AP_height": {"0.1": 0, "0.2": 22.36216285968656, "0.4": 27.708237443733626, "0.8": 31.16138423831798}, "AP_width": {"0.1": 0, "0.2": 0.5000000000001137, "0.4": 0.5000000000001137, "0.8": 0.6000000000001364}, "AP_amplitude": {"0.1": 0, "0.2": 78.76636952840019, "0.4": 82.86563314586728, "0.8": 104.10751550215853}, "voltage_base": {"0.1": -72.94288007412075, "0.2": -72.94288007412075, "0.4": -72.94288007412075, "0.8": -72.94288007412075}}}}