{"BBP": {"L6_MC_bAC217_4": {"mean_frequency": {"0.1": 5.09049773755987, "0.2": 9.794319294815603, "0.4": 14.099400775476608, "0.8": 19.408549977029296}, "ISI_CV": {"0.1": 0.16349932437011683, "0.2": 0.3059713048529565, "0.4": 0.314165381619066, "0.8": 0.32881222211737493}, "time_to_first_spike": {"0.1": 18.0000000000947, "0.2": 7.100000000092223, "0.4": 3.3000000000913587, "0.8": 1.700000000090995}, "time_to_second_spike": {"0.1": 65.5000000001055, "0.2": 32.10000000009791, "0.4": 19.200000000094974, "0.8": 12.000000000093337}, "AP_height": {"0.1": 17.837187034897713, "0.2": 18.022972724148367, "0.4": 24.49598167125123, "0.8": 23.71870382747157}, "AP_width": {"0.1": 0.6000000000001364, "0.2": 0.6000000000001364, "0.4": 0.6000000000001364, "0.8": 0.6000000000001364}, "AP_amplitude": {"0.1": 73.35079678634865, "0.2": 73.75409544240733, "0.4": 80.3062196436417, "0.8": 95.75053867326827}, "voltage_base": {"0.1": -72.028808046015, "0.2": -72.028808046015, "0.4": -72.028808046015, "0.8": -72.028808046015}}}, "NetPyNE": {"L6_MC_bAC217_4": {"mean_frequency": {"0.1": 5.036373810859471, "0.2": 9.691899612330563, "0.4": 14.04494382023414, "0.8": 19.16578403188872}, "ISI_CV": {"0.1": 0.1575327786740261, "0.2": 0.30292102815011807, "0.4": 0.31967916844382777, "0.8": 0.32756457234642933}, "time_to_first_spike": {"0.1": 18.200000000094747, "0.2": 7.2000000000922455, "0.4": 3.4000000000913815, "0.8": 1.8000000000910177}, "time_to_second_spike": {"0.1": 66.00000000010562, "0.2": 32.30000000009795, "0.4": 19.40000000009502, "0.8": 12.200000000093382}, "AP_height": {"0.1": 16.7070405739738, "0.2": 19.27481022282669, "0.4": 25.250450327421607, "0.8": 28.242284311711355}, "AP_width": {"0.1": 0.5000000000001137, "0.2": 0.6000000000001364, "0.4": 0.6000000000001364, "0.8": 0.6000000000001364}, "AP_amplitude": {"0.1": 71.0630203767763, "0.2": 74.42626314400967, "0.4": 80.09556787125774, "0.8": 100.2741143703389}, "voltage_base": {"0.1": -72.02880324120203, "0.2": -72.02880324120203, "0.4": -72.02880324120203, "0.8": -72.02880324120203}}}}