{"BBP": {"L4_DBC_cIR216_2": {"mean_frequency": {"0.1": 4.562043795617515, "0.2": 23.208879919289195, "0.4": 46.159249410497466, "0.8": 98.82116879866257}, "ISI_CV": {"0.1": 0, "0.2": 0.3712554632930151, "0.4": 0.2779372714800851, "0.8": 0.10216769864510122}, "time_to_first_spike": {"0.1": 219.20000000014045, "0.2": 8.900000000092632, "0.4": 3.8000000000914724, "0.8": 1.8000000000910177}, "time_to_second_spike": {"0.1": 0, "0.2": 22.00000000009561, "0.4": 12.300000000093405, "0.8": 8.200000000092473}, "AP_height": {"0.1": 24.853386943024002, "0.2": 27.15038088829628, "0.4": 35.20136036224157, "0.8": 33.11082404246826}, "AP_width": {"0.1": 0.8000000000001819, "0.2": 0.8000000000001819, "0.4": 0.9000000000002046, "0.8": 0.9000000000002046}, "AP_amplitude": {"0.1": 80.05221646258666, "0.2": 82.14115578801709, "0.4": 90.14229639372701, "0.8": 110.20730278904423}, "voltage_base": {"0.1": -77.14073341496697, "0.2": -77.14073341496697, "0.4": -77.14073341496697, "0.8": -77.14073341496697}}}, "NetPyNE": {"L4_DBC_cIR216_2": {"mean_frequency": {"0.1": 0, "0.2": 21.761133603253604, "0.4": 44.52089446527351, "0.8": 96.00960096016131}, "ISI_CV": {"0.1": 0, "0.2": 0.22954754931881996, "0.4": 0.16718696972646807, "0.8": 0.09741151638044777}, "time_to_first_spike": {"0.1": 0, "0.2": 9.100000000092678, "0.4": 3.900000000091495, "0.8": 1.9000000000910404}, "time_to_second_spike": {"0.1": 0, "0.2": 22.800000000095793, "0.4": 12.600000000093473, "0.8": 8.400000000092518}, "AP_height": {"0.1": 0, "0.2": 27.527087501004512, "0.4": 30.879226243808027, "0.8": 34.20904469388267}, "AP_width": {"0.1": 0, "0.2": 0.9000000000002046, "0.4": 0.9000000000002046, "0.8": 1.0000000000002274}, "AP_amplitude": {"0.1": 0, "0.2": 83.45008246221781, "0.4": 85.73559406475898, "0.8": 111.77536143951895}, "voltage_base": {"0.1": -77.56618030554004, "0.2": -77.56618030554004, "0.4": -77.56618030554004, "0.8": -77.56618030554004}}}}