{"BBP": {"L23_NBC_cNAC187_2": {"mean_frequency": {"0.1": 30.8485890563575, "0.2": 50.28663381276671, "0.4": 77.09637046313125, "0.8": 116.72177136567396}, "ISI_CV": {"0.1": 0.029692687663858238, "0.2": 0.021748989604540213, "0.4": 0.012871708337744224, "0.8": 0.02000475258167942}, "time_to_first_spike": {"0.1": 12.400000000093428, "0.2": 5.800000000091927, "0.4": 3.1000000000913133, "0.8": 1.8000000000910177}, "time_to_second_spike": {"0.1": 42.70000000010032, "0.2": 23.700000000095997, "0.4": 14.100000000093814, "0.8": 9.300000000092723}, "AP_height": {"0.1": 10.366282558633735, "0.2": 13.44215232398463, "0.4": 18.63870344971425, "0.8": 21.653742323514233}, "AP_width": {"0.1": 0.7000000000001592, "0.2": 0.7000000000001592, "0.4": 0.7000000000001592, "0.8": 0.7000000000001592}, "AP_amplitude": {"0.1": 64.5625672820716, "0.2": 69.08849495308026, "0.4": 74.03510927129918, "0.8": 90.50930791674146}, "voltage_base": {"0.1": -68.85261511737556, "0.2": -68.85261511737556, "0.4": -68.85261511737556, "0.8": -68.85261511737556}}}, "NetPyNE": {"L23_NBC_cNAC187_2": {"mean_frequency": {"0.1": 30.724287297290914, "0.2": 50.070098137426385, "0.4": 76.76869041650974, "0.8": 116.21499774590878}, "ISI_CV": {"0.1": 0.029606051380151394, "0.2": 0.02133704412534226, "0.4": 0.012206245936955322, "0.8": 0.02114932543969857}, "time_to_first_spike": {"0.1": 12.50000000009345, "0.2": 5.90000000009195, "0.4": 3.200000000091336, "0.8": 1.9000000000910404}, "time_to_second_spike": {"0.1": 43.000000000100385, "0.2": 23.900000000096043, "0.4": 14.30000000009386, "0.8": 9.500000000092768}, "AP_height": {"0.1": 10.774625957841131, "0.2": 14.114290994420918, "0.4": 16.886330851969525, "0.8": 18.60859888828457}, "AP_width": {"0.1": 0.7000000000001592, "0.2": 0.7000000000001592, "0.4": 0.8000000000001819, "0.8": 0.8000000000001819}, "AP_amplitude": {"0.1": 66.2747804155527, "0.2": 68.75350258434719, "0.4": 71.1755488678009, "0.8": 87.46415957429065}, "voltage_base": {"0.1": -68.85261020462413, "0.2": -68.85261020462413, "0.4": -68.85261020462413, "0.8": -68.85261020462413}}}}