{"BBP": {"L23_NGC_cSTUT189_5": {"mean_frequency": {"0.1": 0, "0.2": 9.178522257922676, "0.4": 72.4637681159912, "0.8": 141.39444173581455}, "ISI_CV": {"0.1": 0, "0.2": 0.5763241946719294, "0.4": 0.03632431692285073, "0.8": 0.1330028717751638}, "time_to_first_spike": {"0.1": 0, "0.2": 22.70000000009577, "0.4": 5.100000000091768, "0.8": 2.500000000091177}, "time_to_second_spike": {"0.1": 0, "0.2": 272.40000000015254, "0.4": 18.100000000094724, "0.8": 10.000000000092882}, "AP_height": {"0.1": 0, "0.2": 2.3794076363663015, "0.4": 12.718062541795794, "0.8": 17.535697930114317}, "AP_width": {"0.1": 0, "0.2": 0.8000000000001819, "0.4": 0.8000000000001819, "0.8": 0.8000000000001819}, "AP_amplitude": {"0.1": 0, "0.2": 57.961168657087335, "0.4": 68.76858418905678, "0.8": 93.99926624103799}, "voltage_base": {"0.1": -76.5404379285999, "0.2": -76.5404379285999, "0.4": -76.5404379285999, "0.8": -76.5404379285999}}}, "NetPyNE": {"L23_NGC_cSTUT189_5": {"mean_frequency": {"0.1": 0, "0.2": 61.728395061369106, "0.4": 72.18406937696017, "0.8": 138.21830919252994}, "ISI_CV": {"0.1": 0, "0.2": 0, "0.4": 0.024954720063894282, "0.8": 0.1278260354873131}, "time_to_first_spike": {"0.1": 0, "0.2": 16.200000000094292, "0.4": 5.200000000091791, "0.8": 2.500000000091177}, "time_to_second_spike": {"0.1": 0, "0.2": 0, "0.4": 18.100000000094724, "0.8": 10.200000000092928}, "AP_height": {"0.1": 0, "0.2": 2.831092437338708, "0.4": 12.620432725625362, "0.8": 17.75671985793904}, "AP_width": {"0.1": 0, "0.2": 0.7000000000001592, "0.4": 0.8000000000001819, "0.8": 0.8000000000001819}, "AP_amplitude": {"0.1": 0, "0.2": 57.84049320221871, "0.4": 67.99434235194839, "0.8": 94.02425479327457}, "voltage_base": {"0.1": -76.26706003502673, "0.2": -76.26706003502673, "0.4": -76.26706003502673, "0.8": -76.26706003502673}}}}