{"BBP": {"L6_DBC_bAC217_2": {"mean_frequency": {"0.1": 3.045623439119906, "0.2": 7.894321351513089, "0.4": 11.700071217832715, "0.8": 16.07050285122904}, "ISI_CV": {"0.1": 0.05395673893962575, "0.2": 0.2987187568142956, "0.4": 0.32041642188640657, "0.8": 0.33657750074586623}, "time_to_first_spike": {"0.1": 56.7000000001035, "0.2": 13.500000000093678, "0.4": 5.3000000000918135, "0.8": 2.400000000091154}, "time_to_second_spike": {"0.1": 306.9000000001604, "0.2": 50.300000000102045, "0.4": 26.30000000009659, "0.8": 15.100000000094042}, "AP_height": {"0.1": 8.553658804319628, "0.2": 13.062171575102063, "0.4": 18.508531226427497, "0.8": 23.492493558450033}, "AP_width": {"0.1": 0.6000000000001364, "0.2": 0.6000000000001364, "0.4": 0.6000000000001364, "0.8": 0.6000000000001364}, "AP_amplitude": {"0.1": 62.28234453280811, "0.2": 66.47671446268461, "0.4": 72.17020797402678, "0.8": 93.06247737400224}, "voltage_base": {"0.1": -69.56751788240028, "0.2": -69.56751788240028, "0.4": -69.56751788240028, "0.8": -69.56751788240028}}}, "NetPyNE": {"L6_DBC_bAC217_2": {"mean_frequency": {"0.1": 3.0268176039730967, "0.2": 7.839448102858809, "0.4": 11.617335084359828, "0.8": 15.944041557383573}, "ISI_CV": {"0.1": 0.05303302884926645, "0.2": 0.29757923276865267, "0.4": 0.3196884147284228, "0.8": 0.3360743481178625}, "time_to_first_spike": {"0.1": 57.00000000010357, "0.2": 13.700000000093723, "0.4": 5.400000000091836, "0.8": 2.500000000091177}, "time_to_second_spike": {"0.1": 309.600000000161, "0.2": 50.60000000010211, "0.4": 26.500000000096634, "0.8": 15.300000000094087}, "AP_height": {"0.1": 10.70454575774162, "0.2": 12.81023237309339, "0.4": 18.10244059968659, "0.8": 21.27115018038664}, "AP_width": {"0.1": 0.6000000000001364, "0.2": 0.6000000000001364, "0.4": 0.7000000000001592, "0.8": 0.7000000000001592}, "AP_amplitude": {"0.1": 63.08518094570904, "0.2": 65.67774419393088, "0.4": 72.373200003785, "0.8": 90.84113034000033}, "voltage_base": {"0.1": -69.56751421339783, "0.2": -69.56751421339783, "0.4": -69.56751421339783, "0.8": -69.56751421339783}}}}