{"BBP": {"L4_NGC_cACint209_1": {"mean_frequency": {"0.1": 26.208356433665273, "0.2": 41.3410637761813, "0.4": 80.78273958861483, "0.8": 249.99999999923529}, "ISI_CV": {"0.1": 0.25130847135458834, "0.2": 0.21799343604782476, "0.4": 0.13649485441040077, "0.8": 0.2280350850198276}, "time_to_first_spike": {"0.1": 13.900000000093769, "0.2": 6.600000000092109, "0.4": 3.3000000000913587, "0.8": 1.8000000000910177}, "time_to_second_spike": {"0.1": 30.100000000097452, "0.2": 17.300000000094542, "0.4": 11.300000000093178, "0.8": 8.000000000092427}, "AP_height": {"0.1": 21.377364095369618, "0.2": 23.82701301284147, "0.4": 27.872156845736736, "0.8": 27.83467167184105}, "AP_width": {"0.1": 0.9000000000002046, "0.2": 0.9000000000002046, "0.4": 0.9000000000002046, "0.8": 1.0000000000002274}, "AP_amplitude": {"0.1": 76.2129905252042, "0.2": 79.60332219208398, "0.4": 83.52544904634243, "0.8": 98.46383328761581}, "voltage_base": {"0.1": -70.62846357257101, "0.2": -70.62846357257101, "0.4": -70.62846357257101, "0.8": -70.62846357257101}}}, "NetPyNE": {"L4_NGC_cACint209_1": {"mean_frequency": {"0.1": 26.180646460595753, "0.2": 41.38487937824548, "0.4": 81.11762054985235, "0.8": 246.15384615310393}, "ISI_CV": {"0.1": 0.2513487956576875, "0.2": 0.21801187208543785, "0.4": 0.13494647686112776, "0.8": 0.2219480825714925}, "time_to_first_spike": {"0.1": 14.000000000093792, "0.2": 6.700000000092132, "0.4": 3.4000000000913815, "0.8": 1.8000000000910177}, "time_to_second_spike": {"0.1": 30.200000000097475, "0.2": 17.500000000094587, "0.4": 11.4000000000932, "0.8": 8.10000000009245}, "AP_height": {"0.1": 20.307000700795616, "0.2": 23.732933504746697, "0.4": 26.70777202530611, "0.8": 30.561830545441026}, "AP_width": {"0.1": 0.9000000000002046, "0.2": 0.9000000000002046, "0.4": 1.0000000000002274, "0.8": 1.0000000000002274}, "AP_amplitude": {"0.1": 74.26103505600993, "0.2": 78.84421534705763, "0.4": 81.43564956023238, "0.8": 101.19099077587869}, "voltage_base": {"0.1": -70.62846215760663, "0.2": -70.62846215760663, "0.4": -70.62846215760663, "0.8": -70.62846215760663}}}}