{"BBP": {"L4_BTC_bSTUT213_3": {"mean_frequency": {"0.1": 14.08965193342279, "0.2": 85.89080315441062, "0.4": 134.72229178153094, "0.8": 195.81330128218437}, "ISI_CV": {"0.1": 0.3583844509295652, "0.2": 0.036357835274420346, "0.4": 0.017625221609647912, "0.8": 0.012398971984520632}, "time_to_first_spike": {"0.1": 9.700000000092814, "0.2": 4.000000000091518, "0.4": 2.100000000091086, "0.8": 1.2000000000908813}, "time_to_second_spike": {"0.1": 24.600000000096202, "0.2": 13.300000000093632, "0.4": 9.000000000092655, "0.8": 6.700000000092132}, "AP_height": {"0.1": 13.824051191858825, "0.2": 16.747946373675006, "0.4": 17.697257979348652, "0.8": 25.088882515055833}, "AP_width": {"0.1": 0.5000000000001137, "0.2": 0.6000000000001364, "0.4": 0.7000000000001592, "0.8": 0.6000000000001364}, "AP_amplitude": {"0.1": 70.2174241654987, "0.2": 73.18838582213934, "0.4": 92.0306166700451, "0.8": 99.93156161605775}, "voltage_base": {"0.1": -74.70346105118387, "0.2": -74.70346105118387, "0.4": -74.70346105118387, "0.8": -74.70346105118387}}}, "NetPyNE": {"L4_BTC_bSTUT213_3": {"mean_frequency": {"0.1": 11.522547530516274, "0.2": 84.31618569641863, "0.4": 132.96537882598093, "0.8": 192.9341017290211}, "ISI_CV": {"0.1": 0.21618623533275208, "0.2": 0.026571903261514502, "0.4": 0.016123502097875372, "0.8": 0.011008100353622723}, "time_to_first_spike": {"0.1": 9.90000000009286, "0.2": 4.200000000091563, "0.4": 2.2000000000911086, "0.8": 1.300000000090904}, "time_to_second_spike": {"0.1": 26.30000000009659, "0.2": 13.6000000000937, "0.4": 9.2000000000927, "0.8": 6.8000000000921546}, "AP_height": {"0.1": 13.734811608855024, "0.2": 16.43335591736466, "0.4": 20.472735207414697, "0.8": 21.010717725075352}, "AP_width": {"0.1": 0.5000000000001137, "0.2": 0.6000000000001364, "0.4": 0.6000000000001364, "0.8": 0.7000000000001592}, "AP_amplitude": {"0.1": 69.38921630797057, "0.2": 72.50411293511667, "0.4": 95.3785941949849, "0.8": 95.91657676684095}, "voltage_base": {"0.1": -74.90581047805016, "0.2": -74.90581047805016, "0.4": -74.90581047805016, "0.8": -74.90581047805016}}}}