{"BBP": {"L23_BP_dSTUT214_1": {"mean_frequency": {"0.1": 56.67569465346412, "0.2": 87.77649596234082, "0.4": 129.68804766920837, "0.8": 200.40080160334261}, "ISI_CV": {"0.1": 0.10509221641992951, "0.2": 0.05889879847211539, "0.4": 0.019875519727593008, "0.8": 0.05787734222157224}, "time_to_first_spike": {"0.1": 3.7000000000914497, "0.2": 2.000000000091063, "0.4": 1.2000000000908813, "0.8": 0.7000000000907676}, "time_to_second_spike": {"0.1": 17.400000000094565, "0.2": 10.800000000093064, "0.4": 7.800000000092382, "0.8": 5.90000000009195}, "AP_height": {"0.1": 27.419658184548304, "0.2": 30.15239171296934, "0.4": 29.36747381705016, "0.8": 32.99585294281652}, "AP_width": {"0.1": 0.7000000000001592, "0.2": 0.7000000000001592, "0.4": 0.7000000000001592, "0.8": 0.8000000000001819}, "AP_amplitude": {"0.1": 83.10355489494624, "0.2": 105.65143512231589, "0.4": 104.50283197344635, "0.8": 108.61934508777367}, "voltage_base": {"0.1": -75.28824273143671, "0.2": -75.28824273143671, "0.4": -75.28824273143671, "0.8": -75.28824273143671}}}, "NetPyNE": {"L23_BP_dSTUT214_1": {"mean_frequency": {"0.1": 56.99298935798488, "0.2": 87.45036940248184, "0.4": 129.13559237207838, "0.8": 199.32889267304577}, "ISI_CV": {"0.1": 0.06875968247188144, "0.2": 0.0537029034222986, "0.4": 0.01720162419889752, "0.8": 0.05940061571587838}, "time_to_first_spike": {"0.1": 3.7000000000914497, "0.2": 2.000000000091063, "0.4": 1.2000000000908813, "0.8": 0.7000000000907676}, "time_to_second_spike": {"0.1": 17.60000000009461, "0.2": 11.00000000009311, "0.4": 7.900000000092405, "0.8": 6.000000000091973}, "AP_height": {"0.1": 27.548976356613267, "0.2": 29.900779486976674, "0.4": 31.624437885092362, "0.8": 29.86621118066507}, "AP_width": {"0.1": 0.7000000000001592, "0.2": 0.7000000000001592, "0.4": 0.8000000000001819, "0.8": 0.8000000000001819}, "AP_amplitude": {"0.1": 83.79512149388331, "0.2": 104.81749023403539, "0.4": 106.5411486472669, "0.8": 104.7829219217281}, "voltage_base": {"0.1": -74.91431554863804, "0.2": -74.91431554863804, "0.4": -74.91431554863804, "0.8": -74.91431554863804}}}}