{"BBP": {"L4_SBC_bNAC219_1": {"mean_frequency": {"0.1": 48.597194388810586, "0.2": 99.38761168564123, "0.4": 143.32965821398935, "0.8": 187.1497197759479}, "ISI_CV": {"0.1": 0.14395281592410553, "0.2": 0.07387098340216965, "0.4": 0.026611201662497103, "0.8": 0.013346013946794995}, "time_to_first_spike": {"0.1": 3.500000000091404, "0.2": 1.9000000000910404, "0.4": 1.2000000000908813, "0.8": 0.7000000000907676}, "time_to_second_spike": {"0.1": 13.400000000093655, "0.2": 9.700000000092814, "0.4": 7.400000000092291, "0.8": 5.90000000009195}, "AP_height": {"0.1": 27.61615554428042, "0.2": 29.0704385247816, "0.4": 26.80356999037747, "0.8": 27.545832011139147}, "AP_width": {"0.1": 0.6000000000001364, "0.2": 0.7000000000001592, "0.4": 0.6000000000001364, "0.8": 0.6000000000001364}, "AP_amplitude": {"0.1": 82.41432940933336, "0.2": 99.98582356460867, "0.4": 99.25450718257316, "0.8": 99.99676920055222}, "voltage_base": {"0.1": -72.45077972649004, "0.2": -72.45077972649004, "0.4": -72.45077972649004, "0.8": -72.45077972649004}}}, "NetPyNE": {"L4_SBC_bNAC219_1": {"mean_frequency": {"0.1": 48.36272040305548, "0.2": 98.80134409957061, "0.4": 142.05682272918824, "0.8": 185.15738377633565}, "ISI_CV": {"0.1": 0.14379624431127094, "0.2": 0.07304667736480232, "0.4": 0.026520969467179942, "0.8": 0.014428400680386068}, "time_to_first_spike": {"0.1": 3.500000000091404, "0.2": 2.000000000091063, "0.4": 1.2000000000908813, "0.8": 0.8000000000907903}, "time_to_second_spike": {"0.1": 13.6000000000937, "0.2": 9.800000000092837, "0.4": 7.500000000092314, "0.8": 6.000000000091973}, "AP_height": {"0.1": 22.52105695385402, "0.2": 27.67726844030425, "0.4": 31.24500111745578, "0.8": 30.625483885463805}, "AP_width": {"0.1": 0.6000000000001364, "0.2": 0.6000000000001364, "0.4": 0.6000000000001364, "0.8": 0.6000000000001364}, "AP_amplitude": {"0.1": 77.44606644195926, "0.2": 98.61553029404529, "0.4": 103.69593803254898, "0.8": 103.07642077977218}, "voltage_base": {"0.1": -72.45077943022426, "0.2": -72.45077943022426, "0.4": -72.45077943022426, "0.8": -72.45077943022426}}}}