{"BBP": {"L5_NBC_dSTUT214_1": {"mean_frequency": {"0.1": 0, "0.2": 35.57292449523937, "0.4": 76.71095512665026, "0.8": 117.55289880454194}, "ISI_CV": {"0.1": 0, "0.2": 0.10168805190256229, "0.4": 0.026441388855158315, "0.8": 0.01817267430514069}, "time_to_first_spike": {"0.1": 0, "0.2": 8.200000000092473, "0.4": 2.500000000091177, "0.8": 1.2000000000908813}, "time_to_second_spike": {"0.1": 0, "0.2": 37.100000000099044, "0.4": 13.6000000000937, "0.8": 8.500000000092541}, "AP_height": {"0.1": 0, "0.2": 24.865097236452666, "0.4": 30.970400631032764, "0.8": 34.663499467843096}, "AP_width": {"0.1": 0, "0.2": 0.7000000000001592, "0.4": 0.7000000000001592, "0.8": 0.8000000000001819}, "AP_amplitude": {"0.1": 0, "0.2": 78.15013327929908, "0.4": 105.71155568820829, "0.8": 109.88679740062011}, "voltage_base": {"0.1": -75.29027057912066, "0.2": -75.29027057912066, "0.4": -75.29027057912066, "0.8": -75.29027057912066}}}, "NetPyNE": {"L5_NBC_dSTUT214_1": {"mean_frequency": {"0.1": 0, "0.2": 31.81336161189855, "0.4": 75.44512624489579, "0.8": 116.12774051464497}, "ISI_CV": {"0.1": 0, "0.2": 0.05821380602037032, "0.4": 0.018310864447620496, "0.8": 0.016590308837700043}, "time_to_first_spike": {"0.1": 0, "0.2": 9.000000000092655, "0.4": 2.7000000000912223, "0.8": 1.300000000090904}, "time_to_second_spike": {"0.1": 0, "0.2": 46.300000000101136, "0.4": 14.200000000093837, "0.8": 8.600000000092564}, "AP_height": {"0.1": 0, "0.2": 26.48471162299475, "0.4": 28.691302219820848, "0.8": 32.436495809385754}, "AP_width": {"0.1": 0, "0.2": 0.7000000000001592, "0.4": 0.7000000000001592, "0.8": 0.8000000000001819}, "AP_amplitude": {"0.1": 0, "0.2": 79.6643375902743, "0.4": 104.29260199955812, "0.8": 108.03779556150974}, "voltage_base": {"0.1": -75.59921799896762, "0.2": -75.59921799896762, "0.4": -75.59921799896762, "0.8": -75.59921799896762}}}}