{"BBP": {"L4_DBC_cACint209_2": {"mean_frequency": {"0.1": 24.0529164161318, "0.2": 38.37802353181412, "0.4": 67.75407779176497, "0.8": 123.81573011186919}, "ISI_CV": {"0.1": 0.2553375449889986, "0.2": 0.2189292400534837, "0.4": 0.16964536811956257, "0.8": 0.11939366925044395}, "time_to_first_spike": {"0.1": 11.500000000093223, "0.2": 5.3000000000918135, "0.4": 2.6000000000911996, "0.8": 1.4000000000909267}, "time_to_second_spike": {"0.1": 27.600000000096884, "0.2": 15.900000000094224, "0.4": 10.500000000092996, "0.8": 7.6000000000923364}, "AP_height": {"0.1": 29.2500604220554, "0.2": 30.339726062306816, "0.4": 35.33584330061949, "0.8": 37.99372150038198}, "AP_width": {"0.1": 0.8000000000001819, "0.2": 0.8000000000001819, "0.4": 0.9000000000002046, "0.8": 0.9000000000002046}, "AP_amplitude": {"0.1": 84.30727459457239, "0.2": 86.09182302311248, "0.4": 91.19704193832823, "0.8": 109.5017884967308}, "voltage_base": {"0.1": -71.50744306584471, "0.2": -71.50744306584471, "0.4": -71.50744306584471, "0.8": -71.50744306584471}}}, "NetPyNE": {"L4_DBC_cACint209_2": {"mean_frequency": {"0.1": 24.04584058120931, "0.2": 38.26209535319517, "0.4": 67.67595748951861, "0.8": 123.62362362370767}, "ISI_CV": {"0.1": 0.25794246862719766, "0.2": 0.21904092492519867, "0.4": 0.16890922266897715, "0.8": 0.11694022955344727}, "time_to_first_spike": {"0.1": 11.600000000093246, "0.2": 5.400000000091836, "0.4": 2.7000000000912223, "0.8": 1.5000000000909495}, "time_to_second_spike": {"0.1": 27.80000000009693, "0.2": 16.10000000009427, "0.4": 10.700000000093041, "0.8": 7.700000000092359}, "AP_height": {"0.1": 30.068564007962266, "0.2": 29.400719589347528, "0.4": 32.721347743999374, "0.8": 34.61882462495261}, "AP_width": {"0.1": 0.8000000000001819, "0.2": 0.9000000000002046, "0.4": 0.8000000000001819, "0.8": 0.9000000000002046}, "AP_amplitude": {"0.1": 86.09965126746229, "0.2": 85.53757098323814, "0.4": 87.67037799476466, "0.8": 106.12689101069752}, "voltage_base": {"0.1": -71.50744245700486, "0.2": -71.50744245700486, "0.4": -71.50744245700486, "0.8": -71.50744245700486}}}}