{"BBP": {"L6_NGC_cSTUT189_1": {"mean_frequency": {"0.1": 7.327924627065884, "0.2": 62.06516842689039, "0.4": 98.8658034729167, "0.8": 156.47482014389809}, "ISI_CV": {"0.1": 0.7184550729766004, "0.2": 0.032705917669734394, "0.4": 0.02230886051584431, "0.8": 0.09345230207206279}, "time_to_first_spike": {"0.1": 95.4000000001123, "0.2": 5.600000000091882, "0.4": 2.900000000091268, "0.8": 1.6000000000909722}, "time_to_second_spike": {"0.1": 317.5000000001628, "0.2": 19.80000000009511, "0.4": 12.10000000009336, "0.8": 8.000000000092427}, "AP_height": {"0.1": 5.090048876818196, "0.2": 13.795297548762012, "0.4": 18.097190475980693, "0.8": 21.69243806831127}, "AP_width": {"0.1": 0.7000000000001592, "0.2": 0.8000000000001819, "0.4": 0.8000000000001819, "0.8": 0.8000000000001819}, "AP_amplitude": {"0.1": 58.17145177340348, "0.2": 69.06282037681218, "0.4": 93.82006304931365, "0.8": 96.8759707408611}, "voltage_base": {"0.1": -75.15751588986465, "0.2": -75.15751588986465, "0.4": -75.15751588986465, "0.8": -75.15751588986465}}}, "NetPyNE": {"L6_NGC_cSTUT189_1": {"mean_frequency": {"0.1": 0, "0.2": 59.913402477132585, "0.4": 96.75640447191614, "0.8": 154.01369010581732}, "ISI_CV": {"0.1": 0, "0.2": 0.013850769934393013, "0.4": 0.017049640593559245, "0.8": 0.09513235701199742}, "time_to_first_spike": {"0.1": 0, "0.2": 5.700000000091904, "0.4": 3.0000000000912905, "0.8": 1.700000000090995}, "time_to_second_spike": {"0.1": 0, "0.2": 20.800000000095338, "0.4": 12.200000000093382, "0.8": 8.10000000009245}, "AP_height": {"0.1": 0, "0.2": 13.330149266668027, "0.4": 18.84371524796483, "0.8": 21.19140488207976}, "AP_width": {"0.1": 0, "0.2": 0.8000000000001819, "0.4": 0.8000000000001819, "0.8": 0.9000000000002046}, "AP_amplitude": {"0.1": 0, "0.2": 67.58330169201196, "0.4": 94.71064278703238, "0.8": 97.05833238138712}, "voltage_base": {"0.1": -75.86621471912812, "0.2": -75.86621471912812, "0.4": -75.86621471912812, "0.8": -75.86621471912812}}}}