{"BBP": {"L6_BTC_cACint209_5": {"mean_frequency": {"0.1": 23.228803716624338, "0.2": 37.43045017706127, "0.4": 67.17465410070736, "0.8": 116.7159244603308}, "ISI_CV": {"0.1": 0.26063949155404126, "0.2": 0.22885123022449547, "0.4": 0.17441203108363337, "0.8": 0.13448044804024448}, "time_to_first_spike": {"0.1": 10.700000000093041, "0.2": 4.8000000000917, "0.4": 2.500000000091177, "0.8": 1.4000000000909267}, "time_to_second_spike": {"0.1": 25.20000000009634, "0.2": 15.000000000094019, "0.4": 10.30000000009295, "0.8": 7.6000000000923364}, "AP_height": {"0.1": 30.430231385618484, "0.2": 32.052723527524286, "0.4": 35.662520032964714, "0.8": 38.27282057163261}, "AP_width": {"0.1": 0.8000000000001819, "0.2": 0.8000000000001819, "0.4": 0.9000000000002046, "0.8": 0.9000000000002046}, "AP_amplitude": {"0.1": 87.54905492655229, "0.2": 87.85529734557477, "0.4": 105.07696418656795, "0.8": 109.54582026265584}, "voltage_base": {"0.1": -71.27243787942507, "0.2": -71.27243787942507, "0.4": -71.27243787942507, "0.8": -71.27243787942507}}}, "NetPyNE": {"L6_BTC_cACint209_5": {"mean_frequency": {"0.1": 23.116739534665676, "0.2": 37.30214739391581, "0.4": 67.09729107210009, "0.8": 116.51850735782108}, "ISI_CV": {"0.1": 0.2609078880900472, "0.2": 0.22893958522074837, "0.4": 0.17372818776643278, "0.8": 0.13217165261438502}, "time_to_first_spike": {"0.1": 10.800000000093064, "0.2": 4.9000000000917225, "0.4": 2.6000000000911996, "0.8": 1.5000000000909495}, "time_to_second_spike": {"0.1": 25.400000000096384, "0.2": 15.200000000094064, "0.4": 10.400000000092973, "0.8": 7.700000000092359}, "AP_height": {"0.1": 28.999332314049198, "0.2": 30.72333081671139, "0.4": 32.41458482995466, "0.8": 35.70388051184402}, "AP_width": {"0.1": 0.8000000000001819, "0.2": 0.8000000000001819, "0.4": 0.8000000000001819, "0.8": 0.9000000000002046}, "AP_amplitude": {"0.1": 85.8015177347944, "0.2": 87.09568414383156, "0.4": 101.8748958517289, "0.8": 106.97687959887608}, "voltage_base": {"0.1": -71.27243727735109, "0.2": -71.27243727735109, "0.4": -71.27243727735109, "0.8": -71.27243727735109}}}}