{"BBP": {"L6_BTC_cACint209_4": {"mean_frequency": {"0.1": 23.567988523430177, "0.2": 37.54058441560982, "0.4": 66.549912434371, "0.8": 116.15681169586827}, "ISI_CV": {"0.1": 0.2613068191079319, "0.2": 0.23227999978032698, "0.4": 0.1793453844606332, "0.8": 0.1387076514001732}, "time_to_first_spike": {"0.1": 10.30000000009295, "0.2": 4.600000000091654, "0.4": 2.400000000091154, "0.8": 1.4000000000909267}, "time_to_second_spike": {"0.1": 24.600000000096202, "0.2": 14.800000000093974, "0.4": 10.100000000092905, "0.8": 7.400000000092291}, "AP_height": {"0.1": 28.85173603572929, "0.2": 31.544774520223616, "0.4": 36.90011755201719, "0.8": 36.127163155694305}, "AP_width": {"0.1": 0.8000000000001819, "0.2": 0.9000000000002046, "0.4": 0.9000000000002046, "0.8": 0.9000000000002046}, "AP_amplitude": {"0.1": 85.8958954580902, "0.2": 87.40236004396823, "0.4": 106.4494621451215, "0.8": 107.59907960992166}, "voltage_base": {"0.1": -71.47134856281141, "0.2": -71.47134856281141, "0.4": -71.47134856281141, "0.8": -71.47134856281141}}}, "NetPyNE": {"L6_BTC_cACint209_4": {"mean_frequency": {"0.1": 23.45263587235193, "0.2": 37.386954984110616, "0.4": 66.47864625306686, "0.8": 115.90566984453433}, "ISI_CV": {"0.1": 0.2614108596200358, "0.2": 0.23226603949454075, "0.4": 0.17935431862834067, "0.8": 0.1365313211808332}, "time_to_first_spike": {"0.1": 10.500000000092996, "0.2": 4.700000000091677, "0.4": 2.500000000091177, "0.8": 1.4000000000909267}, "time_to_second_spike": {"0.1": 24.800000000096247, "0.2": 14.900000000093996, "0.4": 10.200000000092928, "0.8": 7.500000000092314}, "AP_height": {"0.1": 27.96416304388495, "0.2": 32.672975708868805, "0.4": 35.51671126709523, "0.8": 38.54917790670296}, "AP_width": {"0.1": 0.8000000000001819, "0.2": 0.8000000000001819, "0.4": 0.8000000000001819, "0.8": 0.9000000000002046}, "AP_amplitude": {"0.1": 84.68950432369434, "0.2": 89.03043278834022, "0.4": 105.11081628208483, "0.8": 110.02109379677304}, "voltage_base": {"0.1": -71.47134800086855, "0.2": -71.47134800086855, "0.4": -71.47134800086855, "0.8": -71.47134800086855}}}}