{"BBP": {"L4_NBC_dNAC222_4": {"mean_frequency": {"0.1": 0, "0.2": 38.796795485490115, "0.4": 74.65677923644716, "0.8": 117.90086293405561}, "ISI_CV": {"0.1": 0, "0.2": 0.025646971971063758, "0.4": 0.013131783417830624, "0.8": 0.022359218265177356}, "time_to_first_spike": {"0.1": 0, "0.2": 10.600000000093019, "0.4": 3.4000000000913815, "0.8": 1.6000000000909722}, "time_to_second_spike": {"0.1": 0, "0.2": 37.100000000099044, "0.4": 14.900000000093996, "0.8": 9.000000000092655}, "AP_height": {"0.1": 0, "0.2": 18.117182541377034, "0.4": 24.485802283738145, "0.8": 28.85598566590006}, "AP_width": {"0.1": 0, "0.2": 0.6000000000001364, "0.4": 0.7000000000001592, "0.8": 0.7000000000001592}, "AP_amplitude": {"0.1": 0, "0.2": 73.13466418511466, "0.4": 80.82037389991262, "0.8": 102.3152993134241}, "voltage_base": {"0.1": -73.45501000568227, "0.2": -73.45501000568227, "0.4": -73.45501000568227, "0.8": -73.45501000568227}}}, "NetPyNE": {"L4_NBC_dNAC222_4": {"mean_frequency": {"0.1": 0, "0.2": 38.57908712863988, "0.4": 74.25990968394407, "0.8": 117.24621705589689}, "ISI_CV": {"0.1": 0, "0.2": 0.0262182144285969, "0.4": 0.01379449679586959, "0.8": 0.023124891692888176}, "time_to_first_spike": {"0.1": 0, "0.2": 10.700000000093041, "0.4": 3.500000000091404, "0.8": 1.700000000090995}, "time_to_second_spike": {"0.1": 0, "0.2": 37.40000000009911, "0.4": 15.000000000094019, "0.8": 9.100000000092678}, "AP_height": {"0.1": 0, "0.2": 18.690853782781915, "0.4": 22.712468467281667, "0.8": 25.29591320590149}, "AP_width": {"0.1": 0, "0.2": 0.6000000000001364, "0.4": 0.6000000000001364, "0.8": 0.7000000000001592}, "AP_amplitude": {"0.1": 0, "0.2": 73.33167170530774, "0.4": 78.28414274720123, "0.8": 98.75521860609777}, "voltage_base": {"0.1": -73.45500173174973, "0.2": -73.45500173174973, "0.4": -73.45500173174973, "0.8": -73.45500173174973}}}}