{"BBP": {"L5_LBC_cIR216_5": {"mean_frequency": {"0.1": 0, "0.2": 16.62719806521005, "0.4": 30.94875697617518, "0.8": 69.90545161943993}, "ISI_CV": {"0.1": 0, "0.2": 0.3202702102237811, "0.4": 0.3107780919370491, "0.8": 0.16860349525702728}, "time_to_first_spike": {"0.1": 0, "0.2": 12.50000000009345, "0.4": 4.400000000091609, "0.8": 2.3000000000911314}, "time_to_second_spike": {"0.1": 0, "0.2": 26.900000000096725, "0.4": 13.900000000093769, "0.8": 9.400000000092746}, "AP_height": {"0.1": 0, "0.2": 26.66114521827827, "0.4": 31.17133370382855, "0.8": 36.20489232881585}, "AP_width": {"0.1": 0, "0.2": 0.8000000000001819, "0.4": 0.8000000000001819, "0.8": 0.9000000000002046}, "AP_amplitude": {"0.1": 0, "0.2": 82.117410746095, "0.4": 87.15762940696949, "0.8": 112.64006986300657}, "voltage_base": {"0.1": -76.42752963186739, "0.2": -76.42752963186739, "0.4": -76.42752963186739, "0.8": -76.42752963186739}}}, "NetPyNE": {"L5_LBC_cIR216_5": {"mean_frequency": {"0.1": 0, "0.2": 12.007204322601721, "0.4": 27.515923566897573, "0.8": 63.49846293407522}, "ISI_CV": {"0.1": 0, "0.2": 0.2680882590169838, "0.4": 0.20833910257364308, "0.8": 0.12865748091848161}, "time_to_first_spike": {"0.1": 0, "0.2": 14.200000000093837, "0.4": 4.9000000000917225, "0.8": 2.400000000091154}, "time_to_second_spike": {"0.1": 0, "0.2": 33.20000000009816, "0.4": 14.500000000093905, "0.8": 9.700000000092814}, "AP_height": {"0.1": 0, "0.2": 27.625854074894733, "0.4": 31.172330554261872, "0.8": 36.17362379244376}, "AP_width": {"0.1": 0, "0.2": 0.7000000000001592, "0.4": 0.8000000000001819, "0.8": 0.9000000000002046}, "AP_amplitude": {"0.1": 0, "0.2": 83.88411261935815, "0.4": 86.40352317180566, "0.8": 113.53095911534345}, "voltage_base": {"0.1": -77.35719906338501, "0.2": -77.35719906338501, "0.4": -77.35719906338501, "0.8": -77.35719906338501}}}}