{"BBP": {"L4_NGC_cSTUT189_1": {"mean_frequency": {"0.1": 0, "0.2": 8.089387734471329, "0.4": 72.21664994989861, "0.8": 138.29733927954481}, "ISI_CV": {"0.1": 0, "0.2": 0.5768269902779339, "0.4": 0.03576730646731041, "0.8": 0.0883047415516187}, "time_to_first_spike": {"0.1": 0, "0.2": 14.600000000093928, "0.4": 5.100000000091768, "0.8": 2.500000000091177}, "time_to_second_spike": {"0.1": 0, "0.2": 156.40000000012617, "0.4": 17.90000000009468, "0.8": 10.200000000092928}, "AP_height": {"0.1": 0, "0.2": 5.122464782089592, "0.4": 13.10327666681266, "0.8": 17.696102101578944}, "AP_width": {"0.1": 0, "0.2": 0.8000000000001819, "0.4": 0.7000000000001592, "0.8": 0.8000000000001819}, "AP_amplitude": {"0.1": 0, "0.2": 60.54052682741202, "0.4": 69.28984481531201, "0.8": 94.05259723718733}, "voltage_base": {"0.1": -76.52974005135557, "0.2": -76.52974005135557, "0.4": -76.52974005135557, "0.8": -76.52974005135557}}}, "NetPyNE": {"L4_NGC_cSTUT189_1": {"mean_frequency": {"0.1": 0, "0.2": 64.10256410217721, "0.4": 72.19492630106178, "0.8": 140.32977497127763}, "ISI_CV": {"0.1": 0, "0.2": 0, "0.4": 0.02338502397626623, "0.8": 0.09945745240512581}, "time_to_first_spike": {"0.1": 0, "0.2": 15.600000000094155, "0.4": 5.200000000091791, "0.8": 2.500000000091177}, "time_to_second_spike": {"0.1": 0, "0.2": 0, "0.4": 18.100000000094724, "0.8": 10.200000000092928}, "AP_height": {"0.1": 0, "0.2": 3.3667923945203504, "0.4": 13.047204729672668, "0.8": 17.27037555487743}, "AP_width": {"0.1": 0, "0.2": 0.7000000000001592, "0.4": 0.8000000000001819, "0.8": 0.8000000000001819}, "AP_amplitude": {"0.1": 0, "0.2": 58.402717115616746, "0.4": 68.7005132783141, "0.8": 93.49838093592166}, "voltage_base": {"0.1": -76.22753859237332, "0.2": -76.22753859237332, "0.4": -76.22753859237332, "0.8": -76.22753859237332}}}}