{"BBP": {"L1_NGC-DA_cACint209_3": {"mean_frequency": {"0.1": 19.46422168725382, "0.2": 31.853574678957774, "0.4": 62.52836468160157, "0.8": 118.1417701242293}, "ISI_CV": {"0.1": 0.2788473172524785, "0.2": 0.2255633245389438, "0.4": 0.1574639895940186, "0.8": 0.10032432434522477}, "time_to_first_spike": {"0.1": 9.100000000092678, "0.2": 4.8000000000917, "0.4": 2.7000000000912223, "0.8": 1.6000000000909722}, "time_to_second_spike": {"0.1": 24.700000000096225, "0.2": 15.500000000094133, "0.4": 10.800000000093064, "0.8": 8.000000000092427}, "AP_height": {"0.1": 27.860515753869233, "0.2": 29.171224576334364, "0.4": 33.23322457418569, "0.8": 34.405845582930034}, "AP_width": {"0.1": 0.8000000000001819, "0.2": 0.8000000000001819, "0.4": 0.9000000000002046, "0.8": 1.0000000000002274}, "AP_amplitude": {"0.1": 83.32006109395337, "0.2": 85.45525763470445, "0.4": 88.76105230806442, "0.8": 107.06561602409948}, "voltage_base": {"0.1": -72.65904353576384, "0.2": -72.65904353576384, "0.4": -72.65904353576384, "0.8": -72.65904353576384}}}, "NetPyNE": {"L1_NGC-DA_cACint209_3": {"mean_frequency": {"0.1": 19.432370237803962, "0.2": 31.86001820574627, "0.4": 62.63152620507313, "0.8": 118.0413144601413}, "ISI_CV": {"0.1": 0.2787359939146809, "0.2": 0.2252539432420151, "0.4": 0.156400602632759, "0.8": 0.09812853696049662}, "time_to_first_spike": {"0.1": 9.2000000000927, "0.2": 4.8000000000917, "0.4": 2.800000000091245, "0.8": 1.700000000090995}, "time_to_second_spike": {"0.1": 24.800000000096247, "0.2": 15.600000000094155, "0.4": 10.900000000093087, "0.8": 8.10000000009245}, "AP_height": {"0.1": 27.179466102469195, "0.2": 28.543254608293147, "0.4": 30.955317761970655, "0.8": 33.83618011526402}, "AP_width": {"0.1": 0.8000000000001819, "0.2": 0.9000000000002046, "0.4": 0.9000000000002046, "0.8": 0.9000000000002046}, "AP_amplitude": {"0.1": 83.50559788619447, "0.2": 83.64777578476358, "0.4": 86.50863952637658, "0.8": 106.4959494853201}, "voltage_base": {"0.1": -72.65904246622058, "0.2": -72.65904246622058, "0.4": -72.65904246622058, "0.8": -72.65904246622058}}}}