{"BBP": {"L5_BTC_bAC217_4": {"mean_frequency": {"0.1": 5.737833185544505, "0.2": 11.53947023341973, "0.4": 16.265948253963117, "0.8": 30.810706720586204}, "ISI_CV": {"0.1": 0.26038347307982534, "0.2": 0.31058531736973083, "0.4": 0.30703116908110073, "0.8": 0.6637250849868721}, "time_to_first_spike": {"0.1": 23.300000000095906, "0.2": 7.700000000092359, "0.4": 3.200000000091336, "0.8": 1.6000000000909722}, "time_to_second_spike": {"0.1": 76.9000000001081, "0.2": 33.70000000009827, "0.4": 19.00000000009493, "0.8": 11.700000000093269}, "AP_height": {"0.1": 13.494517892148972, "0.2": 18.795389716933464, "0.4": 24.46658143629812, "0.8": 23.9807172924605}, "AP_width": {"0.1": 0.5000000000001137, "0.2": 0.6000000000001364, "0.4": 0.6000000000001364, "0.8": 0.5000000000001137}, "AP_amplitude": {"0.1": 70.11253710776984, "0.2": 74.91652686004693, "0.4": 79.59211568983, "0.8": 94.52316303014052}, "voltage_base": {"0.1": -70.53971929216422, "0.2": -70.53971929216422, "0.4": -70.53971929216422, "0.8": -70.53971929216422}}}, "NetPyNE": {"L5_BTC_bAC217_4": {"mean_frequency": {"0.1": 5.644209554111249, "0.2": 11.33377981557612, "0.4": 16.146937127874505, "0.8": 33.57582540569532}, "ISI_CV": {"0.1": 0.2580933653390465, "0.2": 0.3089261160637341, "0.4": 0.3000349633594017, "0.8": 0.9043515577470199}, "time_to_first_spike": {"0.1": 23.50000000009595, "0.2": 7.800000000092382, "0.4": 3.3000000000913587, "0.8": 1.700000000090995}, "time_to_second_spike": {"0.1": 77.50000000010823, "0.2": 34.00000000009834, "0.4": 19.300000000094997, "0.8": 11.900000000093314}, "AP_height": {"0.1": 12.368515605113853, "0.2": 16.69401853393612, "0.4": 24.025735932427015, "0.8": 27.917582691154948}, "AP_width": {"0.1": 0.5000000000001137, "0.2": 0.6000000000001364, "0.4": 0.6000000000001364, "0.8": 0.6000000000001364}, "AP_amplitude": {"0.1": 68.11354947060146, "0.2": 72.283317847513, "0.4": 79.72571164038692, "0.8": 98.46036510582604}, "voltage_base": {"0.1": -70.54005588422285, "0.2": -70.54005588422285, "0.4": -70.54005588422285, "0.8": -70.54005588422285}}}}