{"BBP": {"L23_NBC_cNAC187_1": {"mean_frequency": {"0.1": 43.06459689537229, "0.2": 68.98635379429626, "0.4": 108.74467551999372, "0.8": 191.7404129790512}, "ISI_CV": {"0.1": 0.008039820102482808, "0.2": 0.013836471175104866, "0.4": 0.03652082870188323, "0.8": 0.09843086296116954}, "time_to_first_spike": {"0.1": 8.80000000009261, "0.2": 4.300000000091586, "0.4": 2.3000000000911314, "0.8": 1.4000000000909267}, "time_to_second_spike": {"0.1": 30.500000000097543, "0.2": 17.100000000094496, "0.4": 10.700000000093041, "0.8": 7.6000000000923364}, "AP_height": {"0.1": 11.015045411119365, "0.2": 14.697473583633261, "0.4": 17.323454279397414, "0.8": 21.614320285377183}, "AP_width": {"0.1": 0.7000000000001592, "0.2": 0.7000000000001592, "0.4": 0.8000000000001819, "0.8": 0.8000000000001819}, "AP_amplitude": {"0.1": 67.20572677304868, "0.2": 71.06612824688385, "0.4": 72.89787343570863, "0.8": 90.10016416314764}, "voltage_base": {"0.1": -68.48319705933918, "0.2": -68.48319705933918, "0.4": -68.48319705933918, "0.8": -68.48319705933918}}}, "NetPyNE": {"L23_NBC_cNAC187_1": {"mean_frequency": {"0.1": 42.90545656456394, "0.2": 68.7199036918605, "0.4": 108.48274822969549, "0.8": 190.1743264656108}, "ISI_CV": {"0.1": 0.007877552881247255, "0.2": 0.014410376955241715, "0.4": 0.03801752905425614, "0.8": 0.0959682408537997}, "time_to_first_spike": {"0.1": 8.900000000092632, "0.2": 4.400000000091609, "0.4": 2.400000000091154, "0.8": 1.4000000000909267}, "time_to_second_spike": {"0.1": 30.70000000009759, "0.2": 17.20000000009452, "0.4": 10.900000000093087, "0.8": 7.700000000092359}, "AP_height": {"0.1": 10.668743761476332, "0.2": 14.697666886579945, "0.4": 18.331238302970117, "0.8": 19.109255859098432}, "AP_width": {"0.1": 0.8000000000001819, "0.2": 0.7000000000001592, "0.4": 0.7000000000001592, "0.8": 0.8000000000001819}, "AP_amplitude": {"0.1": 65.89865679835094, "0.2": 70.04544024807248, "0.4": 72.77542877580801, "0.8": 87.59509548627264}, "voltage_base": {"0.1": -68.48319280404175, "0.2": -68.48319280404175, "0.4": -68.48319280404175, "0.8": -68.48319280404175}}}}