{"BBP": {"L23_NBC_cACint209_3": {"mean_frequency": {"0.1": 33.85206143898818, "0.2": 60.584818746285926, "0.4": 156.9630409709707, "0.8": 228.69439023185242}, "ISI_CV": {"0.1": 0.25184691357472383, "0.2": 0.21651036617910197, "0.4": 0.0530234649633873, "0.8": 0.022504786770709183}, "time_to_first_spike": {"0.1": 11.00000000009311, "0.2": 5.400000000091836, "0.4": 2.800000000091245, "0.8": 1.5000000000909495}, "time_to_second_spike": {"0.1": 21.700000000095542, "0.2": 14.000000000093792, "0.4": 9.700000000092814, "0.8": 7.100000000092223}, "AP_height": {"0.1": 17.284495223888083, "0.2": 22.6032740964619, "0.4": 26.17123418620927, "0.8": 28.24952948290893}, "AP_width": {"0.1": 0.9000000000002046, "0.2": 0.9000000000002046, "0.4": 0.9000000000002046, "0.8": 1.0000000000002274}, "AP_amplitude": {"0.1": 73.89335202700256, "0.2": 79.02447039699797, "0.4": 81.7964610421057, "0.8": 98.49310892108653}, "voltage_base": {"0.1": -70.24286508975102, "0.2": -70.24286508975102, "0.4": -70.24286508975102, "0.8": -70.24286508975102}}}, "NetPyNE": {"L23_NBC_cACint209_3": {"mean_frequency": {"0.1": 33.89487529723549, "0.2": 60.92648539782583, "0.4": 155.29506061527437, "0.8": 225.19141270094877}, "ISI_CV": {"0.1": 0.2522748721769975, "0.2": 0.21634892601027275, "0.4": 0.05285504683049524, "0.8": 0.02223696375188081}, "time_to_first_spike": {"0.1": 11.100000000093132, "0.2": 5.500000000091859, "0.4": 2.900000000091268, "0.8": 1.6000000000909722}, "time_to_second_spike": {"0.1": 21.800000000095565, "0.2": 14.100000000093814, "0.4": 9.90000000009286, "0.8": 7.2000000000922455}, "AP_height": {"0.1": 17.190429444683154, "0.2": 22.415614476976415, "0.4": 24.31463049059533, "0.8": 29.36756250353623}, "AP_width": {"0.1": 0.9000000000002046, "0.2": 0.9000000000002046, "0.4": 1.0000000000002274, "0.8": 1.0000000000002274}, "AP_amplitude": {"0.1": 73.30618115183616, "0.2": 77.79558839228564, "0.4": 80.0555176885432, "0.8": 99.611140337496}, "voltage_base": {"0.1": -70.24286344421448, "0.2": -70.24286344421448, "0.4": -70.24286344421448, "0.8": -70.24286344421448}}}}