{"BBP": {"L6_NBC_cIR216_4": {"mean_frequency": {"0.1": 12.502500500108521, "0.2": 24.488546502745994, "0.4": 42.53189892422206, "0.8": 80.79084704943264}, "ISI_CV": {"0.1": 0.5075796255055424, "0.2": 0.31684971276392115, "0.4": 0.23939668061863323, "0.8": 0.16451064825429912}, "time_to_first_spike": {"0.1": 25.400000000096384, "0.2": 7.100000000092223, "0.4": 2.900000000091268, "0.8": 1.5000000000909495}, "time_to_second_spike": {"0.1": 57.00000000010357, "0.2": 18.100000000094724, "0.4": 11.200000000093155, "0.8": 7.700000000092359}, "AP_height": {"0.1": 31.1798077044772, "0.2": 31.547446988449312, "0.4": 37.78346490457536, "0.8": 35.69076600835383}, "AP_width": {"0.1": 0.7000000000001592, "0.2": 0.9000000000002046, "0.4": 0.9000000000002046, "0.8": 0.9000000000002046}, "AP_amplitude": {"0.1": 85.64458846578984, "0.2": 86.60338958658417, "0.4": 111.86551056043885, "0.8": 111.45380998433941}, "voltage_base": {"0.1": -75.89879476547088, "0.2": -75.89879476547088, "0.4": -75.89879476547088, "0.8": -75.89879476547088}}}, "NetPyNE": {"L6_NBC_cIR216_4": {"mean_frequency": {"0.1": 0, "0.2": 20.976158804884715, "0.4": 38.67986135532842, "0.8": 75.22944982200808}, "ISI_CV": {"0.1": 0, "0.2": 0.24031557274583185, "0.4": 0.18787500221583564, "0.8": 0.14430875844160354}, "time_to_first_spike": {"0.1": 0, "0.2": 8.10000000009245, "0.4": 3.3000000000913587, "0.8": 1.6000000000909722}, "time_to_second_spike": {"0.1": 0, "0.2": 21.000000000095383, "0.4": 11.700000000093269, "0.8": 8.000000000092427}, "AP_height": {"0.1": 0, "0.2": 30.952102370559825, "0.4": 36.99213449404113, "0.8": 39.03583288501918}, "AP_width": {"0.1": 0, "0.2": 0.9000000000002046, "0.4": 0.9000000000002046, "0.8": 0.9000000000002046}, "AP_amplitude": {"0.1": 0, "0.2": 85.15044624841653, "0.4": 112.53104456559058, "0.8": 116.36904517793755}, "voltage_base": {"0.1": -77.3330475284775, "0.2": -77.3330475284775, "0.4": -77.3330475284775, "0.8": -77.3330475284775}}}}