{"BBP": {"L5_LBC_bAC217_5": {"mean_frequency": {"0.1": 0, "0.2": 7.775646674620328, "0.4": 13.0351950265806, "0.8": 18.801768382552478}, "ISI_CV": {"0.1": 0, "0.2": 0.28484861636563164, "0.4": 0.2906456669222469, "0.8": 0.2945431339655722}, "time_to_first_spike": {"0.1": 0, "0.2": 8.400000000092518, "0.4": 3.4000000000913815, "0.8": 1.9000000000910404}, "time_to_second_spike": {"0.1": 0, "0.2": 41.40000000010002, "0.4": 22.600000000095747, "0.8": 14.000000000093792}, "AP_height": {"0.1": 0, "0.2": 23.167031771574425, "0.4": 24.420968466069723, "0.8": 25.705847084772586}, "AP_width": {"0.1": 0, "0.2": 0.5000000000001137, "0.4": 0.6000000000001364, "0.8": 0.5000000000001137}, "AP_amplitude": {"0.1": 0, "0.2": 78.01647329939115, "0.4": 80.00446852093978, "0.8": 97.99756579577148}, "voltage_base": {"0.1": -72.28859704053609, "0.2": -72.28859704053609, "0.4": -72.28859704053609, "0.8": -72.28859704053609}}}, "NetPyNE": {"L5_LBC_bAC217_5": {"mean_frequency": {"0.1": 0, "0.2": 7.637474541756689, "0.4": 12.89124941990245, "0.8": 18.527095877733643}, "ISI_CV": {"0.1": 0, "0.2": 0.27911716058842334, "0.4": 0.2951243634323515, "0.8": 0.2975614921056201}, "time_to_first_spike": {"0.1": 0, "0.2": 8.500000000092541, "0.4": 3.500000000091404, "0.8": 1.9000000000910404}, "time_to_second_spike": {"0.1": 0, "0.2": 41.70000000010009, "0.4": 22.800000000095793, "0.8": 14.200000000093837}, "AP_height": {"0.1": 0, "0.2": 22.948070667660957, "0.4": 27.753358985414913, "0.8": 30.710644579913712}, "AP_width": {"0.1": 0, "0.2": 0.5000000000001137, "0.4": 0.6000000000001364, "0.8": 0.6000000000001364}, "AP_amplitude": {"0.1": 0, "0.2": 79.045731011675, "0.4": 83.52396899194886, "0.8": 103.00235835452665}, "voltage_base": {"0.1": -72.2885920858849, "0.2": -72.2885920858849, "0.4": -72.2885920858849, "0.8": -72.2885920858849}}}}