{"BBP": {"L5_LBC_bAC217_2": {"mean_frequency": {"0.1": 8.70054762270918, "0.2": 13.147914032878692, "0.4": 18.357044515845352, "0.8": 25.544703230671004}, "ISI_CV": {"0.1": 0.2948927792328341, "0.2": 0.31104276733265035, "0.4": 0.3215500226821392, "0.8": 0.32604005022857996}, "time_to_first_spike": {"0.1": 7.0000000000922, "0.2": 3.200000000091336, "0.4": 1.700000000090995, "0.8": 1.0000000000908358}, "time_to_second_spike": {"0.1": 35.00000000009857, "0.2": 20.700000000095315, "0.4": 13.20000000009361, "0.8": 8.80000000009261}, "AP_height": {"0.1": 24.45547806284508, "0.2": 26.585163904710363, "0.4": 30.78945305746839, "0.8": 31.698536700598353}, "AP_width": {"0.1": 0.5000000000001137, "0.2": 0.6000000000001364, "0.4": 0.6000000000001364, "0.8": 0.6000000000001364}, "AP_amplitude": {"0.1": 80.46649035279898, "0.2": 82.44275138263018, "0.4": 102.28510535881348, "0.8": 103.1941889993441}, "voltage_base": {"0.1": -71.4926574281186, "0.2": -71.4926574281186, "0.4": -71.4926574281186, "0.8": -71.4926574281186}}}, "NetPyNE": {"L5_LBC_bAC217_2": {"mean_frequency": {"0.1": 8.597582562085428, "0.2": 13.097233864216642, "0.4": 18.128713868478407, "0.8": 25.26400889294825}, "ISI_CV": {"0.1": 0.293305119894407, "0.2": 0.3173428576671584, "0.4": 0.32000968700362153, "0.8": 0.32826711397198244}, "time_to_first_spike": {"0.1": 7.100000000092223, "0.2": 3.3000000000913587, "0.4": 1.8000000000910177, "0.8": 1.0000000000908358}, "time_to_second_spike": {"0.1": 35.300000000098635, "0.2": 21.000000000095383, "0.4": 13.300000000093632, "0.8": 9.000000000092655}, "AP_height": {"0.1": 25.05870049074539, "0.2": 24.379171214108204, "0.4": 27.48992258061764, "0.8": 31.433092653365964}, "AP_width": {"0.1": 0.5000000000001137, "0.2": 0.5000000000001137, "0.4": 0.6000000000001364, "0.8": 0.6000000000001364}, "AP_amplitude": {"0.1": 80.55333298621743, "0.2": 79.27136745565973, "0.4": 98.98557000690764, "0.8": 102.92874039302914}, "voltage_base": {"0.1": -71.49265285143001, "0.2": -71.49265285143001, "0.4": -71.49265285143001, "0.8": -71.49265285143001}}}}