{"BBP": {"L23_BP_bIR215_2": {"mean_frequency": {"0.1": 9.889137563114945, "0.2": 14.59119496856336, "0.4": 20.58956460605024, "0.8": 29.698983187375433}, "ISI_CV": {"0.1": 0.29018512435095295, "0.2": 0.2782943192921616, "0.4": 0.27723554165512804, "0.8": 0.2812841875063331}, "time_to_first_spike": {"0.1": 3.900000000091495, "0.2": 2.100000000091086, "0.4": 1.2000000000908813, "0.8": 0.7000000000907676}, "time_to_second_spike": {"0.1": 25.000000000096293, "0.2": 15.900000000094224, "0.4": 10.500000000092996, "0.8": 7.500000000092314}, "AP_height": {"0.1": 31.468125887044796, "0.2": 33.280144680236724, "0.4": 33.57072441767165, "0.8": 35.315674411178506}, "AP_width": {"0.1": 0.6000000000001364, "0.2": 0.6000000000001364, "0.4": 0.7000000000001592, "0.8": 0.6000000000001364}, "AP_amplitude": {"0.1": 86.92847890163976, "0.2": 109.76562675169382, "0.4": 110.42982874956527, "0.8": 111.79920901433239}, "voltage_base": {"0.1": -76.5197439689621, "0.2": -76.5197439689621, "0.4": -76.5197439689621, "0.8": -76.5197439689621}}}, "NetPyNE": {"L23_BP_bIR215_2": {"mean_frequency": {"0.1": 9.277394083090462, "0.2": 14.221861032110393, "0.4": 20.225514486538454, "0.8": 29.030482006126146}, "ISI_CV": {"0.1": 0.2299571285721624, "0.2": 0.2567191285307656, "0.4": 0.2647023544737827, "0.8": 0.2689881458763988}, "time_to_first_spike": {"0.1": 4.200000000091563, "0.2": 2.2000000000911086, "0.4": 1.300000000090904, "0.8": 0.8000000000907903}, "time_to_second_spike": {"0.1": 26.600000000096657, "0.2": 16.600000000094383, "0.4": 10.900000000093087, "0.8": 7.800000000092382}, "AP_height": {"0.1": 26.39136395223696, "0.2": 31.302916251259543, "0.4": 34.37610255477107, "0.8": 34.68304310048332}, "AP_width": {"0.1": 0.5000000000001137, "0.2": 0.6000000000001364, "0.4": 0.6000000000001364, "0.8": 0.6000000000001364}, "AP_amplitude": {"0.1": 81.84220212426237, "0.2": 108.76176328648184, "0.4": 111.83494954425876, "0.8": 112.14189019836313}, "voltage_base": {"0.1": -77.45676104228023, "0.2": -77.45676104228023, "0.4": -77.45676104228023, "0.8": -77.45676104228023}}}}