{"BBP": {"L5_STPC_cADpyr232_2": {"mean_frequency": {"0.1": 1.190476190476948, "0.2": 7.979147827017385, "0.4": 14.02313817800322, "0.8": 30.96446700509709}, "ISI_CV": {"0.1": 0, "0.2": 0.04142095510319617, "0.4": 0.10435895999385131, "0.8": 0.14089785974657443}, "time_to_first_spike": {"0.1": 790.0999999997402, "0.2": 27.80000000009693, "0.4": 9.90000000009286, "0.8": 3.4000000000913815}, "time_to_second_spike": {"0.1": 1679.999999998931, "0.2": 71.60000000010689, "0.4": 31.10000000009768, "0.8": 16.200000000094292}, "AP_height": {"0.1": 33.456434545961315, "0.2": 34.18781074454163, "0.4": 34.77157567322461, "0.8": 39.82130503738752}, "AP_width": {"0.1": 0.7999999999992724, "0.2": 0.9000000000002046, "0.4": 0.9000000000002046, "0.8": 1.0000000000002274}, "AP_amplitude": {"0.1": 89.08350603834953, "0.2": 89.19592346248226, "0.4": 89.38666290672239, "0.8": 112.45843170754856}, "voltage_base": {"0.1": -72.63680891683816, "0.2": -72.63680891683816, "0.4": -72.63680891683816, "0.8": -72.63680891683816}}}, "NetPyNE": {"L5_STPC_cADpyr232_2": {"mean_frequency": {"0.1": 1.1880011880019448, "0.2": 7.908472610328473, "0.4": 13.931888544901014, "0.8": 30.698002113653764}, "ISI_CV": {"0.1": 0, "0.2": 0.03902179209287511, "0.4": 0.10502888909489476, "0.8": 0.14256805595184135}, "time_to_first_spike": {"0.1": 790.4999999997399, "0.2": 28.000000000096975, "0.4": 10.000000000092882, "0.8": 3.500000000091404}, "time_to_second_spike": {"0.1": 1683.4999999989277, "0.2": 72.20000000010702, "0.4": 31.300000000097725, "0.8": 16.50000000009436}, "AP_height": {"0.1": 32.184935476854704, "0.2": 33.14430096194282, "0.4": 35.19618572779127, "0.8": 39.5191797076171}, "AP_width": {"0.1": 0.8999999999991815, "0.2": 0.9000000000002046, "0.4": 0.8000000000001819, "0.8": 0.9000000000002046}, "AP_amplitude": {"0.1": 87.64507531141902, "0.2": 87.92079993530348, "0.4": 90.43951620529006, "0.8": 112.15630564449087}, "voltage_base": {"0.1": -72.6368081686406, "0.2": -72.6368081686406, "0.4": -72.6368081686406, "0.8": -72.6368081686406}}}}