{"BBP": {"L6_SBC_dNAC222_4": {"mean_frequency": {"0.1": 28.009803431219968, "0.2": 67.61833208118796, "0.4": 111.88600672327102, "0.8": 194.27764040982095}, "ISI_CV": {"0.1": 0.09557485691342459, "0.2": 0.02519916122871996, "0.4": 0.03691014890456915, "0.8": 0.15610377816620302}, "time_to_first_spike": {"0.1": 20.800000000095338, "0.2": 5.500000000091859, "0.4": 2.400000000091154, "0.8": 1.300000000090904}, "time_to_second_spike": {"0.1": 67.50000000010596, "0.2": 18.70000000009486, "0.4": 10.600000000093019, "0.8": 7.2000000000922455}, "AP_height": {"0.1": 12.172615707663034, "0.2": 16.81191424957188, "0.4": 21.652461753382052, "0.8": 24.75503993937762}, "AP_width": {"0.1": 0.6000000000001364, "0.2": 0.6000000000001364, "0.4": 0.7000000000001592, "0.8": 0.7000000000001592}, "AP_amplitude": {"0.1": 68.85039286447267, "0.2": 73.65867136628296, "0.4": 94.77560869682584, "0.8": 97.87818688045007}, "voltage_base": {"0.1": -73.11913645987353, "0.2": -73.11913645987353, "0.4": -73.11913645987353, "0.8": -73.11913645987353}}}, "NetPyNE": {"L6_SBC_dNAC222_4": {"mean_frequency": {"0.1": 27.826966860631043, "0.2": 67.24207145729176, "0.4": 111.32283622512828, "0.8": 192.76505194649096}, "ISI_CV": {"0.1": 0.0963017245867839, "0.2": 0.02612155092798734, "0.4": 0.03806225830703179, "0.8": 0.15312777895084664}, "time_to_first_spike": {"0.1": 21.000000000095383, "0.2": 5.600000000091882, "0.4": 2.500000000091177, "0.8": 1.300000000090904}, "time_to_second_spike": {"0.1": 68.10000000010609, "0.2": 18.900000000094906, "0.4": 10.800000000093064, "0.8": 7.300000000092268}, "AP_height": {"0.1": 10.7164940317211, "0.2": 16.762433833649702, "0.4": 21.984097112617118, "0.8": 24.841727253003313}, "AP_width": {"0.1": 0.6000000000001364, "0.2": 0.7000000000001592, "0.4": 0.7000000000001592, "0.8": 0.8000000000001819}, "AP_amplitude": {"0.1": 67.05756221009634, "0.2": 73.0468407369001, "0.4": 95.10723686814723, "0.8": 97.96486703891775}, "voltage_base": {"0.1": -73.11912928124097, "0.2": -73.11912928124097, "0.4": -73.11912928124097, "0.8": -73.11912928124097}}}}