{"BBP": {"L4_NBC_cNAC187_3": {"mean_frequency": {"0.1": 50.90725806455065, "0.2": 83.73865516728348, "0.4": 132.52650530115034, "0.8": 236.1751152071963}, "ISI_CV": {"0.1": 0.013440081410934902, "0.2": 0.021690026533006238, "0.4": 0.039831301722080076, "0.8": 0.10301833541925647}, "time_to_first_spike": {"0.1": 8.10000000009245, "0.2": 3.200000000091336, "0.4": 1.5000000000909495, "0.8": 0.900000000090813}, "time_to_second_spike": {"0.1": 25.60000000009643, "0.2": 13.20000000009361, "0.4": 8.500000000092541, "0.8": 6.100000000091995}, "AP_height": {"0.1": 16.475569757067234, "0.2": 20.2917773970574, "0.4": 24.513682450567114, "0.8": 24.484764594910143}, "AP_width": {"0.1": 0.7000000000001592, "0.2": 0.7000000000001592, "0.4": 0.7000000000001592, "0.8": 0.7000000000001592}, "AP_amplitude": {"0.1": 72.81928185216168, "0.2": 76.0095964840682, "0.4": 92.0893591483918, "0.8": 92.06044128989872}, "voltage_base": {"0.1": -67.57356995469328, "0.2": -67.57356995469328, "0.4": -67.57356995469328, "0.8": -67.57356995469328}}}, "NetPyNE": {"L4_NBC_cNAC187_3": {"mean_frequency": {"0.1": 50.82272429933505, "0.2": 83.60869129874513, "0.4": 132.4171139089027, "0.8": 235.0698856414885}, "ISI_CV": {"0.1": 0.014030262457762125, "0.2": 0.022652191617774462, "0.4": 0.04170150706670194, "0.8": 0.0984977024382849}, "time_to_first_spike": {"0.1": 8.200000000092473, "0.2": 3.3000000000913587, "0.4": 1.6000000000909722, "0.8": 0.900000000090813}, "time_to_second_spike": {"0.1": 25.800000000096475, "0.2": 13.300000000093632, "0.4": 8.700000000092587, "0.8": 6.200000000092018}, "AP_height": {"0.1": 17.16362517751261, "0.2": 19.833580138162045, "0.4": 23.182765708328876, "0.8": 26.108258718287185}, "AP_width": {"0.1": 0.7000000000001592, "0.2": 0.8000000000001819, "0.4": 0.7000000000001592, "0.8": 0.8000000000001819}, "AP_amplitude": {"0.1": 73.07351531771822, "0.2": 75.97309068833745, "0.4": 90.75843911488434, "0.8": 93.68393208581027}, "voltage_base": {"0.1": -67.57356662435193, "0.2": -67.57356662435193, "0.4": -67.57356662435193, "0.8": -67.57356662435193}}}}