{"BBP": {"L23_DBC_bAC217_5": {"mean_frequency": {"0.1": 9.004051823326616, "0.2": 13.693072319717148, "0.4": 19.060375025770092, "0.8": 25.862068965534746}, "ISI_CV": {"0.1": 0.2932039785734024, "0.2": 0.29385069525960134, "0.4": 0.2983717506001391, "0.8": 0.3059818293695996}, "time_to_first_spike": {"0.1": 9.2000000000927, "0.2": 3.7000000000914497, "0.4": 1.8000000000910177, "0.8": 1.0000000000908358}, "time_to_second_spike": {"0.1": 45.30000000010091, "0.2": 22.4000000000957, "0.4": 13.700000000093723, "0.8": 8.900000000092632}, "AP_height": {"0.1": 23.289545036431996, "0.2": 27.60407599792896, "0.4": 29.275763453413905, "0.8": 27.525366933679393}, "AP_width": {"0.1": 0.6000000000001364, "0.2": 0.6000000000001364, "0.4": 0.6000000000001364, "0.8": 0.6000000000001364}, "AP_amplitude": {"0.1": 74.88562134102985, "0.2": 82.22130353680565, "0.4": 100.56057101419307, "0.8": 98.81017449185404}, "voltage_base": {"0.1": -71.28193837109303, "0.2": -71.28193837109303, "0.4": -71.28193837109303, "0.8": -71.28193837109303}}}, "NetPyNE": {"L23_DBC_bAC217_5": {"mean_frequency": {"0.1": 9.028626055558616, "0.2": 13.556939144415715, "0.4": 18.915188385064656, "0.8": 25.561347233377433}, "ISI_CV": {"0.1": 0.2926807077446795, "0.2": 0.29304245594376604, "0.4": 0.29725273873070784, "0.8": 0.3054775219685712}, "time_to_first_spike": {"0.1": 9.300000000092723, "0.2": 3.8000000000914724, "0.4": 1.8000000000910177, "0.8": 1.0000000000908358}, "time_to_second_spike": {"0.1": 45.60000000010098, "0.2": 22.600000000095747, "0.4": 13.900000000093769, "0.8": 9.100000000092678}, "AP_height": {"0.1": 21.63098368537628, "0.2": 27.636743865534267, "0.4": 26.173794782955145, "0.8": 32.63428224430221}, "AP_width": {"0.1": 0.6000000000001364, "0.2": 0.6000000000001364, "0.4": 0.7000000000001592, "0.8": 0.6000000000001364}, "AP_amplitude": {"0.1": 74.08448230127155, "0.2": 81.47941670744342, "0.4": 97.45859752509854, "0.8": 103.919084898457}, "voltage_base": {"0.1": -71.2819334505634, "0.2": -71.2819334505634, "0.4": -71.2819334505634, "0.8": -71.2819334505634}}}}