{"BBP": {"L4_DBC_cNAC187_4": {"mean_frequency": {"0.1": 40.11231448057278, "0.2": 63.49206349210656, "0.4": 93.5140271041292, "0.8": 136.77354709428133}, "ISI_CV": {"0.1": 0.038370704804769604, "0.2": 0.04056428275662724, "0.4": 0.0357130613294289, "0.8": 0.01442768615586154}, "time_to_first_spike": {"0.1": 5.600000000091882, "0.2": 2.500000000091177, "0.4": 1.4000000000909267, "0.8": 0.900000000090813}, "time_to_second_spike": {"0.1": 28.000000000096975, "0.2": 15.200000000094064, "0.4": 9.700000000092814, "0.8": 7.0000000000922}, "AP_height": {"0.1": 27.720367486749467, "0.2": 24.831730279681253, "0.4": 32.17902842441656, "0.8": 29.38067758827649}, "AP_width": {"0.1": 0.7000000000001592, "0.2": 0.6000000000001364, "0.4": 0.7000000000001592, "0.8": 0.7000000000001592}, "AP_amplitude": {"0.1": 84.73599958795265, "0.2": 80.84744263720935, "0.4": 100.8937224722265, "0.8": 98.09537163359835}, "voltage_base": {"0.1": -68.71174605883371, "0.2": -68.71174605883371, "0.4": -68.71174605883371, "0.8": -68.71174605883371}}}, "NetPyNE": {"L4_DBC_cNAC187_4": {"mean_frequency": {"0.1": 39.94539111091345, "0.2": 63.18956870616128, "0.4": 93.09775264033557, "0.8": 136.0136013602285}, "ISI_CV": {"0.1": 0.037947974235784436, "0.2": 0.039932685930823705, "0.4": 0.034723181066699325, "0.8": 0.014418099307949638}, "time_to_first_spike": {"0.1": 5.700000000091904, "0.2": 2.500000000091177, "0.4": 1.5000000000909495, "0.8": 0.900000000090813}, "time_to_second_spike": {"0.1": 28.20000000009702, "0.2": 15.300000000094087, "0.4": 9.90000000009286, "0.8": 7.100000000092223}, "AP_height": {"0.1": 25.523390895785948, "0.2": 27.294582423422195, "0.4": 26.280679209775762, "0.8": 33.716934596099904}, "AP_width": {"0.1": 0.7000000000001592, "0.2": 0.7000000000001592, "0.4": 0.6000000000001364, "0.8": 0.7000000000001592}, "AP_amplitude": {"0.1": 82.07748679038474, "0.2": 82.30843416787742, "0.4": 94.99536847774183, "0.8": 102.43162383161895}, "voltage_base": {"0.1": -68.71174124369955, "0.2": -68.71174124369955, "0.4": -68.71174124369955, "0.8": -68.71174124369955}}}}