{"BBP": {"L23_BTC_bAC217_2": {"mean_frequency": {"0.1": 5.892751915148283, "0.2": 10.394470141891492, "0.4": 14.831483659806459, "0.8": 20.32520325204627}, "ISI_CV": {"0.1": 0.2696003966945938, "0.2": 0.30116365192420613, "0.4": 0.30484529089057716, "0.8": 0.3131870441575615}, "time_to_first_spike": {"0.1": 15.500000000094133, "0.2": 6.200000000092018, "0.4": 2.900000000091268, "0.8": 1.5000000000909495}, "time_to_second_spike": {"0.1": 58.000000000103796, "0.2": 30.00000000009743, "0.4": 18.200000000094747, "0.8": 11.4000000000932}, "AP_height": {"0.1": 19.005638575126657, "0.2": 24.082997381630378, "0.4": 27.794067840853387, "0.8": 29.923062908210508}, "AP_width": {"0.1": 0.6000000000001364, "0.2": 0.6000000000001364, "0.4": 0.6000000000001364, "0.8": 0.7000000000001592}, "AP_amplitude": {"0.1": 73.394529719775, "0.2": 79.37195440257292, "0.4": 82.98250013244103, "0.8": 102.34630055462866}, "voltage_base": {"0.1": -72.42016250292981, "0.2": -72.42016250292981, "0.4": -72.42016250292981, "0.8": -72.42016250292981}}}, "NetPyNE": {"L23_BTC_bAC217_2": {"mean_frequency": {"0.1": 5.833996287460795, "0.2": 10.287007509522411, "0.4": 14.671658403328768, "0.8": 20.0803212851542}, "ISI_CV": {"0.1": 0.26941573787256806, "0.2": 0.29917018053708555, "0.4": 0.30347273521317686, "0.8": 0.3121345199980347}, "time_to_first_spike": {"0.1": 15.600000000094155, "0.2": 6.300000000092041, "0.4": 3.0000000000912905, "0.8": 1.6000000000909722}, "time_to_second_spike": {"0.1": 58.40000000010389, "0.2": 30.200000000097475, "0.4": 18.400000000094792, "0.8": 11.600000000093246}, "AP_height": {"0.1": 15.42266142264658, "0.2": 24.013020227327456, "0.4": 25.80582600856322, "0.8": 28.662118707464927}, "AP_width": {"0.1": 0.6000000000001364, "0.2": 0.6000000000001364, "0.4": 0.6000000000001364, "0.8": 0.6000000000001364}, "AP_amplitude": {"0.1": 69.23853912498825, "0.2": 78.13243907134562, "0.4": 81.08801730015719, "0.8": 101.08535143315125}, "voltage_base": {"0.1": -72.4201575639688, "0.2": -72.4201575639688, "0.4": -72.4201575639688, "0.8": -72.4201575639688}}}}