{"BBP": {"L4_PC_cADpyr230_1": {"mean_frequency": {"0.1": 0, "0.2": 4.840791738385308, "0.4": 7.975753708730783, "0.8": 13.503375843970172}, "ISI_CV": {"0.1": 0, "0.2": 0.18751963435209218, "0.4": 0.2728464597897903, "0.8": 0.23803995273207196}, "time_to_first_spike": {"0.1": 0, "0.2": 37.40000000009911, "0.4": 12.000000000093337, "0.8": 4.500000000091632}, "time_to_second_spike": {"0.1": 0, "0.2": 93.10000000011178, "0.4": 35.700000000098726, "0.8": 19.200000000094974}, "AP_height": {"0.1": 0, "0.2": 27.358057185418573, "0.4": 31.605729366241004, "0.8": 36.98889203805592}, "AP_width": {"0.1": 0, "0.2": 0.8000000000001819, "0.4": 0.9000000000002046, "0.8": 0.9000000000002046}, "AP_amplitude": {"0.1": 0, "0.2": 83.51719548622566, "0.4": 87.64990597341557, "0.8": 93.6364727500144}, "voltage_base": {"0.1": -72.28534066930084, "0.2": -72.28534066930084, "0.4": -72.28534066930084, "0.8": -72.28534066930084}}}, "NetPyNE": {"L4_PC_cADpyr230_1": {"mean_frequency": {"0.1": 0, "0.2": 4.813349021288896, "0.4": 7.92267469498231, "0.8": 13.4408602150628}, "ISI_CV": {"0.1": 0, "0.2": 0.18314326839134823, "0.4": 0.271414765030688, "0.8": 0.24249921742116856}, "time_to_first_spike": {"0.1": 0, "0.2": 37.60000000009916, "0.4": 12.200000000093382, "0.8": 4.600000000091654}, "time_to_second_spike": {"0.1": 0, "0.2": 94.30000000011205, "0.4": 35.90000000009877, "0.8": 19.40000000009502}, "AP_height": {"0.1": 0, "0.2": 26.89672143851274, "0.4": 30.967856418916796, "0.8": 36.50467485481386}, "AP_width": {"0.1": 0, "0.2": 0.8000000000001819, "0.4": 0.9000000000002046, "0.8": 0.9000000000002046}, "AP_amplitude": {"0.1": 0, "0.2": 82.19888393935994, "0.4": 86.69027164684894, "0.8": 92.46123626736042}, "voltage_base": {"0.1": -72.28534002171885, "0.2": -72.28534002171885, "0.4": -72.28534002171885, "0.8": -72.28534002171885}}}}