{"BBP": {"L23_BP_bIR215_3": {"mean_frequency": {"0.1": 9.88605026276744, "0.2": 14.627257137102625, "0.4": 20.595770332057988, "0.8": 29.682547668179325}, "ISI_CV": {"0.1": 0.277103799855758, "0.2": 0.2739124507841907, "0.4": 0.2774418069554968, "0.8": 0.2819226526006805}, "time_to_first_spike": {"0.1": 3.8000000000914724, "0.2": 2.100000000091086, "0.4": 1.2000000000908813, "0.8": 0.7000000000907676}, "time_to_second_spike": {"0.1": 24.600000000096202, "0.2": 15.900000000094224, "0.4": 10.600000000093019, "0.8": 7.500000000092314}, "AP_height": {"0.1": 31.19251694732155, "0.2": 29.848173282260557, "0.4": 34.92281110072386, "0.8": 35.26962083326083}, "AP_width": {"0.1": 0.6000000000001364, "0.2": 0.6000000000001364, "0.4": 0.7000000000001592, "0.8": 0.6000000000001364}, "AP_amplitude": {"0.1": 86.39719649031922, "0.2": 106.66436872776202, "0.4": 111.4039059415595, "0.8": 111.92487073023156}, "voltage_base": {"0.1": -76.60748981530182, "0.2": -76.60748981530182, "0.4": -76.60748981530182, "0.8": -76.60748981530182}}}, "NetPyNE": {"L23_BP_bIR215_3": {"mean_frequency": {"0.1": 9.286488159733844, "0.2": 14.245738997720137, "0.4": 20.251113811273335, "0.8": 29.052294129452726}, "ISI_CV": {"0.1": 0.23048355497557435, "0.2": 0.2571805302011022, "0.4": 0.2652184548548729, "0.8": 0.26943416797931835}, "time_to_first_spike": {"0.1": 4.200000000091563, "0.2": 2.2000000000911086, "0.4": 1.300000000090904, "0.8": 0.8000000000907903}, "time_to_second_spike": {"0.1": 26.600000000096657, "0.2": 16.600000000094383, "0.4": 10.900000000093087, "0.8": 7.800000000092382}, "AP_height": {"0.1": 30.21844252485565, "0.2": 30.102708444643305, "0.4": 34.33928519740211, "0.8": 34.36182511065926}, "AP_width": {"0.1": 0.6000000000001364, "0.2": 0.6000000000001364, "0.4": 0.6000000000001364, "0.8": 0.6000000000001364}, "AP_amplitude": {"0.1": 86.03884891713228, "0.2": 107.54304495539586, "0.4": 111.77962164499922, "0.8": 111.80216162409943}, "voltage_base": {"0.1": -77.43825942449979, "0.2": -77.43825942449979, "0.4": -77.43825942449979, "0.8": -77.43825942449979}}}}