{"BBP": {"L5_NBC_bAC217_1": {"mean_frequency": {"0.1": 8.048505660787653, "0.2": 11.814866183806183, "0.4": 16.213203627715288, "0.8": 22.01100550276634}, "ISI_CV": {"0.1": 0.2950648482460875, "0.2": 0.2980210442070904, "0.4": 0.29774528557121716, "0.8": 0.29616377986388137}, "time_to_first_spike": {"0.1": 11.500000000093223, "0.2": 3.900000000091495, "0.4": 1.700000000090995, "0.8": 0.900000000090813}, "time_to_second_spike": {"0.1": 49.200000000101795, "0.2": 26.500000000096634, "0.4": 16.300000000094315, "0.8": 10.200000000092928}, "AP_height": {"0.1": 25.07170914015336, "0.2": 28.107538756896915, "0.4": 31.112488772757153, "0.8": 34.62908367162876}, "AP_width": {"0.1": 0.6000000000001364, "0.2": 0.6000000000001364, "0.4": 0.6000000000001364, "0.8": 0.6000000000001364}, "AP_amplitude": {"0.1": 77.40133784304952, "0.2": 81.0346621616641, "0.4": 100.55910043055096, "0.8": 104.0756953273612}, "voltage_base": {"0.1": -69.44413103307835, "0.2": -69.44413103307835, "0.4": -69.44413103307835, "0.8": -69.44413103307835}}}, "NetPyNE": {"L5_NBC_bAC217_1": {"mean_frequency": {"0.1": 7.9948832747095055, "0.2": 11.740684022468367, "0.4": 16.111978248840295, "0.8": 21.94885406565721}, "ISI_CV": {"0.1": 0.2938091055445856, "0.2": 0.29698079704528646, "0.4": 0.2966624663731805, "0.8": 0.2991963251755544}, "time_to_first_spike": {"0.1": 11.600000000093246, "0.2": 4.000000000091518, "0.4": 1.8000000000910177, "0.8": 1.0000000000908358}, "time_to_second_spike": {"0.1": 49.50000000010186, "0.2": 26.70000000009668, "0.4": 16.400000000094337, "0.8": 10.30000000009295}, "AP_height": {"0.1": 25.45371654187026, "0.2": 30.802386446819437, "0.4": 33.74532106391144, "0.8": 33.32329895727029}, "AP_width": {"0.1": 0.6000000000001364, "0.2": 0.6000000000001364, "0.4": 0.7000000000001592, "0.8": 0.7000000000001592}, "AP_amplitude": {"0.1": 78.28217317681815, "0.2": 84.08422326673573, "0.4": 103.19192881669008, "0.8": 102.7699066874961}, "voltage_base": {"0.1": -69.44412709340773, "0.2": -69.44412709340773, "0.4": -69.44412709340773, "0.8": -69.44412709340773}}}}