{"BBP": {"L5_BP_cACint209_4": {"mean_frequency": {"0.1": 42.94447531958652, "0.2": 82.20551378451701, "0.4": 166.132906325173, "0.8": 287.58627588296036}, "ISI_CV": {"0.1": 0.2138345790733898, "0.2": 0.13246037018413048, "0.4": 0.05873210103974229, "0.8": 0.032727279926522766}, "time_to_first_spike": {"0.1": 5.90000000009195, "0.2": 2.400000000091154, "0.4": 1.2000000000908813, "0.8": 0.7000000000907676}, "time_to_second_spike": {"0.1": 15.500000000094133, "0.2": 9.90000000009286, "0.4": 7.100000000092223, "0.8": 5.400000000091836}, "AP_height": {"0.1": 30.11549329356698, "0.2": 33.98657482896965, "0.4": 36.30893559960992, "0.8": 38.2073681036266}, "AP_width": {"0.1": 0.9000000000002046, "0.2": 0.9000000000002046, "0.4": 0.9000000000002046, "0.8": 1.0000000000002274}, "AP_amplitude": {"0.1": 86.81366353966214, "0.2": 103.55982593882842, "0.4": 105.88218670734145, "0.8": 107.78061920710368}, "voltage_base": {"0.1": -69.57258518746694, "0.2": -69.57258518746694, "0.4": -69.57258518746694, "0.8": -69.57258518746694}}}, "NetPyNE": {"L5_BP_cACint209_4": {"mean_frequency": {"0.1": 42.898960331108114, "0.2": 82.31692014260472, "0.4": 165.48819016108732, "0.8": 191.18428040347578}, "ISI_CV": {"0.1": 0.21405582172741358, "0.2": 0.1314555633727638, "0.4": 0.05681215925971715, "0.8": 0.4923124010670595}, "time_to_first_spike": {"0.1": 6.000000000091973, "0.2": 2.500000000091177, "0.4": 1.300000000090904, "0.8": 0.8000000000907903}, "time_to_second_spike": {"0.1": 15.700000000094178, "0.2": 10.100000000092905, "0.4": 7.2000000000922455, "0.8": 5.500000000091859}, "AP_height": {"0.1": 29.55686611758648, "0.2": 33.98612988820806, "0.4": 34.95329138086495, "0.8": 34.93416746608565}, "AP_width": {"0.1": 0.8000000000001819, "0.2": 0.9000000000002046, "0.4": 0.9000000000002046, "0.8": 0.9000000000002046}, "AP_amplitude": {"0.1": 85.55095815640465, "0.2": 103.55937977017243, "0.4": 104.52654111021334, "0.8": 0}, "voltage_base": {"0.1": -69.57258401231488, "0.2": -69.57258401231488, "0.4": -69.57258401231488, "0.8": -69.57258401231488}}}}