{"BBP": {"L5_DBC_cNAC187_1": {"mean_frequency": {"0.1": 24.64912721969579, "0.2": 44.687688290851796, "0.4": 73.4591194969052, "0.8": 116.37822924512545}, "ISI_CV": {"0.1": 0.007790716928808096, "0.2": 0.010729980539924147, "0.4": 0.019911894103514745, "0.8": 0.03651157875562003}, "time_to_first_spike": {"0.1": 22.4000000000957, "0.2": 9.400000000092746, "0.4": 4.100000000091541, "0.8": 2.000000000091063}, "time_to_second_spike": {"0.1": 62.50000000010482, "0.2": 30.500000000097543, "0.4": 16.10000000009427, "0.8": 9.800000000092837}, "AP_height": {"0.1": 8.073262294428426, "0.2": 11.738703862230855, "0.4": 15.708809884508902, "0.8": 19.573290130260652}, "AP_width": {"0.1": 0.7000000000001592, "0.2": 0.7000000000001592, "0.4": 0.8000000000001819, "0.8": 0.7000000000001592}, "AP_amplitude": {"0.1": 62.138655242005925, "0.2": 64.67027036934574, "0.4": 69.4356191648838, "0.8": 86.96113880791654}, "voltage_base": {"0.1": -67.38566804764571, "0.2": -67.38566804764571, "0.4": -67.38566804764571, "0.8": -67.38566804764571}}}, "NetPyNE": {"L5_DBC_cNAC187_1": {"mean_frequency": {"0.1": 24.621878297589703, "0.2": 44.64285714288747, "0.4": 73.39265068119394, "0.8": 116.3840674225733}, "ISI_CV": {"0.1": 0.007674804783534504, "0.2": 0.011392309178846684, "0.4": 0.0209373675553299, "0.8": 0.03820455625193645}, "time_to_first_spike": {"0.1": 22.600000000095747, "0.2": 9.500000000092768, "0.4": 4.200000000091563, "0.8": 2.100000000091086}, "time_to_second_spike": {"0.1": 62.700000000104865, "0.2": 30.600000000097566, "0.4": 16.200000000094292, "0.8": 9.90000000009286}, "AP_height": {"0.1": 8.067331674753872, "0.2": 11.076563694477086, "0.4": 14.97027649644593, "0.8": 17.556816999352982}, "AP_width": {"0.1": 0.7000000000001592, "0.2": 0.7000000000001592, "0.4": 0.8000000000001819, "0.8": 0.8000000000001819}, "AP_amplitude": {"0.1": 61.920519977356115, "0.2": 65.08487685503063, "0.4": 69.27553429888081, "0.8": 84.94466235616574}, "voltage_base": {"0.1": -67.38566472376746, "0.2": -67.38566472376746, "0.4": -67.38566472376746, "0.8": -67.38566472376746}}}}