{"BBP": {"L6_BTC_cACint209_1": {"mean_frequency": {"0.1": 23.77219159376452, "0.2": 38.020911501351584, "0.4": 67.46551203307367, "0.8": 117.33440304876848}, "ISI_CV": {"0.1": 0.2568585628082169, "0.2": 0.2282597747173463, "0.4": 0.17722731126081315, "0.8": 0.1360762206013579}, "time_to_first_spike": {"0.1": 10.800000000093064, "0.2": 4.8000000000917, "0.4": 2.500000000091177, "0.8": 1.4000000000909267}, "time_to_second_spike": {"0.1": 25.100000000096315, "0.2": 15.000000000094019, "0.4": 10.200000000092928, "0.8": 7.500000000092314}, "AP_height": {"0.1": 30.356002286150524, "0.2": 33.572488501905234, "0.4": 35.96734950315021, "0.8": 38.60641004631474}, "AP_width": {"0.1": 0.8000000000001819, "0.2": 0.8000000000001819, "0.4": 0.9000000000002046, "0.8": 0.9000000000002046}, "AP_amplitude": {"0.1": 87.45178919837656, "0.2": 90.14633181854614, "0.4": 105.5424122425458, "0.8": 110.06258265338317}, "voltage_base": {"0.1": -71.45560667114447, "0.2": -71.45560667114447, "0.4": -71.45560667114447, "0.8": -71.45560667114447}}}, "NetPyNE": {"L6_BTC_cACint209_1": {"mean_frequency": {"0.1": 23.66804310606903, "0.2": 37.95546558707024, "0.4": 67.37392528537933, "0.8": 117.07609946473163}, "ISI_CV": {"0.1": 0.2568554722354863, "0.2": 0.22972369514428545, "0.4": 0.17652989228330337, "0.8": 0.13363614330653842}, "time_to_first_spike": {"0.1": 10.900000000093087, "0.2": 4.9000000000917225, "0.4": 2.6000000000911996, "0.8": 1.5000000000909495}, "time_to_second_spike": {"0.1": 25.30000000009636, "0.2": 15.100000000094042, "0.4": 10.30000000009295, "0.8": 7.6000000000923364}, "AP_height": {"0.1": 30.589326221284963, "0.2": 33.43619747759402, "0.4": 32.80377768327387, "0.8": 34.51877220190674}, "AP_width": {"0.1": 0.8000000000001819, "0.2": 0.8000000000001819, "0.4": 0.8000000000001819, "0.8": 0.8000000000001819}, "AP_amplitude": {"0.1": 87.38651395567148, "0.2": 89.31021877732786, "0.4": 102.42416889453716, "0.8": 105.9749441880376}, "voltage_base": {"0.1": -71.45560605230116, "0.2": -71.45560605230116, "0.4": -71.45560605230116, "0.8": -71.45560605230116}}}}