{"BBP": {"L23_LBC_bAC217_3": {"mean_frequency": {"0.1": 6.640784634250498, "0.2": 10.094891984662608, "0.4": 13.993987768227498, "0.8": 18.93842452783179}, "ISI_CV": {"0.1": 0.28358595102853834, "0.2": 0.3063989027063125, "0.4": 0.3226242095603378, "0.8": 0.33005686208350016}, "time_to_first_spike": {"0.1": 17.20000000009452, "0.2": 7.0000000000922, "0.4": 3.200000000091336, "0.8": 1.6000000000909722}, "time_to_second_spike": {"0.1": 60.200000000104296, "0.2": 31.600000000097793, "0.4": 18.500000000094815, "0.8": 11.300000000093178}, "AP_height": {"0.1": 13.97965459839777, "0.2": 19.338704641217774, "0.4": 23.769907447107578, "0.8": 24.952463934668092}, "AP_width": {"0.1": 0.6000000000001364, "0.2": 0.6000000000001364, "0.4": 0.6000000000001364, "0.8": 0.7000000000001592}, "AP_amplitude": {"0.1": 68.18988643153591, "0.2": 74.19207445652138, "0.4": 78.63118378460945, "0.8": 95.8125065048013}, "voltage_base": {"0.1": -70.85731833498426, "0.2": -70.85731833498426, "0.4": -70.85731833498426, "0.8": -70.85731833498426}}}, "NetPyNE": {"L23_LBC_bAC217_3": {"mean_frequency": {"0.1": 6.596306068606046, "0.2": 10.02606777622498, "0.4": 13.891747273110816, "0.8": 18.777913114101217}, "ISI_CV": {"0.1": 0.2811032956251279, "0.2": 0.30571476439011497, "0.4": 0.3218435046985628, "0.8": 0.3295941805267436}, "time_to_first_spike": {"0.1": 17.400000000094565, "0.2": 7.100000000092223, "0.4": 3.3000000000913587, "0.8": 1.700000000090995}, "time_to_second_spike": {"0.1": 60.500000000104365, "0.2": 31.80000000009784, "0.4": 18.70000000009486, "0.8": 11.500000000093223}, "AP_height": {"0.1": 13.969834903821674, "0.2": 19.874814999488407, "0.4": 21.518274040638982, "0.8": 27.137613113354508}, "AP_width": {"0.1": 0.6000000000001364, "0.2": 0.6000000000001364, "0.4": 0.7000000000001592, "0.8": 0.7000000000001592}, "AP_amplitude": {"0.1": 67.76075961676834, "0.2": 74.03880816136686, "0.4": 76.50555323348439, "0.8": 97.99765133366355}, "voltage_base": {"0.1": -70.85731396941111, "0.2": -70.85731396941111, "0.4": -70.85731396941111, "0.8": -70.85731396941111}}}}