{"BBP": {"L6_ChC_cACint209_1": {"mean_frequency": {"0.1": 30.92365406065157, "0.2": 50.912390361966175, "0.4": 99.14872308469434, "0.8": 244.89795918271207}, "ISI_CV": {"0.1": 0.24370363168218756, "0.2": 0.2089096069983407, "0.4": 0.12989904471125194, "0.8": 0.19698721398299854}, "time_to_first_spike": {"0.1": 14.70000000009395, "0.2": 6.400000000092064, "0.4": 2.900000000091268, "0.8": 1.5000000000909495}, "time_to_second_spike": {"0.1": 28.300000000097043, "0.2": 16.000000000094246, "0.4": 10.400000000092973, "0.8": 7.400000000092291}, "AP_height": {"0.1": 22.676315282040825, "0.2": 25.614201297722605, "0.4": 29.740074436322246, "0.8": 32.316973848956366}, "AP_width": {"0.1": 0.9000000000002046, "0.2": 0.8000000000001819, "0.4": 0.9000000000002046, "0.8": 1.0000000000002274}, "AP_amplitude": {"0.1": 78.32125103834419, "0.2": 80.71116072181493, "0.4": 85.61367297100935, "0.8": 101.30656841502095}, "voltage_base": {"0.1": -68.98901101623882, "0.2": -68.98901101623882, "0.4": -68.98901101623882, "0.8": -68.98901101623882}}}, "NetPyNE": {"L6_ChC_cACint209_1": {"mean_frequency": {"0.1": 30.900157033605847, "0.2": 51.05135463003864, "0.4": 99.8144154086047, "0.8": 242.91497975613868}, "ISI_CV": {"0.1": 0.2442734086663232, "0.2": 0.20830275793234032, "0.4": 0.12816263765633937, "0.8": 0.20451016989570417}, "time_to_first_spike": {"0.1": 14.800000000093974, "0.2": 6.500000000092086, "0.4": 3.0000000000912905, "0.8": 1.6000000000909722}, "time_to_second_spike": {"0.1": 28.50000000009709, "0.2": 16.200000000094292, "0.4": 10.600000000093019, "0.8": 7.500000000092314}, "AP_height": {"0.1": 23.12778424308865, "0.2": 25.832316089555203, "0.4": 29.03258033844749, "0.8": 31.673646898121678}, "AP_width": {"0.1": 0.8000000000001819, "0.2": 0.8000000000001819, "0.4": 0.9000000000002046, "0.8": 0.9000000000002046}, "AP_amplitude": {"0.1": 78.45843837614342, "0.2": 81.70343406012039, "0.4": 83.93678478908824, "0.8": 100.66324021773376}, "voltage_base": {"0.1": -68.98900974203231, "0.2": -68.98900974203231, "0.4": -68.98900974203231, "0.8": -68.98900974203231}}}}