{"BBP": {"L6_MC_cIR216_1": {"mean_frequency": {"0.1": 11.842850522638116, "0.2": 30.24345985182756, "0.4": 58.03684077722834, "0.8": 127.28001603536411}, "ISI_CV": {"0.1": 0.4751372793148446, "0.2": 0.22802441878993368, "0.4": 0.17254740645570335, "0.8": 0.07630231687408282}, "time_to_first_spike": {"0.1": 40.70000000009986, "0.2": 10.600000000093019, "0.4": 4.500000000091632, "0.8": 2.000000000091063}, "time_to_second_spike": {"0.1": 75.00000000010766, "0.2": 23.10000000009586, "0.4": 12.900000000093542, "0.8": 8.300000000092496}, "AP_height": {"0.1": 23.18242092041581, "0.2": 24.163802700068963, "0.4": 28.426496901182215, "0.8": 30.75853443891443}, "AP_width": {"0.1": 0.8000000000001819, "0.2": 0.9000000000002046, "0.4": 0.9000000000002046, "0.8": 1.0000000000002274}, "AP_amplitude": {"0.1": 78.3952942281491, "0.2": 79.85327046242043, "0.4": 84.53090062597371, "0.8": 106.55904743586711}, "voltage_base": {"0.1": -75.65592670112683, "0.2": -75.65592670112683, "0.4": -75.65592670112683, "0.8": -75.65592670112683}}}, "NetPyNE": {"L6_MC_cIR216_1": {"mean_frequency": {"0.1": 0, "0.2": 21.674479560476417, "0.4": 45.75393433559343, "0.8": 105.64790706996968}, "ISI_CV": {"0.1": 0, "0.2": 0.22324086986558314, "0.4": 0.16866413979053965, "0.8": 0.07491678530300984}, "time_to_first_spike": {"0.1": 0, "0.2": 13.400000000093655, "0.4": 5.200000000091791, "0.8": 2.3000000000911314}, "time_to_second_spike": {"0.1": 0, "0.2": 31.50000000009777, "0.4": 14.200000000093837, "0.8": 8.700000000092587}, "AP_height": {"0.1": 0, "0.2": 25.970389007349326, "0.4": 27.450885891527655, "0.8": 33.91305257489422}, "AP_width": {"0.1": 0, "0.2": 0.8000000000001819, "0.4": 0.9000000000002046, "0.8": 0.9000000000002046}, "AP_amplitude": {"0.1": 0, "0.2": 81.39388700875517, "0.4": 83.04558862160647, "0.8": 111.28879095852768}, "voltage_base": {"0.1": -77.37563590198764, "0.2": -77.37563590198764, "0.4": -77.37563590198764, "0.8": -77.37563590198764}}}}