{"BBP": {"L23_LBC_cSTUT189_3": {"mean_frequency": {"0.1": 6.190034045191413, "0.2": 58.034820892574984, "0.4": 92.63431976372027, "0.8": 140.34384241400946}, "ISI_CV": {"0.1": 1.0347504429703511, "0.2": 0.060148533575574675, "0.4": 0.022115342250143867, "0.8": 0.029304852113226615}, "time_to_first_spike": {"0.1": 13.900000000093769, "0.2": 4.700000000091677, "0.4": 2.500000000091177, "0.8": 1.5000000000909495}, "time_to_second_spike": {"0.1": 52.60000000010257, "0.2": 19.700000000095088, "0.4": 11.700000000093269, "0.8": 8.000000000092427}, "AP_height": {"0.1": 12.672149870759798, "0.2": 16.359717261623157, "0.4": 21.466965902615843, "0.8": 25.20108549540252}, "AP_width": {"0.1": 0.7000000000001592, "0.2": 0.8000000000001819, "0.4": 0.8000000000001819, "0.8": 0.8000000000001819}, "AP_amplitude": {"0.1": 68.257767996218, "0.2": 71.71083425770419, "0.4": 94.31896943097307, "0.8": 100.04093761089591}, "voltage_base": {"0.1": -74.8594794559764, "0.2": -74.8594794559764, "0.4": -74.8594794559764, "0.8": -74.8594794559764}}}, "NetPyNE": {"L23_LBC_cSTUT189_3": {"mean_frequency": {"0.1": 79.99999999940192, "0.2": 59.0029501475475, "0.4": 92.71788703459416, "0.8": 140.30164854446573}, "ISI_CV": {"0.1": 0, "0.2": 0.0341031892906765, "0.4": 0.016660059866729263, "0.8": 0.03066662714265688}, "time_to_first_spike": {"0.1": 12.50000000009345, "0.2": 4.9000000000917225, "0.4": 2.6000000000911996, "0.8": 1.5000000000909495}, "time_to_second_spike": {"0.1": 0, "0.2": 19.40000000009502, "0.4": 11.800000000093291, "0.8": 8.200000000092473}, "AP_height": {"0.1": 11.952982166781357, "0.2": 17.62954247733763, "0.4": 22.208719383190573, "0.8": 22.721763728649442}, "AP_width": {"0.1": 0.7000000000001592, "0.2": 0.8000000000001819, "0.4": 0.7000000000001592, "0.8": 0.8000000000001819}, "AP_amplitude": {"0.1": 67.90965466213218, "0.2": 73.94788295232887, "0.4": 95.40981728450708, "0.8": 97.85824441671667}, "voltage_base": {"0.1": -75.13548199150037, "0.2": -75.13548199150037, "0.4": -75.13548199150037, "0.8": -75.13548199150037}}}}