{"BBP": {"L4_MC_bNAC219_5": {"mean_frequency": {"0.1": 12.529365700869787, "0.2": 55.16273005369577, "0.4": 108.31954265089351, "0.8": 154.60049031881226}, "ISI_CV": {"0.1": 0.21611120213764523, "0.2": 0.046170147015670585, "0.4": 0.020213982595132414, "0.8": 0.014959036935918326}, "time_to_first_spike": {"0.1": 25.400000000096384, "0.2": 7.700000000092359, "0.4": 3.1000000000913133, "0.8": 1.700000000090995}, "time_to_second_spike": {"0.1": 51.10000000010223, "0.2": 19.200000000094974, "0.4": 11.500000000093223, "0.8": 8.200000000092473}, "AP_height": {"0.1": 8.78189749621882, "0.2": 13.61107113435855, "0.4": 19.846884861042966, "0.8": 19.44696094997278}, "AP_width": {"0.1": 0.6000000000001364, "0.2": 0.5000000000001137, "0.4": 0.6000000000001364, "0.8": 0.5000000000001137}, "AP_amplitude": {"0.1": 63.51627872795644, "0.2": 69.00358052018252, "0.4": 75.53345858448704, "0.8": 89.4543256177746}, "voltage_base": {"0.1": -70.00727604919022, "0.2": -70.00727604919022, "0.4": -70.00727604919022, "0.8": -70.00727604919022}}}, "NetPyNE": {"L4_MC_bNAC219_5": {"mean_frequency": {"0.1": 12.371771740819709, "0.2": 55.033019811924554, "0.4": 107.57530271197147, "0.8": 153.16848533397138}, "ISI_CV": {"0.1": 0.21417859730788993, "0.2": 0.04561833421179824, "0.4": 0.019666183257777647, "0.8": 0.014398733482285871}, "time_to_first_spike": {"0.1": 25.60000000009643, "0.2": 7.800000000092382, "0.4": 3.200000000091336, "0.8": 1.700000000090995}, "time_to_second_spike": {"0.1": 51.400000000102295, "0.2": 19.40000000009502, "0.4": 11.600000000093246, "0.8": 8.300000000092496}, "AP_height": {"0.1": 10.313969235545052, "0.2": 14.52296633119205, "0.4": 19.42563866377752, "0.8": 22.370096972593377}, "AP_width": {"0.1": 0.6000000000001364, "0.2": 0.5000000000001137, "0.4": 0.5000000000001137, "0.8": 0.6000000000001364}, "AP_amplitude": {"0.1": 66.01023540807236, "0.2": 69.74918243330754, "0.4": 74.35612580897889, "0.8": 92.3774614937498}, "voltage_base": {"0.1": -70.00727590206884, "0.2": -70.00727590206884, "0.4": -70.00727590206884, "0.8": -70.00727590206884}}}}