{"BBP": {"L1_NGC-DA_cSTUT189_3": {"mean_frequency": {"0.1": 40.36123303569661, "0.2": 66.18200050142376, "0.4": 97.16518080743857, "0.8": 144.02880576125017}, "ISI_CV": {"0.1": 0.1403381468530226, "0.2": 0.07687096587654658, "0.4": 0.05321084718443926, "0.8": 0.0180498568128186}, "time_to_first_spike": {"0.1": 5.400000000091836, "0.2": 2.800000000091245, "0.4": 1.6000000000909722, "0.8": 1.0000000000908358}, "time_to_second_spike": {"0.1": 23.700000000095997, "0.2": 14.600000000093928, "0.4": 9.600000000092791, "0.8": 6.900000000092177}, "AP_height": {"0.1": 25.45110856832193, "0.2": 29.304434341816357, "0.4": 30.42085596721344, "0.8": 29.93148891427707}, "AP_width": {"0.1": 0.7000000000001592, "0.2": 0.7000000000001592, "0.4": 0.8000000000001819, "0.8": 0.8000000000001819}, "AP_amplitude": {"0.1": 81.14077871016195, "0.2": 84.83234571161287, "0.4": 104.66574484348233, "0.8": 104.1713034513852}, "voltage_base": {"0.1": -74.15443030142039, "0.2": -74.15443030142039, "0.4": -74.15443030142039, "0.8": -74.15443030142039}}}, "NetPyNE": {"L1_NGC-DA_cSTUT189_3": {"mean_frequency": {"0.1": 40.45102897307691, "0.2": 65.76305220888, "0.4": 96.70792203243532, "0.8": 143.15747322063993}, "ISI_CV": {"0.1": 0.08825536955515591, "0.2": 0.06871080452660527, "0.4": 0.04931566530431762, "0.8": 0.016600936438384267}, "time_to_first_spike": {"0.1": 5.800000000091927, "0.2": 2.900000000091268, "0.4": 1.6000000000909722, "0.8": 1.0000000000908358}, "time_to_second_spike": {"0.1": 25.900000000096497, "0.2": 14.70000000009395, "0.4": 9.700000000092814, "0.8": 7.0000000000922}, "AP_height": {"0.1": 24.960607468671178, "0.2": 29.026985833791294, "0.4": 25.934040635187596, "0.8": 32.78231441509329}, "AP_width": {"0.1": 0.7000000000001592, "0.2": 0.7000000000001592, "0.4": 0.8000000000001819, "0.8": 0.8000000000001819}, "AP_amplitude": {"0.1": 81.20466413325218, "0.2": 83.92986590100116, "0.4": 99.97098444531986, "0.8": 106.81925822605385}, "voltage_base": {"0.1": -74.0355321352273, "0.2": -74.0355321352273, "0.4": -74.0355321352273, "0.8": -74.0355321352273}}}}