{"BBP": {"L5_DBC_bAC217_2": {"mean_frequency": {"0.1": 3.1622219879856677, "0.2": 7.789779808895964, "0.4": 11.522468814195497, "0.8": 16.00908903120267}, "ISI_CV": {"0.1": 0.03689130314661329, "0.2": 0.29899498755381165, "0.4": 0.3035712970518891, "0.8": 0.324308828903653}, "time_to_first_spike": {"0.1": 29.70000000009736, "0.2": 10.000000000092882, "0.4": 4.600000000091654, "0.8": 2.400000000091154}, "time_to_second_spike": {"0.1": 255.5000000001487, "0.2": 40.50000000009982, "0.4": 23.300000000095906, "0.8": 14.400000000093883}, "AP_height": {"0.1": 11.744949779590913, "0.2": 16.431682255254497, "0.4": 21.131711635546953, "0.8": 22.509115787958084}, "AP_width": {"0.1": 0.6000000000001364, "0.2": 0.6000000000001364, "0.4": 0.6000000000001364, "0.8": 0.6000000000001364}, "AP_amplitude": {"0.1": 65.10071724856995, "0.2": 71.68333396292964, "0.4": 76.15736078203005, "0.8": 94.38700912977968}, "voltage_base": {"0.1": -71.87492799181526, "0.2": -71.87492799181526, "0.4": -71.87492799181526, "0.8": -71.87492799181526}}}, "NetPyNE": {"L5_DBC_bAC217_2": {"mean_frequency": {"0.1": 3.1377470975860358, "0.2": 7.723598166937902, "0.4": 11.521340665103285, "0.8": 15.847860538837955}, "ISI_CV": {"0.1": 0.035936354926628195, "0.2": 0.2970287762222732, "0.4": 0.31138970212657685, "0.8": 0.32349742317077934}, "time_to_first_spike": {"0.1": 29.800000000097384, "0.2": 10.100000000092905, "0.4": 4.700000000091677, "0.8": 2.400000000091154}, "time_to_second_spike": {"0.1": 258.80000000014945, "0.2": 40.800000000099885, "0.4": 23.50000000009595, "0.8": 14.500000000093905}, "AP_height": {"0.1": 10.245655779592717, "0.2": 16.550834618276905, "0.4": 19.37001969226956, "0.8": 24.812287109224737}, "AP_width": {"0.1": 0.6000000000001364, "0.2": 0.7000000000001592, "0.4": 0.7000000000001592, "0.8": 0.7000000000001592}, "AP_amplitude": {"0.1": 64.38087872944625, "0.2": 71.25038662150797, "0.4": 74.60577760528675, "0.8": 96.69017602518397}, "voltage_base": {"0.1": -71.87492354861811, "0.2": -71.87492354861811, "0.4": -71.87492354861811, "0.8": -71.87492354861811}}}}