{"BBP": {"L4_BP_bAC217_2": {"mean_frequency": {"0.1": 13.502285002086337, "0.2": 19.003800760164953, "0.4": 27.32655230000333, "0.8": 44.299018374054725}, "ISI_CV": {"0.1": 0.30434478434310025, "0.2": 0.30229966458027263, "0.4": 0.3063439135277512, "0.8": 0.291266403757656}, "time_to_first_spike": {"0.1": 1.8000000000910177, "0.2": 1.1000000000908585, "0.4": 0.7000000000907676, "0.8": 0.40000000009069936}, "time_to_second_spike": {"0.1": 18.800000000094883, "0.2": 12.50000000009345, "0.4": 8.80000000009261, "0.8": 6.600000000092109}, "AP_height": {"0.1": 29.207217913774212, "0.2": 33.866603512312516, "0.4": 34.50249185703838, "0.8": 40.16269074666242}, "AP_width": {"0.1": 0.5000000000001137, "0.2": 0.6000000000001364, "0.4": 0.6000000000001364, "0.8": 0.6000000000001364}, "AP_amplitude": {"0.1": 101.12053343379446, "0.2": 105.77991903037466, "0.4": 106.41580737118448, "0.8": 112.07600625297755}, "voltage_base": {"0.1": -71.910085823177, "0.2": -71.910085823177, "0.4": -71.910085823177, "0.8": -71.910085823177}}}, "NetPyNE": {"L4_BP_bAC217_2": {"mean_frequency": {"0.1": 13.29583226797113, "0.2": 18.801768382552478, "0.4": 27.00912194875188, "0.8": 43.01505526937352}, "ISI_CV": {"0.1": 0.30201416628194966, "0.2": 0.30514745569514445, "0.4": 0.3075957381845808, "0.8": 0.30806582977388564}, "time_to_first_spike": {"0.1": 1.8000000000910177, "0.2": 1.1000000000908585, "0.4": 0.7000000000907676, "0.8": 0.40000000009069936}, "time_to_second_spike": {"0.1": 18.900000000094906, "0.2": 12.700000000093496, "0.4": 9.000000000092655, "0.8": 6.8000000000921546}, "AP_height": {"0.1": 35.438899342479104, "0.2": 36.586061167286964, "0.4": 37.88863665515082, "0.8": 36.70819597694605}, "AP_width": {"0.1": 0.6000000000001364, "0.2": 0.6000000000001364, "0.4": 0.6000000000001364, "0.8": 0.6000000000001364}, "AP_amplitude": {"0.1": 107.35220952682309, "0.2": 108.4993710892652, "0.4": 109.8019469753856, "0.8": 108.62150618707386}, "voltage_base": {"0.1": -71.9100805068011, "0.2": -71.9100805068011, "0.4": -71.9100805068011, "0.8": -71.9100805068011}}}}