{"BBP": {"L4_ChC_cACint209_2": {"mean_frequency": {"0.1": 23.9502649816713, "0.2": 36.72586406401849, "0.4": 65.86886564767143, "0.8": 125.92183815791427}, "ISI_CV": {"0.1": 0.260236717375163, "0.2": 0.22609312436548012, "0.4": 0.16586889234077468, "0.8": 0.09570791124397961}, "time_to_first_spike": {"0.1": 12.700000000093496, "0.2": 5.800000000091927, "0.4": 2.800000000091245, "0.8": 1.5000000000909495}, "time_to_second_spike": {"0.1": 29.500000000097316, "0.2": 16.600000000094383, "0.4": 10.900000000093087, "0.8": 7.800000000092382}, "AP_height": {"0.1": 23.404179825778893, "0.2": 28.138667045147233, "0.4": 32.55747815102841, "0.8": 31.782109065405976}, "AP_width": {"0.1": 0.9000000000002046, "0.2": 0.8000000000001819, "0.4": 0.9000000000002046, "0.8": 1.0000000000002274}, "AP_amplitude": {"0.1": 77.41304472695653, "0.2": 83.72130588461748, "0.4": 87.42913063753622, "0.8": 102.44919065691109}, "voltage_base": {"0.1": -70.6664332162515, "0.2": -70.6664332162515, "0.4": -70.6664332162515, "0.8": -70.6664332162515}}}, "NetPyNE": {"L4_ChC_cACint209_2": {"mean_frequency": {"0.1": 23.89182594552246, "0.2": 36.69448074798912, "0.4": 65.97169763815727, "0.8": 126.03150787705495}, "ISI_CV": {"0.1": 0.260350711994527, "0.2": 0.22600170320391966, "0.4": 0.16483104877586516, "0.8": 0.09323095373486616}, "time_to_first_spike": {"0.1": 12.900000000093542, "0.2": 5.90000000009195, "0.4": 2.900000000091268, "0.8": 1.6000000000909722}, "time_to_second_spike": {"0.1": 29.70000000009736, "0.2": 16.700000000094406, "0.4": 11.00000000009311, "0.8": 8.000000000092427}, "AP_height": {"0.1": 23.700854495217026, "0.2": 27.169873534259334, "0.4": 31.374491262039797, "0.8": 34.40179858314281}, "AP_width": {"0.1": 0.9000000000002046, "0.2": 0.9000000000002046, "0.4": 0.9000000000002046, "0.8": 0.9000000000002046}, "AP_amplitude": {"0.1": 78.88111284061792, "0.2": 81.7628918309394, "0.4": 86.43684125228074, "0.8": 105.0688791974604}, "voltage_base": {"0.1": -70.66643223734144, "0.2": -70.66643223734144, "0.4": -70.66643223734144, "0.8": -70.66643223734144}}}}