{"BBP": {"L4_MC_bNAC219_4": {"mean_frequency": {"0.1": 12.69357705002128, "0.2": 49.529717830732096, "0.4": 106.02650662672876, "0.8": 149.97993579464443}, "ISI_CV": {"0.1": 0.21483688044381574, "0.2": 0.06329205877781231, "0.4": 0.022547652524002256, "0.8": 0.013710184499424124}, "time_to_first_spike": {"0.1": 27.900000000096952, "0.2": 8.10000000009245, "0.4": 3.0000000000912905, "0.8": 1.6000000000909722}, "time_to_second_spike": {"0.1": 55.50000000010323, "0.2": 19.700000000095088, "0.4": 11.4000000000932, "0.8": 8.200000000092473}, "AP_height": {"0.1": 7.3387695620355355, "0.2": 11.997668137506231, "0.4": 17.296021429159236, "0.8": 23.20941987140704}, "AP_width": {"0.1": 0.5000000000001137, "0.2": 0.6000000000001364, "0.4": 0.6000000000001364, "0.8": 0.6000000000001364}, "AP_amplitude": {"0.1": 63.68251400685219, "0.2": 68.754441761041, "0.4": 73.86195539942761, "0.8": 93.24314438326199}, "voltage_base": {"0.1": -70.0336292611441, "0.2": -70.0336292611441, "0.4": -70.0336292611441, "0.8": -70.0336292611441}}}, "NetPyNE": {"L4_MC_bNAC219_4": {"mean_frequency": {"0.1": 12.642225031614128, "0.2": 49.420070600134366, "0.4": 105.30010530017684, "0.8": 148.67097161746102}, "ISI_CV": {"0.1": 0.2142766363845371, "0.2": 0.06342820614072098, "0.4": 0.02218454996951947, "0.8": 0.013189295491899247}, "time_to_first_spike": {"0.1": 28.000000000096975, "0.2": 8.200000000092473, "0.4": 3.1000000000913133, "0.8": 1.700000000090995}, "time_to_second_spike": {"0.1": 55.70000000010327, "0.2": 19.900000000095133, "0.4": 11.500000000093223, "0.8": 8.300000000092496}, "AP_height": {"0.1": 9.856860308148063, "0.2": 12.42560918730703, "0.4": 19.585699882563826, "0.8": 21.123803507128557}, "AP_width": {"0.1": 0.5000000000001137, "0.2": 0.6000000000001364, "0.4": 0.6000000000001364, "0.8": 0.5000000000001137}, "AP_amplitude": {"0.1": 64.86721996676945, "0.2": 68.81339646870109, "0.4": 75.43293843452939, "0.8": 91.15752789419213}, "voltage_base": {"0.1": -70.03362913581965, "0.2": -70.03362913581965, "0.4": -70.03362913581965, "0.8": -70.03362913581965}}}}