{"BBP": {"L23_MC_dNAC222_3": {"mean_frequency": {"0.1": 7.0972320794938035, "0.2": 53.30115150604513, "0.4": 92.62040652854999, "0.8": 154.3163485145595}, "ISI_CV": {"0.1": 0.07062269808292047, "0.2": 0.026061533656938033, "0.4": 0.0277404914309653, "0.8": 0.07982634484317287}, "time_to_first_spike": {"0.1": 1211.9999999993565, "0.2": 8.000000000092427, "0.4": 3.200000000091336, "0.8": 1.5000000000909495}, "time_to_second_spike": {"0.1": 1284.7999999992903, "0.2": 26.100000000096543, "0.4": 12.700000000093496, "0.8": 8.10000000009245}, "AP_height": {"0.1": 11.695595912067825, "0.2": 17.41745965813668, "0.4": 18.815891034743693, "0.8": 24.613830585368046}, "AP_width": {"0.1": 0.6999999999993634, "0.2": 0.7000000000001592, "0.4": 0.8000000000001819, "0.8": 0.8000000000001819}, "AP_amplitude": {"0.1": 66.93552474682629, "0.2": 73.74917682536261, "0.4": 92.61908371279085, "0.8": 98.41702326133783}, "voltage_base": {"0.1": -73.7988818969609, "0.2": -73.7988818969609, "0.4": -73.7988818969609, "0.8": -73.7988818969609}}}, "NetPyNE": {"L23_MC_dNAC222_3": {"mean_frequency": {"0.1": 7.0871722182897035, "0.2": 53.06102017323525, "0.4": 92.22133119493034, "0.8": 154.5850217620742}, "ISI_CV": {"0.1": 0.07120649130474321, "0.2": 0.026799078081212138, "0.4": 0.028611654351097457, "0.8": 0.08534009364128238}, "time_to_first_spike": {"0.1": 1212.599999999356, "0.2": 8.10000000009245, "0.4": 3.3000000000913587, "0.8": 1.6000000000909722}, "time_to_second_spike": {"0.1": 1285.6999999992895, "0.2": 26.40000000009661, "0.4": 12.900000000093542, "0.8": 8.200000000092473}, "AP_height": {"0.1": 10.825859644222978, "0.2": 17.121213335421736, "0.4": 20.65941750175825, "0.8": 25.2239811917191}, "AP_width": {"0.1": 0.6999999999993634, "0.2": 0.7000000000001592, "0.4": 0.7000000000001592, "0.8": 0.7000000000001592}, "AP_amplitude": {"0.1": 65.29593495769319, "0.2": 72.78622097800545, "0.4": 94.46260205318049, "0.8": 99.02716579817779}, "voltage_base": {"0.1": -73.79887379987821, "0.2": -73.79887379987821, "0.4": -73.79887379987821, "0.8": -73.79887379987821}}}}