{"BBP": {"L5_TTPC1_cADpyr232_4": {"mean_frequency": {"0.1": 0, "0.2": 0, "0.4": 7.70455596076332, "0.8": 13.80579843535216}, "ISI_CV": {"0.1": 0, "0.2": 0, "0.4": 0.049746525275038374, "0.8": 0.11908543718308445}, "time_to_first_spike": {"0.1": 0, "0.2": 0, "0.4": 31.700000000097816, "0.8": 11.100000000093132}, "time_to_second_spike": {"0.1": 0, "0.2": 0, "0.4": 78.60000000010848, "0.8": 31.200000000097702}, "AP_height": {"0.1": 0, "0.2": 0, "0.4": 29.197734515743118, "0.8": 32.38489821888517}, "AP_width": {"0.1": 0, "0.2": 0, "0.4": 0.9000000000002046, "0.8": 0.9000000000002046}, "AP_amplitude": {"0.1": 0, "0.2": 0, "0.4": 82.74817947073446, "0.8": 85.99052184951313}, "voltage_base": {"0.1": -71.24164924645932, "0.2": -71.24164924645932, "0.4": -71.24164924645932, "0.8": -71.24164924645932}}}, "NetPyNE": {"L5_TTPC1_cADpyr232_4": {"mean_frequency": {"0.1": 0, "0.2": 0, "0.4": 7.615759545090449, "0.8": 13.664659142678419}, "ISI_CV": {"0.1": 0, "0.2": 0, "0.4": 0.046510608538736016, "0.8": 0.11771090087433816}, "time_to_first_spike": {"0.1": 0, "0.2": 0, "0.4": 31.80000000009784, "0.8": 11.300000000093178}, "time_to_second_spike": {"0.1": 0, "0.2": 0, "0.4": 79.40000000010866, "0.8": 31.400000000097748}, "AP_height": {"0.1": 0, "0.2": 0, "0.4": 30.739283241748755, "0.8": 30.71899911341665}, "AP_width": {"0.1": 0, "0.2": 0, "0.4": 0.9000000000002046, "0.8": 0.9000000000002046}, "AP_amplitude": {"0.1": 0, "0.2": 0, "0.4": 84.17219290736607, "0.8": 83.76815903692139}, "voltage_base": {"0.1": -71.24164848302587, "0.2": -71.24164848302587, "0.4": -71.24164848302587, "0.8": -71.24164848302587}}}}