{"BBP": {"L23_LBC_dNAC222_2": {"mean_frequency": {"0.1": 35.56045276973268, "0.2": 65.99496221666945, "0.4": 102.33771445777997, "0.8": 157.3067481590168}, "ISI_CV": {"0.1": 0.006267865122807022, "0.2": 0.01754275825225209, "0.4": 0.012520157290037439, "0.8": 0.04156795041584628}, "time_to_first_spike": {"0.1": 11.4000000000932, "0.2": 4.400000000091609, "0.4": 2.2000000000911086, "0.8": 1.2000000000908813}, "time_to_second_spike": {"0.1": 39.20000000009952, "0.2": 17.500000000094587, "0.4": 10.500000000092996, "0.8": 7.300000000092268}, "AP_height": {"0.1": 16.419876923685774, "0.2": 21.3911518800281, "0.4": 23.885195184503385, "0.8": 24.30263983006778}, "AP_width": {"0.1": 0.7000000000001592, "0.2": 0.7000000000001592, "0.4": 0.8000000000001819, "0.8": 0.8000000000001819}, "AP_amplitude": {"0.1": 72.70144067894144, "0.2": 77.16895239660013, "0.4": 97.22707489019204, "0.8": 97.64451953352278}, "voltage_base": {"0.1": -73.33756343390533, "0.2": -73.33756343390533, "0.4": -73.33756343390533, "0.8": -73.33756343390533}}}, "NetPyNE": {"L23_LBC_dNAC222_2": {"mean_frequency": {"0.1": 35.42510121459889, "0.2": 65.73335340463093, "0.4": 101.90763052215756, "0.8": 156.70371482938458}, "ISI_CV": {"0.1": 0.006416208036105583, "0.2": 0.016502610824281085, "0.4": 0.012491030506004239, "0.8": 0.043138166522927464}, "time_to_first_spike": {"0.1": 11.500000000093223, "0.2": 4.500000000091632, "0.4": 2.3000000000911314, "0.8": 1.300000000090904}, "time_to_second_spike": {"0.1": 39.50000000009959, "0.2": 17.700000000094633, "0.4": 10.700000000093041, "0.8": 7.400000000092291}, "AP_height": {"0.1": 13.560969205768457, "0.2": 21.081426544152787, "0.4": 24.021275442616318, "0.8": 26.51374779472766}, "AP_width": {"0.1": 0.7000000000001592, "0.2": 0.7000000000001592, "0.4": 0.7000000000001592, "0.8": 0.8000000000001819}, "AP_amplitude": {"0.1": 69.55084006115415, "0.2": 77.19345621367071, "0.4": 97.36314642517836, "0.8": 99.85561878647704}, "voltage_base": {"0.1": -73.33755469425873, "0.2": -73.33755469425873, "0.4": -73.33755469425873, "0.8": -73.33755469425873}}}}