{"BBP": {"L4_LBC_cSTUT189_3": {"mean_frequency": {"0.1": 0, "0.2": 0, "0.4": 17.60563380282885, "0.8": 73.15362260752542}, "ISI_CV": {"0.1": 0, "0.2": 0, "0.4": 0.3670358665419896, "0.8": 0.022802044421369707}, "time_to_first_spike": {"0.1": 0, "0.2": 0, "0.4": 12.10000000009336, "0.8": 3.200000000091336}, "time_to_second_spike": {"0.1": 0, "0.2": 0, "0.4": 69.10000000010632, "0.8": 15.600000000094155}, "AP_height": {"0.1": 0, "0.2": 0, "0.4": 17.82784787261153, "0.8": 28.67839125744852}, "AP_width": {"0.1": 0, "0.2": 0, "0.4": 0.6000000000001364, "0.8": 0.7000000000001592}, "AP_amplitude": {"0.1": 0, "0.2": 0, "0.4": 72.66066393460991, "0.8": 104.39276805196839}, "voltage_base": {"0.1": -75.6935373517089, "0.2": -75.6935373517089, "0.4": -75.6935373517089, "0.8": -75.6935373517089}}}, "NetPyNE": {"L4_LBC_cSTUT189_3": {"mean_frequency": {"0.1": 0, "0.2": 0, "0.4": 7.129761662257823, "0.8": 72.78751066718462}, "ISI_CV": {"0.1": 0, "0.2": 0, "0.4": 0.3325096286103333, "0.8": 0.016134028777184218}, "time_to_first_spike": {"0.1": 0, "0.2": 0, "0.4": 12.10000000009336, "0.8": 3.200000000091336}, "time_to_second_spike": {"0.1": 0, "0.2": 0, "0.4": 513.5999999999917, "0.8": 15.200000000094064}, "AP_height": {"0.1": 0, "0.2": 0, "0.4": 16.998674665722454, "0.8": 27.77837586098126}, "AP_width": {"0.1": 0, "0.2": 0, "0.4": 0.6000000000001364, "0.8": 0.7000000000001592}, "AP_amplitude": {"0.1": 0, "0.2": 0, "0.4": 71.38034570926847, "0.8": 103.23675365442463}, "voltage_base": {"0.1": -75.45770775022365, "0.2": -75.45770775022365, "0.4": -75.45770775022365, "0.8": -75.45770775022365}}}}