{"BBP": {"L6_MC_cIR216_4": {"mean_frequency": {"0.1": 0, "0.2": 20.064205457477513, "0.4": 40.88431253788356, "0.8": 115.13816579903703}, "ISI_CV": {"0.1": 0, "0.2": 0.35364920404032907, "0.4": 0.2657925913571348, "0.8": 0.07386312203483404}, "time_to_first_spike": {"0.1": 0, "0.2": 10.900000000093087, "0.4": 3.500000000091404, "0.8": 1.6000000000909722}, "time_to_second_spike": {"0.1": 0, "0.2": 25.500000000096406, "0.4": 12.200000000093382, "0.8": 8.10000000009245}, "AP_height": {"0.1": 0, "0.2": 27.71023955493531, "0.4": 30.997509550435186, "0.8": 37.38272150159308}, "AP_width": {"0.1": 0, "0.2": 0.8000000000001819, "0.4": 0.8000000000001819, "0.8": 0.9000000000002046}, "AP_amplitude": {"0.1": 0, "0.2": 84.50513965671597, "0.4": 106.53865877526464, "0.8": 112.9196061607965}, "voltage_base": {"0.1": -75.51591031089062, "0.2": -75.51591031089062, "0.4": -75.51591031089062, "0.8": -75.51591031089062}}}, "NetPyNE": {"L6_MC_cIR216_4": {"mean_frequency": {"0.1": 0, "0.2": 18.508045858837207, "0.4": 39.21371474538884, "0.8": 110.71589599726977}, "ISI_CV": {"0.1": 0, "0.2": 0.2479232625810361, "0.4": 0.1850284379971153, "0.8": 0.06639370213756597}, "time_to_first_spike": {"0.1": 0, "0.2": 13.300000000093632, "0.4": 3.8000000000914724, "0.8": 1.700000000090995}, "time_to_second_spike": {"0.1": 0, "0.2": 29.400000000097293, "0.4": 12.50000000009345, "0.8": 8.300000000092496}, "AP_height": {"0.1": 0, "0.2": 25.1075089965089, "0.4": 32.848254100446944, "0.8": 35.7881134466299}, "AP_width": {"0.1": 0, "0.2": 0.8000000000001819, "0.4": 0.8000000000001819, "0.8": 0.9000000000002046}, "AP_amplitude": {"0.1": 0, "0.2": 81.17069587260636, "0.4": 109.16564503771261, "0.8": 112.10550438998783}, "voltage_base": {"0.1": -76.31731055678532, "0.2": -76.31731055678532, "0.4": -76.31731055678532, "0.8": -76.31731055678532}}}}