{"BBP": {"L5_NBC_bSTUT213_2": {"mean_frequency": {"0.1": 0, "0.2": 21.086196255928623, "0.4": 110.84917490101326, "0.8": 171.64589901427874}, "ISI_CV": {"0.1": 0, "0.2": 0.5076784978705269, "0.4": 0.017492110094370086, "0.8": 0.011367498743008754}, "time_to_first_spike": {"0.1": 0, "0.2": 8.300000000092496, "0.4": 3.3000000000913587, "0.8": 1.700000000090995}, "time_to_second_spike": {"0.1": 0, "0.2": 20.2000000000952, "0.4": 11.200000000093155, "0.8": 7.800000000092382}, "AP_height": {"0.1": 0, "0.2": 11.468218942964816, "0.4": 16.65761038284742, "0.8": 18.533066168931654}, "AP_width": {"0.1": 0, "0.2": 0.5000000000001137, "0.4": 0.6000000000001364, "0.8": 0.6000000000001364}, "AP_amplitude": {"0.1": 0, "0.2": 68.04518184643308, "0.4": 91.40333308700755, "0.8": 93.55928039839766}, "voltage_base": {"0.1": -75.1247978155131, "0.2": -75.1247978155131, "0.4": -75.1247978155131, "0.8": -75.1247978155131}}}, "NetPyNE": {"L5_NBC_bSTUT213_2": {"mean_frequency": {"0.1": 0, "0.2": 17.69553566915603, "0.4": 107.42432608812075, "0.8": 167.20901126419378}, "ISI_CV": {"0.1": 0, "0.2": 0.1890399486997425, "0.4": 0.013097165964436575, "0.8": 0.009365429819341301}, "time_to_first_spike": {"0.1": 0, "0.2": 8.400000000092518, "0.4": 3.4000000000913815, "0.8": 1.700000000090995}, "time_to_second_spike": {"0.1": 0, "0.2": 21.100000000095406, "0.4": 11.4000000000932, "0.8": 7.900000000092405}, "AP_height": {"0.1": 0, "0.2": 11.657479306842408, "0.4": 16.685874054288725, "0.8": 22.44937934119433}, "AP_width": {"0.1": 0, "0.2": 0.5000000000001137, "0.4": 0.6000000000001364, "0.8": 0.6000000000001364}, "AP_amplitude": {"0.1": 0, "0.2": 68.06176067013762, "0.4": 91.75973244489839, "0.8": 97.52323768649619}, "voltage_base": {"0.1": -75.07382227276561, "0.2": -75.07382227276561, "0.4": -75.07382227276561, "0.8": -75.07382227276561}}}}