{"BBP": {"L23_NGC_cSTUT189_1": {"mean_frequency": {"0.1": 0, "0.2": 18.09499874341515, "0.4": 72.94863409976274, "0.8": 140.85213032591025}, "ISI_CV": {"0.1": 0, "0.2": 0.37860564349793147, "0.4": 0.03587728368606131, "0.8": 0.09841309501356207}, "time_to_first_spike": {"0.1": 0, "0.2": 15.100000000094042, "0.4": 5.200000000091791, "0.8": 2.400000000091154}, "time_to_second_spike": {"0.1": 0, "0.2": 61.40000000010457, "0.4": 17.90000000009468, "0.8": 10.000000000092882}, "AP_height": {"0.1": 0, "0.2": 4.536897354832718, "0.4": 13.047171233095431, "0.8": 17.19405775096033}, "AP_width": {"0.1": 0, "0.2": 0.8000000000001819, "0.4": 0.7000000000001592, "0.8": 0.8000000000001819}, "AP_amplitude": {"0.1": 0, "0.2": 59.650182362005395, "0.4": 69.16499833893151, "0.8": 93.3020056572606}, "voltage_base": {"0.1": -76.23883308558324, "0.2": -76.23883308558324, "0.4": -76.23883308558324, "0.8": -76.23883308558324}}}, "NetPyNE": {"L23_NGC_cSTUT189_1": {"mean_frequency": {"0.1": 0, "0.2": 65.7894736838034, "0.4": 72.34726688107806, "0.8": 140.16118536326292}, "ISI_CV": {"0.1": 0, "0.2": 0, "0.4": 0.023028185872099614, "0.8": 0.09994136852191429}, "time_to_first_spike": {"0.1": 0, "0.2": 15.200000000094064, "0.4": 5.200000000091791, "0.8": 2.500000000091177}, "time_to_second_spike": {"0.1": 0, "0.2": 0, "0.4": 18.0000000000947, "0.8": 10.200000000092928}, "AP_height": {"0.1": 0, "0.2": 3.3530841437855066, "0.4": 11.949660567973718, "0.8": 16.60516637878904}, "AP_width": {"0.1": 0, "0.2": 0.7000000000001592, "0.4": 0.8000000000001819, "0.8": 0.8000000000001819}, "AP_amplitude": {"0.1": 0, "0.2": 58.64551621370906, "0.4": 67.15074057150494, "0.8": 92.8230610416666}, "voltage_base": {"0.1": -76.21742217504843, "0.2": -76.21742217504843, "0.4": -76.21742217504843, "0.8": -76.21742217504843}}}}