{"BBP": {"L6_TPC_L4_cADpyr231_3": {"mean_frequency": {"0.1": 0, "0.2": 5.847953216378161, "0.4": 9.494672433807372, "0.8": 26.160889470259743}, "ISI_CV": {"0.1": 0, "0.2": 0.29599165718753373, "0.4": 0.2978899582205173, "0.8": 0.18374753608703825}, "time_to_first_spike": {"0.1": 0, "0.2": 19.00000000009493, "0.4": 6.200000000092018, "0.8": 2.6000000000911996}, "time_to_second_spike": {"0.1": 0, "0.2": 52.500000000102546, "0.4": 21.60000000009552, "0.8": 10.500000000092996}, "AP_height": {"0.1": 0, "0.2": 25.430196046233117, "0.4": 33.193518128023605, "0.8": 38.46926207448778}, "AP_width": {"0.1": 0, "0.2": 1.2000000000002728, "0.4": 1.3000000000002956, "0.8": 1.3000000000002956}, "AP_amplitude": {"0.1": 0, "0.2": 78.18515249526021, "0.4": 87.1939014170751, "0.8": 110.11985344555123}, "voltage_base": {"0.1": -71.6504509552879, "0.2": -71.6504509552879, "0.4": -71.6504509552879, "0.8": -71.6504509552879}}}, "NetPyNE": {"L6_TPC_L4_cADpyr231_3": {"mean_frequency": {"0.1": 0, "0.2": 5.8022998206600604, "0.4": 9.386733416777254, "0.8": 26.07431178861522}, "ISI_CV": {"0.1": 0, "0.2": 0.2937646862171283, "0.4": 0.2941399813274654, "0.8": 0.1828073607223091}, "time_to_first_spike": {"0.1": 0, "0.2": 19.10000000009495, "0.4": 6.300000000092041, "0.8": 2.7000000000912223}, "time_to_second_spike": {"0.1": 0, "0.2": 52.60000000010257, "0.4": 21.60000000009552, "0.8": 10.700000000093041}, "AP_height": {"0.1": 0, "0.2": 25.267583675845536, "0.4": 32.885064578150086, "0.8": 37.70730525166257}, "AP_width": {"0.1": 0, "0.2": 1.3000000000002956, "0.4": 1.3000000000002956, "0.8": 1.3000000000002956}, "AP_amplitude": {"0.1": 0, "0.2": 76.93561947200098, "0.4": 86.3626939848403, "0.8": 109.35789628790647}, "voltage_base": {"0.1": -71.65045061622834, "0.2": -71.65045061622834, "0.4": -71.65045061622834, "0.8": -71.65045061622834}}}}