{"BBP": {"L1_SLAC_cACint209_2": {"mean_frequency": {"0.1": 34.33476394852113, "0.2": 67.65560789821176, "0.4": 174.700906042067, "0.8": 289.017341038883}, "ISI_CV": {"0.1": 0.28783719250994405, "0.2": 0.24742475320134047, "0.4": 0.3461529440179117, "0.8": 0.09643650760992956}, "time_to_first_spike": {"0.1": 14.000000000093792, "0.2": 6.600000000092109, "0.4": 3.200000000091336, "0.8": 1.700000000090995}, "time_to_second_spike": {"0.1": 23.700000000095997, "0.2": 14.70000000009395, "0.4": 10.000000000092882, "0.8": 7.300000000092268}, "AP_height": {"0.1": 14.709940633350811, "0.2": 18.754724775069207, "0.4": 22.39686029832748, "0.8": 25.849638009339763}, "AP_width": {"0.1": 0.9000000000002046, "0.2": 1.0000000000002274, "0.4": 1.0000000000002274, "0.8": 1.1000000000002501}, "AP_amplitude": {"0.1": 69.82077121478034, "0.2": 73.89015823413743, "0.4": 78.22326921165852, "0.8": 95.09508347155804}, "voltage_base": {"0.1": -69.24469626453644, "0.2": -69.24469626453644, "0.4": -69.24469626453644, "0.8": -69.24469626453644}}}, "NetPyNE": {"L1_SLAC_cACint209_2": {"mean_frequency": {"0.1": 34.4670282325744, "0.2": 68.28337601048972, "0.4": 172.5431357840633, "0.8": 284.0909090893819}, "ISI_CV": {"0.1": 0.290339040567168, "0.2": 0.305205516702177, "0.4": 0.3858424605587259, "0.8": 0.10188534162169867}, "time_to_first_spike": {"0.1": 14.200000000093837, "0.2": 6.700000000092132, "0.4": 3.200000000091336, "0.8": 1.700000000090995}, "time_to_second_spike": {"0.1": 23.80000000009602, "0.2": 14.800000000093974, "0.4": 10.200000000092928, "0.8": 7.400000000092291}, "AP_height": {"0.1": 14.968679236209038, "0.2": 18.551535805952486, "0.4": 21.21565618152592, "0.8": 25.818729846526356}, "AP_width": {"0.1": 0.9000000000002046, "0.2": 1.0000000000002274, "0.4": 1.0000000000002274, "0.8": 1.0000000000002274}, "AP_amplitude": {"0.1": 69.36114675794215, "0.2": 74.30890748304347, "0.4": 76.14575692089743, "0.8": 95.06417311538296}, "voltage_base": {"0.1": -69.24469400228399, "0.2": -69.24469400228399, "0.4": -69.24469400228399, "0.8": -69.24469400228399}}}}