{"BBP": {"L4_MC_bNAC219_3": {"mean_frequency": {"0.1": 32.331396817400034, "0.2": 91.85363650058942, "0.4": 139.85663441786033, "0.8": 213.8207310967903}, "ISI_CV": {"0.1": 0.13375619429762486, "0.2": 0.018820339162449004, "0.4": 0.009780513385560578, "0.8": 0.013027403097289546}, "time_to_first_spike": {"0.1": 10.600000000093019, "0.2": 4.400000000091609, "0.4": 2.2000000000911086, "0.8": 1.2000000000908813}, "time_to_second_spike": {"0.1": 23.600000000095974, "0.2": 13.400000000093655, "0.4": 9.2000000000927, "0.8": 7.0000000000922}, "AP_height": {"0.1": 8.151588293207228, "0.2": 14.596689196817055, "0.4": 15.822035429789624, "0.8": 18.525787103292938}, "AP_width": {"0.1": 0.6000000000001364, "0.2": 0.6000000000001364, "0.4": 0.5000000000001137, "0.8": 0.7000000000001592}, "AP_amplitude": {"0.1": 63.86518342513566, "0.2": 71.63286196025072, "0.4": 85.60532536780413, "0.8": 88.30907703913006}, "voltage_base": {"0.1": -69.78318828492787, "0.2": -69.78318828492787, "0.4": -69.78318828492787, "0.8": -69.78318828492787}}}, "NetPyNE": {"L4_MC_bNAC219_3": {"mean_frequency": {"0.1": 32.29387425574901, "0.2": 91.49866773924063, "0.4": 138.9725065222698, "0.8": 211.1372392056271}, "ISI_CV": {"0.1": 0.1334370387212812, "0.2": 0.017950711684893438, "0.4": 0.010267488303615551, "0.8": 0.014867234228620806}, "time_to_first_spike": {"0.1": 10.700000000093041, "0.2": 4.500000000091632, "0.4": 2.2000000000911086, "0.8": 1.300000000090904}, "time_to_second_spike": {"0.1": 23.700000000095997, "0.2": 13.500000000093678, "0.4": 9.300000000092723, "0.8": 7.100000000092223}, "AP_height": {"0.1": 8.434717807836524, "0.2": 14.30599454436909, "0.4": 17.754834107434533, "0.8": 21.62754939603787}, "AP_width": {"0.1": 0.6000000000001364, "0.2": 0.5000000000001137, "0.4": 0.6000000000001364, "0.8": 0.6000000000001364}, "AP_amplitude": {"0.1": 65.23979374109639, "0.2": 70.60512558002654, "0.4": 87.53812393091007, "0.8": 91.41083919985621}, "voltage_base": {"0.1": -69.78318815225211, "0.2": -69.78318815225211, "0.4": -69.78318815225211, "0.8": -69.78318815225211}}}}