{"BBP": {"L5_BP_bIR215_2": {"mean_frequency": {"0.1": 11.772534165949489, "0.2": 17.022593624276386, "0.4": 23.343144220050302, "0.8": 33.52514385791621}, "ISI_CV": {"0.1": 0.3188606868368405, "0.2": 0.3252993338206955, "0.4": 0.3313333613514207, "0.8": 0.32133686683975393}, "time_to_first_spike": {"0.1": 8.10000000009245, "0.2": 2.800000000091245, "0.4": 1.300000000090904, "0.8": 0.7000000000907676}, "time_to_second_spike": {"0.1": 34.200000000098385, "0.2": 17.60000000009461, "0.4": 10.600000000093019, "0.8": 7.100000000092223}, "AP_height": {"0.1": 20.21074889964271, "0.2": 27.539469547684007, "0.4": 30.417619824999957, "0.8": 32.355839198169456}, "AP_width": {"0.1": 0.5000000000001137, "0.2": 0.6000000000001364, "0.4": 0.6000000000001364, "0.8": 0.7000000000001592}, "AP_amplitude": {"0.1": 75.61389221475949, "0.2": 98.81614841091987, "0.4": 101.8643358064562, "0.8": 103.13662094566243}, "voltage_base": {"0.1": -70.83471727875721, "0.2": -70.83471727875721, "0.4": -70.83471727875721, "0.8": -70.83471727875721}}}, "NetPyNE": {"L5_BP_bIR215_2": {"mean_frequency": {"0.1": 6.410941339890999, "0.2": 14.850471118404117, "0.4": 21.6112981856708, "0.8": 31.504065040671716}, "ISI_CV": {"0.1": 0.24308200645847947, "0.2": 0.29852947642453087, "0.4": 0.30265627789540733, "0.8": 0.2980704533832556}, "time_to_first_spike": {"0.1": 13.20000000009361, "0.2": 4.000000000091518, "0.4": 1.6000000000909722, "0.8": 0.900000000090813}, "time_to_second_spike": {"0.1": 54.10000000010291, "0.2": 21.500000000095497, "0.4": 12.000000000093337, "0.8": 7.800000000092382}, "AP_height": {"0.1": 18.44921979656603, "0.2": 24.852828289233138, "0.4": 29.37514724698381, "0.8": 29.23995332251666}, "AP_width": {"0.1": 0.5000000000001137, "0.2": 0.6000000000001364, "0.4": 0.6000000000001364, "0.8": 0.6000000000001364}, "AP_amplitude": {"0.1": 74.5276335384014, "0.2": 99.45884675612905, "0.4": 103.98116560692385, "0.8": 103.84597181482789}, "voltage_base": {"0.1": -74.60513569078506, "0.2": -74.60513569078506, "0.4": -74.60513569078506, "0.8": -74.60513569078506}}}}