{"BBP": {"L4_DBC_bIR215_5": {"mean_frequency": {"0.1": 0, "0.2": 10.971213625209794, "0.4": 17.86990707649527, "0.8": 25.79013906449282}, "ISI_CV": {"0.1": 0, "0.2": 0.33360675213278895, "0.4": 0.32000354754032073, "0.8": 0.3035503090128878}, "time_to_first_spike": {"0.1": 0, "0.2": 4.9000000000917225, "0.4": 2.000000000091063, "0.8": 1.1000000000908585}, "time_to_second_spike": {"0.1": 0, "0.2": 30.900000000097634, "0.4": 16.600000000094383, "0.8": 10.100000000092905}, "AP_height": {"0.1": 0, "0.2": 26.86388379371113, "0.4": 31.545122934016003, "0.8": 27.36708307456083}, "AP_width": {"0.1": 0, "0.2": 0.5000000000001137, "0.4": 0.6000000000001364, "0.8": 0.6000000000001364}, "AP_amplitude": {"0.1": 0, "0.2": 83.72265202778202, "0.4": 104.35674208376945, "0.8": 99.7867030183684}, "voltage_base": {"0.1": -72.35684195098915, "0.2": -72.35684195098915, "0.4": -72.35684195098915, "0.8": -72.35684195098915}}}, "NetPyNE": {"L4_DBC_bIR215_5": {"mean_frequency": {"0.1": 0, "0.2": 9.121313469145731, "0.4": 16.953506293358455, "0.8": 24.807614418809834}, "ISI_CV": {"0.1": 0, "0.2": 0.2717310691756043, "0.4": 0.2909841665052978, "0.8": 0.2910917098945358}, "time_to_first_spike": {"0.1": 0, "0.2": 5.90000000009195, "0.4": 2.2000000000911086, "0.8": 1.2000000000908813}, "time_to_second_spike": {"0.1": 0, "0.2": 34.40000000009843, "0.4": 17.400000000094565, "0.8": 10.600000000093019}, "AP_height": {"0.1": 0, "0.2": 26.992791245681843, "0.4": 30.134997846581435, "0.8": 30.283443538232937}, "AP_width": {"0.1": 0, "0.2": 0.5000000000001137, "0.4": 0.6000000000001364, "0.8": 0.6000000000001364}, "AP_amplitude": {"0.1": 0, "0.2": 83.19672388408925, "0.4": 104.2344691855998, "0.8": 104.38291480084817}, "voltage_base": {"0.1": -74.0983189420871, "0.2": -74.0983189420871, "0.4": -74.0983189420871, "0.8": -74.0983189420871}}}}