{"BBP": {"L6_LBC_bIR215_3": {"mean_frequency": {"0.1": 0, "0.2": 4.627249357329595, "0.4": 13.577391129447012, "0.8": 20.009004051836925}, "ISI_CV": {"0.1": 0, "0.2": 0.42719395338852667, "0.4": 0.30895571804379796, "0.8": 0.303828580674269}, "time_to_first_spike": {"0.1": 0, "0.2": 17.90000000009468, "0.4": 3.900000000091495, "0.8": 1.8000000000910177}, "time_to_second_spike": {"0.1": 0, "0.2": 286.00000000015564, "0.4": 26.100000000096543, "0.8": 13.000000000093564}, "AP_height": {"0.1": 0, "0.2": 11.813804261814, "0.4": 24.19167885637288, "0.8": 28.212448737687087}, "AP_width": {"0.1": 0, "0.2": 0.5000000000001137, "0.4": 0.6000000000001364, "0.8": 0.7000000000001592}, "AP_amplitude": {"0.1": 0, "0.2": 62.48703349756035, "0.4": 77.48414686563014, "0.8": 101.0997537768499}, "voltage_base": {"0.1": -72.86251412636653, "0.2": -72.86251412636653, "0.4": -72.86251412636653, "0.8": -72.86251412636653}}}, "NetPyNE": {"L6_LBC_bIR215_3": {"mean_frequency": {"0.1": 0, "0.2": 0, "0.4": 11.693527886529845, "0.8": 18.861191823431206}, "ISI_CV": {"0.1": 0, "0.2": 0, "0.4": 0.27432060662843, "0.8": 0.27911387497265094}, "time_to_first_spike": {"0.1": 0, "0.2": 0, "0.4": 4.8000000000917, "0.8": 2.100000000091086}, "time_to_second_spike": {"0.1": 0, "0.2": 0, "0.4": 30.200000000097475, "0.8": 14.000000000093792}, "AP_height": {"0.1": 0, "0.2": 0, "0.4": 20.897835170045255, "0.8": 29.005332127799857}, "AP_width": {"0.1": 0, "0.2": 0, "0.4": 0.6000000000001364, "0.8": 0.6000000000001364}, "AP_amplitude": {"0.1": 0, "0.2": 0, "0.4": 74.27762136758713, "0.8": 103.96466991124412}, "voltage_base": {"0.1": -74.95824183445033, "0.2": -74.95824183445033, "0.4": -74.95824183445033, "0.8": -74.95824183445033}}}}