{"BBP": {"L5_SBC_bNAC219_1": {"mean_frequency": {"0.1": 36.96015391628244, "0.2": 92.32313095841695, "0.4": 135.5067753388591, "0.8": 206.36113198110695}, "ISI_CV": {"0.1": 0.10321365662395034, "0.2": 0.0187449081658546, "0.4": 0.01143803701367502, "0.8": 0.014848328968480075}, "time_to_first_spike": {"0.1": 8.500000000092541, "0.2": 3.900000000091495, "0.4": 2.2000000000911086, "0.8": 1.300000000090904}, "time_to_second_spike": {"0.1": 21.400000000095474, "0.2": 13.100000000093587, "0.4": 9.300000000092723, "0.8": 7.100000000092223}, "AP_height": {"0.1": 9.019687005901895, "0.2": 12.137096073561953, "0.4": 16.776640776177434, "0.8": 22.165868573393695}, "AP_width": {"0.1": 0.5000000000001137, "0.2": 0.6000000000001364, "0.4": 0.5000000000001137, "0.8": 0.6000000000001364}, "AP_amplitude": {"0.1": 65.49503510300224, "0.2": 69.04681018010784, "0.4": 87.17021577435575, "0.8": 92.55944356966586}, "voltage_base": {"0.1": -70.3934701492923, "0.2": -70.3934701492923, "0.4": -70.3934701492923, "0.8": -70.3934701492923}}}, "NetPyNE": {"L5_SBC_bNAC219_1": {"mean_frequency": {"0.1": 36.90409989386252, "0.2": 91.83519847449405, "0.4": 134.56055224860333, "0.8": 204.12247348422923}, "ISI_CV": {"0.1": 0.1031586026881954, "0.2": 0.01833733477488345, "0.4": 0.011119285303980243, "0.8": 0.014637599095589968}, "time_to_first_spike": {"0.1": 8.600000000092564, "0.2": 4.000000000091518, "0.4": 2.2000000000911086, "0.8": 1.4000000000909267}, "time_to_second_spike": {"0.1": 21.500000000095497, "0.2": 13.20000000009361, "0.4": 9.400000000092746, "0.8": 7.2000000000922455}, "AP_height": {"0.1": 8.611748188072582, "0.2": 14.247795864974833, "0.4": 17.99966127136422, "0.8": 17.869356116812313}, "AP_width": {"0.1": 0.5000000000001137, "0.2": 0.6000000000001364, "0.4": 0.6000000000001364, "0.8": 0.6000000000001364}, "AP_amplitude": {"0.1": 65.83997337176581, "0.2": 70.18080204134975, "0.4": 88.3932360313956, "0.8": 88.26293081555717}, "voltage_base": {"0.1": -70.39346985114105, "0.2": -70.39346985114105, "0.4": -70.39346985114105, "0.8": -70.39346985114105}}}}