{"BBP": {"L6_NBC_cSTUT189_1": {"mean_frequency": {"0.1": 0, "0.2": 14.768039924642054, "0.4": 61.34660833714628, "0.8": 96.7758110615911}, "ISI_CV": {"0.1": 0, "0.2": 0.4617457377022992, "0.4": 0.03890997377947846, "0.8": 0.019109230153110657}, "time_to_first_spike": {"0.1": 0, "0.2": 12.300000000093405, "0.4": 3.8000000000914724, "0.8": 1.9000000000910404}, "time_to_second_spike": {"0.1": 0, "0.2": 155.90000000012606, "0.4": 17.800000000094656, "0.8": 10.500000000092996}, "AP_height": {"0.1": 0, "0.2": 20.621856337272916, "0.4": 24.130485196154673, "0.8": 29.68200946763134}, "AP_width": {"0.1": 0, "0.2": 0.6000000000001364, "0.4": 0.7000000000001592, "0.8": 0.7000000000001592}, "AP_amplitude": {"0.1": 0, "0.2": 75.68677630361425, "0.4": 79.37440858405293, "0.8": 104.45465397554213}, "voltage_base": {"0.1": -74.8466587873866, "0.2": -74.8466587873866, "0.4": -74.8466587873866, "0.8": -74.8466587873866}}}, "NetPyNE": {"L6_NBC_cSTUT189_1": {"mean_frequency": {"0.1": 0, "0.2": 85.47008546940413, "0.4": 60.81624447129179, "0.8": 95.98954668817453}, "ISI_CV": {"0.1": 0, "0.2": 0, "0.4": 0.025291112444890303, "0.8": 0.01629192777493669}, "time_to_first_spike": {"0.1": 0, "0.2": 11.700000000093269, "0.4": 3.900000000091495, "0.8": 2.000000000091063}, "time_to_second_spike": {"0.1": 0, "0.2": 0, "0.4": 18.0000000000947, "0.8": 10.600000000093019}, "AP_height": {"0.1": 0, "0.2": 17.081767675393564, "0.4": 25.486240295738394, "0.8": 28.313186926647194}, "AP_width": {"0.1": 0, "0.2": 0.7000000000001592, "0.4": 0.7000000000001592, "0.8": 0.7000000000001592}, "AP_amplitude": {"0.1": 0, "0.2": 72.14810644476867, "0.4": 81.14629466491364, "0.8": 103.31500112893337}, "voltage_base": {"0.1": -75.00075960106845, "0.2": -75.00075960106845, "0.4": -75.00075960106845, "0.8": -75.00075960106845}}}}