{"BBP": {"L4_BTC_bIR215_5": {"mean_frequency": {"0.1": 4.0393839939436615, "0.2": 10.894376426651847, "0.4": 16.20663459104668, "0.8": 22.60397830019618}, "ISI_CV": {"0.1": 0.1598543894909528, "0.2": 0.3175551618660329, "0.4": 0.2976302053843727, "0.8": 0.3055962733095883}, "time_to_first_spike": {"0.1": 21.800000000095565, "0.2": 5.700000000091904, "0.4": 2.400000000091154, "0.8": 1.300000000090904}, "time_to_second_spike": {"0.1": 87.60000000011053, "0.2": 29.900000000097407, "0.4": 17.500000000094587, "0.8": 10.800000000093064}, "AP_height": {"0.1": 18.076160348497222, "0.2": 24.791922204595714, "0.4": 27.008560789644985, "0.8": 27.485273570365273}, "AP_width": {"0.1": 0.5000000000001137, "0.2": 0.5000000000001137, "0.4": 0.5000000000001137, "0.8": 0.6000000000001364}, "AP_amplitude": {"0.1": 73.62488592019344, "0.2": 80.26574127785383, "0.4": 100.1812874436691, "0.8": 100.37739305341788}, "voltage_base": {"0.1": -72.93303239287452, "0.2": -72.93303239287452, "0.4": -72.93303239287452, "0.8": -72.93303239287452}}}, "NetPyNE": {"L4_BTC_bIR215_5": {"mean_frequency": {"0.1": 0, "0.2": 8.064516129037603, "0.4": 14.887827917254246, "0.8": 21.499872024585787}, "ISI_CV": {"0.1": 0, "0.2": 0.24252906893908555, "0.4": 0.2810231344385778, "0.8": 0.28726267229648506}, "time_to_first_spike": {"0.1": 0, "0.2": 7.300000000092268, "0.4": 2.900000000091268, "0.8": 1.5000000000909495}, "time_to_second_spike": {"0.1": 0, "0.2": 37.60000000009916, "0.4": 19.200000000094974, "0.8": 11.700000000093269}, "AP_height": {"0.1": 0, "0.2": 22.044918395776325, "0.4": 29.97807732899671, "0.8": 27.60762621019463}, "AP_width": {"0.1": 0, "0.2": 0.5000000000001137, "0.4": 0.6000000000001364, "0.8": 0.6000000000001364}, "AP_amplitude": {"0.1": 0, "0.2": 77.92861931748507, "0.4": 105.3453203933648, "0.8": 102.97486935981593}, "voltage_base": {"0.1": -75.3658942675152, "0.2": -75.3658942675152, "0.4": -75.3658942675152, "0.8": -75.3658942675152}}}}