{"BBP": {"L23_LBC_bAC217_5": {"mean_frequency": {"0.1": 7.993605115912589, "0.2": 12.100168350176434, "0.4": 16.565433462186846, "0.8": 22.528160200265628}, "ISI_CV": {"0.1": 0.2956160508502941, "0.2": 0.31206535571647437, "0.4": 0.31282728268890125, "0.8": 0.3200942385144913}, "time_to_first_spike": {"0.1": 12.300000000093405, "0.2": 4.9000000000917225, "0.4": 2.2000000000911086, "0.8": 1.2000000000908813}, "time_to_second_spike": {"0.1": 48.00000000010152, "0.2": 26.100000000096543, "0.4": 15.700000000094178, "0.8": 9.800000000092837}, "AP_height": {"0.1": 21.14997080107331, "0.2": 23.58959526786179, "0.4": 28.60493508674852, "0.8": 30.288658788451354}, "AP_width": {"0.1": 0.6000000000001364, "0.2": 0.6000000000001364, "0.4": 0.6000000000001364, "0.8": 0.6000000000001364}, "AP_amplitude": {"0.1": 76.12984552851071, "0.2": 78.94549525084412, "0.4": 99.82105990143702, "0.8": 101.50478360106487}, "voltage_base": {"0.1": -71.21331922100653, "0.2": -71.21331922100653, "0.4": -71.21331922100653, "0.8": -71.21331922100653}}}, "NetPyNE": {"L23_LBC_bAC217_5": {"mean_frequency": {"0.1": 7.9214195183829785, "0.2": 11.991032792875979, "0.4": 16.50335224343555, "0.8": 22.369089984763473}, "ISI_CV": {"0.1": 0.29446536227786113, "0.2": 0.3107142410332098, "0.4": 0.317314187290106, "0.8": 0.32349199517432947}, "time_to_first_spike": {"0.1": 12.400000000093428, "0.2": 5.000000000091745, "0.4": 2.3000000000911314, "0.8": 1.2000000000908813}, "time_to_second_spike": {"0.1": 48.20000000010157, "0.2": 26.30000000009659, "0.4": 15.800000000094201, "0.8": 10.000000000092882}, "AP_height": {"0.1": 20.82168769744501, "0.2": 21.86983032634237, "0.4": 27.574139774174352, "0.8": 26.713546871820355}, "AP_width": {"0.1": 0.6000000000001364, "0.2": 0.6000000000001364, "0.4": 0.6000000000001364, "0.8": 0.7000000000001592}, "AP_amplitude": {"0.1": 75.25742879581462, "0.2": 76.20925015373216, "0.4": 98.79026004168028, "0.8": 97.92966667468394}, "voltage_base": {"0.1": -71.21331419524931, "0.2": -71.21331419524931, "0.4": -71.21331419524931, "0.8": -71.21331419524931}}}}