{"BBP": {"L6_MC_bNAC219_2": {"mean_frequency": {"0.1": 37.455079212456404, "0.2": 86.89537395153823, "0.4": 134.28872074970292, "0.8": 199.8897850810436}, "ISI_CV": {"0.1": 0.10173186905150183, "0.2": 0.024419128469247414, "0.4": 0.014599959321663112, "0.8": 0.014597002227093203}, "time_to_first_spike": {"0.1": 9.2000000000927, "0.2": 4.000000000091518, "0.4": 1.9000000000910404, "0.8": 1.1000000000908585}, "time_to_second_spike": {"0.1": 23.700000000095997, "0.2": 13.500000000093678, "0.4": 9.000000000092655, "0.8": 6.600000000092109}, "AP_height": {"0.1": 13.036051252386564, "0.2": 16.980460150603665, "0.4": 16.826244933799284, "0.8": 22.43024268261949}, "AP_width": {"0.1": 0.6000000000001364, "0.2": 0.6000000000001364, "0.4": 0.7000000000001592, "0.8": 0.7000000000001592}, "AP_amplitude": {"0.1": 68.00621503381373, "0.2": 72.60398046782694, "0.4": 86.53996337184117, "0.8": 92.14396111853914}, "voltage_base": {"0.1": -69.71360255886827, "0.2": -69.71360255886827, "0.4": -69.71360255886827, "0.8": -69.71360255886827}}}, "NetPyNE": {"L6_MC_bNAC219_2": {"mean_frequency": {"0.1": 37.3699626300627, "0.2": 86.46692137548601, "0.4": 133.29992483096004, "0.8": 197.99498746880622}, "ISI_CV": {"0.1": 0.10155501365626637, "0.2": 0.02401577505359637, "0.4": 0.013725053598148048, "0.8": 0.012885365079436013}, "time_to_first_spike": {"0.1": 9.300000000092723, "0.2": 4.100000000091541, "0.4": 2.000000000091063, "0.8": 1.1000000000908585}, "time_to_second_spike": {"0.1": 23.900000000096043, "0.2": 13.6000000000937, "0.4": 9.100000000092678, "0.8": 6.700000000092132}, "AP_height": {"0.1": 12.742266216385907, "0.2": 16.661138629541565, "0.4": 19.978300838852302, "0.8": 19.201863884082783}, "AP_width": {"0.1": 0.6000000000001364, "0.2": 0.6000000000001364, "0.4": 0.6000000000001364, "0.8": 0.7000000000001592}, "AP_amplitude": {"0.1": 66.73953786571211, "0.2": 71.37084965958509, "0.4": 89.69201902063124, "0.8": 88.91558217067912}, "voltage_base": {"0.1": -69.71360240878933, "0.2": -69.71360240878933, "0.4": -69.71360240878933, "0.8": -69.71360240878933}}}}