{"BBP": {"L23_MC_bNAC219_2": {"mean_frequency": {"0.1": 59.31436614058515, "0.2": 115.88241195954495, "0.4": 213.52313167186082, "0.8": 294.11764705614394}, "ISI_CV": {"0.1": 0.05024501653289341, "0.2": 0.018617124686952737, "0.4": 0.12313727056473482, "0.8": 0}, "time_to_first_spike": {"0.1": 9.500000000092768, "0.2": 4.400000000091609, "0.4": 2.2000000000911086, "0.8": 1.2000000000908813}, "time_to_second_spike": {"0.1": 20.600000000095292, "0.2": 12.600000000093473, "0.4": 8.700000000092587, "0.8": 6.300000000092041}, "AP_height": {"0.1": 6.039926169563309, "0.2": 9.081554202693852, "0.4": 13.231500629481278, "0.8": 15.995213240512733}, "AP_width": {"0.1": 0.6000000000001364, "0.2": 0.7000000000001592, "0.4": 0.7000000000001592, "0.8": 0.7000000000001592}, "AP_amplitude": {"0.1": 61.072436489362325, "0.2": 65.35054313300937, "0.4": 82.47501002218767, "0.8": 85.23872263102396}, "voltage_base": {"0.1": -69.24339520935051, "0.2": -69.24339520935051, "0.4": -69.24339520935051, "0.8": -69.24339520935051}}}, "NetPyNE": {"L23_MC_bNAC219_2": {"mean_frequency": {"0.1": 59.4997983058088, "0.2": 115.9580342353079, "0.4": 211.26760563308073, "0.8": 288.4615384589597}, "ISI_CV": {"0.1": 0.049540287857178504, "0.2": 0.018232078903201835, "0.4": 0.1279924334845359, "0.8": 0}, "time_to_first_spike": {"0.1": 9.600000000092791, "0.2": 4.500000000091632, "0.4": 2.3000000000911314, "0.8": 1.300000000090904}, "time_to_second_spike": {"0.1": 20.700000000095315, "0.2": 12.700000000093496, "0.4": 8.80000000009261, "0.8": 6.400000000092064}, "AP_height": {"0.1": 5.23001751454417, "0.2": 8.964578651718698, "0.4": 13.201579189430378, "0.8": 16.094366743608617}, "AP_width": {"0.1": 0.7000000000001592, "0.2": 0.7000000000001592, "0.4": 0.8000000000001819, "0.8": 0.8000000000001819}, "AP_amplitude": {"0.1": 61.30082168486887, "0.2": 64.34243467819876, "0.4": 82.44508833685535, "0.8": 85.3378760660638}, "voltage_base": {"0.1": -69.24339514051061, "0.2": -69.24339514051061, "0.4": -69.24339514051061, "0.8": -69.24339514051061}}}}