{"BBP": {"L4_BTC_bIR215_3": {"mean_frequency": {"0.1": 6.292276230930747, "0.2": 11.569416499001816, "0.4": 16.50250116034322, "0.8": 25.50000000001734}, "ISI_CV": {"0.1": 0.283199396046211, "0.2": 0.34605528225342946, "0.4": 0.33667080640783265, "0.8": 0.33680708741233056}, "time_to_first_spike": {"0.1": 15.200000000094064, "0.2": 5.400000000091836, "0.4": 2.500000000091177, "0.8": 1.4000000000909267}, "time_to_second_spike": {"0.1": 58.60000000010393, "0.2": 27.10000000009677, "0.4": 16.000000000094246, "0.8": 10.600000000093019}, "AP_height": {"0.1": 15.08694784887395, "0.2": 22.52333850256861, "0.4": 24.70338319544288, "0.8": 25.041296082401075}, "AP_width": {"0.1": 0.6000000000001364, "0.2": 0.6000000000001364, "0.4": 0.6000000000001364, "0.8": 0.6000000000001364}, "AP_amplitude": {"0.1": 72.4658183287012, "0.2": 79.1555718990379, "0.4": 97.48426181239134, "0.8": 98.54766436659155}, "voltage_base": {"0.1": -73.51799389332871, "0.2": -73.51799389332871, "0.4": -73.51799389332871, "0.8": -73.51799389332871}}}, "NetPyNE": {"L4_BTC_bIR215_3": {"mean_frequency": {"0.1": 0, "0.2": 9.714198067392415, "0.4": 14.613989115107675, "0.8": 23.523523523539517}, "ISI_CV": {"0.1": 0, "0.2": 0.27611299749622253, "0.4": 0.32171301368255656, "0.8": 0.3686061299904635}, "time_to_first_spike": {"0.1": 0, "0.2": 6.700000000092132, "0.4": 3.0000000000912905, "0.8": 1.6000000000909722}, "time_to_second_spike": {"0.1": 0, "0.2": 31.10000000009768, "0.4": 17.800000000094656, "0.8": 11.300000000093178}, "AP_height": {"0.1": 0, "0.2": 17.597713240132684, "0.4": 23.55441183275262, "0.8": 29.40398266861458}, "AP_width": {"0.1": 0, "0.2": 0.6000000000001364, "0.4": 0.6000000000001364, "0.8": 0.6000000000001364}, "AP_amplitude": {"0.1": 0, "0.2": 74.96744740716181, "0.4": 99.17256902356536, "0.8": 105.02206312393531}, "voltage_base": {"0.1": -75.61676603791152, "0.2": -75.61676603791152, "0.4": -75.61676603791152, "0.8": -75.61676603791152}}}}