{"BBP": {"L6_LBC_bSTUT213_2": {"mean_frequency": {"0.1": 5.234779877509655, "0.2": 26.766870849866173, "0.4": 112.16263582201806, "0.8": 155.82723719822195}, "ISI_CV": {"0.1": 0.4660210220490008, "0.2": 0.7050607843406429, "0.4": 0.03518451471230013, "0.8": 0.018004800361417918}, "time_to_first_spike": {"0.1": 54.60000000010302, "0.2": 4.8000000000917, "0.4": 2.400000000091154, "0.8": 1.4000000000909267}, "time_to_second_spike": {"0.1": 84.4000000001098, "0.2": 15.40000000009411, "0.4": 10.200000000092928, "0.8": 7.700000000092359}, "AP_height": {"0.1": 11.638219171953798, "0.2": 21.05928999914868, "0.4": 24.903077453050816, "0.8": 24.17633708625341}, "AP_width": {"0.1": 0.5000000000001137, "0.2": 0.5000000000001137, "0.4": 0.5000000000001137, "0.8": 0.5000000000001137}, "AP_amplitude": {"0.1": 68.88243016754663, "0.2": 78.61924106894585, "0.4": 96.40300603389883, "0.8": 97.31886862527645}, "voltage_base": {"0.1": -73.1623550664886, "0.2": -73.1623550664886, "0.4": -73.1623550664886, "0.8": -73.1623550664886}}}, "NetPyNE": {"L6_LBC_bSTUT213_2": {"mean_frequency": {"0.1": 0, "0.2": 14.82920842709121, "0.4": 107.06959523697678, "0.8": 151.36327185254873}, "ISI_CV": {"0.1": 0, "0.2": 0.19633337690272037, "0.4": 0.03620078880399767, "0.8": 0.0183382557632249}, "time_to_first_spike": {"0.1": 0, "0.2": 5.600000000091882, "0.4": 2.6000000000911996, "0.8": 1.5000000000909495}, "time_to_second_spike": {"0.1": 0, "0.2": 16.700000000094406, "0.4": 10.500000000092996, "0.8": 7.900000000092405}, "AP_height": {"0.1": 0, "0.2": 18.70241295535595, "0.4": 23.865291440712937, "0.8": 23.983930589572022}, "AP_width": {"0.1": 0, "0.2": 0.5000000000001137, "0.4": 0.5000000000001137, "0.8": 0.5000000000001137}, "AP_amplitude": {"0.1": 0, "0.2": 75.1041019400761, "0.4": 96.37049524524674, "0.8": 98.40049922311393}, "voltage_base": {"0.1": -74.41651571141985, "0.2": -74.41651571141985, "0.4": -74.41651571141985, "0.8": -74.41651571141985}}}}