{"BBP": {"L4_MC_cACint209_4": {"mean_frequency": {"0.1": 26.958290946101645, "0.2": 43.52829339073355, "0.4": 89.02077151341354, "0.8": 170.79034358420904}, "ISI_CV": {"0.1": 0.239235508530696, "0.2": 0.19273030558337287, "0.4": 0.11339418376099236, "0.8": 0.08166583012524001}, "time_to_first_spike": {"0.1": 10.400000000092973, "0.2": 4.600000000091654, "0.4": 2.2000000000911086, "0.8": 1.2000000000908813}, "time_to_second_spike": {"0.1": 24.300000000096134, "0.2": 14.30000000009386, "0.4": 9.700000000092814, "0.8": 7.2000000000922455}, "AP_height": {"0.1": 27.460361768052444, "0.2": 29.54218814418915, "0.4": 35.66027762181957, "0.8": 38.315305211188715}, "AP_width": {"0.1": 0.8000000000001819, "0.2": 0.8000000000001819, "0.4": 0.9000000000002046, "0.8": 0.9000000000002046}, "AP_amplitude": {"0.1": 83.66876727335988, "0.2": 86.30672187750791, "0.4": 106.52059786224004, "0.8": 109.1756254494243}, "voltage_base": {"0.1": -70.85969963227195, "0.2": -70.85969963227195, "0.4": -70.85969963227195, "0.8": -70.85969963227195}}}, "NetPyNE": {"L4_MC_cACint209_4": {"mean_frequency": {"0.1": 26.82050503518845, "0.2": 43.47606288865996, "0.4": 88.92684887465845, "0.8": 169.5932763020814}, "ISI_CV": {"0.1": 0.2392407925217449, "0.2": 0.1935124897997659, "0.4": 0.11219157432865913, "0.8": 0.08006046852558336}, "time_to_first_spike": {"0.1": 10.500000000092996, "0.2": 4.600000000091654, "0.4": 2.3000000000911314, "0.8": 1.300000000090904}, "time_to_second_spike": {"0.1": 24.50000000009618, "0.2": 14.400000000093883, "0.4": 9.800000000092837, "0.8": 7.300000000092268}, "AP_height": {"0.1": 27.573336465172908, "0.2": 31.731275761107987, "0.4": 32.3740343570538, "0.8": 35.92454816583258}, "AP_width": {"0.1": 0.8000000000001819, "0.2": 0.9000000000002046, "0.4": 0.8000000000001819, "0.8": 0.9000000000002046}, "AP_amplitude": {"0.1": 82.68039891063908, "0.2": 87.70360285122864, "0.4": 103.23435380829555, "0.8": 106.78486759465818}, "voltage_base": {"0.1": -70.85969882266166, "0.2": -70.85969882266166, "0.4": -70.85969882266166, "0.8": -70.85969882266166}}}}