{"BBP": {"L23_SBC_cACint209_4": {"mean_frequency": {"0.1": 23.156305059164968, "0.2": 36.413290851185344, "0.4": 68.45522726133402, "0.8": 130.37155894307608}, "ISI_CV": {"0.1": 0.26512809527658787, "0.2": 0.22163096358344694, "0.4": 0.1617473327087879, "0.8": 0.09611396439476602}, "time_to_first_spike": {"0.1": 9.100000000092678, "0.2": 4.300000000091586, "0.4": 2.2000000000911086, "0.8": 1.300000000090904}, "time_to_second_spike": {"0.1": 23.700000000095997, "0.2": 14.30000000009386, "0.4": 9.90000000009286, "0.8": 7.300000000092268}, "AP_height": {"0.1": 28.062933350716047, "0.2": 29.802027454120196, "0.4": 32.81781523252679, "0.8": 36.7131361266622}, "AP_width": {"0.1": 0.9000000000002046, "0.2": 0.8000000000001819, "0.4": 0.9000000000002046, "0.8": 1.0000000000002274}, "AP_amplitude": {"0.1": 84.19105554030232, "0.2": 85.4986558087608, "0.4": 102.58710029622372, "0.8": 108.35620570886405}, "voltage_base": {"0.1": -71.64236905996367, "0.2": -71.64236905996367, "0.4": -71.64236905996367, "0.8": -71.64236905996367}}}, "NetPyNE": {"L23_SBC_cACint209_4": {"mean_frequency": {"0.1": 23.068050749727323, "0.2": 36.34711494777566, "0.4": 68.50695144070737, "0.8": 130.1236174366532}, "ISI_CV": {"0.1": 0.2650760537775694, "0.2": 0.2215978996546341, "0.4": 0.16069703290206355, "0.8": 0.0938433293913141}, "time_to_first_spike": {"0.1": 9.2000000000927, "0.2": 4.300000000091586, "0.4": 2.3000000000911314, "0.8": 1.4000000000909267}, "time_to_second_spike": {"0.1": 23.80000000009602, "0.2": 14.400000000093883, "0.4": 10.000000000092882, "0.8": 7.400000000092291}, "AP_height": {"0.1": 28.52184461735018, "0.2": 31.209148736907782, "0.4": 34.85529811867165, "0.8": 34.78402614355352}, "AP_width": {"0.1": 0.8000000000001819, "0.2": 0.9000000000002046, "0.4": 0.9000000000002046, "0.8": 0.9000000000002046}, "AP_amplitude": {"0.1": 83.99977710795962, "0.2": 87.12593582150167, "0.4": 104.66498257606739, "0.8": 106.42709462580648}, "voltage_base": {"0.1": -71.6423679581421, "0.2": -71.6423679581421, "0.4": -71.6423679581421, "0.8": -71.6423679581421}}}}