{"BBP": {"L6_DBC_bNAC219_5": {"mean_frequency": {"0.1": 39.67456809966535, "0.2": 98.39357429725558, "0.4": 142.77841791503116, "0.8": 209.34541994304809}, "ISI_CV": {"0.1": 0.09722658810636715, "0.2": 0.021386921839952555, "0.4": 0.012024247345632124, "0.8": 0.014638128174500366}, "time_to_first_spike": {"0.1": 7.0000000000922, "0.2": 3.0000000000912905, "0.4": 1.700000000090995, "0.8": 1.0000000000908358}, "time_to_second_spike": {"0.1": 19.200000000094974, "0.2": 11.700000000093269, "0.4": 8.400000000092518, "0.8": 6.500000000092086}, "AP_height": {"0.1": 15.44240950917624, "0.2": 16.246951920936894, "0.4": 19.61770333350818, "0.8": 24.702051371460733}, "AP_width": {"0.1": 0.5000000000001137, "0.2": 0.6000000000001364, "0.4": 0.5000000000001137, "0.8": 0.6000000000001364}, "AP_amplitude": {"0.1": 71.99774078735854, "0.2": 72.48825910970174, "0.4": 89.2799283537747, "0.8": 94.36427638923317}, "voltage_base": {"0.1": -69.66212337210328, "0.2": -69.66212337210328, "0.4": -69.66212337210328, "0.8": -69.66212337210328}}}, "NetPyNE": {"L6_DBC_bNAC219_5": {"mean_frequency": {"0.1": 39.53360356305545, "0.2": 97.75906151307589, "0.4": 141.6062046535864, "0.8": 207.279827767627}, "ISI_CV": {"0.1": 0.0971533116059801, "0.2": 0.021318011458648648, "0.4": 0.012470955308936061, "0.8": 0.015188238018625377}, "time_to_first_spike": {"0.1": 7.100000000092223, "0.2": 3.1000000000913133, "0.4": 1.700000000090995, "0.8": 1.1000000000908585}, "time_to_second_spike": {"0.1": 19.40000000009502, "0.2": 11.800000000093291, "0.4": 8.600000000092564, "0.8": 6.600000000092109}, "AP_height": {"0.1": 15.25332900561735, "0.2": 19.303161746271147, "0.4": 21.951284505531, "0.8": 21.69910943085509}, "AP_width": {"0.1": 0.5000000000001137, "0.2": 0.6000000000001364, "0.4": 0.6000000000001364, "0.8": 0.6000000000001364}, "AP_amplitude": {"0.1": 72.32673150177591, "0.2": 75.75697324235811, "0.4": 91.61350936792957, "0.8": 91.36133436991528}, "voltage_base": {"0.1": -69.66212329276236, "0.2": -69.66212329276236, "0.4": -69.66212329276236, "0.8": -69.66212329276236}}}}