{"BBP": {"L4_MC_dNAC222_3": {"mean_frequency": {"0.1": 0, "0.2": 44.82272361002235, "0.4": 86.21986064470242, "0.8": 139.13217556688303}, "ISI_CV": {"0.1": 0, "0.2": 0.04170969736089395, "0.4": 0.02824644314549825, "0.8": 0.04479486304800231}, "time_to_first_spike": {"0.1": 0, "0.2": 10.500000000092996, "0.4": 3.3000000000913587, "0.8": 1.4000000000909267}, "time_to_second_spike": {"0.1": 0, "0.2": 33.500000000098225, "0.4": 13.400000000093655, "0.8": 8.200000000092473}, "AP_height": {"0.1": 0, "0.2": 17.80649421409534, "0.4": 24.141229670582923, "0.8": 26.55512399260029}, "AP_width": {"0.1": 0, "0.2": 0.6000000000001364, "0.4": 0.7000000000001592, "0.8": 0.8000000000001819}, "AP_amplitude": {"0.1": 0, "0.2": 72.92966214940603, "0.4": 97.34254322553741, "0.8": 99.75643754549642}, "voltage_base": {"0.1": -73.19732753673304, "0.2": -73.19732753673304, "0.4": -73.19732753673304, "0.8": -73.19732753673304}}}, "NetPyNE": {"L4_MC_dNAC222_3": {"mean_frequency": {"0.1": 0, "0.2": 44.60929276731015, "0.4": 85.82183186956895, "0.8": 138.44996237782166}, "ISI_CV": {"0.1": 0, "0.2": 0.04244311204080348, "0.4": 0.029054308061791902, "0.8": 0.04596164061403015}, "time_to_first_spike": {"0.1": 0, "0.2": 10.600000000093019, "0.4": 3.4000000000913815, "0.8": 1.5000000000909495}, "time_to_second_spike": {"0.1": 0, "0.2": 33.800000000098294, "0.4": 13.6000000000937, "0.8": 8.300000000092496}, "AP_height": {"0.1": 0, "0.2": 15.149616533578579, "0.4": 23.399426664049997, "0.8": 27.237435736937993}, "AP_width": {"0.1": 0, "0.2": 0.7000000000001592, "0.4": 0.7000000000001592, "0.8": 0.7000000000001592}, "AP_amplitude": {"0.1": 0, "0.2": 69.7113695973797, "0.4": 96.60079464298121, "0.8": 100.43874221948275}, "voltage_base": {"0.1": -73.19732044285468, "0.2": -73.19732044285468, "0.4": -73.19732044285468, "0.8": -73.19732044285468}}}}