{"BBP": {"L23_MC_cACint209_5": {"mean_frequency": {"0.1": 30.20387616412822, "0.2": 47.81077000506516, "0.4": 89.51020818672474, "0.8": 169.36413288581937}, "ISI_CV": {"0.1": 0.24085363293169096, "0.2": 0.20200960021482772, "0.4": 0.14854540548212924, "0.8": 0.07967568269527002}, "time_to_first_spike": {"0.1": 7.500000000092314, "0.2": 2.800000000091245, "0.4": 1.300000000090904, "0.8": 0.8000000000907903}, "time_to_second_spike": {"0.1": 19.700000000095088, "0.2": 11.700000000093269, "0.4": 8.200000000092473, "0.8": 6.200000000092018}, "AP_height": {"0.1": 34.000459390694374, "0.2": 37.24974327210763, "0.4": 38.68570389993424, "0.8": 39.91292476903842}, "AP_width": {"0.1": 0.8000000000001819, "0.2": 0.8000000000001819, "0.4": 0.9000000000002046, "0.8": 0.9000000000002046}, "AP_amplitude": {"0.1": 90.02342356091458, "0.2": 92.51864734464564, "0.4": 108.30153215260304, "0.8": 109.52875301858569}, "voltage_base": {"0.1": -69.61522259913606, "0.2": -69.61522259913606, "0.4": -69.61522259913606, "0.8": -69.61522259913606}}}, "NetPyNE": {"L23_MC_cACint209_5": {"mean_frequency": {"0.1": 30.100837806672732, "0.2": 47.68836905781061, "0.4": 89.35294412937147, "0.8": 168.22710659401613}, "ISI_CV": {"0.1": 0.24092254853618417, "0.2": 0.20188306782094917, "0.4": 0.14728634061009435, "0.8": 0.07757750655097728}, "time_to_first_spike": {"0.1": 7.6000000000923364, "0.2": 2.900000000091268, "0.4": 1.4000000000909267, "0.8": 0.8000000000907903}, "time_to_second_spike": {"0.1": 19.900000000095133, "0.2": 11.800000000093291, "0.4": 8.300000000092496, "0.8": 6.300000000092041}, "AP_height": {"0.1": 33.72834543165026, "0.2": 35.474881823065516, "0.4": 38.73369673028796, "0.8": 38.51992880595901}, "AP_width": {"0.1": 0.8000000000001819, "0.2": 0.8000000000001819, "0.4": 0.9000000000002046, "0.8": 0.9000000000002046}, "AP_amplitude": {"0.1": 89.18716987512136, "0.2": 91.14462950214161, "0.4": 108.34952416780888, "0.8": 108.13575614440305}, "voltage_base": {"0.1": -69.61522168651213, "0.2": -69.61522168651213, "0.4": -69.61522168651213, "0.8": -69.61522168651213}}}}