{"BBP": {"L23_SBC_cACint209_5": {"mean_frequency": {"0.1": 26.85175803021374, "0.2": 41.78202869371071, "0.4": 75.18043303934539, "0.8": 145.5946365138329}, "ISI_CV": {"0.1": 0.2599319823393428, "0.2": 0.2250803956920279, "0.4": 0.18167934507990666, "0.8": 0.1010732608290991}, "time_to_first_spike": {"0.1": 6.200000000092018, "0.2": 2.7000000000912223, "0.4": 1.4000000000909267, "0.8": 0.900000000090813}, "time_to_second_spike": {"0.1": 18.0000000000947, "0.2": 11.300000000093178, "0.4": 8.200000000092473, "0.8": 6.200000000092018}, "AP_height": {"0.1": 35.341384742869266, "0.2": 38.35210607880302, "0.4": 38.56461007864815, "0.8": 37.397472934375344}, "AP_width": {"0.1": 0.8000000000001819, "0.2": 0.9000000000002046, "0.4": 0.9000000000002046, "0.8": 0.9000000000002046}, "AP_amplitude": {"0.1": 90.3991749926406, "0.2": 93.22852554829895, "0.4": 109.57334969086597, "0.8": 108.40621254387487}, "voltage_base": {"0.1": -71.00808781921384, "0.2": -71.00808781921384, "0.4": -71.00808781921384, "0.8": -71.00808781921384}}}, "NetPyNE": {"L23_SBC_cACint209_5": {"mean_frequency": {"0.1": 26.763621673501955, "0.2": 41.66875847183913, "0.4": 75.05629221921541, "0.8": 144.82585818100546}, "ISI_CV": {"0.1": 0.26010972018387774, "0.2": 0.22521108286947514, "0.4": 0.18089153929182963, "0.8": 0.09981886962080964}, "time_to_first_spike": {"0.1": 6.300000000092041, "0.2": 2.800000000091245, "0.4": 1.5000000000909495, "0.8": 0.900000000090813}, "time_to_second_spike": {"0.1": 18.100000000094724, "0.2": 11.500000000093223, "0.4": 8.300000000092496, "0.8": 6.300000000092041}, "AP_height": {"0.1": 34.89594663868386, "0.2": 36.76642759666598, "0.4": 38.83690881531699, "0.8": 40.59917680060774}, "AP_width": {"0.1": 0.8000000000001819, "0.2": 0.8000000000001819, "0.4": 0.9000000000002046, "0.8": 0.9000000000002046}, "AP_amplitude": {"0.1": 90.75132732211063, "0.2": 92.01023741395363, "0.4": 109.84564766448123, "0.8": 111.60791560456444}, "voltage_base": {"0.1": -71.00808701505406, "0.2": -71.00808701505406, "0.4": -71.00808701505406, "0.8": -71.00808701505406}}}}