{"BBP": {"L23_LBC_cACint209_4": {"mean_frequency": {"0.1": 24.097621000836593, "0.2": 38.74603733711682, "0.4": 75.12395452501725, "0.8": 191.08280254717587}, "ISI_CV": {"0.1": 0.26092246984519457, "0.2": 0.22016377583192084, "0.4": 0.14465332763043387, "0.8": 0.1508923437612631}, "time_to_first_spike": {"0.1": 24.100000000096088, "0.2": 11.00000000009311, "0.4": 5.200000000091791, "0.8": 2.6000000000911996}, "time_to_second_spike": {"0.1": 40.0000000000997, "0.2": 21.900000000095588, "0.4": 13.700000000093723, "0.8": 9.500000000092768}, "AP_height": {"0.1": 16.836569195609197, "0.2": 20.976252588594914, "0.4": 24.250950326582306, "0.8": 28.511478954316487}, "AP_width": {"0.1": 0.9000000000002046, "0.2": 0.8000000000001819, "0.4": 0.9000000000002046, "0.8": 0.9000000000002046}, "AP_amplitude": {"0.1": 72.5918748667409, "0.2": 75.81331794504739, "0.4": 79.80248138771977, "0.8": 98.76739816883013}, "voltage_base": {"0.1": -70.25534711426597, "0.2": -70.25534711426597, "0.4": -70.25534711426597, "0.8": -70.25534711426597}}}, "NetPyNE": {"L23_LBC_cACint209_4": {"mean_frequency": {"0.1": 24.001200060019322, "0.2": 38.806571918179735, "0.4": 75.52489804143889, "0.8": 189.87341772093137}, "ISI_CV": {"0.1": 0.2619578819950079, "0.2": 0.22060478106059608, "0.4": 0.14416536759900664, "0.8": 0.15640591394622957}, "time_to_first_spike": {"0.1": 24.20000000009611, "0.2": 11.100000000093132, "0.4": 5.3000000000918135, "0.8": 2.6000000000911996}, "time_to_second_spike": {"0.1": 40.100000000099726, "0.2": 22.100000000095633, "0.4": 13.900000000093769, "0.8": 9.600000000092791}, "AP_height": {"0.1": 16.600994293811702, "0.2": 19.776071797045642, "0.4": 23.230959667962967, "0.8": 27.26236187562624}, "AP_width": {"0.1": 0.8000000000001819, "0.2": 0.8000000000001819, "0.4": 0.9000000000002046, "0.8": 0.9000000000002046}, "AP_amplitude": {"0.1": 72.19089858145477, "0.2": 75.66501963299972, "0.4": 79.2479719664717, "0.8": 97.51827985204588}, "voltage_base": {"0.1": -70.25534585124778, "0.2": -70.25534585124778, "0.4": -70.25534585124778, "0.8": -70.25534585124778}}}}