{"BBP": {"L6_NBC_cSTUT189_5": {"mean_frequency": {"0.1": 0, "0.2": 15.064022093909301, "0.4": 75.97866559328895, "0.8": 128.09607205412763}, "ISI_CV": {"0.1": 0, "0.2": 0.41429423872600185, "0.4": 0.03165561604565066, "0.8": 0.03167061460844951}, "time_to_first_spike": {"0.1": 0, "0.2": 13.6000000000937, "0.4": 3.600000000091427, "0.8": 1.5000000000909495}, "time_to_second_spike": {"0.1": 0, "0.2": 70.10000000010655, "0.4": 14.70000000009395, "0.8": 8.400000000092518}, "AP_height": {"0.1": 0, "0.2": 15.229797618233126, "0.4": 24.793372725707727, "0.8": 27.563026542684742}, "AP_width": {"0.1": 0, "0.2": 0.7000000000001592, "0.4": 0.7000000000001592, "0.8": 0.8000000000001819}, "AP_amplitude": {"0.1": 0, "0.2": 70.06138138176867, "0.4": 100.47721353385985, "0.8": 103.41900278673359}, "voltage_base": {"0.1": -75.57264375696573, "0.2": -75.57264375696573, "0.4": -75.57264375696573, "0.8": -75.57264375696573}}}, "NetPyNE": {"L6_NBC_cSTUT189_5": {"mean_frequency": {"0.1": 0, "0.2": 21.716074945724532, "0.4": 76.32821130867893, "0.8": 128.17945123181156}, "ISI_CV": {"0.1": 0, "0.2": 0.028849515401679883, "0.4": 0.018839529372166635, "0.8": 0.03149944760924111}, "time_to_first_spike": {"0.1": 0, "0.2": 14.100000000093814, "0.4": 3.600000000091427, "0.8": 1.5000000000909495}, "time_to_second_spike": {"0.1": 0, "0.2": 58.900000000104, "0.4": 14.800000000093974, "0.8": 8.500000000092541}, "AP_height": {"0.1": 0, "0.2": 15.05427597598025, "0.4": 24.884839038340363, "0.8": 28.80971885473778}, "AP_width": {"0.1": 0, "0.2": 0.7000000000001592, "0.4": 0.7000000000001592, "0.8": 0.8000000000001819}, "AP_amplitude": {"0.1": 0, "0.2": 70.27133100205646, "0.4": 100.43121923672626, "0.8": 104.35609900453252}, "voltage_base": {"0.1": -75.54593639603664, "0.2": -75.54593639603664, "0.4": -75.54593639603664, "0.8": -75.54593639603664}}}}