{"BBP": {"L6_DBC_cACint209_1": {"mean_frequency": {"0.1": 30.585716470428984, "0.2": 50.71299457725878, "0.4": 90.49318787397425, "0.8": 246.15384615344706}, "ISI_CV": {"0.1": 0.2411429804742712, "0.2": 0.2035393003499604, "0.4": 0.15152186998452785, "0.8": 0.1932691596667587}, "time_to_first_spike": {"0.1": 9.2000000000927, "0.2": 4.100000000091541, "0.4": 2.2000000000911086, "0.8": 1.2000000000908813}, "time_to_second_spike": {"0.1": 22.70000000009577, "0.2": 13.900000000093769, "0.4": 9.500000000092768, "0.8": 7.0000000000922}, "AP_height": {"0.1": 27.24665480340645, "0.2": 30.38710162084868, "0.4": 32.04963070142441, "0.8": 32.55320079972764}, "AP_width": {"0.1": 0.8000000000001819, "0.2": 0.9000000000002046, "0.4": 0.9000000000002046, "0.8": 1.0000000000002274}, "AP_amplitude": {"0.1": 83.53602270888751, "0.2": 86.07622468015667, "0.4": 101.59434688815543, "0.8": 102.09791698451457}, "voltage_base": {"0.1": -69.54418525490604, "0.2": -69.54418525490604, "0.4": -69.54418525490604, "0.8": -69.54418525490604}}}, "NetPyNE": {"L6_DBC_cACint209_1": {"mean_frequency": {"0.1": 30.537459283408264, "0.2": 50.730825254944286, "0.4": 90.61780314414891, "0.8": 246.15384615344706}, "ISI_CV": {"0.1": 0.24316300685382705, "0.2": 0.20308661469141392, "0.4": 0.14930629953098468, "0.8": 0.20265818282249573}, "time_to_first_spike": {"0.1": 9.400000000092746, "0.2": 4.200000000091563, "0.4": 2.2000000000911086, "0.8": 1.300000000090904}, "time_to_second_spike": {"0.1": 22.900000000095815, "0.2": 14.000000000093792, "0.4": 9.600000000092791, "0.8": 7.100000000092223}, "AP_height": {"0.1": 25.945974017186117, "0.2": 30.021257331207238, "0.4": 30.65046887116926, "0.8": 35.65863277220735}, "AP_width": {"0.1": 0.9000000000002046, "0.2": 0.9000000000002046, "0.4": 0.9000000000002046, "0.8": 0.9000000000002046}, "AP_amplitude": {"0.1": 81.91936350241696, "0.2": 86.12470469713452, "0.4": 100.1951843309943, "0.8": 105.20334843229398}, "voltage_base": {"0.1": -69.54418472622496, "0.2": -69.54418472622496, "0.4": -69.54418472622496, "0.8": -69.54418472622496}}}}