{"BBP": {"L5_NGC_bNAC219_3": {"mean_frequency": {"0.1": 53.88527975025059, "0.2": 94.04231904363355, "0.4": 149.05962384964118, "0.8": 258.6206896530935}, "ISI_CV": {"0.1": 0.03553780098216904, "0.2": 0.017907009183626324, "0.4": 0.023549238414599633, "0.8": 0}, "time_to_first_spike": {"0.1": 7.700000000092359, "0.2": 4.100000000091541, "0.4": 2.400000000091154, "0.8": 1.4000000000909267}, "time_to_second_spike": {"0.1": 21.000000000095383, "0.2": 13.400000000093655, "0.4": 9.400000000092746, "0.8": 6.8000000000921546}, "AP_height": {"0.1": 6.228650060783558, "0.2": 9.894663949862709, "0.4": 11.262759243279348, "0.8": 16.516603975558247}, "AP_width": {"0.1": 0.7000000000001592, "0.2": 0.8000000000001819, "0.4": 0.8000000000001819, "0.8": 0.7000000000001592}, "AP_amplitude": {"0.1": 61.34051446426992, "0.2": 64.66862183530044, "0.4": 81.81978412317605, "0.8": 87.07362885359748}, "voltage_base": {"0.1": -70.55691128684538, "0.2": -70.55691128684538, "0.4": -70.55691128684538, "0.8": -70.55691128684538}}}, "NetPyNE": {"L5_NGC_bNAC219_3": {"mean_frequency": {"0.1": 53.798582130862606, "0.2": 93.75783404368366, "0.4": 149.306077458892, "0.8": 256.4102564082124}, "ISI_CV": {"0.1": 0.03533117377004827, "0.2": 0.017222273975509107, "0.4": 0.027167318461218833, "0.8": 0}, "time_to_first_spike": {"0.1": 7.800000000092382, "0.2": 4.200000000091563, "0.4": 2.400000000091154, "0.8": 1.4000000000909267}, "time_to_second_spike": {"0.1": 21.20000000009543, "0.2": 13.500000000093678, "0.4": 9.500000000092768, "0.8": 6.900000000092177}, "AP_height": {"0.1": 6.269646404717993, "0.2": 9.218274893099819, "0.4": 13.28478533596366, "0.8": 15.12368189722383}, "AP_width": {"0.1": 0.7000000000001592, "0.2": 0.7000000000001592, "0.4": 0.7000000000001592, "0.8": 0.8000000000001819}, "AP_amplitude": {"0.1": 60.91524167233193, "0.2": 64.28775508807722, "0.4": 67.6229085911393, "0.8": 85.68070671654749}, "voltage_base": {"0.1": -70.55691122740582, "0.2": -70.55691122740582, "0.4": -70.55691122740582, "0.8": -70.55691122740582}}}}