{"BBP": {"L4_SBC_cACint209_4": {"mean_frequency": {"0.1": 19.808014627470357, "0.2": 29.55171550214881, "0.4": 48.04531431753622, "0.8": 86.18961715780561}, "ISI_CV": {"0.1": 0.2880186403877661, "0.2": 0.25540157668861435, "0.4": 0.21809441594613452, "0.8": 0.17467007420800257}, "time_to_first_spike": {"0.1": 12.900000000093542, "0.2": 5.600000000091882, "0.4": 2.7000000000912223, "0.8": 1.4000000000909267}, "time_to_second_spike": {"0.1": 30.80000000009761, "0.2": 16.80000000009443, "0.4": 11.00000000009311, "0.8": 7.900000000092405}, "AP_height": {"0.1": 28.863037329601916, "0.2": 35.15289865263193, "0.4": 34.6762277472017, "0.8": 38.0712234868427}, "AP_width": {"0.1": 0.8000000000001819, "0.2": 0.8000000000001819, "0.4": 0.8000000000001819, "0.8": 0.9000000000002046}, "AP_amplitude": {"0.1": 84.2702630624674, "0.2": 90.76967188334532, "0.4": 89.75567824252951, "0.8": 109.8862560980305}, "voltage_base": {"0.1": -71.8143673235003, "0.2": -71.8143673235003, "0.4": -71.8143673235003, "0.8": -71.8143673235003}}}, "NetPyNE": {"L4_SBC_cACint209_4": {"mean_frequency": {"0.1": 19.749835418051557, "0.2": 29.58730806511206, "0.4": 47.96284141973262, "0.8": 86.08177768886289}, "ISI_CV": {"0.1": 0.288110964012949, "0.2": 0.2556942289037859, "0.4": 0.21803204105323923, "0.8": 0.17350430552191204}, "time_to_first_spike": {"0.1": 13.100000000093587, "0.2": 5.700000000091904, "0.4": 2.7000000000912223, "0.8": 1.5000000000909495}, "time_to_second_spike": {"0.1": 31.000000000097657, "0.2": 17.000000000094474, "0.4": 11.100000000093132, "0.8": 8.000000000092427}, "AP_height": {"0.1": 29.35075717872163, "0.2": 34.60412821894741, "0.4": 34.20820045995199, "0.8": 38.185494971947875}, "AP_width": {"0.1": 0.8000000000001819, "0.2": 0.8000000000001819, "0.4": 0.9000000000002046, "0.8": 0.9000000000002046}, "AP_amplitude": {"0.1": 84.33601571238442, "0.2": 89.42254617190889, "0.4": 89.37448550108553, "0.8": 110.0005264631324}, "voltage_base": {"0.1": -71.81436620540099, "0.2": -71.81436620540099, "0.4": -71.81436620540099, "0.8": -71.81436620540099}}}}