{"BBP": {"L4_DBC_bSTUT213_1": {"mean_frequency": {"0.1": 0, "0.2": 51.34142044600051, "0.4": 130.2474701934559, "0.8": 195.26360586805444}, "ISI_CV": {"0.1": 0, "0.2": 0.2262224870794298, "0.4": 0.01729712927409837, "0.8": 0.012379763194377265}, "time_to_first_spike": {"0.1": 0, "0.2": 5.500000000091859, "0.4": 2.3000000000911314, "0.8": 1.2000000000908813}, "time_to_second_spike": {"0.1": 0, "0.2": 15.200000000094064, "0.4": 9.400000000092746, "0.8": 6.700000000092132}, "AP_height": {"0.1": 0, "0.2": 16.54369680235762, "0.4": 18.57511039542629, "0.8": 23.63719219394822}, "AP_width": {"0.1": 0, "0.2": 0.6000000000001364, "0.4": 0.5000000000001137, "0.8": 0.6000000000001364}, "AP_amplitude": {"0.1": 0, "0.2": 73.0921971031778, "0.4": 93.24771471907862, "0.8": 98.40973476952053}, "voltage_base": {"0.1": -74.67731218321921, "0.2": -74.67731218321921, "0.4": -74.67731218321921, "0.8": -74.67731218321921}}}, "NetPyNE": {"L4_DBC_bSTUT213_1": {"mean_frequency": {"0.1": 0, "0.2": 44.824981113100165, "0.4": 128.82205513793215, "0.8": 193.25122659470432}, "ISI_CV": {"0.1": 0, "0.2": 0.10112814787949223, "0.4": 0.013129148371362115, "0.8": 0.010243273539088962}, "time_to_first_spike": {"0.1": 0, "0.2": 5.600000000091882, "0.4": 2.3000000000911314, "0.8": 1.2000000000908813}, "time_to_second_spike": {"0.1": 0, "0.2": 15.600000000094155, "0.4": 9.400000000092746, "0.8": 6.8000000000921546}, "AP_height": {"0.1": 0, "0.2": 16.75613231621361, "0.4": 17.880505419926386, "0.8": 25.60020596715779}, "AP_width": {"0.1": 0, "0.2": 0.5000000000001137, "0.4": 0.6000000000001364, "0.8": 0.6000000000001364}, "AP_amplitude": {"0.1": 0, "0.2": 73.28884348602543, "0.4": 92.03682711230346, "0.8": 99.75652763853974}, "voltage_base": {"0.1": -74.15629271945885, "0.2": -74.15629271945885, "0.4": -74.15629271945885, "0.8": -74.15629271945885}}}}