{"BBP": {"L1_HAC_cIR216_1": {"mean_frequency": {"0.1": 15.356265356275715, "0.2": 28.305285368759733, "0.4": 53.47054075871261, "0.8": 115.50577528884298}, "ISI_CV": {"0.1": 0.4398411157246308, "0.2": 0.3647249834898939, "0.4": 0.32903696100157115, "0.8": 0.09967553621429717}, "time_to_first_spike": {"0.1": 9.400000000092746, "0.2": 4.700000000091677, "0.4": 2.400000000091154, "0.8": 1.300000000090904}, "time_to_second_spike": {"0.1": 24.700000000096225, "0.2": 14.200000000093837, "0.4": 9.600000000092791, "0.8": 7.0000000000922}, "AP_height": {"0.1": 29.755576237107153, "0.2": 33.83035853991861, "0.4": 38.062011267768575, "0.8": 39.660483045511675}, "AP_width": {"0.1": 0.8000000000001819, "0.2": 0.9000000000002046, "0.4": 0.9000000000002046, "0.8": 1.0000000000002274}, "AP_amplitude": {"0.1": 85.49973165580208, "0.2": 89.57405766504132, "0.4": 115.46598044046468, "0.8": 116.76004468069823}, "voltage_base": {"0.1": -77.16772993095788, "0.2": -77.16772993095788, "0.4": -77.16772993095788, "0.8": -77.16772993095788}}}, "NetPyNE": {"L1_HAC_cIR216_1": {"mean_frequency": {"0.1": 12.503256056273035, "0.2": 26.213641175598763, "0.4": 51.64719450437245, "0.8": 110.50833835651466}, "ISI_CV": {"0.1": 0.24516892943750906, "0.2": 0.21121222839542786, "0.4": 0.18397781509237168, "0.8": 0.09544806297857131}, "time_to_first_spike": {"0.1": 10.700000000093041, "0.2": 4.9000000000917225, "0.4": 2.500000000091177, "0.8": 1.4000000000909267}, "time_to_second_spike": {"0.1": 27.000000000096747, "0.2": 14.800000000093974, "0.4": 9.90000000009286, "0.8": 7.2000000000922455}, "AP_height": {"0.1": 30.73092923023425, "0.2": 32.755545935022646, "0.4": 33.14956070315607, "0.8": 39.35866979609203}, "AP_width": {"0.1": 0.8000000000001819, "0.2": 0.8000000000001819, "0.4": 1.0000000000002274, "0.8": 1.0000000000002274}, "AP_amplitude": {"0.1": 86.0105484654922, "0.2": 88.12562873151043, "0.4": 111.33654542381049, "0.8": 117.54565452653225}, "voltage_base": {"0.1": -78.18678362504905, "0.2": -78.18678362504905, "0.4": -78.18678362504905, "0.8": -78.18678362504905}}}}