{"BBP": {"L6_LBC_bNAC219_1": {"mean_frequency": {"0.1": 20.26445108669491, "0.2": 65.01360749928813, "0.4": 108.39020473712702, "0.8": 154.70885695699698}, "ISI_CV": {"0.1": 0.18261587000704907, "0.2": 0.040551125811083034, "0.4": 0.030411081154222384, "0.8": 0.015556067581332525}, "time_to_first_spike": {"0.1": 12.600000000093473, "0.2": 5.3000000000918135, "0.4": 2.500000000091177, "0.8": 1.4000000000909267}, "time_to_second_spike": {"0.1": 32.500000000098, "0.2": 16.700000000094406, "0.4": 10.600000000093019, "0.8": 7.6000000000923364}, "AP_height": {"0.1": 13.197965758580501, "0.2": 14.765712053955186, "0.4": 19.24552255164899, "0.8": 24.217009206172232}, "AP_width": {"0.1": 0.6000000000001364, "0.2": 0.6000000000001364, "0.4": 0.7000000000001592, "0.8": 0.6000000000001364}, "AP_amplitude": {"0.1": 67.72427470257178, "0.2": 69.2853601246699, "0.4": 73.62819835557428, "0.8": 95.10172115778444}, "voltage_base": {"0.1": -70.88459229945683, "0.2": -70.88459229945683, "0.4": -70.88459229945683, "0.8": -70.88459229945683}}}, "NetPyNE": {"L6_LBC_bNAC219_1": {"mean_frequency": {"0.1": 20.205081578030565, "0.2": 64.68110709992361, "0.4": 107.66149223843071, "0.8": 153.3450263092999}, "ISI_CV": {"0.1": 0.18203589908566478, "0.2": 0.04040058883663146, "0.4": 0.029572707326770847, "0.8": 0.014811178268492537}, "time_to_first_spike": {"0.1": 12.700000000093496, "0.2": 5.3000000000918135, "0.4": 2.6000000000911996, "0.8": 1.5000000000909495}, "time_to_second_spike": {"0.1": 32.60000000009802, "0.2": 16.90000000009445, "0.4": 10.700000000093041, "0.8": 7.700000000092359}, "AP_height": {"0.1": 12.221893352448538, "0.2": 16.356579981819788, "0.4": 21.66596503552212, "0.8": 20.86434112712919}, "AP_width": {"0.1": 0.6000000000001364, "0.2": 0.6000000000001364, "0.4": 0.6000000000001364, "0.8": 0.7000000000001592}, "AP_amplitude": {"0.1": 66.26164084024391, "0.2": 71.1850709645945, "0.4": 76.1980990372725, "0.8": 91.74905286042915}, "voltage_base": {"0.1": -70.88459208041836, "0.2": -70.88459208041836, "0.4": -70.88459208041836, "0.8": -70.88459208041836}}}}