{"BBP": {"L5_MC_cNAC187_4": {"mean_frequency": {"0.1": 41.45601617798562, "0.2": 67.08385481856875, "0.4": 103.12374849826794, "0.8": 192.68304889658262}, "ISI_CV": {"0.1": 0.010410114418169041, "0.2": 0.00896705811578772, "0.4": 0.017962566811210664, "0.8": 0.17406714396626186}, "time_to_first_spike": {"0.1": 8.500000000092541, "0.2": 3.7000000000914497, "0.4": 1.9000000000910404, "0.8": 1.1000000000908585}, "time_to_second_spike": {"0.1": 30.80000000009761, "0.2": 16.50000000009436, "0.4": 10.30000000009295, "0.8": 7.400000000092291}, "AP_height": {"0.1": 17.077174540210102, "0.2": 21.41918941374554, "0.4": 24.503611603613287, "0.8": 22.498748157557035}, "AP_width": {"0.1": 0.6000000000001364, "0.2": 0.7000000000001592, "0.4": 0.7000000000001592, "0.8": 0.8000000000001819}, "AP_amplitude": {"0.1": 73.26263532277626, "0.2": 78.01841665759474, "0.4": 92.80438175929947, "0.8": 90.79951831106497}, "voltage_base": {"0.1": -68.29810920316328, "0.2": -68.29810920316328, "0.4": -68.29810920316328, "0.8": -68.29810920316328}}}, "NetPyNE": {"L5_MC_cNAC187_4": {"mean_frequency": {"0.1": 41.264090177161656, "0.2": 66.77712506908185, "0.4": 102.6334234505554, "0.8": 193.87806222146335}, "ISI_CV": {"0.1": 0.010308451122373044, "0.2": 0.009218486644355919, "0.4": 0.01865015576128512, "0.8": 0.1750462273603262}, "time_to_first_spike": {"0.1": 8.600000000092564, "0.2": 3.8000000000914724, "0.4": 2.000000000091063, "0.8": 1.2000000000908813}, "time_to_second_spike": {"0.1": 31.000000000097657, "0.2": 16.600000000094383, "0.4": 10.400000000092973, "0.8": 7.500000000092314}, "AP_height": {"0.1": 16.93342664794851, "0.2": 21.38603178076714, "0.4": 24.11944618430488, "0.8": 27.26445224902546}, "AP_width": {"0.1": 0.6000000000001364, "0.2": 0.7000000000001592, "0.4": 0.7000000000001592, "0.8": 0.7000000000001592}, "AP_amplitude": {"0.1": 73.79860746428731, "0.2": 76.69605568911338, "0.4": 92.42021213865148, "0.8": 95.56521819453602}, "voltage_base": {"0.1": -68.29810499054132, "0.2": -68.29810499054132, "0.4": -68.29810499054132, "0.8": -68.29810499054132}}}}