{"BBP": {"L5_BP_bAC217_1": {"mean_frequency": {"0.1": 12.77922609007661, "0.2": 17.504376094035408, "0.4": 23.804700162090672, "0.8": 34.14683137493531}, "ISI_CV": {"0.1": 0.3168315724132205, "0.2": 0.3288023549613349, "0.4": 0.3416586368766136, "0.8": 0.3274968755672763}, "time_to_first_spike": {"0.1": 6.500000000092086, "0.2": 2.400000000091154, "0.4": 1.2000000000908813, "0.8": 0.7000000000907676}, "time_to_second_spike": {"0.1": 30.100000000097452, "0.2": 16.600000000094383, "0.4": 10.000000000092882, "0.8": 6.900000000092177}, "AP_height": {"0.1": 18.644958638848028, "0.2": 26.082718787469958, "0.4": 29.3850419195624, "0.8": 31.730953812264005}, "AP_width": {"0.1": 0.5000000000001137, "0.2": 0.6000000000001364, "0.4": 0.6000000000001364, "0.8": 0.6000000000001364}, "AP_amplitude": {"0.1": 75.32624533934414, "0.2": 95.30357379432999, "0.4": 98.60589692427025, "0.8": 100.95180881266768}, "voltage_base": {"0.1": -69.2184601635275, "0.2": -69.2184601635275, "0.4": -69.2184601635275, "0.8": -69.2184601635275}}}, "NetPyNE": {"L5_BP_bAC217_1": {"mean_frequency": {"0.1": 12.627538135173726, "0.2": 17.39575338962545, "0.4": 23.572819514210835, "0.8": 33.78719112458166}, "ISI_CV": {"0.1": 0.3155433787044496, "0.2": 0.3331440542632072, "0.4": 0.34479652547791523, "0.8": 0.32828057418570467}, "time_to_first_spike": {"0.1": 6.700000000092132, "0.2": 2.500000000091177, "0.4": 1.300000000090904, "0.8": 0.7000000000907676}, "time_to_second_spike": {"0.1": 30.40000000009752, "0.2": 16.80000000009443, "0.4": 10.200000000092928, "0.8": 7.0000000000922}, "AP_height": {"0.1": 18.50449711785162, "0.2": 24.54457805512695, "0.4": 25.272685572631186, "0.8": 27.351231808010827}, "AP_width": {"0.1": 0.6000000000001364, "0.2": 0.6000000000001364, "0.4": 0.6000000000001364, "0.8": 0.7000000000001592}, "AP_amplitude": {"0.1": 74.56307073520017, "0.2": 93.76542959609147, "0.4": 94.49353673180921, "0.8": 96.57208332985682}, "voltage_base": {"0.1": -69.2184566719536, "0.2": -69.2184566719536, "0.4": -69.2184566719536, "0.8": -69.2184566719536}}}}