{"BBP": {"L5_DBC_bSTUT213_3": {"mean_frequency": {"0.1": 0, "0.2": 10.306090899728671, "0.4": 75.70819754329536, "0.8": 129.4855708909286}, "ISI_CV": {"0.1": 0, "0.2": 0.47565075364121767, "0.4": 0.03539081985818244, "0.8": 0.014152207484083445}, "time_to_first_spike": {"0.1": 0, "0.2": 13.500000000093678, "0.4": 5.400000000091836, "0.8": 2.7000000000912223}, "time_to_second_spike": {"0.1": 0, "0.2": 35.50000000009868, "0.4": 15.500000000094133, "0.8": 9.90000000009286}, "AP_height": {"0.1": 0, "0.2": 3.77591770929747, "0.4": 11.411797083791793, "0.8": 15.114537135022951}, "AP_width": {"0.1": 0, "0.2": 0.7000000000001592, "0.4": 0.7000000000001592, "0.8": 0.7000000000001592}, "AP_amplitude": {"0.1": 0, "0.2": 58.8390737981185, "0.4": 67.26143190050578, "0.8": 90.24699189980748}, "voltage_base": {"0.1": -75.2029228585869, "0.2": -75.2029228585869, "0.4": -75.2029228585869, "0.8": -75.2029228585869}}}, "NetPyNE": {"L5_DBC_bSTUT213_3": {"mean_frequency": {"0.1": 0, "0.2": 9.121775705676878, "0.4": 75.00375018756039, "0.8": 128.3787172158738}, "ISI_CV": {"0.1": 0, "0.2": 0.19814084400192752, "0.4": 0.022752848579006293, "0.8": 0.011744465902562132}, "time_to_first_spike": {"0.1": 0, "0.2": 15.000000000094019, "0.4": 5.500000000091859, "0.8": 2.800000000091245}, "time_to_second_spike": {"0.1": 0, "0.2": 38.600000000099385, "0.4": 15.900000000094224, "0.8": 10.100000000092905}, "AP_height": {"0.1": 0, "0.2": 3.0446826815882306, "0.4": 10.734206647335137, "0.8": 14.915175708475811}, "AP_width": {"0.1": 0, "0.2": 0.7000000000001592, "0.4": 0.7000000000001592, "0.8": 0.7000000000001592}, "AP_amplitude": {"0.1": 0, "0.2": 57.141934020714146, "0.4": 65.85571469998567, "0.8": 90.32012793654278}, "voltage_base": {"0.1": -75.40491313716598, "0.2": -75.40491313716598, "0.4": -75.40491313716598, "0.8": -75.40491313716598}}}}