{"BBP": {"L4_BTC_bIR215_2": {"mean_frequency": {"0.1": 7.00091550433982, "0.2": 14.456089627765415, "0.4": 23.602671621569787, "0.8": 18.513885414073133}, "ISI_CV": {"0.1": 0.3181748155264779, "0.2": 0.3610661264447163, "0.4": 0.31717747130951124, "0.8": 1.1154927715398182}, "time_to_first_spike": {"0.1": 5.90000000009195, "0.2": 2.6000000000911996, "0.4": 1.5000000000909495, "0.8": 0.8000000000907903}, "time_to_second_spike": {"0.1": 44.60000000010075, "0.2": 19.10000000009495, "0.4": 12.400000000093428, "0.8": 8.600000000092564}, "AP_height": {"0.1": 22.09592911840722, "0.2": 29.594131242141724, "0.4": 26.79405153746803, "0.8": 32.54147544018424}, "AP_width": {"0.1": 0.5000000000001137, "0.2": 0.6000000000001364, "0.4": 0.5000000000001137, "0.8": 0.5000000000001137}, "AP_amplitude": {"0.1": 80.36559479841175, "0.2": 102.73484448960944, "0.4": 100.10399444195366, "0.8": 106.07069486123014}, "voltage_base": {"0.1": -73.57813751713375, "0.2": -73.57813751713375, "0.4": -73.57813751713375, "0.8": -73.57813751713375}}}, "NetPyNE": {"L4_BTC_bIR215_2": {"mean_frequency": {"0.1": 142.85714285526123, "0.2": 11.92760462584424, "0.4": 22.235698403087635, "0.8": 30.117458086557953}, "ISI_CV": {"0.1": 0, "0.2": 0.31537596810860835, "0.4": 0.2223309727595691, "0.8": 0.47204195333003746}, "time_to_first_spike": {"0.1": 7.0000000000922, "0.2": 3.0000000000912905, "0.4": 1.6000000000909722, "0.8": 0.900000000090813}, "time_to_second_spike": {"0.1": 0, "0.2": 30.70000000009759, "0.4": 13.300000000093632, "0.8": 9.100000000092678}, "AP_height": {"0.1": 22.4126121899971, "0.2": 28.843367089217764, "0.4": 31.715856526919215, "0.8": 35.2368798672736}, "AP_width": {"0.1": 0.5000000000001137, "0.2": 0.6000000000001364, "0.4": 0.6000000000001364, "0.8": 0.6000000000001364}, "AP_amplitude": {"0.1": 79.52285698410853, "0.2": 104.41669520059821, "0.4": 107.28922722551691, "0.8": 110.81020789815972}, "voltage_base": {"0.1": -75.57184255817774, "0.2": -75.57184255817774, "0.4": -75.57184255817774, "0.8": -75.57184255817774}}}}