{"BBP": {"L23_ChC_cNAC187_5": {"mean_frequency": {"0.1": 38.141122151988164, "0.2": 60.18959723131942, "0.4": 91.12301607175873, "0.8": 138.44996237782166}, "ISI_CV": {"0.1": 0.02218818605169534, "0.2": 0.016476148642599664, "0.4": 0.0109652210497365, "0.8": 0.027652167568098154}, "time_to_first_spike": {"0.1": 8.80000000009261, "0.2": 4.100000000091541, "0.4": 2.100000000091086, "0.8": 1.2000000000908813}, "time_to_second_spike": {"0.1": 33.100000000098134, "0.2": 18.600000000094838, "0.4": 11.300000000093178, "0.8": 7.700000000092359}, "AP_height": {"0.1": 16.081316409423323, "0.2": 20.837541901893534, "0.4": 23.782923036298996, "0.8": 25.297656647338414}, "AP_width": {"0.1": 0.7000000000001592, "0.2": 0.7000000000001592, "0.4": 0.7000000000001592, "0.8": 0.8000000000001819}, "AP_amplitude": {"0.1": 71.39424229366381, "0.2": 76.06579308096497, "0.4": 78.72894301132537, "0.8": 93.85689369757227}, "voltage_base": {"0.1": -68.5564795337237, "0.2": -68.5564795337237, "0.4": -68.5564795337237, "0.8": -68.5564795337237}}}, "NetPyNE": {"L23_ChC_cNAC187_5": {"mean_frequency": {"0.1": 38.01895878747441, "0.2": 59.96472663143397, "0.4": 90.74501153119571, "0.8": 137.85152137961143}, "ISI_CV": {"0.1": 0.022052014293891264, "0.2": 0.01596910750094138, "0.4": 0.010768089244709756, "0.8": 0.028659934691915228}, "time_to_first_spike": {"0.1": 8.900000000092632, "0.2": 4.200000000091563, "0.4": 2.2000000000911086, "0.8": 1.300000000090904}, "time_to_second_spike": {"0.1": 33.30000000009818, "0.2": 18.800000000094883, "0.4": 11.4000000000932, "0.8": 7.800000000092382}, "AP_height": {"0.1": 15.886137069384713, "0.2": 20.668425003130704, "0.4": 23.008748041279535, "0.8": 25.13242742768858}, "AP_width": {"0.1": 0.7000000000001592, "0.2": 0.7000000000001592, "0.4": 0.7000000000001592, "0.8": 0.7000000000001592}, "AP_amplitude": {"0.1": 70.50650510787123, "0.2": 76.11396738455782, "0.4": 78.04725565964068, "0.8": 93.69165995296967}, "voltage_base": {"0.1": -68.55647500333754, "0.2": -68.55647500333754, "0.4": -68.55647500333754, "0.8": -68.55647500333754}}}}