{"BBP": {"L4_NGC_cSTUT189_5": {"mean_frequency": {"0.1": 0, "0.2": 0, "0.4": 70.63774360006805, "0.8": 138.085084780242}, "ISI_CV": {"0.1": 0, "0.2": 0, "0.4": 0.03845906738420244, "0.8": 0.12833557867834597}, "time_to_first_spike": {"0.1": 0, "0.2": 0, "0.4": 5.3000000000918135, "0.8": 2.500000000091177}, "time_to_second_spike": {"0.1": 0, "0.2": 0, "0.4": 18.30000000009477, "0.8": 10.200000000092928}, "AP_height": {"0.1": 0, "0.2": 0, "0.4": 10.746776677191475, "0.8": 16.470468996087458}, "AP_width": {"0.1": 0, "0.2": 0, "0.4": 0.8000000000001819, "0.8": 0.8000000000001819}, "AP_amplitude": {"0.1": 0, "0.2": 0, "0.4": 66.08594930913493, "0.8": 92.54822213023175}, "voltage_base": {"0.1": -76.21572250232926, "0.2": -76.21572250232926, "0.4": -76.21572250232926, "0.8": -76.21572250232926}}}, "NetPyNE": {"L4_NGC_cSTUT189_5": {"mean_frequency": {"0.1": 0, "0.2": 0, "0.4": 70.71213640927573, "0.8": 135.40875727668336}, "ISI_CV": {"0.1": 0, "0.2": 0, "0.4": 0.026552177138602636, "0.8": 0.12349867970390696}, "time_to_first_spike": {"0.1": 0, "0.2": 0, "0.4": 5.400000000091836, "0.8": 2.6000000000911996}, "time_to_second_spike": {"0.1": 0, "0.2": 0, "0.4": 18.800000000094883, "0.8": 10.30000000009295}, "AP_height": {"0.1": 0, "0.2": 0, "0.4": 10.746992610041822, "0.8": 17.22707442030846}, "AP_width": {"0.1": 0, "0.2": 0, "0.4": 0.8000000000001819, "0.8": 0.8000000000001819}, "AP_amplitude": {"0.1": 0, "0.2": 0, "0.4": 66.63522326622649, "0.8": 93.54348246855031}, "voltage_base": {"0.1": -76.31595389685103, "0.2": -76.31595389685103, "0.4": -76.31595389685103, "0.8": -76.31595389685103}}}}