{"BBP": {"L1_HAC_bNAC219_3": {"mean_frequency": {"0.1": 59.418903268079994, "0.2": 101.3344035317233, "0.4": 144.3970920031064, "0.8": 196.1078593227608}, "ISI_CV": {"0.1": 0.059605966395998806, "0.2": 0.04317123598792591, "0.4": 0.01983639180525678, "0.8": 0.011668986997088498}, "time_to_first_spike": {"0.1": 4.8000000000917, "0.2": 2.500000000091177, "0.4": 1.5000000000909495, "0.8": 0.900000000090813}, "time_to_second_spike": {"0.1": 16.200000000094292, "0.2": 10.800000000093064, "0.4": 7.900000000092405, "0.8": 6.100000000091995}, "AP_height": {"0.1": 18.5148114468375, "0.2": 23.11021248509097, "0.4": 23.316204706290073, "0.8": 26.890879782250302}, "AP_width": {"0.1": 0.6000000000001364, "0.2": 0.6000000000001364, "0.4": 0.6000000000001364, "0.8": 0.7000000000001592}, "AP_amplitude": {"0.1": 73.93713699147591, "0.2": 78.7023680731213, "0.4": 95.01700594154775, "0.8": 98.59168101496252}, "voltage_base": {"0.1": -71.70066881348345, "0.2": -71.70066881348345, "0.4": -71.70066881348345, "0.8": -71.70066881348345}}}, "NetPyNE": {"L1_HAC_bNAC219_3": {"mean_frequency": {"0.1": 59.05905905909921, "0.2": 100.66609906352312, "0.4": 143.18614198467728, "0.8": 194.03880776168427}, "ISI_CV": {"0.1": 0.05918325925373571, "0.2": 0.04265391279432071, "0.4": 0.019486594789728324, "0.8": 0.0098025736026977}, "time_to_first_spike": {"0.1": 4.8000000000917, "0.2": 2.6000000000911996, "0.4": 1.5000000000909495, "0.8": 1.0000000000908358}, "time_to_second_spike": {"0.1": 16.300000000094315, "0.2": 10.900000000093087, "0.4": 8.000000000092427, "0.8": 6.200000000092018}, "AP_height": {"0.1": 17.778024802768886, "0.2": 22.17155241031242, "0.4": 24.96202660003729, "0.8": 23.511583724053843}, "AP_width": {"0.1": 0.6000000000001364, "0.2": 0.6000000000001364, "0.4": 0.6000000000001364, "0.8": 0.7000000000001592}, "AP_amplitude": {"0.1": 73.45393507242592, "0.2": 77.81153012760588, "0.4": 96.6628276483417, "0.8": 95.212384698921}, "voltage_base": {"0.1": -71.70066855473816, "0.2": -71.70066855473816, "0.4": -71.70066855473816, "0.8": -71.70066855473816}}}}