{"BBP": {"L4_LBC_dSTUT214_5": {"mean_frequency": {"0.1": 0, "0.2": 0.5002251012959231, "0.4": 73.38158423808761, "0.8": 124.24227243132536}, "ISI_CV": {"0.1": 0, "0.2": 0, "0.4": 0.03497912426241005, "0.8": 0.031030583791228496}, "time_to_first_spike": {"0.1": 0, "0.2": 1999.0999999986407, "0.4": 4.000000000091518, "0.8": 1.700000000090995}, "time_to_second_spike": {"0.1": 0, "0.2": 0, "0.4": 16.50000000009436, "0.8": 8.80000000009261}, "AP_height": {"0.1": 0, "0.2": 16.152143157901268, "0.4": 19.50332953936443, "0.8": 24.678867990051618}, "AP_width": {"0.1": 0, "0.2": 0.5999999999994543, "0.4": 0.7000000000001592, "0.8": 0.7000000000001592}, "AP_amplitude": {"0.1": 0, "0.2": 71.77932738861088, "0.4": 95.87030379886555, "0.8": 101.2885310653312}, "voltage_base": {"0.1": -76.53235123226973, "0.2": -76.53235123226973, "0.4": -76.53235123226973, "0.8": -76.53235123226973}}}, "NetPyNE": {"L4_LBC_dSTUT214_5": {"mean_frequency": {"0.1": 0, "0.2": 0, "0.4": 72.53626813411636, "0.8": 123.03075768950602}, "ISI_CV": {"0.1": 0, "0.2": 0, "0.4": 0.020681958929514122, "0.8": 0.030794226475031605}, "time_to_first_spike": {"0.1": 0, "0.2": 0, "0.4": 3.900000000091495, "0.8": 1.700000000090995}, "time_to_second_spike": {"0.1": 0, "0.2": 0, "0.4": 16.10000000009427, "0.8": 9.000000000092655}, "AP_height": {"0.1": 0, "0.2": 0, "0.4": 19.391978417915567, "0.8": 27.50217543413444}, "AP_width": {"0.1": 0, "0.2": 0, "0.4": 0.7000000000001592, "0.8": 0.7000000000001592}, "AP_amplitude": {"0.1": 0, "0.2": 0, "0.4": 95.73134172195367, "0.8": 103.84153880855824}, "voltage_base": {"0.1": -76.33717768256119, "0.2": -76.33717768256119, "0.4": -76.33717768256119, "0.8": -76.33717768256119}}}}