{"BBP": {"L4_BTC_bSTUT213_2": {"mean_frequency": {"0.1": 12.569130216197571, "0.2": 84.14304317345196, "0.4": 133.66708385490938, "0.8": 193.25122659470432}, "ISI_CV": {"0.1": 0.5556294955795513, "0.2": 0.037053217079828574, "0.4": 0.019629154862666805, "0.8": 0.011264641040357796}, "time_to_first_spike": {"0.1": 9.000000000092655, "0.2": 4.000000000091518, "0.4": 2.100000000091086, "0.8": 1.2000000000908813}, "time_to_second_spike": {"0.1": 26.30000000009659, "0.2": 13.400000000093655, "0.4": 9.100000000092678, "0.8": 6.600000000092109}, "AP_height": {"0.1": 15.175724770077537, "0.2": 18.958280255095527, "0.4": 22.183499893779477, "0.8": 25.305301453286557}, "AP_width": {"0.1": 0.5000000000001137, "0.2": 0.6000000000001364, "0.4": 0.6000000000001364, "0.8": 0.6000000000001364}, "AP_amplitude": {"0.1": 70.54552326564337, "0.2": 74.65827394739613, "0.4": 96.97353097074293, "0.8": 100.29526063370295}, "voltage_base": {"0.1": -74.72040413339055, "0.2": -74.72040413339055, "0.4": -74.72040413339055, "0.8": -74.72040413339055}}}, "NetPyNE": {"L4_BTC_bSTUT213_2": {"mean_frequency": {"0.1": 11.470879607912167, "0.2": 83.78066522857245, "0.4": 132.6326326327228, "0.8": 191.35400490921185}, "ISI_CV": {"0.1": 0.22148523058140104, "0.2": 0.028075626683474218, "0.4": 0.017711379142014157, "0.8": 0.0117452208686135}, "time_to_first_spike": {"0.1": 9.500000000092768, "0.2": 4.200000000091563, "0.4": 2.2000000000911086, "0.8": 1.2000000000908813}, "time_to_second_spike": {"0.1": 25.60000000009643, "0.2": 13.6000000000937, "0.4": 9.2000000000927, "0.8": 6.700000000092132}, "AP_height": {"0.1": 13.357520581778347, "0.2": 15.615905352931726, "0.4": 20.977534161217925, "0.8": 22.65469340593197}, "AP_width": {"0.1": 0.6000000000001364, "0.2": 0.6000000000001364, "0.4": 0.6000000000001364, "0.8": 0.7000000000001592}, "AP_amplitude": {"0.1": 68.67610218448137, "0.2": 71.45440631088528, "0.4": 95.8534082917615, "0.8": 97.53056756710663}, "voltage_base": {"0.1": -74.87582576132993, "0.2": -74.87582576132993, "0.4": -74.87582576132993, "0.8": -74.87582576132993}}}}