{"L1_DAC:L1_DAC": {"A0": 0.055285279832037036, "shape": 144.34886421349296, "connection_probability": 0.027653175938781745, "dist2D_0": 100, "connection_probability_25um": 0.010638297872340425, "connection_probability_50um": 0.02577319587628866, "connection_probability_75um": 0.026737967914438502, "connection_probability_100um": 0.028333333333333332, "connections_total": 33, "number_of_convergent_neuron_mean": 0.5689655172413793, "number_of_divergent_neuron_mean": 0.5689655172413793}, "L1_DAC:L1_DLAC": {"A0": 0.021313911740019332, "shape": 143.6257520932251, "connection_probability": 0.010623898336641195, "dist2D_0": 100, "connection_probability_25um": 0.0, "connection_probability_50um": 0.01639344262295082, "connection_probability_75um": 0.007352941176470588, "connection_probability_100um": 0.01195219123505976, "connections_total": 6, "number_of_convergent_neuron_mean": 0.25, "number_of_divergent_neuron_mean": 0.10344827586206896}, "L1_DLAC:L1_DAC": {"A0": 0.05877198732176599, "shape": 195.3214719294763, "connection_probability": 0.03522263281175507, "dist2D_0": 100, "connection_probability_25um": 0.0, "connection_probability_50um": 0.04918032786885246, "connection_probability_75um": 0.0661764705882353, "connection_probability_100um": 0.035856573705179286, "connections_total": 19, "number_of_convergent_neuron_mean": 0.3275862068965517, "number_of_divergent_neuron_mean": 0.7916666666666666}, "L1_DLAC:L1_DLAC": {"A0": 0.019370140817480175, "shape": 273.3837359397546, "connection_probability": 0.013436119149323496, "dist2D_0": 125, "connection_probability_25um": 0.0, "connection_probability_50um": 0.0, "connection_probability_75um": 0.0, "connection_probability_100um": 0.0, "connections_total": 4, "number_of_convergent_neuron_mean": 0.16666666666666666, "number_of_divergent_neuron_mean": 0.16666666666666666}}